{"test_accuracy":[0.0972,0.402,0.5959,0.7654,0.8905,0.909,0.9161,0.9363,0.9006,0.9383,0.9369,0.9542,0.9501,0.9549,0.9604,0.957,0.9632,0.9655,0.9661,0.9665,0.9661,0.9683,0.9661,0.9695,0.9722,0.9728,0.9729,0.9445,0.9711,0.9736,0.9744,0.9737,0.9751,0.9768,0.9743,0.9769,0.9764,0.9756,0.9767,0.9777,0.9778,0.9771,0.9781,0.9754,0.9763,0.9796,0.9759,0.9767,0.978,0.9782,0.978],"test_loss":[2.3084521141052248,1.6402261932373048,1.0674484914779663,0.6806843059539794,0.3759515727996826,0.30663674297332766,0.27681552340984344,0.21902057898044586,0.2981397576332092,0.2087318576335907,0.20634973123073577,0.15626644155979155,0.1643656286716461,0.1469346079826355,0.1311020339846611,0.13675535719394682,0.1221544100522995,0.11624175301790238,0.10839892654418945,0.10833001759052277,0.10554819312095642,0.09861154065132141,0.10676346797943115,0.09500857852697372,0.08907196511030196,0.08537595491409301,0.0847202800154686,0.1657967375278473,0.08939070984125137,0.08036681401729584,0.07879913438558578,0.07881067507266998,0.07509825358390808,0.07302025989890099,0.07906402196884155,0.0688618780374527,0.07171668865680694,0.07386333315372468,0.06819985530376434,0.0685176551759243,0.06620493181943893,0.06822408628463746,0.06574696904420853,0.0732113115787506,0.07031583643555642,0.062425636637210846,0.07445404989719391,0.06997003083229066,0.06556668502092361,0.06216889268755913,0.06446834753751755],"train_accuracy_dist":[0.9896493451626531,0.988290879211175,0.9864724245577523,0.9797894736842105,0.9849360297152291],"train_accuracy":[0.07744865225180186,0.4668999708369787,0.64671082781319,0.76673749114694,0.8987626546681665,0.9168020664083656,0.9227179935841353,0.93984085322668,0.8975961338166063,0.9412156813731617,0.9407574053243345,0.9572136816231305,0.9545056867891514,0.9589218014414865,0.9628379785860101,0.961254843144607,0.9668374786485022,0.9687122443027955,0.9694621505645128,0.9702953797441987,0.9714619005957589,0.973878265216848,0.9707536557930259,0.9739615881348165,0.9765862600508269,0.9777111194434029,0.9784610257051202,0.9497562804649419,0.9766279215098113,0.9798358538516019,0.9800858226055077,0.9797941923926176,0.981127359080115,0.9799608382285547,0.9783360413281673,0.9833354164062825,0.9825021872265967,0.9821688955547223,0.9833770778652668,0.983835353914094,0.9840853226679999,0.9840853226679999,0.9845852601758114,0.9807940674082406,0.9832937549472982,0.9849185518476857,0.9813356663750364,0.984251968503937,0.9856267966504187,0.9856267966504187,0.9858351039453401],"train_loss_dist":[0.030786427527187642,0.03914443356036258,0.04212704912122653,0.0626982365595667,0.04382991768170672],"train_loss":[2.314031040440528,1.4823104169911774,0.9197353588135715,0.6430422062551618,0.3444000040037614,0.28421121447333564,0.25611487272972416,0.20925927441904746,0.3038002059285166,0.19306616858656703,0.18991887489281678,0.14705521067889915,0.15064930118875236,0.13641927552544533,0.12423940908050644,0.12683950390663465,0.11164604706834595,0.10680894344729722,0.099324152331742,0.09796647695828462,0.09427303289595343,0.08732943264081151,0.09391237613891892,0.08424976099111317,0.07768179216889179,0.0738937607292597,0.07189756373689804,0.1484230210672407,0.07488238319412538,0.0664209684076366,0.06520892672008864,0.06419496690378816,0.060928889331008394,0.06200430585880896,0.06389915918189426,0.05455595415562176,0.05550669391545207,0.056233964244524016,0.05212363563901692,0.05205292888511838,0.049675637809022316,0.0503536271163311,0.04896795819830692,0.05592641622136619,0.05073418264985656,0.04591463729897494,0.05488515861491653,0.04961797313613603,0.044800526201718795,0.04338076251724986,0.0437001594074298],"valid_accuracy_dist":[0.987331081081081,0.9876746096959738,0.9775374376039934,0.9688552188552189,0.9867986798679867],"valid_accuracy":[0.07212013571553835,0.4700940922307084,0.650507751417573,0.7714511856036763,0.901886177421073,0.9178767250511071,0.9238746973053216,0.9380338982060984,0.9003899744476126,0.9445291332119203,0.9428628241376157,0.9560227290977132,0.9536909389983248,0.9580219905628572,0.9610198765017531,0.9598548950165354,0.9660176473468193,0.9695155574299542,0.9688493307111603,0.9680166315390443,0.9698492086845784,0.9720145583111015,0.969849421963739,0.9740134043527761,0.9750125745084779,0.9753458749873769,0.9750129613740235,0.9480306780287929,0.9741802906037634,0.977012057789677,0.9761790364806419,0.975679129564433,0.9766786593597476,0.9781779150663804,0.9761786558813622,0.9793441308074445,0.9778449022035209,0.9781771560247237,0.9798436117864738,0.9801768035545204,0.9813426949685826,0.9793438513207602,0.9808435599538912,0.9776777021247208,0.9788440879304319,0.9805102994043822,0.9773448930228127,0.9785111391181941,0.9806764269075258,0.9815098331293098,0.9816765161741274],"mean_valid_accuracy":[0.07248416545421536,0.4706063432261587,0.6506519905684423,0.7719695834410871,0.901772014373255,0.9178200010728714,0.9237661999065416,0.937912886874213,0.9001221362087006,0.9445028444516641,0.9428236547653851,0.9559943107096608,0.9536576944897078,0.9579907594254535,0.9610045164633029,0.9597849075604252,0.966003475999203,0.9695559808862011,0.9688622617312307,0.9680040071251161,0.9698452949874913,0.9720238077414063,0.9698284274438708,0.9740231629316451,0.9750576840507051,0.9753652216241415,0.9750339780441829,0.9479175181665369,0.9741886943256117,0.9770106216735327,0.9761829926765394,0.9756997427161844,0.976690662745853,0.9781833253981272,0.9761916577645552,0.9793316554992341,0.9778509804485835,0.9781975291751344,0.979851251247743,0.9801701434534424,0.9813461527641184,0.9793431024242863,0.980826034757133,0.9777002319427325,0.9788440243674674,0.9805017477171205,0.9773677135673235,0.9785202264355167,0.9806766760216187,0.981483235497258,0.9816394054208508],"std_valid_accuracy":[0.0874403458301859,0.07888482588301911,0.048495038974849324,0.06928890092453638,0.023066973666458993,0.017235975399260698,0.020496501625029334,0.021190795963820376,0.03628939417816178,0.012757538436271193,0.011122329361553777,0.009360609982705981,0.011886927506060888,0.010292628554922878,0.008314935590502628,0.011845880273200717,0.0065015956300271014,0.006847111568020024,0.005994912492203705,0.007197748245876626,0.008265124435649333,0.007036606425906927,0.010396815013525913,0.007119604896694096,0.007103029616716402,0.006935359162203945,0.006068781277141281,0.0279732609938792,0.007520967809638488,0.007341584077814695,0.006833562575201916,0.007242231421379645,0.006545101941605756,0.0029046824311127237,0.007276235648284613,0.007022596287393784,0.006864976872693564,0.00616870947687025,0.006361262635937514,0.006345721006435566,0.004329662221455412,0.006071301994325475,0.006999496396652489,0.006487751438406113,0.00645305917472643,0.004410936315207122,0.0077860296021313195,0.007806543511578501,0.005139064717209996,0.005510949080947594,0.007425611643494535],"valid_loss_dist":[0.04696214002733295,0.04574288687253204,0.09201284898398522,0.08698594680538883,0.04900899246679281],"valid_loss":[2.314222512336499,1.4642143768496132,0.9099403449876795,0.6369567801492991,0.34186549566435653,0.2837542761210969,0.25573392640798054,0.21316073096190677,0.30640884478437913,0.19568538540719665,0.19304736146550402,0.15263577763467448,0.15545446955929718,0.14175021785954486,0.1316120787832744,0.13450891390267622,0.11833679052223542,0.11458203869995645,0.10667549303860836,0.10471033889872772,0.10171616207856855,0.0962144140326639,0.10126683761073856,0.09310567776509174,0.08871595080924385,0.08560852921502797,0.08415847669360559,0.15374313276526144,0.08564818580643008,0.07980394608592993,0.07785991520257184,0.07864471030166155,0.07541819070555954,0.07770842108237834,0.07851211648568637,0.07009161705105035,0.07194046847181955,0.0738599680741079,0.06985334779845861,0.0683913389128451,0.067511960491484,0.06913761754131686,0.06704097330612016,0.0731950736683859,0.06987290153500207,0.06677585019579092,0.07350424351479055,0.06895653542152644,0.06478218243417859,0.06273801620815872,0.06406689615350597],