{"test_accuracy":[0.0972,0.4182,0.5841,0.6454,0.7206,0.7316,0.7825,0.7811,0.8031,0.8443,0.8335,0.8613,0.89,0.8762,0.8691,0.8739,0.8876,0.904,0.9109,0.912,0.9111,0.9196,0.9049,0.921,0.9245,0.9088,0.9296,0.9305,0.9328,0.9284,0.9421,0.9338,0.9351,0.9391,0.9392,0.9487,0.9129,0.9471,0.9486,0.9438,0.9513,0.9339,0.95,0.9499,0.9553,0.9503,0.9504,0.956,0.9564,0.9547,0.9484],"test_loss":[2.3084521141052248,2.0234804180145263,1.452344974708557,1.1086080434799195,0.8187707424163818,0.7894235127449035,0.6038320907592774,0.610359471988678,0.5455327689170837,0.4112480562210083,0.44240084471702573,0.37146950798034667,0.2909917381763458,0.3279938910961151,0.34975582361221313,0.3357073075771332,0.29541931149959566,0.2546099265575409,0.23619039602279662,0.23419746232032776,0.23617063329219817,0.2160934142112732,0.2531814117670059,0.21586999855041503,0.20671822979450225,0.2561776246070862,0.19333585748672485,0.19274007048606873,0.18566061153411864,0.1953874561548233,0.16500531420707704,0.18352555606365203,0.18074982361793518,0.17062731671333314,0.16981139736175538,0.1528307592153549,0.24647591896057128,0.15162196581363677,0.1461924228668213,0.16171558105945588,0.14439437804222108,0.1862315461397171,0.145073437666893,0.1464110479235649,0.13246275144815445,0.14353246788978577,0.1439775691986084,0.1299263214826584,0.13248587975502013,0.1336480674982071,0.1500560194015503],"train_accuracy_dist":[0.9893201889505032,0.9701810436634718,0.9335236541598695,0.9915394139496492],"train_accuracy":[0.09273066169617894,0.5547271409340375,0.7220668944806876,0.7736357046701874,0.8235476856166511,0.8295019157088123,0.8636740188464327,0.8659521590556073,0.8801905353629491,0.9042145593869731,0.8968106037071555,0.9149321735528632,0.9294812053432743,0.9237340789064927,0.9182458320389355,0.921455938697318,0.9311380345863105,0.9410790100445273,0.9432535984260122,0.9457388422905665,0.9449622035828933,0.9496738117427772,0.9429947188567879,0.9512270891581236,0.9541265403334369,0.9337268302785544,0.9562493528010769,0.9571295433364398,0.9585792689240965,0.9570259915087501,0.964378171274723,0.9598218908563736,0.9605467536502019,0.9636015325670498,0.9640157398778089,0.9673293983638811,0.9483276379828104,0.9684684684684685,0.9701252977115046,0.9668116392254323,0.9705912809361085,0.963549756653205,0.9713679196437817,0.9704359531945739,0.9744226985606296,0.9723516620068344,0.9713679196437817,0.9747333540436989,0.975095785440613,0.9759242000621311,0.9710572641607125],"train_loss_dist":[0.03240562531416924,0.08834558203737068,0.1738384816230413,0.028601759548859806],"train_loss":[2.303995007879556,1.4082973898321227,0.9233723033257766,0.7001451454393931,0.5253609612528565,0.5082042154607114,0.3978389770709124,0.39100489453942533,0.35196789523511984,0.27461240387063496,0.29148001869180085,0.2445765025770984,0.2020751902908997,0.21709986338313783,0.23196888361980644,0.2211340205184363,0.1945348131606652,0.1688897351999454,0.1622839833851728,0.15488849429532683,0.15669225165141137,0.14556565805706434,0.16055990118165744,0.139025423929606,0.13218805806797534,0.19136916776870033,0.12566424707394216,0.12176778191268332,0.11713240265482094,0.12098032805173309,0.10316219855054783,0.11304330756330176,0.1103935567557,0.10261948336796496,0.10226652651619789,0.09544331687506903,0.1488870088264857,0.09165015019996418,0.0870867209599476,0.09454581240863086,0.08414511009954334,0.10432204690154195,0.08311710615597138,0.08379460856416071,0.07492385581066313,0.08048230875649952,0.0806414787110261,0.07207963281828303,0.07388781784477473,0.07148157178536266,0.08096062638362403],"valid_accuracy_dist":[0.9835796387520526,0.9608177172061328,0.9136104319478403,0.9818481848184818],"valid_accuracy":[0.0927163159122273,0.5458425021887449,0.7155778139668724,0.7725037302209806,0.8230180375416881,0.8269555018386366,0.8606962716063206,0.8644251253295095,0.8743616966885561,0.8983702595697394,0.8917497556686163,0.9066512675190455,0.9223819315723798,0.9167931961117068,0.9107911260398734,0.9138964768517401,0.9254873271783762,0.9325239018785872,0.9348010599457908,0.9368704900856959,0.9348016429428327,0.9403902136584696,0.9354221947149608,0.9418384255295578,0.9449434441453024,0.9275575184313862,0.9463928636467611,0.9474264124967339,0.9488759547324082,0.9459785340249796,0.9559127770780488,0.9497036505335607,0.9501176471328941,0.9567407648669681,0.9552920144160822,0.9565338740405818,0.9379071191926125,0.9583962869400481,0.9610877693714512,0.9600528448384161,0.9621224857183459,0.9538435521209602,0.960673275603887,0.9610879776324985,0.9643995991435855,0.9627436628752222,0.9608810841024148,0.9643994325188252,0.9637783372089439,0.9639852703481298,0.9598462413414679],"mean_valid_accuracy":[0.09165390613031493,0.5445509642439484,0.7140042932258235,0.7710954811733531,0.8223190041249823,0.8266126130169793,0.8605022145447009,0.8644581388744862,0.8745186805490988,0.898366259225458,0.8919964957408746,0.9067740927163426,0.9225215711372196,0.9168878177698245,0.9109503430980799,0.9141077208374667,0.9256366390750251,0.9326104571637143,0.9349202755943427,0.9369457528153927,0.9349642716763278,0.9405553162896336,0.9355487378405521,0.9419394675632862,0.94505475370754,0.9277513324214348,0.9465542578179574,0.9474921765451783,0.9489811735984388,0.9461181118547561,0.9559691959208837,0.9498013032854478,0.9501958470763968,0.9567875646013985,0.9553486230332014,0.9566045369966056,0.9381251871729857,0.9584335962230922,0.9611618130434465,0.960125161144368,0.9621764030334953,0.9539310516836754,0.9607243265476777,0.9611890459801666,0.9644815025936129,0.9628265655019287,0.9609919735609459,0.9644816303296878,0.9638453104082042,0.9640448672075308,0.9599639931811269],"std_valid_accuracy":[0.08924257443513385,0.15383942840161288,0.16003183145724206,0.15055259027185308,0.11146998725492355,0.10405681763977097,0.08649641395914208,0.0915498286868845,0.08382281772388366,0.06623456476812595,0.07382683055585773,0.06365986183466396,0.0492371813811455,0.055981483496240665,0.05958750670064442,0.05913099383325186,0.05233830200565856,0.0450987963323175,0.04199425118048913,0.042334619739211876,0.042670398762665325,0.03863643985378275,0.04413660086415184,0.037557576279958586,0.03796054588827446,0.04391487728124735,0.03542847710088221,0.03257051839045647,0.033623432697871616,0.03567641183244023,0.028487678385259948,0.032444564326881954,0.03364477020675698,0.030403841519367685,0.03092008257414984,0.027009568564618006,0.04275918754731954,0.025310740971475714,0.027032155757368084,0.028514970211585885,0.02619999038792292,0.033840795357773096,0.024571404225707492,0.025797071417468433,0.025103972072043627,0.0255901622480287,0.02594202565198003,0.023403335302625287,0.023964515760766216,0.02536673923038043,0.02822232291587183],"valid_loss_dist":[0.04917040127459516,0.1283109862312954,0.24869336901929384,0.04821298325514243],"valid_loss":[2.3045110952868444,1.4266470603885477,0.926811586924374,0.7000482914018323,0.5256701601407135,0.5101726117768088,0.4032368423340268,0.3979880570414498,0.3612030043326512,0.2844362474350573,0.3046516225824966,0.25695927846576416,0.2128725446805799,0.2319481708551045,0.2512195964165612,0.23852833733380702,0.21097224607213072,0.1857959639172927,0.1817350781267773,0.17520398017721514,0.17872400641135297,0.1678907719711514,0.18434028949291248,0.16195600980122052,0.15578990450615776,0.2203776222023471,0.15186273932161043,0.14850928595575522,0.1448357420716856,0.1492085508772443,0.13007029090306407,0.14320541511390086,0.13984813823932737,0.13149333848944847,0.1323569982634345,0.12648281397179953,0.18507018511543755,0.12384397556761523,0.11854832635955148,0.12736448188131586,0.11551870310468505,0.13978164666588988,0.11718221602644345,0.118001343561154,0.10765250153933414,0.11566317059951543,0.11635860423513042,0.10638574143698928,0.10961073154774782,0.10695021599108506,0.11882899257983706],