{"test_accuracy":[0.0972,0.4645,0.737,0.8459,0.8657,0.9012,0.9073,0.9133,0.9062,0.9262,0.9379,0.9378,0.9478,0.949,0.9518,0.9584,0.9406,0.9608,0.9622,0.9611,0.9676,0.9686,0.9697,0.9716,0.9698,0.9689,0.9694,0.9627,0.9727,0.9754,0.9744,0.9737,0.9765,0.9759,0.9755,0.9778,0.977,0.974,0.9772,0.9771,0.9774,0.9787,0.9791,0.9779,0.98,0.9776,0.9777,0.9787,0.9788,0.9798,0.9805],"test_loss":[2.3084521141052248,1.4056336067199706,0.7589651579856873,0.48858024587631227,0.41541379442214965,0.3237291575431824,0.28907980818748474,0.26601512269973754,0.29000959072113036,0.22133630764484405,0.19188952929973602,0.18913192720413208,0.16198663041591643,0.15543011639118195,0.148367387342453,0.1311615440607071,0.16870696671009064,0.12446047501564025,0.12040149993896485,0.11748463945388794,0.1050828038930893,0.10198478180766106,0.09894423564672471,0.09155775090456009,0.09507815767526627,0.10336670206785202,0.0976490344285965,0.1191068050146103,0.08665229468345642,0.07928919090628624,0.08275962413549423,0.08322856073379517,0.07604310047626496,0.07776054272651672,0.0757232413649559,0.0705706259727478,0.07252033995389938,0.0815562610834837,0.06945170525312423,0.07034020247459412,0.07087097686529159,0.06486796445846557,0.06469547795057297,0.06494380902051926,0.0621737065911293,0.06726472737789153,0.0697145504117012,0.0641912658393383,0.06529811313152313,0.06036048618555069,0.059566378062963485],"train_accuracy_dist":[0.993631881676253,0.9835995740149095,0.984910277324633,0.9804370447450572,0.9885225375626043],"train_accuracy":[0.07567320478723404,0.5174950132978723,0.7718999335106383,0.8604970079787234,0.8804438164893617,0.9100731382978723,0.9158494015957447,0.9232463430851063,0.9180934175531915,0.9367104388297872,0.9456033909574468,0.9471409574468085,0.9556183510638298,0.9569481382978723,0.9591505984042553,0.9647190824468085,0.9517952127659575,0.9656333111702128,0.9673371010638298,0.9678357712765957,0.9718251329787234,0.972905585106383,0.9744847074468085,0.9754404920212766,0.9746509308510638,0.9730718085106383,0.974609375,0.9677526595744681,0.9774767287234043,0.9785987367021277,0.9781831781914894,0.9786402925531915,0.9802609707446809,0.980967420212766,0.9808843085106383,0.9818816489361702,0.9820478723404256,0.9788065159574468,0.982671210106383,0.982172539893617,0.982421875,0.9837516622340425,0.9844165558510638,0.9844165558510638,0.984873670212766,0.9837101063829787,0.9837932180851063,0.9840841090425532,0.9845412234042553,0.9860372340425532,0.9862450132978723],"train_loss_dist":[0.02042393455658362,0.04901133008594838,0.04982396223708428,0.05921117678734316,0.03406672853236405],"train_loss":[2.3109463713865015,1.2864453082488096,0.6742605104140859,0.44390636636935016,0.3731303028266956,0.29931025921015386,0.2692613480395905,0.24064405370464034,0.26045884699387317,0.20008608475736184,0.17411870164784327,0.1681344231077906,0.1462437231415645,0.1406833374782396,0.13277715738885046,0.11808562259427569,0.14925324131438678,0.11111966657831254,0.10643889521096309,0.1040015448073044,0.09406164936576425,0.09066318282040153,0.08703492682747929,0.08204801644395512,0.08357305102702973,0.08753613465802466,0.0815786790010455,0.102766120118681,0.07333304218225245,0.06845233826034212,0.06932758556417576,0.06889814689357275,0.06334026502519648,0.06280153441927742,0.061630379397142186,0.05781536907198507,0.05809874386397225,0.06662155633378636,0.05458150434362246,0.05585741367688937,0.055755519795174555,0.05118549855591908,0.0495444085234417,0.04996510989354995,0.047559293884563536,0.0501149723939771,0.051528489177376575,0.048216956218350385,0.04745278980888233,0.04448122203029925,0.04245454149667181],"valid_accuracy_dist":[0.9909613804437141,0.9812606473594548,0.9706601466992665,0.9633943427620633,0.9833055091819699],"valid_accuracy":[0.07474727687501122,0.5214508694177261,0.7697135903677232,0.8567794188841497,0.8750587418729076,0.9061233003972601,0.9136022028166644,0.9172629252118462,0.91194002513563,0.9305531592752261,0.939026246200173,0.9408536774058456,0.9488276035100401,0.9483301781786493,0.951818299490251,0.9572996910011745,0.9435146846728272,0.9604573463045801,0.9626176977477832,0.9614547465971977,0.9647772705908876,0.9647773987779328,0.9667704820846861,0.9690966139526238,0.9676017956129676,0.967603105035517,0.9684333763052579,0.9611220506989485,0.9692639552197314,0.9722536284643729,0.9725860314232029,0.9700942838829041,0.9719210425422894,0.9720880445466429,0.9719217174256212,0.975742122105451,0.974081119400522,0.969926987777569,0.9759092840514804,0.9725862926079913,0.9737499674388969,0.9752435263284744,0.9765736333092594,0.9750783853902646,0.9757422612190241,0.976408026226382,0.9755766688484198,0.9740809180828189,0.9762419700481544,0.9780687579885169,0.9779025064718067],"mean_valid_accuracy":[0.07412094686134725,0.518913756445345,0.7689855851402574,0.8565454674244677,0.8748940562127163,0.9059003006600024,0.9135294521999034,0.9173739562493353,0.9118668259693685,0.9306522779129598,0.9390898048656389,0.9408845960323504,0.948873543599003,0.948423994903105,0.9518136517597853,0.9573205097752027,0.9436412736907969,0.9604782663357762,0.9626453571645598,0.9614804872722214,0.9647865824755593,0.9648067405878784,0.9667729239831797,0.9690971506872895,0.9676213495534235,0.9677152150862265,0.9685240967863636,0.9611083134376324,0.9693018209598027,0.972246182349274,0.9725930999498654,0.9701272609752808,0.9719177561897052,0.972113172986463,0.971945672521184,0.9757419332172166,0.9740863649521045,0.9700160451419325,0.9759582919215777,0.9726253915009586,0.9737757426553832,0.9752248634265127,0.9766236891187783,0.9751016630965559,0.9757312568188381,0.9764458665539669,0.9756208942511272,0.974065050371548,0.9762914702766269,0.9780961497435197,0.9779164052892938],"std_valid_accuracy":[0.08776619861446815,0.2120694947761834,0.10796620011200485,0.062465063565896914,0.0623867341868186,0.03667228799520947,0.0341453948078093,0.045842377577310925,0.03196937653092368,0.0359247030161213,0.03173664414784053,0.03061968823850104,0.02376192453981018,0.02605330765607403,0.023566417365953857,0.016329181739271646,0.03625232348140499,0.01731536269810415,0.017613729401377676,0.018252455039599325,0.015984216016688334,0.015822266774898303,0.013820046455022387,0.012988978751266296,0.014831784080619276,0.018417111012442648,0.0168472932973711,0.01856607431032451,0.015879050229831552,0.012779573746574922,0.012226507240781545,0.014510085928548392,0.011943225081266811,0.013843080788841708,0.01335380504531671,0.00927464729244275,0.011392839842928805,0.011270379472347842,0.011259150539061433,0.012590836077093683,0.014304881027013506,0.009554064686783242,0.010741905259313298,0.011732341497065502,0.010124173879982585,0.01230746344304428,0.010293914652769525,0.011031795921487415,0.012292843785265219,0.009485649860100037,0.009735926882834244],"valid_loss_dist":[0.032829267330216697,0.05948375447239137,0.08865917582116481,0.11884860593992938,0.055507981390979934],"valid_loss":[2.310909233309464,1.2906177903828315,0.6836933057629329,0.450428049837903,0.38150284466744344,0.30918859558058354,0.2800827314998099,0.2536387158281497,0.27686084853088494,0.21671685795957737,0.18909719220908305,0.18338846213862448,0.1605135123055874,0.1579912473640079,0.14949493347100587,0.1333803737997678,0.16862616712722955,0.1270795078290024,0.12365443186845623,0.1229785796510045,0.11168266548002209,0.10881527145214823,0.10475636624361766,0.09936189883052475,0.10312621387566973,0.10650367243379776,0.10001877770760995,0.12090707031934551,0.09451189562683182,0.08972678833594204,0.09056309071775076,0.09110275775545487,0.0856144366047035,0.08608336280934532,0.08469176262081146,0.08042656669216494,0.08288307079188495,0.09009050624632807,0.07902160733623144,0.08236245013231615,0.08277435270961857,0.07758860311338191,0.07603869459122617,0.07750519893419168,0.07435393578440178,0.07776646477501525,0.08160122520420605,0.07778162937178992,0.07680192727886033,0.07413248327666147,0.07109938070168306],