{"test_accuracy":[0.0972,0.1928,0.2383,0.6316,0.5711,0.6374,0.7313,0.7455,0.7617,0.7542,0.7606,0.7485,0.7669,0.7666,0.7686,0.7781,0.7745,0.6679,0.7728,0.7818,0.7733,0.7723,0.7711,0.7768,0.7829,0.7834,0.7745,0.781,0.7836,0.7792,0.7869,0.7819,0.7821,0.7806,0.7724,0.785,0.7844,0.7845,0.7849,0.7834,0.784,0.7858,0.7863,0.7844,0.7868,0.7869,0.7884,0.7858,0.7872,0.7867,0.7902],"test_loss":[2.3084521141052248,3.4521251930236816,3.388715969848633,2.126688687133789,2.501215916442871,2.1256350425720214,2.066653681945801,2.098399147796631,2.0126981838226317,2.097508833694458,2.125743476867676,2.239273426055908,2.1011168224334718,2.1430921226501467,2.172907191848755,2.1517037281036377,2.1954574226379395,2.8086520767211915,2.3147867973327636,1.9230357147216797,2.1418474241256713,2.2334749015808106,2.3150509429931643,2.2080361560821533,2.2500646266937254,2.3627298168182373,2.4552560428619383,2.4092683158874513,2.4179023796081545,2.4644507831573486,2.4566496925354,2.5296289169311525,2.5341919635772707,2.58778360748291,2.720100315475464,2.577383053970337,2.606136854171753,2.6330123748779295,2.637859182357788,2.668158140182495,2.690226671218872,2.6768743789672853,2.6837725452423093,2.7297305183410643,2.7183923835754396,2.7491805164337157,2.7682478191375735,2.8450481567382813,2.814527480316162,2.858197381591797,2.8331176498413084],"train_accuracy_dist":[0.9884986650236188,0.9913684210526316],"train_accuracy":[0.18941677929098658,0.3792494022247635,0.40596735627404096,0.8092317288699449,0.7560037425927851,0.8128703607443601,0.9162075059777524,0.9311778771182035,0.9450046782409814,0.9351283917247115,0.9463561700800499,0.9369996881172679,0.9566483002391101,0.9510344110614409,0.9548809647572513,0.9678760785944485,0.9681879613265412,0.8623557542364071,0.9626780330595696,0.9714107495581661,0.9644453685414284,0.9650691340056139,0.9627819939702672,0.9686038049693315,0.9761929514502548,0.9769206778251377,0.9682919222372388,0.9749454205218838,0.9764008732716498,0.9741137332363031,0.9813909969851335,0.9767127560037426,0.9769206778251377,0.9759850296288596,0.9642374467200333,0.9807672315209481,0.9800395051460651,0.9799355442353676,0.9809751533423433,0.979311778771182,0.9796236615032747,0.9814949578958312,0.9823266451814118,0.9786880133069966,0.983990019752573,0.9824306060921094,0.9858613161451294,0.9827424888242021,0.9846137852167585,0.9813909969851335,0.989915791662335],"train_loss_dist":[0.03406598229893891,0.030122766514357767],"train_loss":[2.2930820293864733,2.033007861497385,1.678068432605667,0.5573954992054381,0.672696429536278,0.5077779514958871,0.2721290723835559,0.23684412506659272,0.18852234378879984,0.2150996332109588,0.18126072615930353,0.21236831615757876,0.14906052575607484,0.1554481476817982,0.1448438879726384,0.10883231269187349,0.11066858463236418,0.39279053903738936,0.11584511097496965,0.09595530354898578,0.11343859155933554,0.11174928371689277,0.11274915257177776,0.08914086071917465,0.07574823791784127,0.07453219717586719,0.0956225305677935,0.07666334117762648,0.07112450787704816,0.0791631934327604,0.05793823420223767,0.06830789211625084,0.06817009888743522,0.07197838125351326,0.10063384043902689,0.0565574248333457,0.05719420364065953,0.05737827778054642,0.05458595899047667,0.059876504657713187,0.05770390727650674,0.050794652956636176,0.04767156106790977,0.05580615093004977,0.04399881486675697,0.04652283260253515,0.04061830686568929,0.04784870758607762,0.04229122054787247,0.05409554358947821,0.03211876585473884],"valid_accuracy_dist":[0.9794745484400657,0.968013468013468],"valid_accuracy":[0.17872032738801455,0.3732335501714353,0.38029902531374116,0.8096404648702363,0.7423059567342971,0.811727236463122,0.91105526180145,0.9318359375609573,0.9459671309745337,0.9343299493074904,0.9443049427347745,0.9347455368889241,0.9480466897414677,0.9472143799767648,0.9513705799630567,0.9625921740486664,0.960099053775004,0.8524549004866339,0.9555266989063605,0.9642552537612962,0.9542812328498703,0.9530330113317806,0.9559426917027355,0.9576072301891532,0.9675806027566731,0.968827446543963,0.9567746772954857,0.9655024217205389,0.9667490223788641,0.9630082478880296,0.9721522282384225,0.9684116158335645,0.9655025027635271,0.9630091393608999,0.9559429348317002,0.971320404731649,0.9679961903381069,0.9692428720394206,0.9688272844579867,0.9675806027566731,0.9659176040870316,0.9684116158335645,0.9692431962113734,0.967580197541732,0.9709053844511326,0.9717372079579063,0.9725678158198565,0.9713212962045196,0.9717367216999769,0.9679968386820129,0.973814902736111],"mean_valid_accuracy":[0.17877875636496326,0.37322942064321374,0.3802702725116518,0.8093745335124645,0.7416799356454529,0.812557015143222,0.9110003980693636,0.9316917118641257,0.945804514770032,0.9342169643893782,0.9441832114245907,0.9346274734205768,0.9480643877195601,0.9470982402016885,0.9512447960723822,0.9624218374218374,0.960010615183029,0.85279726659037,0.9553809855533993,0.9641571710537228,0.9543153206946311,0.9528971985868537,0.9558433265329818,0.9577652551790483,0.9675241744207261,0.9687660679039989,0.9567680084921464,0.9654405300957025,0.9666513244099451,0.9628945447910966,0.9720605065432651,0.9683244597037701,0.9654508964853792,0.9630085750775406,0.955874425702012,0.971156557363454,0.9679346834519248,0.9691558441558441,0.9687453351246456,0.9675241744207261,0.9657992071785175,0.9683244597037701,0.9691973097145511,0.9674723424723425,0.9708186130599923,0.9717225622398036,0.9724710155744638,0.9712705876498979,0.9716603639017432,0.9680176145693387,0.9737440082267668],"std_valid_accuracy":[0.004722927136720234,0.0003337977475908471,0.002324144565523878,0.021495745633676677,0.0506024945680118,0.06707261448640761,0.00443474150370704,0.011658041830455657,0.01314458211009939,0.009132789305203115,0.009839777081156353,0.009543298336401773,0.0014305617753893607,0.009387802491250763,0.010167354994941202,0.013768638768638763,0.007148662321076138,0.02767411388101043,0.011778291950705788,0.007928214824766577,0.00275538637607603,0.010978006667661855,0.008031878721533936,0.012773465359672276,0.004561211457763226,0.004961354099285165,0.0005390522631902317,0.005002819657992097,0.007897115655736309,0.00919084108739282,0.007414041896800505,0.007044998424308779,0.0041714352059179505,4.561211457765335e-5,0.005537725365311552,0.013244099450995972,0.004971720488961884,0.007034632034632005,0.0066241230034333465,0.004561211457763226,0.00957025094956132,0.007044998424308779,0.0037090942263355853,0.00871813371813368,0.007013899255278566,0.0011838417010830438,0.007824550927999219,0.0040988704781808605,0.0061721484135277005,0.0016793551276310104,0.005730540213298829],"valid_loss_dist":[0.05631126189368895,0.09842630586138477],"valid_loss":[2.292780228282755,2.0584810754056226,1.75251893411577,0.5686972689200628,0.7019965424388354,0.5277725697718403,0.294712018973117,0.2578844533821656,0.20746699573076507,0.23437635493480471,0.20528231772006375,0.23746621447919636,0.1746477933585228,0.179483217037538,0.17415133108139602,0.13435136156023716,0.1399733245808609,0.44882253245189513,0.14881097207093047,0.12424369067595768,0.1471892000436779,0.1495392383047008,0.15018576125016614,0.12234945340959291,0.11010375589918654,0.10944830971774139,0.136713850751355,0.11467407320734102,0.10977911703650452,0.12106498672346075,0.09469946263862221,0.10865276098019114,0.10985538380668937,0.11530789868356953,0.14836453024508067,0.09817410310727487,0.10099370315518447,0.10147881320509379,0.0999926432374736,0.1059636978727329,0.10584216217505475,0.09731533003940923,0.09338475895448856,0.10484062511842433,0.09033719370226913,0.0938934390570828,0.08749835287492347,0.097457542201813,0.09148884620252032,0.09821636483827954,0.07710827393720232],