{"test_accuracy":[0.0972,0.6728,0.7303,0.8793,0.9008,0.9109,0.9168,0.9276,0.9324,0.9266,0.94,0.9407,0.9357,0.9284,0.9445,0.9424,0.9435,0.9496,0.9515,0.9514,0.9539,0.9542,0.9545,0.9545,0.912,0.9554,0.9553,0.9567,0.9551,0.9578,0.9591,0.9588,0.9595,0.9599,0.9621,0.9592,0.9604,0.961,0.9623,0.9634,0.9627,0.962,0.9637,0.9626,0.9639,0.9635,0.9641,0.965,0.9641,0.9651,0.9661],"test_loss":[2.3084521141052248,1.2096390419006349,0.8150687559127807,0.4363968578338623,0.3630383728981018,0.30919380917549133,0.2774151145935059,0.24498436419963837,0.2320956176996231,0.2355600935459137,0.20530927600860596,0.1961332107067108,0.20123919496536255,0.22490631890296936,0.18258908562660217,0.1894601732492447,0.18385059859752656,0.16639610543251038,0.16238043649196623,0.1597972993850708,0.15172433316707612,0.15244375116825104,0.1523696055650711,0.14529803923368453,0.29059123797416686,0.1448435390472412,0.1461834832549095,0.14247859034538268,0.13985617139339446,0.1359176334142685,0.13440538492202758,0.13214578068256377,0.13010795282125473,0.1304212632894516,0.12377483532428742,0.13266211646795273,0.12901632318496703,0.12245959391593933,0.1248965786933899,0.11839344230890274,0.12139391331672668,0.1235519519329071,0.12198622369766235,0.1213743162870407,0.11800370111465454,0.11541517243385314,0.11682240360975266,0.11689246561527253,0.12038947014808654,0.11522124457359315,0.11308974492549896],"train_accuracy_dist":[0.9754912317768857,0.9732949876746096],"train_accuracy":[0.09707322153942298,0.6754504739089678,0.7301322778877201,0.8761587334652641,0.9032392459118842,0.9141756067076346,0.9236537860639517,0.9303197583585043,0.935110925945214,0.9304239141756067,0.9414644307884595,0.9431309238620977,0.9391730028122071,0.9313613165295281,0.9477137798146027,0.9461514425580668,0.9467763774606812,0.9515675450473909,0.9550046870117697,0.9541714404749505,0.957296114988022,0.9581293615248412,0.9584418289761483,0.9587542964274555,0.9153213206957609,0.9625039058431414,0.9594833871471722,0.9621914383918342,0.9629205291115509,0.9654202687220081,0.9653161129049057,0.9648994896364962,0.9669826059785439,0.9663576710759296,0.9681283199666701,0.962399750026039,0.9661493594417249,0.969169878137694,0.9689615665034892,0.9698989688574107,0.9694823455890011,0.9698989688574107,0.970523903760025,0.9723987084678679,0.9704197479429226,0.9740652015415061,0.9728153317362774,0.9737527340901989,0.9738568899073013,0.9741693573586084,0.9743776689928132],"train_loss_dist":[0.06981956465108788,0.07063748333036851],"train_loss":[2.3083568504608842,1.213381461446055,0.8124552998998714,0.43574188893790694,0.3580504551447626,0.3033624232752772,0.2661785880372793,0.2344936540463035,0.2196952686041249,0.22355487221461412,0.19230734077720216,0.18387831631594306,0.18887117908604628,0.2021000194290059,0.16348928229260754,0.16935727991991745,0.16240329907444812,0.14611470366707568,0.1399606041685515,0.13720776374272264,0.12870229569906594,0.12627901341123962,0.12462590371596417,0.12007949445014471,0.2518468077028062,0.11357703512409753,0.11738553192474646,0.1107407269714003,0.10663761656683642,0.10135568674576555,0.10245430833389332,0.09929360814199337,0.09499786306533847,0.09531520647582208,0.08956231833056799,0.10346251268841154,0.09403273862279364,0.08656761553163715,0.08654965490798083,0.0823729724629374,0.08304631780554027,0.08313032418470832,0.08104106652059663,0.07833513598968654,0.07935650539013597,0.07413970198183119,0.07536615313780319,0.0734090210132494,0.07436604778206779,0.07163027828465575,0.07023427438244274],"valid_accuracy_dist":[0.9721283783783784,0.9663105998356615],"valid_accuracy":[0.08660274689854942,0.6597462574281396,0.7288970110095514,0.8800412647049717,0.9067106959579098,0.9204550412822989,0.9221109780231226,0.9379439817642868,0.9383619245742981,0.9279426481475748,0.9450218269774825,0.9471033598696083,0.9387706305930968,0.9312716756700457,0.9504389851000882,0.9479397733062715,0.9441957059653133,0.95460257870098,0.9562688078662976,0.9541859554325703,0.9566843755014259,0.9583513963917046,0.9570996792282335,0.9583516603000249,0.9133824742355103,0.9558532402311697,0.9583484934001807,0.9600152503821392,0.9571049573946409,0.9600176255570225,0.9608482330106379,0.960850344277201,0.9633492921626969,0.9650149935113742,0.9666796392267698,0.9654308250548226,0.9633458613545324,0.9645988980596052,0.9662630159583603,0.9670957346785385,0.9654300333298614,0.9641828026078363,0.9679279255820762,0.9670970542201403,0.9670957346785385,0.9679303007569593,0.9687616999355361,0.9679292451236781,0.9683466601170486,0.9704279291008537,0.9691785871122659],"mean_valid_accuracy":[0.08783783783783784,0.6588077266872461,0.7273861011792401,0.8804280991139044,0.9064817950654023,0.9202229396611072,0.9223243631881677,0.9378792694707855,0.9382328610451043,0.9281220158120322,0.9450697744786694,0.9471927119189856,0.9389872360034645,0.9315805508672188,0.9503649731284283,0.9478769931599635,0.9439389060383309,0.9545879461014013,0.9562427824291013,0.9541770997579337,0.9566994325878878,0.9583199160540985,0.9571675337005041,0.9583084651002687,0.9128034155766284,0.9557861322703147,0.9584458765462258,0.9600778109662662,0.956938514623909,0.9599747523817984,0.960910954607031,0.960819346976393,0.9633187778986876,0.964996516134047,0.9667200581847254,0.9654417153390038,0.9634676402984743,0.9645627678829198,0.966309211841258,0.9671538064358525,0.965476068200493,0.9641290196317929,0.9680213029381066,0.9670965516667037,0.9671538064358525,0.9679182443536387,0.9688200937173821,0.9679640481689578,0.9683405416509361,0.9704749300450821,0.9692194891070199],"std_valid_accuracy":[0.08783783783783784,0.06674691587643516,0.10745366874680762,0.027511090075284794,0.016279092362699588,0.01650672344489107,0.015175636811832371,0.0046022424437585085,0.009178806991050226,0.012756362566346158,0.0034099552510604147,0.006354585378311739,0.015404655888427432,0.0219667464300784,0.00526362177707701,0.004464830997801428,0.018263230362655203,0.0010406488041040385,0.001850890537209382,0.000629802460636486,0.001070837682382475,0.0022388349730174117,0.004825709542739087,0.0030719786137822225,0.04118179395500676,0.0047726187568011835,0.006925745075395839,0.004449216060760819,0.011837163272557683,0.0030490767061227553,0.00446066701459058,0.0022044821115281277,0.0021701292500388436,0.0013140837016145102,0.0028745364098692328,0.0007745008772124806,0.008660738079904085,0.00256952463967669,0.0032853827533367297,0.004129977347931302,0.0032739317995069683,0.0038249655777388147,0.006640859224055606,3.574085589286291e-5,0.004129977347931302,0.0008574335428279123,0.00415287925559088,0.002475141020231386,0.000435136245530654,0.003342637522485481,0.0029088892713584613],"valid_loss_dist":[0.08676063269376755,0.12047002039047765],"valid_loss":[2.3112232826702512,1.2177983384056856,0.7963606666458125,0.4179843492364066,0.34591941025635264,0.29024712142231984,0.26505764485474,0.2274214706648282,0.21557081194723923,0.22345883568330582,0.19371909377799504,0.18663539572310983,0.19141380307686232,0.21321347637282448,0.16784016961629064,0.17802470838047363,0.17044849279119725,0.15450736816807106,0.15155846406827048,0.1496784020064924,0.14212395575440542,0.14046704151497064,0.14360966553164872,0.13364335027865332,0.2730468222737061,0.134568975941568,0.13772257647639793,0.13381809087970326,0.12738272227782957,0.12451820068699723,0.12661644667677283,0.11925195945246182,0.11802708096682579,0.11967406753766358,0.11313483970457312,0.12067539448130193,0.118384125767043,0.11079852611610315,0.11387399293590171,0.1097612066225734,0.11599227996862997,0.11229527098602722,0.11401308131758169,0.11323803482260447,0.11124203901336925,0.10586547053309228,0.10731595804140914,0.10805307912076088,0.10872250036761603,0.10566211365478538,0.10385232098744371],