{"test_accuracy":[0.0972,0.3137,0.6955,0.7593,0.8096,0.8337,0.8635,0.8971,0.9197,0.9155,0.9332,0.9493,0.9412,0.9459,0.9475,0.9497,0.9526,0.9566,0.9624,0.9614,0.967,0.965,0.9685,0.9696,0.9698,0.9678,0.9586,0.9722,0.9732,0.9787,0.9747,0.9726,0.9784,0.9712,0.9737,0.9767,0.9749,0.9749,0.9754,0.9767,0.9797,0.9782,0.9765,0.9787,0.9785,0.9794,0.9798,0.9796,0.9775,0.9802,0.9696],"test_loss":[2.3084521141052248,1.8854711837768554,0.8860612607002258,0.6192995491981507,0.5074823112010955,0.43977205810546877,0.3545739697933197,0.292399724817276,0.2415301218986511,0.2360605521917343,0.20658721137046815,0.17284312558174134,0.18340724656581878,0.1716028917312622,0.16380761890411377,0.15760232207775116,0.14462836503982543,0.1351797084569931,0.12309671967029572,0.12462512011528015,0.10888237355947494,0.11125575609207153,0.10184533607363701,0.09836678868532181,0.09788249990940094,0.10171327064037324,0.11762272328138351,0.0885115506887436,0.0904640124320984,0.0723024923801422,0.08265707178115844,0.08523279522657394,0.07141494661569596,0.09496707940101623,0.08406848427653313,0.07714698013067245,0.07845238584280013,0.07679248149991036,0.07875637249946595,0.07328431988358497,0.06578399392962456,0.06972464378476143,0.07350142792463303,0.06913360372781753,0.06707444934844971,0.06651696659326553,0.06458026057481765,0.06320425568819046,0.06907270290851593,0.0630209004998207,0.08885109605789185],"train_accuracy_dist":[0.9894381073088298,0.9463955637707948,0.9866892034650327,0.9944942903752039,0.9481789802289282,0.9830968280467446,0.9947368421052631],"train_accuracy":[0.13588590823830649,0.3824098609581088,0.7787239110370083,0.8246345312174354,0.856045493792241,0.876857117337065,0.899216958942448,0.9168130526691874,0.9332182094262661,0.9333670765474738,0.9434007205168666,0.9522136540923571,0.9496829130318278,0.9537916455771578,0.9554291839104415,0.9570071753952422,0.9605502128799833,0.962872539970822,0.9668026319707029,0.9658796558192158,0.9704052163039271,0.9704647631524101,0.9727870902432488,0.9739482537886682,0.9732634650311133,0.9731145979099056,0.9658498823949743,0.9763003543037485,0.9761812606067823,0.979754071515765,0.9775210646976509,0.9773424241522017,0.9795754309703159,0.9763599011522315,0.9785035876976211,0.9799922589096972,0.9794563372733498,0.9794563372733498,0.979754071515765,0.9806175008187692,0.9832673355762647,0.9815107035460148,0.9811534224551166,0.981748890939947,0.983118468455057,0.9828802810611248,0.9832971090005062,0.9840712180307857,0.982493226545985,0.9840116711823027,0.9774912912734094],"train_loss_dist":[0.03408522854775921,0.1465343926373535,0.03745082189747503,0.02389868145860233,0.13325505081591324,0.05194058544150179,0.02150076083995794],"train_loss":[2.3044177447496295,1.5766471372731234,0.6808303676861283,0.49288930384990737,0.3996417997890462,0.343047510973077,0.28186135483119235,0.24321283201588073,0.20583250170517192,0.19804750089153883,0.17775056507814088,0.15672124894857442,0.15731862930513704,0.14525613666941006,0.13923521620024923,0.13568513303377117,0.123219132645452,0.11652750815644625,0.10649645789516282,0.10584932909668686,0.09504482342181991,0.09576280727454789,0.08939762504607032,0.08538154569975596,0.0874695745210956,0.08735579460152551,0.09847527239521031,0.07583113395700937,0.07659919927238364,0.06586919230866406,0.07051487728394573,0.07182469602722938,0.06555807987808619,0.07539384436493074,0.0693906227345053,0.06502871970871878,0.06547108161600543,0.06336987580667369,0.06473763878231398,0.060918232025035414,0.05404551088939515,0.056641041570020235,0.05850863268539963,0.05638356429134328,0.0530055219864167,0.05306590171423533,0.051717292427804595,0.04938196685084976,0.05305120084709483,0.04874285553820285,0.06432869033274902],"valid_accuracy_dist":[0.9864864864864865,0.9425287356321839,0.9864864864864865,0.9861450692746536,0.9467554076539102,0.9849749582637729,0.9856902356902357],"valid_accuracy":[0.12925538532212869,0.37148024064322804,0.7769214971328561,0.8216847796941031,0.855494338913164,0.8758506485996918,0.8962063882510043,0.9137026378354384,0.9314385194207192,0.9314385442453414,0.9392938084376931,0.9510772885496472,0.9485783198060406,0.9514358600099897,0.954054473202177,0.9550063656213477,0.9595300929233345,0.9633388587878903,0.9666718182584165,0.9661955423507711,0.971075845270102,0.969885642354287,0.9714328165188173,0.9722659636919859,0.971789490595311,0.9710755232849729,0.9657206051013275,0.9753609219307446,0.9748846987418757,0.9784557817042145,0.976313188933141,0.97595605776071,0.9772650401804995,0.9764323166708258,0.9778601434688483,0.9785745050296795,0.9775030640671086,0.9777412557928731,0.9778599498979128,0.9785744704504276,0.9800029182879983,0.9795267838232188,0.9792885545440075,0.9796454861823714,0.9807172059486702,0.9792884367177177,0.9803596781555847,0.9808360751437958,0.9797646863521047,0.980240663331014,0.9740519770860521],"mean_valid_accuracy":[0.12887222407891233,0.3714634477505361,0.7772589230121942,0.8222425571071523,0.8558313066104722,0.8762029685881643,0.8965457468763086,0.9138998587157025,0.9316142395205261,0.9316213947875781,0.9394475460993679,0.9511591293201783,0.9487258864675432,0.9515724401704361,0.954208774853492,0.95514406669068,0.9596715430007745,0.9634417452384435,0.966781266304699,0.9663080109905724,0.9711644760791095,0.9699887640459484,0.9715018395608143,0.9723579512837388,0.9718759144500039,0.9711646608425725,0.9658891127140828,0.9754439028263394,0.9749585812091486,0.9785212322181527,0.9763739114370813,0.9760147529165462,0.9773283288086125,0.9765232448155279,0.9779187873234197,0.9786362056401875,0.9775547166911682,0.9777864160366495,0.9779094506841954,0.9786141621164709,0.9800566086379315,0.9795919388570048,0.9793387244773449,0.9797004974431738,0.9807745194285962,0.9793301737088554,0.9804105743187636,0.9808936812097352,0.9798104622261297,0.9802885197293224,0.9741524827839613],"std_valid_accuracy":[0.0797704629857663,0.12669454589126214,0.11951479222506423,0.10323878241325697,0.08049902350803942,0.08233088511619595,0.07148392738488898,0.04767603720967983,0.0368490654509683,0.04120229796374072,0.02876960293384622,0.015764664268825505,0.026152869933734203,0.026504673615298145,0.025144752513606417,0.023184208473710353,0.023299069781058553,0.017351875734798655,0.016321285577456122,0.017870055091857413,0.012534982811789705,0.01448732464454079,0.011866214441391292,0.0126902966598998,0.011452472183664143,0.013279430905838852,0.02822914675382809,0.012350803916728924,0.010955086895481188,0.008409029496858846,0.010475805238157948,0.010551393657993235,0.007456225549414549,0.014039876665309186,0.00869782024551648,0.007821775255759094,0.007873458343616331,0.00788595155157387,0.007637617937477211,0.007485095977070287,0.007888224372034888,0.008780058607750562,0.007289426606948592,0.007288554680810508,0.007861582517213717,0.006738626516290092,0.006205138355454994,0.007309392713085261,0.007997962103057574,0.007687591152249449,0.018704408390396447],"valid_loss_dist":[0.05086508775885041,0.16350561691133064,0.03628685078709512,0.04248090563212941,0.16805304549696443,0.05520237688261251,0.05003153074294429],