{"test_accuracy":[0.0972,0.5428,0.7984,0.8393,0.8708,0.8757,0.9056,0.9255,0.9323,0.937,0.9436,0.9428,0.9544,0.9553,0.957,0.9583,0.9609,0.9616,0.9643,0.9649,0.9674,0.9685,0.9705,0.9708,0.9716,0.9733,0.9688,0.9753,0.9759,0.976,0.9773,0.979,0.9791,0.9662,0.9794,0.979,0.98,0.9798,0.9813,0.9813,0.9811,0.9811,0.982,0.9816,0.9818,0.9824,0.9746,0.9824,0.9843,0.9838,0.983],"test_loss":[2.3084521141052248,1.308622100830078,0.6565910736083984,0.5023203853607178,0.3928796742916107,0.37759942755699155,0.2985376731872559,0.2458708373308182,0.22240198125839233,0.20071317279338838,0.1791974132537842,0.18725943746566773,0.15064653503894807,0.14421830286979676,0.1373969964146614,0.12922895808219909,0.12271922335624695,0.1198943817615509,0.10858748335838318,0.11132310733795166,0.10195604014396667,0.09806463538408279,0.093134488260746,0.09520291032791138,0.09260354921817779,0.08753859838247299,0.09735581493377686,0.08110859637260437,0.07893408747911453,0.07847930405139923,0.07652789304852485,0.0714744840979576,0.07091057630777359,0.1097229318022728,0.06952452571988106,0.06840466828346252,0.06460806001424789,0.06496910647749901,0.06642616157531739,0.06174856102466583,0.06201045243740082,0.061932383477687834,0.05925995935797691,0.0604970618724823,0.058100817251205444,0.05947700628042221,0.07350153052806854,0.05667597886323929,0.0532480033159256,0.05350782795548439,0.055214036858081815],"train_accuracy_dist":[0.9843683988170681,0.984391045389197,0.9926047658175843,0.9827476038338658,0.9820554649265906,0.9935308848080133,0.9818947368421053,0.9882377218324391],"train_accuracy":[0.0716365905663321,0.6007072650683863,0.8249778979666129,0.8595870820115451,0.886421550782672,0.8906339383223256,0.9150241822247647,0.9310156534401165,0.9371522180040563,0.9436788184512975,0.9497893806230173,0.9492433303863955,0.9575120911123823,0.9593062561755682,0.9609704092776535,0.9635446461074418,0.9656248374850486,0.9661968901138904,0.9693431795725207,0.9688751365125592,0.9714753757345675,0.9721774403245098,0.974049612564356,0.974075614956576,0.9741536221332363,0.9757137656664413,0.9725674762078111,0.9772219044152062,0.9781839929273494,0.9786520359873109,0.9788860575172916,0.9804201986582766,0.9803161890893962,0.9665349212127515,0.9814862967393,0.98151229913152,0.9826304019969837,0.9831764522336055,0.9819803421914817,0.9836965000780071,0.983644495293567,0.983956524000208,0.9843725622757293,0.9843725622757293,0.9847105933745904,0.98455457902127,0.979926153206095,0.9855946747100733,0.985802693847834,0.9865047584377763,0.9862447345155755],"train_loss_dist":[0.048771908258870525,0.055749803158714924,0.026661549225731176,0.05290971024316975,0.05875442078303649,0.021756029574321784,0.06125746886432171,0.03851288729556769],"train_loss":[2.3115034501150484,1.190555286721163,0.5957563373697697,0.4487633765459842,0.35542112275500076,0.3360508977870896,0.2716233187205297,0.22664659434130438,0.20642230348123256,0.1861989000403687,0.16707596430723826,0.1706508415402876,0.14421940260451063,0.13527870625319485,0.12869854334646322,0.12082576020037869,0.11482760657865504,0.11259864905259279,0.10208007569824722,0.10299645354559123,0.09508646052072874,0.09079723502694553,0.08636831372032436,0.08667454216023851,0.08615957395868093,0.08019454826826694,0.08625070555590396,0.07392804367461271,0.07183038855997441,0.07079823282480215,0.06953472407213412,0.06469133221755252,0.06384630088919463,0.10367150092727526,0.06217477666645649,0.06108994868065887,0.05783827285238191,0.05735036575150329,0.058098572663917505,0.05412002971748541,0.053837293102524386,0.05309490856767193,0.05143787975616432,0.05117400813477944,0.049505532125597225,0.050123062628600376,0.061269207407120156,0.047078541605204687,0.04566204764475484,0.04454724209681382,0.045517825125587066],"valid_accuracy_dist":[0.9847972972972973,0.9802955665024631,0.9876746096959738,0.9846678023850085,0.967400162999185,0.988313856427379,0.9755892255892256,0.9892739273927392],"valid_accuracy":[0.06995551420783708,0.5981651295528989,0.8300196369739811,0.8636021662724492,0.8890741844385696,0.8950014284795238,0.9177677509989521,0.9328414258058806,0.9377272606970715,0.944588760213661,0.949370689920275,0.9504099747910502,0.9570628344059046,0.9585195760845948,0.9583120768986992,0.9623660572138873,0.964861181567595,0.9646524767462871,0.9661085096194666,0.9669400713027807,0.9697468392283703,0.9705787659985885,0.9718259197246393,0.9709944016143929,0.9705786604475006,0.9733853693023143,0.9709957775055456,0.9758807743434216,0.9752568548496295,0.9755689056736762,0.9754644546759083,0.9783755418942065,0.9782717744040431,0.9653802569531961,0.9794154003680156,0.9787917121723866,0.9800393491374263,0.9791034171139563,0.9792073281363584,0.9806629187755636,0.9808710009496181,0.9800391817735299,0.9809747540652434,0.98055901368141,0.9810787878235296,0.9803510778476978,0.9746336304218919,0.9815987432711989,0.9825339545206567,0.9827419945788332,0.9822223080749272],"mean_valid_accuracy":[0.06949998250300327,0.5968012704302949,0.8296073926857849,0.8634590635307958,0.8890497603812184,0.8950809306806777,0.9178281284544463,0.9328727115339744,0.9377376399355107,0.9446218231512944,0.9493998270210389,0.9504247852232777,0.9570602025872912,0.9585497376262351,0.958384492610404,0.9624001783620462,0.9649137508650084,0.9646471794545064,0.9661437662002264,0.9669731896889968,0.9697915327871104,0.9706202710853322,0.9718541488050474,0.9710276769431485,0.970609174675121,0.9734270996338861,0.9710486640374816,0.9759283164808739,0.9752866714987509,0.9755921208410656,0.9754642011695835,0.9784231645515521,0.9783019525342646,0.9654377659002753,0.9794626047151076,0.9788303751997616,0.9800805617564778,0.9791423751971209,0.9792301506592842,0.9806894184125903,0.980898476379519,0.9800716209498128,0.9810054370535146,0.9805891067181819,0.9810989382580577,0.9803938874998395,0.9746701629835242,0.9816274859214007,0.9825584525367053,0.9827632303128269,0.9822515560361589],"std_valid_accuracy":[0.08696786334160311,0.1408004096438818,0.07707938959442756,0.06189415278912989,0.0560495051224469,0.054572322995321845,0.04089681551445856,0.030945055757873173,0.02862570057098462,0.0245716806567692,0.02099724201381541,0.0193822893271806,0.014756448611479471,0.01862931326887689,0.019943405370335638,0.01685241834497748,0.015235348883012605,0.013715696591494315,0.01477239539425367,0.01394068079311092,0.011817927287892148,0.012654950708185326,0.010486169982860904,0.012291304685263377,0.012952019932733134,0.009604971844027926,0.017778227811843628,0.010573025622211591,0.009712592211839295,0.010440231596556835,0.008023620139217487,0.007180331736074783,0.00847017542896061,0.01318530255625822,0.007933622539381915,0.008465755048774089,0.008458124423653596,0.007395413875821024,0.006743564277065468,0.007339780269802881,0.008462014989130615,0.007614506688799246,0.00666589086124323,0.007770222001897874,0.007643244556990557,0.007625002342671036,0.014516097395404937,0.007864717319649333,0.005289533371076766,0.0059374561253959885,0.007040686744434723],"valid_loss_dist":[0.06280254069212321,0.05936256756972405,0.03755625410215132,0.061358089887202295,0.09290647574722427,0.032185513513762885,0.09075004361594968,0.04431719487846488],