{"test_accuracy":[0.0972,0.3266,0.5594,0.6657,0.7119,0.7747,0.7836,0.8386,0.8511,0.871,0.8791,0.896,0.9124,0.9078,0.9098,0.9173,0.9303,0.9339,0.9371,0.9406,0.943,0.9483,0.9459,0.946,0.9482,0.9361,0.9516,0.9502,0.9509,0.9518,0.9567,0.9535,0.9563,0.9556,0.9583,0.9619,0.9534,0.9607,0.9628,0.959,0.9621,0.9594,0.9624,0.9617,0.9641,0.9631,0.9647,0.9628,0.9636,0.9642,0.9632],"test_loss":[2.3084521141052248,2.2964622936248777,1.2813324281692504,0.9152501328468323,0.7472725958824158,0.578107051372528,0.5601407210350037,0.4158914122104645,0.3873813768863678,0.3463391587257385,0.3163717792034149,0.2913113073348999,0.26013640925884246,0.2615787310600281,0.2523777517795563,0.23748815298080445,0.20927764987945557,0.20047371308803558,0.19164651002883912,0.18408591511249542,0.17549624173641204,0.16347364745140075,0.16641088168621063,0.16536532356739045,0.15803464891910554,0.19239982895851135,0.14718117299079894,0.14972653889656068,0.14718090419769286,0.1464051763534546,0.13215932478904724,0.13804990611076354,0.1272892255783081,0.13341068449020385,0.12712365810871123,0.11694301199913025,0.13742149150371552,0.11798826186656952,0.11134309175014497,0.11845293136835099,0.11236823034286499,0.12025711950063706,0.10855062160491943,0.11257709493637084,0.10743965784311295,0.11187062449455261,0.10166667457818986,0.11161963894367218,0.10755475571155548,0.10508845717906952,0.10360550181865692],"train_accuracy_dist":[0.9895255699322243,0.9746461018381576,0.9702283849918434,0.9909203466776723],"train_accuracy":[0.13946878875568416,0.47447292269532865,0.6962071103761885,0.7823480777180654,0.8171248449772633,0.861306324927656,0.8585675899131873,0.9011988424968995,0.906211244315833,0.9156676312525837,0.9224369574204216,0.9286895411326994,0.937732534105002,0.9360789582472095,0.9396444811905746,0.9434683753617197,0.9509094667217859,0.9539582472095908,0.9565936337329475,0.958608929309632,0.9599524596940885,0.9625878462174452,0.9624328234807772,0.9620711037618851,0.96511988424969,0.9508577924762298,0.9669801570897065,0.9673935510541546,0.9684270359652749,0.968530384456387,0.9713724679619677,0.9704940057875155,0.9735944605208764,0.9711657709797437,0.9727676725919802,0.9750930136420008,0.9704423315419595,0.9750930136420008,0.9772633319553534,0.9763331955353451,0.9779350971475816,0.9763331955353451,0.9777284001653576,0.9780384456386937,0.9794336502687061,0.9783484911120298,0.9798987184787102,0.9778834229020257,0.97912360479537,0.9799503927242662,0.9813455973542786],"train_loss_dist":[0.034838375222862906,0.07817644255734411,0.07883937851348087,0.03155253778603443],"train_loss":[2.2972108907520203,1.6716544660976378,0.860911093359646,0.6017605178597152,0.5011691711334809,0.3885169141418052,0.3884291028563101,0.28306615011979847,0.2637803673046576,0.2442294537694605,0.21744570331035837,0.20667041954286042,0.18643849287697997,0.18446868267133618,0.1728496152165324,0.162992801375182,0.14861058751556216,0.14008185135969856,0.13550423930386415,0.12835650830042603,0.12163083136209517,0.11689486547707033,0.11451272097997192,0.11488954738820446,0.10845480513508321,0.1502591222386042,0.10077427537555861,0.0990178095184131,0.09601596851323806,0.09610002640282113,0.08717387070961731,0.0880356159376126,0.08143738034955537,0.08642604820789872,0.08167980826656562,0.07678691426899596,0.08589534500518328,0.07546489891885276,0.06975284285374439,0.07267417824211514,0.06790209304712291,0.07206457240045773,0.0649609315858206,0.06660624549220963,0.06327992664059488,0.0647870213139468,0.059216154086776614,0.06479809977154241,0.06138505880983101,0.0593567924999831,0.05576524710238023],"valid_accuracy_dist":[0.9835796387520526,0.9704391891891891,0.9551752241238793,0.9843234323432343],"valid_accuracy":[0.13426007695505734,0.46910679137658473,0.6959328735304042,0.7847625663006852,0.8136820111626236,0.8580954992471548,0.8527220010052745,0.8956890394183841,0.9025060525139419,0.9132452452281999,0.9208895056729719,0.9252256730256025,0.9341072065912539,0.9341076482585178,0.9359674920642983,0.9417509778672667,0.9467077078117462,0.9504256805314083,0.9508388031656922,0.9535242147969848,0.9543505739759842,0.9564156435386789,0.9562096177855473,0.9566227013967361,0.9591009714755758,0.9456749674933891,0.9599275566342753,0.9609602273178041,0.9626127703442673,0.9613736330650464,0.9646782432236897,0.9644721995521508,0.9667441466535359,0.9634388261699353,0.9655044225915516,0.9669506708511039,0.9638530348957345,0.9702552895003328,0.9717015103740448,0.9704620801979587,0.9702556532857357,0.9686029797633666,0.9723212452277502,0.9704620647536613,0.9729406697348009,0.9714948765813176,0.973767337254963,0.9712880500072656,0.9735603449811382,0.9752128322072758,0.9733541027157396],"mean_valid_accuracy":[0.13429514191465122,0.46811400697692307,0.6945284893643802,0.7837853400632704,0.8131094650305275,0.8579034108574316,0.8525263808715884,0.8956119402174199,0.9025226123624073,0.9131753193366725,0.9209809753394984,0.9252604576614564,0.9340802663617951,0.9341184460802556,0.9359741588867135,0.9417273221321438,0.9466758030628027,0.9504193136222567,0.9507914840521727,0.9535197501969206,0.9543486946152939,0.9563919132908649,0.9561974000514062,0.9566299800804579,0.9590547638105634,0.9456854965030874,0.9599276168104174,0.960903634516705,0.962569247173697,0.9613600470866093,0.9646437353232157,0.9644747563074776,0.9667072551695752,0.963407782365213,0.9654867871177644,0.966984218127528,0.9639326280160619,0.9702516922336292,0.9717245305997321,0.9704443449073974,0.9702804773274709,0.9686181998920189,0.9723658656359524,0.9704684108624755,0.9729651963092916,0.9714867943501978,0.9738410603778338,0.9712857631632742,0.9735676660556467,0.9752553497104917,0.9733793711020889],"std_valid_accuracy":[0.07770744055838785,0.10311796033997776,0.11650596319449648,0.10809315251653276,0.0805350648839333,0.07219975298841111,0.04987377247983912,0.05361568601409999,0.05351766988878343,0.03505246318337884,0.04211129810646696,0.028046299809897802,0.02286210956736413,0.02494650496803725,0.030278735590177682,0.0282632593197504,0.02217252045296209,0.018666207129619472,0.01931487124748188,0.01846554106360481,0.018943494699257768,0.014660389575993906,0.018075546698071692,0.01682405820569626,0.014244051714939017,0.018539487870584907,0.014926245335739058,0.015048040966204964,0.014910177329428157,0.016127377819939864,0.012857756403941245,0.016623962041700625,0.014543081041380173,0.01325067282723041,0.012583658380108397,0.012227002952937063,0.020404072007449255,0.010457107360775498,0.010970562577077684,0.011702525970142513,0.01172734621482087,0.01134374643789161,0.011587603847824516,0.010906575126711041,0.00890971318791234,0.011191485932997892,0.012070321143439552,0.008939445788914417,0.009368427135102213,0.008620119649759424,0.011872800569642728],"valid_loss_dist":[0.05009157901816376,0.08445278071873896,0.12521446241216147,0.05112693821488827],"valid_loss":[2.2992395368246985,1.6896697102801022,0.8649037829712548,0.6000060112711373,0.5006499146417902,0.3876788636793507,0.3937340004329231,0.2847806778556424,0.2673221972690218,0.2487489423602743,0.2221799025983096,0.2131430318700619,0.19442464276254778,0.19257457652535762,0.18000998066253857,0.17151414850700764,0.15758809814551494,0.14925281236487975,0.14578515821630203,0.13925074887518513,0.132337819773304,0.12740272202813976,0.1261895924911105,0.12827457219333807,0.12072062862969836,0.16464021473956067,0.11389774108670687,0.1135521608525641,0.10988375455890154,0.11213562919557715,0.10264781500805525,0.10470606139021389,0.09645902336362412,0.10529315459227777,0.09783933187965978,0.09300333822579258,0.1054648269244662,0.09285833718266417,0.08658467625301694,0.08845635571451478,0.08443318267541405,0.09096203182838129,0.08456006535032655,0.08643072291668324,0.0823942576991154,0.0851598393858485,0.07863212267061567,0.08735916608069146,0.08295759143417687,0.08009982365266492,0.07779163784827507],