{"test_accuracy":[0.0972,0.7893,0.8525,0.8816,0.8422,0.932,0.9238,0.9417,0.9419,0.9513,0.9559,0.9143,0.9392,0.9614,0.9644,0.967,0.968,0.9687,0.9705,0.9709,0.9725,0.9724,0.9709,0.9736,0.9753,0.9738,0.9752,0.9758,0.9711,0.9777,0.9773,0.9769,0.9782,0.979,0.9779,0.9787,0.9785,0.9782,0.9792,0.9788,0.9794,0.9763,0.9791,0.981,0.9797,0.9803,0.9807,0.9799,0.9788,0.9801,0.9804],"test_loss":[2.3084521141052248,1.1319298816680907,0.5973623235702514,0.42967842721939087,0.4436722334384918,0.26270085501670837,0.26963271980285647,0.21442387704849245,0.20375423176288604,0.17468074686527252,0.15708462228775025,0.27256295533180236,0.1970014501094818,0.13947897346019744,0.12395446949005128,0.11726269075870514,0.11229185085296631,0.1108788763999939,0.10449454432725906,0.0986377662062645,0.09566101024150848,0.09505859308242798,0.09597448878288269,0.0884836232304573,0.08615080933570862,0.08789341997504234,0.08382592498064041,0.08215516188144684,0.08760622434616089,0.07662202216386794,0.07662879362106323,0.07627433053255081,0.07268581309318542,0.07213164514303208,0.07183222439289093,0.07187673683762551,0.07018639612197876,0.07094792569875717,0.06854481606483459,0.06700516960024834,0.06805718336105347,0.07425396649837494,0.06917359924316406,0.06509119153022766,0.06464332513213157,0.06440802453756332,0.06486713336110116,0.06613386999368667,0.06503229594826698,0.06260197293758392,0.06170881295204163],"train_accuracy_dist":[0.986480777355302,0.9854179502978024,0.9861052631578947,0.9865868757738341],"train_accuracy":[0.09604666909734882,0.7755612271472473,0.8441585499244753,0.8718683264753373,0.8308766081566749,0.9289546330538049,0.9223397051929788,0.9371842283452263,0.9384863794989322,0.9486952445439867,0.954945570081775,0.9121308401479243,0.9377050888067087,0.9591124537736341,0.9647377467576437,0.9649981769883849,0.9670295327881661,0.9674462211573519,0.969217146726392,0.970988072295432,0.9723943955414345,0.9723423094952862,0.9710922443877286,0.9743215792489193,0.9749986978488463,0.9747382676181051,0.9765612792332934,0.9763529350487005,0.9735923746028439,0.9789572373561123,0.9783322048023334,0.9788530652638158,0.980415646648263,0.9811969373404865,0.9807281629251523,0.9808323350174488,0.982186572217303,0.9815615396635241,0.9824470024480442,0.9826553466326371,0.9833324652325642,0.9808844210635971,0.9836449815094536,0.9838012396478983,0.9851033908016043,0.9844262722016772,0.9842700140632324,0.984165841970936,0.9845825303401219,0.9854159070784937,0.986145111724569],"train_loss_dist":[0.04578136043158019,0.04492622803499577,0.04696539438084552,0.0435268948568793],"train_loss":[2.309051597532527,1.1519061596457292,0.6111499270869267,0.4436935478122577,0.4562738874494561,0.2737378389678639,0.2791844931168633,0.2240159344354007,0.21481676166399338,0.18337659690925134,0.16439093182537604,0.27548589734330986,0.20358423717621496,0.14348612445702472,0.12756330991731696,0.12139070957093458,0.11473705668742225,0.11145548161255629,0.10443277063321754,0.09931764143254584,0.09501704437379459,0.09350601832201297,0.094153036116464,0.08673960060506782,0.08318840892994873,0.08365414216683689,0.07947329629339323,0.0772152171745804,0.08256814098966961,0.07133722618219132,0.07114954613777065,0.06956762206786324,0.06517628234327445,0.06336364941518688,0.06345054831450306,0.06203664189616996,0.059310448532399675,0.05997688240386731,0.0570022550134682,0.05575466825487036,0.05524494993778416,0.06025582800282992,0.0543685728435023,0.05091150059556395,0.05004484594683981,0.04946739173181058,0.04926623646551181,0.05033220843515258,0.04823129944481187,0.04627164256709945,0.045288385872751094],"valid_accuracy_dist":[0.981418918918919,0.9770114942528736,0.9696969696969697,0.9851485148514851],"valid_accuracy":[0.09037471078642405,0.7798805604182713,0.8450634707871516,0.8781781028122684,0.8369428601613744,0.9329447759319643,0.9194097418834227,0.937109467077231,0.9381513738715903,0.94606468883787,0.9535610576633822,0.9094141539704721,0.9333613878695636,0.9558517065181265,0.9625157235373415,0.9600172197794323,0.9637656322368338,0.965431546482967,0.9670973356664672,0.967930324822236,0.9706375319337901,0.9675139237715313,0.9668887215687713,0.9712620639017282,0.9704293621491241,0.96959636024625,0.9712624220531941,0.971886866164256,0.968346147001382,0.9731364141282509,0.9745940135382392,0.9731362543381145,0.9750104429970623,0.9748023123760686,0.9748024298260224,0.9745940538458071,0.9766764958258911,0.9758436705254888,0.9773011875839658,0.9775094861255555,0.9770930566667323,0.9752189401962212,0.975635291368763,0.9781342573548705,0.9783425579290749,0.9777177808981553,0.9787591474742745,0.977925799023144,0.9779257584193365,0.9777179079187037,0.9783424364138917],"mean_valid_accuracy":[0.09023397277707623,0.7791523814723926,0.844518151416837,0.8783641012564066,0.8363552764612214,0.9328791771898421,0.9193741047456052,0.9370121151072415,0.9381054558616226,0.946009801325182,0.9535064937852792,0.9096908197523809,0.9333704852173186,0.955825064474561,0.9625040841966415,0.9600375718184697,0.9638030893232113,0.965509256110784,0.9671050485534952,0.9679325710954466,0.9706660224808484,0.9675509244288051,0.9668291609413793,0.9712516023783734,0.9704527389717514,0.9696558078898468,0.9713157289495203,0.9719068998526579,0.9682666555346011,0.9731479797601981,0.9745784594255702,0.9731209470828368,0.9749945574165657,0.9747899132474713,0.9748159298133692,0.9745843535586195,0.9766760248313253,0.9758657789235632,0.9772886374062116,0.9775008021663236,0.9770847041753282,0.9752431051322525,0.9756418258973526,0.9781279482142619,0.9783352349527878,0.9777220120313966,0.9787776546829339,0.9778887507767885,0.9778835675819502,0.9777250603657868,0.9783189744300619],"std_valid_accuracy":[0.08861579092381658,0.06015994747237782,0.06075744024067837,0.03853304008022736,0.08506710898803964,0.01463927998840525,0.03280750939590405,0.012916021915124918,0.018842449719079894,0.019136238789522832,0.007180876613153102,0.02277126164373057,0.007027754457346903,0.006844950528720082,0.0049083393883292935,0.010344193566441553,0.008825624097488617,0.006896416048253777,0.006193648375979526,0.005860213768590554,0.005417936408756961,0.00613644319841596,0.009529450128528663,0.004986459146022654,0.00625377529450695,0.00633037743852174,0.007083045015624654,0.003974100633128749,0.008845815842845097,0.003913097631812068,0.00459144792775933,0.0035605782006740408,0.004891386703179436,0.004668423316743079,0.004748150361635904,0.004818709719926693,0.004390119981688239,0.005534703718097765,0.004916504719875784,0.005359110090103581,0.005182507713099786,0.005336942771582489,0.0040712025929667255,0.004976992693643765,0.005580338414748813,0.005420286980426143,0.005842098469263184,0.005051742641697822,0.005473977914565362,0.006437613110891015,0.00575110311664322],"valid_loss_dist":[0.06102302871845864,0.0674586100824948,0.09722042003464619,0.05665347769413844],"valid_loss":[2.3092653160153263,1.1551377580000874,0.6234007432860428,0.4384522649364471,0.45373041108881135,0.2747532121949734,0.2818027353903232,0.2295219485810328,0.22005695281393112,0.19037404212619108,0.1701469365377128,0.28575737664988615,0.21252068264610946,0.15265444678497286,0.13694886819932064,0.13171148901050259,0.12504146289279772,0.12293304137011164,0.11563460291500106,0.1115400904726029,0.10752741411036049,0.10735804408317628,0.10752756136698621,0.10105141988535803,0.0974523585471975,0.09818767723326921,0.09445851266348147,0.09159389742124088,0.09721956649250688,0.08661177120303201,0.08830951454641664,0.08665551567904722,0.08260818816210799,0.08197657691762934,0.08209402808337134,0.08097302521969274,0.07883091859813995,0.07958032426418539,0.07747733205057561,0.07663232688377937,0.07776085432512968,0.08371339902868508,0.07666943888364426,0.0737377099300672,0.07350869250061923,0.07239489092301421,0.07314474199047921,0.07661988703100445,0.07369511643049616,0.0715014598931715,0.07050777324419057],