{"test_accuracy":[0.0972,0.5519,0.7052,0.7346,0.7435,0.76,0.7775,0.7855,0.7971,0.8129,0.7639,0.8279,0.8362,0.846,0.843,0.8454,0.8424,0.8487,0.8494,0.8361,0.8413,0.8477,0.8551,0.8591,0.8587,0.8618,0.8443,0.8636,0.8637,0.8649,0.8668,0.8695,0.8671,0.8702,0.8662,0.8685,0.8662,0.8674,0.8637,0.8682,0.8704,0.8673,0.8707,0.8715,0.8711,0.8707,0.8716,0.8725,0.8724,0.8736,0.8753],"test_loss":[2.3084521141052248,1.7795104396820067,1.4214672027587891,1.3247934822082519,1.3558789207458497,1.3756985244750977,1.337007787513733,1.3807044569015503,1.3645256607055665,1.329867119407654,1.3822737045288085,1.3523460008621215,1.3220303050994873,1.3207481044769287,1.3712762228012085,1.3514881874084472,1.4135078014373779,1.3939259447097778,1.3734354768753052,1.4416214168548585,1.4362944931030273,1.442734335899353,1.4254175411224366,1.3961504329681396,1.4451144641876221,1.4495520587921142,1.6246223970413207,1.4336869705200195,1.4568238731384278,1.4581717586517333,1.4557356391906737,1.4269719860076904,1.4433749645233154,1.461004090309143,1.4944577548980713,1.4673325941085815,1.5281620121002197,1.5024206394195556,1.5491865589141847,1.5337119576454163,1.558005909729004,1.5772532163619994,1.5857483709335327,1.5645615781784057,1.5683428344726562,1.5714825408935547,1.5805781099319458,1.5969451431274415,1.5994408014297485,1.6110444355010987,1.6203775444030761],"train_accuracy_dist":[0.991988496302383,0.9889243876464324,0.9926961602671118,0.9711578947368421],"train_accuracy":[0.05030096833289715,0.6837477100235541,0.8433394399371892,0.875111227427375,0.8870452761057315,0.8996074326092646,0.9137398586757394,0.9219052604030359,0.9278199424234493,0.9366657942946872,0.8841664485736718,0.9481287621041612,0.9548285789060456,0.9592253336822821,0.9605338916514001,0.9619471342580477,0.9603245223763412,0.9651923580214603,0.9674954200471081,0.9593300183198116,0.9634650615022246,0.9676524470034022,0.9719968594608741,0.9730960481549332,0.9732530751112274,0.9757131640931693,0.9612143417953415,0.9769170374247579,0.9780162261188171,0.9788013609002879,0.9793247840879351,0.9804763151007589,0.9802146035069353,0.9821512693012301,0.980842711332112,0.9810520806071709,0.9805286574195237,0.9823082962575242,0.9802146035069353,0.9818895577074065,0.9835645119078775,0.9814708191572886,0.9837215388641717,0.98403559277676,0.984401989008113,0.9845590159644072,0.9844543313268778,0.9847683852394661,0.9850824391520544,0.98591991625229,0.9862339701648783],"train_loss_dist":[0.024300479324765645,0.03169014093578179,0.021377957426011562,0.07810069803423003],"train_loss":[2.316822312833501,1.0767657097020533,0.5722830364043349,0.42232110969560427,0.36111645115136287,0.3147516569583337,0.2623054341008232,0.23573908099202204,0.2139856764184371,0.18896386589142267,0.3140379300076311,0.155458770319137,0.1438969494090034,0.13009369101739,0.12286347854698212,0.11798433746866642,0.12088531581277905,0.10647223972503629,0.1045256115186124,0.1224439483792081,0.11215797347669607,0.09966457487205596,0.08676894160211321,0.08068556598548769,0.08156876129255936,0.07554280272660861,0.10994723984204843,0.06954278313315716,0.06656918995827242,0.06590541835520411,0.06268945203026968,0.05855284200864753,0.05938287400249348,0.0555912728941283,0.05852774359408675,0.05697645776576317,0.05983451190995658,0.05418568352689234,0.05916214924977419,0.0532357157581432,0.04924354958222451,0.05436893660956357,0.04877795496976475,0.04740765791438038,0.045623655057517344,0.04515273155723994,0.04468498945780229,0.04391852428006177,0.0432110199216803,0.04001991811947684,0.03875956203582804],"valid_accuracy_dist":[0.9893179950698439,0.9863713798977853,0.9891485809682805,0.9646464646464646],"valid_accuracy":[0.04750734812355186,0.6864356803463159,0.8482443903841925,0.8804816311761476,0.8924131584978773,0.9045567306209317,0.9196265133463268,0.9267439105495805,0.9346969501292848,0.9434872438862315,0.8901006599993235,0.9512316956973426,0.9552073316763384,0.9596029897014725,0.9616960582676809,0.9629518779107241,0.9623246937523328,0.9660918851738705,0.9669288335638154,0.959394711923439,0.963999161725481,0.9679759867772229,0.9711153347287291,0.9723706702460803,0.9717429584282138,0.972998909723422,0.9579285972369207,0.975929108170416,0.9755105904416604,0.9767663655001049,0.976556821039098,0.9767657943068466,0.9761383478949409,0.9778126396313258,0.9769755150046172,0.978649850274785,0.9759290677890792,0.976975646656782,0.9761387407498049,0.9776035761435643,0.9792779591507771,0.977603403059247,0.9792778264477967,0.9809525152423071,0.9801153024972168,0.979696741234678,0.9794872392566388,0.9803244509509137,0.980952646894472,0.9805337777430048,0.9824173952206652],"mean_valid_accuracy":[0.047779147415679624,0.6852929989542234,0.8475677890160962,0.8799642367661378,0.8919962971710225,0.9041636428865163,0.9192655192047358,0.9264583037435491,0.9344112940242814,0.9432301130057485,0.8899816769957061,0.9510429177226616,0.955068578282191,0.9594293175617219,0.9615660797777048,0.9628291993382303,0.962181843337655,0.9659805085250035,0.9668290304806707,0.9592597888318962,0.9638808907723972,0.9678699355153678,0.9710340296079116,0.9723001646023477,0.9716598304840068,0.9729139290575045,0.9578489155040397,0.9758715963065494,0.9754431968683106,0.9767008085922327,0.9764953810018843,0.9767118369227913,0.9760659734732654,0.977755502204466,0.9769137513627152,0.9786057895725752,0.97583572837633,0.9769112463026705,0.9760687513947024,0.9775608698508168,0.9792152835552453,0.9775310245496817,0.979224564147821,0.9808995425608089,0.9800595482942703,0.9796318973408639,0.9794324967982141,0.9802825245607755,0.9808970375007643,0.9804721467943355,0.9823711051455936],"std_valid_accuracy":[0.0783802759141068,0.12391386683303383,0.07672350772283486,0.07418894167968636,0.07116963266732806,0.08708499250054091,0.0708179738988309,0.07357604391175177,0.06065686581066518,0.04832550408410862,0.050235967911231916,0.04374304261552358,0.03315244457293714,0.02885914247651079,0.028597233364923497,0.02710476211126237,0.032448154550432415,0.027310305049258174,0.024869956059377692,0.03798554450645464,0.031563083925836254,0.027972352210152637,0.023912923495168242,0.019344297411481193,0.02120705009515547,0.020558905021672312,0.03485037850473628,0.01789680490212622,0.018619718229264406,0.016922764692347846,0.015509016206011247,0.013191678656643387,0.016504290481346162,0.014248591234132933,0.01567288195781015,0.013977305117519531,0.016313289656259364,0.016563634717206926,0.01978271864842736,0.016940506940863714,0.013932466776794706,0.014528751498327613,0.013370720841571596,0.013364451151677998,0.01430230313207981,0.014649208114081526,0.013942412571022024,0.013455818625752871,0.014299237641798891,0.012676769109659241,0.010299982245896597],"valid_loss_dist":[0.04371534901056607,0.0460150930618001,0.04016308858990669,0.10953110421346093],"valid_loss":[2.316228312722529,1.070844161257813,0.5549765583679007,0.40736340548821615,0.3445785804391964,0.30084941624037925,0.24986073416488777,0.22480592893671741,0.20387220244206508,0.18174494277613498,0.29878923671752056,0.15113041848850728,0.1410568506982252,0.13032616772136438,0.12276877880767145,0.11724273418366196,0.12091849493283588,0.10985414155985934,0.10849265480095102,0.12368353112184113,0.11549791474297233,0.10480602932347248,0.09464499124046516,0.08931752200448029,0.08952305361167022,0.08456558639717673,0.12184728491334727,0.08020399155014486,0.07772813642133046,0.07653223966915142,0.07544649277572428,0.07265470159472585,0.07436479608714817,0.06909283873226443,0.0723360825783294,0.07193124327018072,0.07569006833498887,0.07064901830582722,0.07515526963701315,0.06947035034525463,0.06732723342249683,0.0719374675225357,0.06600096843692932,0.06540540301401616,0.06528923851100253,0.06513788983787347,0.06549404434895402,0.06442605773339581,0.06443205353301602,0.0609844751365174,0.059753019965734594],