{"test_accuracy":[0.0972,0.2698,0.5425,0.6835,0.7573,0.7337,0.7709,0.7764,0.7837,0.8157,0.8198,0.8117,0.8404,0.842,0.8408,0.8503,0.8503,0.8491,0.8534,0.8595,0.8614,0.8593,0.8594,0.858,0.864,0.8645,0.8658,0.8616,0.8632,0.8704,0.8695,0.8704,0.8738,0.8629,0.8715,0.8706,0.8732,0.8643,0.8728,0.8728,0.8738,0.8723,0.8714,0.8724,0.8756,0.8736,0.8761,0.875,0.8732,0.8775,0.8784],"test_loss":[2.3084521141052248,2.8900172630310057,1.762431241607666,1.4583406620025634,1.2870406805038452,1.3480324172973632,1.3066471952438354,1.3061414535522462,1.3356549486160278,1.2226066873550414,1.2335086751937867,1.2557617721557617,1.1826781734466554,1.178578037261963,1.2169774253845216,1.1841620176315308,1.2083814615249633,1.2404181411743165,1.2279266626358032,1.206392459487915,1.2296499504089355,1.2573222448349,1.248870726108551,1.2466221145629883,1.242753010559082,1.243384597015381,1.2618852653503418,1.2964764205932617,1.284684508705139,1.2703630849838257,1.284065497970581,1.266913414955139,1.278139354133606,1.383358869934082,1.3039595108032227,1.3113542932510376,1.3085888874053955,1.3620325204849244,1.3565070084571837,1.3439486083984375,1.359154195213318,1.3700892852783204,1.3809622480392456,1.387571611213684,1.3653010501861573,1.3915242259979248,1.3897528818130493,1.4315299795150758,1.4155231221199036,1.4012361274719238,1.3770268739700318],"train_accuracy_dist":[0.9810358890701468,0.9854318418314256,0.9845233182005778],"train_accuracy":[0.12243215389900378,0.42933699759532806,0.7177602198557197,0.8293369975953281,0.8740638955685331,0.8582617657162487,0.8942631398144968,0.8865681896255583,0.8926829268292683,0.9278598419787015,0.931776021985572,0.9147372037100653,0.9475781518378564,0.9501202335967022,0.9497080041222947,0.9551356922019925,0.9586396427344556,0.956441085537616,0.9602198557196839,0.9677086911714188,0.9661284781861903,0.9603572655444864,0.9643421504637582,0.9649604946753693,0.9704568876674682,0.969220199244246,0.9717622810030917,0.9700446581930608,0.9703194778426657,0.976502919958777,0.975334936447956,0.9736860185503263,0.978495362418413,0.9646169701133631,0.9765716248711783,0.9767090346959808,0.9791824115424252,0.9718996908278942,0.9791824115424252,0.9784266575060117,0.9802129852284438,0.9788388869804191,0.976502919958777,0.9783579525936105,0.9809000343524562,0.9799381655788388,0.9822054276880797,0.9813122638268637,0.9784266575060117,0.9835795259361044,0.9836482308485057],"train_loss_dist":[0.0607852654966114,0.03906463772740746,0.04732015766772268],"train_loss":[2.3019785363909224,1.8781500040235817,0.7906449804720458,0.5037648592340049,0.3800329191563507,0.4031293731708782,0.30410087271291175,0.3320973644793873,0.2946643331643848,0.21241326285407783,0.20434888222810535,0.2636822430651772,0.16182785972988675,0.15406921126002177,0.15369961314371713,0.13975886383833896,0.1286696868959836,0.13159809555334964,0.12071574465366869,0.10626697308089225,0.10584667929563683,0.11608081093894293,0.10822165724247111,0.10522829819917269,0.09330948685829847,0.09261947411446177,0.08778244059331963,0.09128295391470409,0.09069699624541165,0.07603738469352267,0.07692456545544342,0.07747953289237394,0.06750059911359917,0.09885424327672204,0.070550269400365,0.07016665175203932,0.06389676684296774,0.08186232225309734,0.06379189181475245,0.06352337981746681,0.05973990271792548,0.06175254697945674,0.06587412470023234,0.0625257285189604,0.05600883445428311,0.057461908522626046,0.0513416688083036,0.05477386191487312,0.06145850564070028,0.049024691368856,0.04913157061720091],"valid_accuracy_dist":[0.9584352078239609,0.959234608985025,0.9801980198019802],"valid_accuracy":[0.1211077692513094,0.43832950678809846,0.7203881164073868,0.8242126854882404,0.8687132896978558,0.8516805199349721,0.8890362906106659,0.8786014856877674,0.8939802139717862,0.9241941031145274,0.9269414864702301,0.9003068059847936,0.940125327528562,0.9398513730640164,0.9409503087671162,0.945070844792503,0.9480904318641153,0.945893962594288,0.9494645687525912,0.9544079957732234,0.9538596948490521,0.9480914496927251,0.9527614864643423,0.9524863846781452,0.9560565127311429,0.9563314983132524,0.9593527556249117,0.9574290206767071,0.9579787293388872,0.9640214763703819,0.9634719532176063,0.9607261182962263,0.9631978524551099,0.9552313515848208,0.9648455895942316,0.9640216394732413,0.9645711570243806,0.9582547516401966,0.9659441822867042,0.9656694872148145,0.9673172712527077,0.9651202902677576,0.9648460789028097,0.9651203427681652,0.9662190572663617,0.9656693129086827,0.9686907914252454,0.9670427336820413,0.962099812774896,0.9667683648158706,0.9659449096050942],"mean_valid_accuracy":[0.12099660938190042,0.4375467767395187,0.7198403765700704,0.8239589244166211,0.8686001871344823,0.8514173116273017,0.8889665550203301,0.8784029743039151,0.8937552004084705,0.9241116089933628,0.9268878473224587,0.9003386478292837,0.9400468127558375,0.9398270740506839,0.940930546256095,0.9450582468797348,0.948053709235306,0.9458610079974757,0.949451307997904,0.9543829837096456,0.9538586122890651,0.9480522155482719,0.9527650868085479,0.9524901991641341,0.9560375850325821,0.9563170488417669,0.9593470673951278,0.9574221545925488,0.9579528308269399,0.964003715604119,0.9634502984042084,0.9607211307968546,0.9631977321503046,0.9551686541386627,0.9648367364715513,0.9640127280753249,0.964574083634417,0.9582840813809748,0.9659459988120949,0.9656550945909818,0.9673076875482055,0.9651197023334829,0.964863773885169,0.9651253526102787,0.9662221004268696,0.9656619588381385,0.9686987017803196,0.9670337341574798,0.9621052807818118,0.9667608548787786,0.9659559455369887],"std_valid_accuracy":[0.08569553274223243,0.09591862117847028,0.11121019773522299,0.06994269515241376,0.024793452480393028,0.05197966620723971,0.03331481243884568,0.025020664935379154,0.032344302180246816,0.015477412428094611,0.010094530621738018,0.031972077631761284,0.00943504740917471,0.002922480364833332,0.0029409047531909504,0.007105053527759355,0.005059331814937,0.004669026031990563,0.002607571948411333,0.0031673789183011914,0.0064182900504330355,0.006949942350863114,0.008907791174236582,0.005591103263307338,0.005560458589725094,0.007378258199405222,0.007293556022312832,0.0015567938523971807,0.004462026926584331,0.0062273247249447165,0.005221137185310497,0.008058063869085195,0.00680485636859972,0.007493210137591875,0.006417649146063213,0.006418727895066944,0.006972091780983189,0.009448603144368784,0.00541968577839944,0.00662719468982548,0.005294313870652688,0.006031369104076784,0.008038045224231353,0.005990618350887627,0.006972949735217496,0.004637187343437424,0.005809662077400844,0.0060395317346036235,0.010466735133662098,0.007929099339181818,0.010075953886397974],"valid_loss_dist":[0.11668423769089295,0.1163970773261716,0.06749813102505388],"valid_loss":[2.302819024224518,1.8922336666731183,0.8120779619224837,0.5319005809167014,0.40705742581735666,0.4388375361029412,0.33451168991420915,0.37115496162240935,0.32893132415374776,0.24507076476924392,0.23594230624754667,0.30483565642804233,0.19656808688018143,0.1889225851705491,0.18879091315212038,0.17775465896935996,0.16402397056890097,0.16924101104904912,0.15804330380812603,0.14248746063102416,0.1422987262998814,0.15303354068416597,0.14859866877460862,0.14663131252958422,0.13152832128820846,0.1332759664864298,0.12817551737024183,0.13182519708418913,0.13434972208087617,0.11629729524657952,0.11830975935195324,0.12200160295677268,0.11052045665214401,0.13961597149433433,0.11529744213931913,0.1156224318559775,0.1094460805160436,0.13144356472068155,0.10946420909272003,0.11061135442725444,0.10713937017050797,0.11059962330965603,0.11572866124520136,0.11118064163904799,0.10392795079759178,0.10801435986814613,0.09935573219616249,0.10517277382209546,0.11659211238797636,0.10065508489299736,0.10021321890318136],