{"test_accuracy":[0.0972,0.4765,0.5737,0.7067,0.7624,0.8006,0.8283,0.8923,0.86,0.8749,0.8811,0.8836,0.907,0.9174,0.913,0.9179,0.9266,0.9307,0.9313,0.9244,0.9282,0.9378,0.9515,0.9331,0.9421,0.9535,0.9372,0.9389,0.9465,0.9454,0.9502,0.9553,0.9531,0.9536,0.9541,0.9515,0.9365,0.9545,0.9524,0.9586,0.969,0.9582,0.9571,0.9608,0.9606,0.9596,0.9662,0.9637,0.9518,0.966,0.9659],"test_loss":[2.3084521141052248,1.8607691577911376,1.154293128967285,0.789481430053711,0.6589506462097168,0.5286630500793457,0.459819463968277,0.3129717843055725,0.37572165260314944,0.3416281376838684,0.3237635012626648,0.31802615571022036,0.2607954946041107,0.23881239128112794,0.24490270171165465,0.22812739832401277,0.21273515131473542,0.20634875464439392,0.20319959876537322,0.21082724540233613,0.2049669557094574,0.1827713649749756,0.15178933041095732,0.19035635182857513,0.17008896737098694,0.14572730722427368,0.18256348903179168,0.18017755670547486,0.15762497155666352,0.16115701677799224,0.14872302746772767,0.14176836133003234,0.1432460432291031,0.14068823482990264,0.14039732234477997,0.14576177806854249,0.18563129525184632,0.13944374659061431,0.14237598974704743,0.12720717272758483,0.10327815282344818,0.12963807753324508,0.1336319650888443,0.12504564883708955,0.1258423828125,0.12709280457496644,0.11035876059532165,0.11689319883584977,0.14822211961746215,0.10936389346122742,0.11054613829255104],"train_accuracy_dist":[0.9769702091696598,0.9656943303204601,0.9975530179445351],"train_accuracy":[0.12423302309548431,0.6210961737331955,0.6963116166839021,0.795243019648397,0.8295070665287831,0.8536366770079283,0.8745260255084454,0.9160978972768011,0.8990692864529473,0.9123750430885902,0.9152016546018614,0.9211995863495347,0.9361599448466046,0.9429162357807652,0.9421578765942779,0.9444329541537401,0.9486384005515339,0.9516028955532575,0.9524301964839711,0.9501551189245088,0.9523612547397449,0.9567735263702172,0.9643571182350913,0.9549120992761116,0.9606342640468803,0.9662874870734229,0.9571182350913479,0.9583591864874181,0.9653912443984832,0.9629093416063427,0.9662185453291968,0.9682178559117546,0.9684246811444329,0.9689072733540158,0.9681489141675285,0.96794208893485,0.9596690796277145,0.9691830403309204,0.9684246811444329,0.9729748362633575,0.9777318166149603,0.9729748362633575,0.9731816614960358,0.9751809720785936,0.974836263357463,0.974836263357463,0.9733195449844881,0.977524991382282,0.969527749052051,0.9800758359186488,0.9801447776628749],"train_loss_dist":[0.07229621799852791,0.10148123908258405,0.01776273626998237],"train_loss":[2.302953356555806,1.392206537587936,0.84176324839758,0.5795313609340855,0.4816358735955037,0.40412330266238494,0.3407152183895808,0.25547474757304317,0.27644411543039404,0.25020126876071663,0.23832336264780907,0.2294166973339036,0.1926814852254796,0.17746691927134026,0.176762924571154,0.16570282880703527,0.15483042125412613,0.14808798995111697,0.14506209930523803,0.147115832644777,0.1423026245211947,0.1283450971345004,0.11045157653541246,0.13045315118554707,0.11635349395510576,0.10106401900635305,0.12264407971056525,0.11997258635902355,0.10395821430937087,0.10716515050822807,0.09821538033053119,0.09275608364773881,0.09408464623561853,0.09235005191649621,0.09134550960834008,0.09200917584953207,0.11777167862312665,0.08817346010360994,0.08945878552223477,0.0794600553797755,0.06731420961285368,0.07954427347547718,0.08104190054853305,0.07446279668989818,0.0751769699015029,0.07480717650808905,0.07931191650588773,0.07094344038879695,0.08762498834459012,0.06400770561879399,0.06365371460248502],"valid_accuracy_dist":[0.9746621621621622,0.9531635168447001,0.9837000814995925],"valid_accuracy":[0.12069790946032087,0.6127044553554751,0.6912809971624001,0.7899478003640614,0.8301886912658355,0.8558195734197876,0.8767733441982754,0.9101358344384947,0.8960684219344235,0.9032389129628436,0.907096430693012,0.9115091262429272,0.9230885699158221,0.9330136598717841,0.9274985951481453,0.9313568371906898,0.9418335111659498,0.9404568726140875,0.9426612360161062,0.939625378188534,0.9407302185093694,0.947898188325189,0.9608577386409349,0.9448624806940832,0.9509299783673809,0.9597514262998152,0.9500996566606531,0.9495489215717159,0.9589249987864694,0.9542362113797097,0.9583716679324361,0.9636106663777125,0.9589235011877033,0.9622315066132495,0.9591995429790592,0.9611284887711204,0.9487209964596041,0.9619550909679399,0.9589221037199149,0.9630590078059187,0.971331742298603,0.9636095181458934,0.9625063501072975,0.9658148550962574,0.9644357954627725,0.9647128853549696,0.9641696649298204,0.9696754180894471,0.9586454377471607,0.9696748940390265,0.9705026689546719],"mean_valid_accuracy":[0.1210415794767873,0.6096602906359075,0.688273195461123,0.7885279068005491,0.8293661958960686,0.8555378248980046,0.8763466271930561,0.9098289492257484,0.8957993233226756,0.9029448568971058,0.9068598691302497,0.9111995957731945,0.9228725357597886,0.9327827584869105,0.9273169057178396,0.9312484809360896,0.9417163650110262,0.9402750020152125,0.942495423343919,0.9395521930887739,0.9406185425078079,0.9478139865661387,0.9607285113021643,0.944900354980568,0.9509229318901485,0.9597506000524918,0.9501368189559797,0.9495782204008599,0.9588907375194574,0.9542551486138465,0.9584094158638411,0.9636265052322314,0.9589320768268333,0.9622350527203185,0.959218072866308,0.9611493286942632,0.9487596971752015,0.9620015572580775,0.9589931485805921,0.9630962103000192,0.9713010386922071,0.9636525766011675,0.962537253905538,0.9658545605301576,0.9644828404646276,0.9647230326887831,0.9640891679595489,0.9696967603717411,0.9587103220023941,0.9697196622794007,0.9705085868354849],"std_valid_accuracy":[0.08572417446867839,0.22604189322231527,0.20276533742612546,0.11313474425720661,0.08438764184470103,0.07241972909838276,0.06174653130438394,0.030915256020868018,0.054893918996398845,0.045043725537376705,0.04683913758154302,0.042555576281097136,0.032033455031824795,0.027005153860359142,0.031200577129560373,0.03097769023738044,0.024092683163459392,0.022349694897511665,0.023483028193573084,0.031646533869224246,0.02601113410386291,0.021259469404331544,0.011164678091336781,0.030479442385882002,0.020543867290494296,0.017181772673915904,0.030108240512595846,0.02860487084954938,0.016206480966594182,0.024322226485116245,0.02160380696447146,0.01606350396794484,0.020048652232691665,0.018939434072287632,0.018849501010253664,0.02024564649656242,0.031501844674983036,0.02110652809277425,0.02407235213898327,0.01717792287365716,0.007136231142695477,0.019335301641248866,0.021110960126485917,0.018576162322926932,0.021111441161161985,0.016985352959662775,0.0075594071150141915,0.013767403565484537,0.026942429625250664,0.015321298249457497,0.012807799348480139],"valid_loss_dist":[0.08130795418007954,0.15470193382184233,0.051857329243164094],"valid_loss":[2.3051895898618984,1.4120628327575533,0.8553552751987896,0.5897461062779958,0.49413968600765185,0.4180113196547688,0.3545895158702095,0.2658616420368777,0.2905760692142011,0.26680883548891837,0.2556710512043914,0.2459469540872291,0.2090814564313486,0.19469607479405385,0.19536394853255198,0.18498140989062326,0.1711918767406185,0.16676950783867592,0.16313246460230946,0.16875829311158072,0.1630913547318699,0.14822684421708424,0.12762547788653889,0.15625539353834164,0.13968593945494648,0.12226802246780043,0.1473629627959157,0.14575664692020668,0.12920327634949572,0.1335309907366077,0.12443786150748617,0.11909574749104328,0.12052831043682084,0.11867323344859973,0.11872117558006173,0.12140229807034429,0.1534700543541558,0.11815730945740244,0.12028875731392288,0.10975247427948823,0.09156623899412522,0.11081797641678276,0.11376604824276694,0.10678745352902078,0.10798957908955166,0.1076747239707579,0.10302922455884231,0.09983920751654675,0.1239589316196877,0.09581722464665271,0.09598262003361059],