{"test_accuracy":[0.0972,0.406,0.6451,0.7022,0.7632,0.782,0.8086,0.8049,0.8398,0.8391,0.8466,0.8446,0.8501,0.8505,0.8566,0.8537,0.8615,0.8642,0.8599,0.8662,0.8652,0.869,0.871,0.8665,0.8696,0.8534,0.873,0.875,0.8735,0.8758,0.8757,0.8768,0.8783,0.877,0.8769,0.8767,0.8778,0.8801,0.8775,0.8783,0.8791,0.8819,0.8805,0.8795,0.8792,0.8797,0.8812,0.879,0.8805,0.8787,0.8803],"test_loss":[2.3084521141052248,2.0394573890686036,1.394754467010498,1.393659186935425,1.2535660703659057,1.2531167398452758,1.2049090827941895,1.2424446477890014,1.1098995920181274,1.1549610591888428,1.1453235776901245,1.2098047561645509,1.174941566467285,1.2093878673553466,1.1419509742736818,1.1886092348098756,1.1679731517791747,1.1484691820144652,1.1940843948364257,1.1557118683815002,1.1999822099685669,1.1422352575302124,1.151603072166443,1.1955777297973633,1.1767213798522949,1.3623875699996948,1.1515654941558837,1.1691934829711914,1.1400343257904053,1.1620091152191163,1.1768292951583863,1.1451786111831666,1.147475825405121,1.193082829284668,1.155818857383728,1.1770063613891601,1.1873912761688232,1.2016236316680908,1.2106797910690308,1.1903254301071167,1.18971741771698,1.125032661819458,1.176534323310852,1.1770484630584717,1.1990377893447877,1.193920682144165,1.190837536239624,1.2082227228164673,1.2128306462287903,1.251512071800232,1.2339436151504517],"train_accuracy_dist":[0.9813103306633806,0.9733784069300655,0.9880724174653888,0.9908180300500835,0.9911267024349979],"train_accuracy":[0.07783580530603719,0.5565489868393566,0.7839983288071861,0.8273240025067892,0.8787131815333195,0.8977229997911009,0.9192396072696888,0.916983496970963,0.9430123250470023,0.9443910591184458,0.9492375182786714,0.9497388761228327,0.9542093168999374,0.9540421976185502,0.9597242531857113,0.9578441612701065,0.9646124921662836,0.9670357217463965,0.9631919782744934,0.9687486943806142,0.9674535199498642,0.970252767913098,0.9707541257572593,0.9694589513265093,0.9721328598287028,0.9597242531857113,0.9758094840192187,0.9773135575517026,0.9776060162941299,0.978525172341759,0.9779402548569042,0.9799039064132025,0.9815750992270733,0.9798621265928557,0.9803217046166701,0.9795278880300815,0.9794443283893879,0.9824106956340087,0.9819511176101943,0.9823271359933152,0.9827867140171297,0.9841236682682264,0.98420722790892,0.9829956131188636,0.9829956131188636,0.9833716315019846,0.9851681637768958,0.98420722790892,0.9849592646751619,0.9834969709630249,0.9849592646751619],"train_loss_dist":[0.059616898391361375,0.07257704209625256,0.039488013417591936,0.028846127843991147,0.02487587584455521],"train_loss":[2.308487438104684,1.329384279126585,0.6030036628433078,0.4726262795755802,0.3419833817485979,0.2948496336575363,0.23927030241113378,0.2415060547546427,0.17614059733565027,0.16843495630560526,0.15442523217933374,0.14915014534896068,0.13861903819057672,0.1355859613260447,0.12261004036357415,0.12565013270413475,0.10896311811690343,0.1018705910488462,0.11005594861801268,0.09541124905702189,0.09772094352797674,0.09180553676033285,0.08917722793886251,0.0908986142396628,0.08410693677159772,0.11794158105489629,0.07514085470276011,0.07020276956196392,0.07007736494912156,0.06632991885937203,0.06731663320780872,0.06313134925161744,0.0590042880380455,0.060750431729453776,0.06054810385319169,0.061921494578658996,0.05984501289501428,0.0537466873251585,0.05596789166623898,0.05380618839775853,0.05232061489604076,0.04788563442685944,0.04883882986618615,0.0502658578621487,0.050393022069248755,0.048856157343503896,0.04453080158991183,0.04746128390620011,0.0453262552510031,0.048446929452001915,0.04503685734179303],"valid_accuracy_dist":[0.9696223316912972,0.9763513513513513,0.979557069846678,0.9858096828046744,0.9867986798679867],"valid_accuracy":[0.07165012303124087,0.5543209170226878,0.7895316329999579,0.8352998807015604,0.886579843375367,0.9036180395713519,0.9238298337403879,0.9201544407381878,0.9458772136575212,0.9443748085342185,0.9512235648252131,0.9517248696371551,0.9565688099853795,0.956735962363266,0.9617473654062153,0.9577380951941148,0.9655890287591643,0.9684288963563226,0.9647538674994746,0.9709345079616842,0.9694306962642607,0.9726045790146254,0.9719350924133854,0.9697650420179181,0.9726039634635919,0.9582397172735524,0.9757785223073668,0.9772817189787932,0.9772819565215152,0.9779498160941361,0.9776160284213643,0.9792862897777892,0.979285830746083,0.978450836444684,0.9782840909679971,0.9779496820637227,0.9774481854150375,0.979787080202283,0.9789523496110946,0.9802886236524818,0.979787327807292,0.982125678137356,0.980956416731771,0.9799540732839794,0.9791191407018023,0.979954147118846,0.9811233845633065,0.9801213988054289,0.9812908469530813,0.9787849341651925,0.9796201764997403],"mean_valid_accuracy":[0.07146928221299073,0.5536153210655029,0.7890554732061912,0.834883213181658,0.8863885793650622,0.9034136329625666,0.9237066986433483,0.919972570994607,0.9457754507385964,0.9442776873859339,0.9512041309973052,0.9516883305580498,0.9565588596943334,0.9566664639154864,0.9617616172099426,0.9576925738065107,0.965582964859057,0.9684375375356362,0.964712915902701,0.9709411163446975,0.9693875965250818,0.9726103793677353,0.9719414632322829,0.9697190227565324,0.9726543877979171,0.9582459495436243,0.9757885933858681,0.9773046080337149,0.9773196576070122,0.9779624223187862,0.9776354083219774,0.9792850879948951,0.979296396880947,0.9784407508678896,0.9782969380783347,0.977945585680733,0.9774462147059486,0.9798116958670482,0.9789208867249506,0.9802933211334339,0.9798005988443765,0.9821262775079693,0.9809395936837009,0.9799444116339314,0.979103558170191,0.979936606799394,0.9811172015901045,0.9801246140778955,0.9813009582189401,0.9787754991776293,0.9796278231123976],"std_valid_accuracy":[0.08443988830505036,0.14608420356351975,0.11807836845110091,0.09356190172593606,0.056373693542813755,0.04950474335265493,0.03798182012792736,0.03956802308456226,0.01863552983636264,0.02356910038412104,0.01924063343298175,0.019448110860750826,0.01634611174607781,0.01825593255741019,0.01494373822966098,0.016312352408344218,0.012604366198225667,0.011939580597705373,0.014300442380066211,0.010661542291099963,0.010581008441856683,0.00956370606498548,0.00312470421840719,0.011610561276194722,0.009928021655261113,0.01920035375247437,0.008069766069298304,0.0071305280075664645,0.008257403203362993,0.007200613424670855,0.008147809504922287,0.0069720095482612415,0.005719473610471892,0.006369839173266004,0.007278877708961104,0.007407505069387371,0.005301860027404969,0.006175493353928409,0.007549669276106016,0.007058546075146313,0.006292864540592014,0.0054086942268362906,0.004185818151937327,0.005421958496392296,0.00753716100501987,0.006029061777487165,0.005259156970952223,0.006114903489541705,0.0068867314603630264,0.006839369178432847,0.006332246168105482],"valid_loss_dist":[0.0724786753676012,0.07645495497697108,0.059720063204456636,0.046514980693989884,0.04058697607011685],"valid_loss":[2.3095328696517226,1.3230166757195563,0.5827837602345721,0.45110818012292275,0.3230857283720798,0.27838114804349284,0.22413626043655066,0.22805876498379168,0.1660707960080599,0.15909620985426948,0.1456022067517117,0.14155982672065714,0.13169103363059317,0.12924778223853498,0.11766064666132388,0.12136374626778808,0.10579601305462592,0.09970438078949093,0.10792996449261351,0.09457864284628334,0.09733340175268315,0.09145250421693674,0.09152836981594038,0.0922488695523186,0.08723107973785868,0.12138541676384884,0.07807222938678529,0.07406307489004768,0.07405850243806085,0.07133671951740488,0.07268435477205112,0.06900267186927783,0.06572589843923614,0.06833279679004926,0.06785015616453022,0.06977949126931952,0.06842923372572395,0.0633461646637271,0.06591122450695205,0.06318394546451192,0.06275110601937336,0.05825343385861031,0.059189606073969225,0.06147116984313122,0.061611730859923414,0.06051580820507928,0.056695712008787896,0.05958450100787233,0.058371296815507706,0.06198903875428386,0.05910716283840251],