{"test_accuracy":[0.0972,0.5229,0.8124,0.8535,0.8956,0.9009,0.9153,0.9179,0.9313,0.9417,0.9397,0.945,0.9512,0.9571,0.9597,0.9592,0.9637,0.9629,0.967,0.9675,0.9661,0.9632,0.9707,0.9675,0.9696,0.9706,0.9712,0.9721,0.9715,0.9731,0.9716,0.974,0.9735,0.9735,0.9738,0.9742,0.9767,0.9753,0.9771,0.9752,0.9748,0.9768,0.974,0.9767,0.9773,0.9766,0.9757,0.9783,0.9792,0.9786,0.9798],"test_loss":[2.3084521141052248,1.3050786918640136,0.5924969497680664,0.4302312732696533,0.33043344402313235,0.2929053195953369,0.25272676830291746,0.26306936497688294,0.2138377340078354,0.1921587599992752,0.19689862051010132,0.16895964868068694,0.15723487125635147,0.14776422235965728,0.13894103565216065,0.13406458629369736,0.12465158815383912,0.12210218150615693,0.11457575831413269,0.10847448282241821,0.11026368231773376,0.11629785890579224,0.09392571550607681,0.10142876286506652,0.09587718753814697,0.08981181666851043,0.08756869993805885,0.08697522984743118,0.08510701357126237,0.08229804811477662,0.08432022676467896,0.07902207096815109,0.0801258969783783,0.07892477097511291,0.07979768056869507,0.07477492706775665,0.07237664600610733,0.07155709530711174,0.069002409273386,0.07189445065259933,0.07484233220815659,0.06734686428308487,0.0730530304968357,0.06719661066532134,0.06549312944412232,0.06695003259181977,0.07128060631752015,0.06384096159934997,0.06312152425050735,0.06329203878641129,0.060393780022859576],"train_accuracy_dist":[0.9870609981515711,0.9898584407352631,0.982108626198083,0.9818515497553018,0.9802105263157894,0.9874122988031366],"train_accuracy":[0.12626315241170954,0.549987845956176,0.8349133590304546,0.8700906344410876,0.9017606000625065,0.9093655589123867,0.923116991353266,0.9192971490085773,0.9349585026218009,0.9436052366565961,0.9407229919783311,0.9488141125811717,0.952356148209883,0.9569746848630065,0.9585026218008821,0.9594749453068028,0.9624266416640622,0.962773900059034,0.9658992256137792,0.9672188075146717,0.966072854811265,0.9657255964162934,0.97239295759975,0.9697190679584679,0.9716984408098066,0.9730527485501962,0.9739208945376254,0.9748584922040491,0.9748584922040491,0.9755877348334896,0.9758655415494669,0.9772198492898566,0.9767684133763934,0.9770114942528736,0.9761433482654444,0.9787130603882349,0.9795117546966698,0.9801368198076188,0.9800673681286245,0.9806229815605793,0.9796853838941556,0.9816994825849915,0.9812133208320312,0.9818383859429801,0.9829148869673925,0.9820814668194604,0.9810396916345453,0.9830190644858839,0.9837830329548217,0.9837483071153245,0.9847553564607424],"train_loss_dist":[0.044469826700023175,0.03245383628994107,0.056511595798408386,0.05298277910124225,0.055805566762623035,0.0433391144832045],"train_loss":[2.3030032079973317,1.254678524926863,0.5684441494772814,0.41213561172811886,0.32180940117221923,0.2815595414499469,0.2429362882461532,0.2532552613626732,0.20583068057917991,0.18598898064791297,0.18921456272717493,0.16227906512827883,0.15389029801266513,0.14402067435959476,0.13627584651461838,0.13055639702463356,0.12369707955459706,0.1176829669040748,0.11282857287859227,0.1048618665703507,0.10799931392671809,0.10872651414327557,0.09112652347289213,0.09642905771347343,0.09006884446885141,0.08451847194431018,0.08280523215236298,0.08040337088913471,0.07913181018571343,0.07716489071813946,0.07592895309330089,0.07243275860082009,0.07196845820467083,0.07009790414538024,0.07555418533590985,0.06577651171126842,0.06427359541421256,0.06258034464024245,0.06080375703216431,0.060129446142027476,0.06300016088951241,0.05653515799847432,0.05873350158946187,0.05593371662792263,0.05369091970283906,0.05427421136889006,0.056191577520765444,0.05150645102684761,0.05045288237445058,0.04937399887891639,0.0475874179691215],"valid_accuracy_dist":[0.9852216748768473,0.9881756756756757,0.9846678023850085,0.9665851670741646,0.9696969696969697,0.9867986798679867],"valid_accuracy":[0.12132614144302283,0.5372622106710107,0.8329872899700969,0.8674173013087256,0.9004597326279603,0.9100391535467833,0.9228121114497895,0.9175345743498611,0.9308635980326623,0.9387770366158225,0.937804861371188,0.9455800013791874,0.9487725539498265,0.9537701932320813,0.9564077771503228,0.9565469011139355,0.9600171247704419,0.9598791634141012,0.9640432353835355,0.9648764510267528,0.9641819326350909,0.9627941891124089,0.968763431735157,0.967791761752307,0.9691801286349717,0.9698747570058872,0.9714010729723648,0.9720952126316283,0.972095412330289,0.9725119177669656,0.9716791276831969,0.9733447900560239,0.9732060079760501,0.9726508813822351,0.9720957427826122,0.9734835872940405,0.9763989230084388,0.9752887476286644,0.9777874338686942,0.9757054327893224,0.974316768168672,0.9780655449355653,0.9758442765286581,0.976676948465385,0.9787596070884101,0.9768159668160998,0.9751498266133642,0.9791759487639132,0.9790368548890925,0.9776490974850064,0.9801477865117384],"mean_valid_accuracy":[0.12096549728310314,0.5358485221764516,0.8328892500986074,0.8674209713996835,0.9004938800779628,0.9101036492950284,0.9229281576512959,0.9175056984629645,0.9309523258191449,0.9389111206829105,0.9378720516304573,0.9457054544198277,0.9488563002349198,0.9538700426580978,0.9564861229969509,0.9566451837981531,0.9600685178129958,0.9599933272634154,0.9641209123604462,0.9649639776391559,0.9642171996849364,0.9628928138719912,0.9688195101819371,0.9678615591160287,0.9692620245575782,0.9699527367043398,0.9714493000005545,0.9721471001232862,0.9721508825567725,0.9725686522762668,0.9717454764552339,0.9734074604743436,0.9732642824839989,0.9727021661535087,0.9721709534758106,0.9735226786406118,0.976440223405422,0.9753499965416191,0.9778391488579334,0.9757598846254636,0.9743822121949498,0.9781297854243104,0.9759029544880055,0.9767369846744655,0.9788142638606253,0.9768681246660401,0.9751878381755988,0.9792269835409493,0.9790646921781946,0.9777083346643801,0.9801909949294422],"std_valid_accuracy":[0.08386259006790665,0.09823459787763023,0.07871858815667183,0.05560631719077916,0.041119068534455766,0.04150499217327683,0.036424784642216476,0.026321011021398503,0.03291993288411068,0.027650856766521896,0.024501297633374042,0.027009993359472097,0.020806161958592025,0.018038422324323483,0.01684865481432886,0.018526461195448936,0.014829077779553723,0.019525223991384667,0.013000788731598352,0.013454770686712747,0.012709201017118803,0.016791921843685158,0.010211756454509394,0.01241456350806438,0.011998911879353584,0.016145352701023626,0.010225814586958797,0.009941292648304104,0.010988938572471362,0.011925078276927837,0.013811981722519817,0.009803086994464406,0.00954564905087331,0.01263439716958635,0.012326333503255396,0.011484778979859929,0.006698307422255716,0.01163767427162155,0.006396109234228237,0.012768739842201931,0.009008023541647744,0.010684559185289714,0.01230775819709426,0.0087302506353884,0.009911394072278456,0.01168994998767371,0.011977700243859754,0.008346303068458908,0.007977048388880083,0.011645243367109964,0.008641077187876073],"valid_loss_dist":[0.05367544509335887,0.03446758014930261,0.0608805823163645,0.09285758409008517,0.09920809016584949,0.053600024487269984],