{"test_accuracy":[0.0972,0.3313,0.5012,0.6418,0.7409,0.7924,0.7899,0.8251,0.8409,0.8419,0.8483,0.8515,0.7516,0.863,0.8683,0.8778,0.8688,0.8699,0.8713,0.8736,0.8798,0.8794,0.8746,0.8784,0.8828,0.871,0.8828,0.8739,0.8851,0.8771,0.8838,0.8857,0.8883,0.8833,0.8828,0.8435,0.8867,0.8873,0.887,0.891,0.8892,0.8899,0.8886,0.8617,0.8876,0.8891,0.8907,0.8897,0.889,0.89,0.8903],"test_loss":[2.3084521141052248,2.537267064666748,1.8944790334701538,1.6127002578735352,1.36156448802948,1.2734944681167601,1.3314518629074097,1.251268571472168,1.1895575471878053,1.198980618095398,1.2281184921264647,1.1506180181503296,1.6622372150421143,1.2300369846343995,1.221422579574585,1.1682745485305785,1.2680844417572021,1.276898115348816,1.2970323987960815,1.3018825731277466,1.2527390069961548,1.2789883428573607,1.3381152187347412,1.3297684322357177,1.309016356086731,1.396542612838745,1.3577648281097412,1.426467807006836,1.3268398218154906,1.4338278652191163,1.3820017315864563,1.378093536376953,1.353134090423584,1.3965613019943237,1.4596758224487305,1.3022262502670288,1.4350338706970214,1.4299581407546997,1.4481492816925048,1.431301290512085,1.463923860359192,1.452257781600952,1.4197507698059082,1.6120897352218628,1.5181601252555847,1.5358206743240357,1.5133599796295165,1.5341475730895997,1.563393677520752,1.568117645072937,1.5701738674163819],"train_accuracy_dist":[0.986650236188129,0.9906347554630593,0.9913684210526316],"train_accuracy":[0.1894065446478092,0.495216306156406,0.6839295618413754,0.783624514697726,0.8573904603438713,0.8976705490848585,0.8981558513588463,0.9235995562950637,0.9296311702717692,0.9410704381586246,0.9430116472545758,0.9455768164170827,0.8747920133111481,0.9566001109262341,0.9624237382140877,0.9707432057681642,0.9629783693843594,0.9645036051026068,0.9658901830282862,0.9668607875762618,0.9742096505823628,0.9730310593455352,0.9669994453688298,0.9721991125901276,0.9769134775374376,0.9656128674431503,0.9762201885745979,0.9680393788130893,0.9796866333887965,0.9729617304492513,0.978508042151969,0.980865224625624,0.9859955629506378,0.9746949528563505,0.978300055463117,0.8903910149750416,0.9829450915141431,0.983153078202995,0.9836383804769828,0.9882834165280089,0.985579589572934,0.9875207986688852,0.98079589572934,0.9677620632279534,0.9868275097060455,0.9876594564614531,0.9892540210759845,0.9884914032168608,0.9878674431503051,0.9886300610094287,0.9895313366611204],"train_loss_dist":[0.043317592804756076,0.03333122571397274,0.02880413139768337],"train_loss":[2.2950258688568344,1.532857977510887,0.8707508502349348,0.5980227901845658,0.41205834824007154,0.31569822277425397,0.30844331263702446,0.2417260167714264,0.21971624386427108,0.18952559557119905,0.17820008424086434,0.16955924765540042,0.36072524930275585,0.13829474077992351,0.12058023022848305,0.09790209720388501,0.11477226809160995,0.11115993609826513,0.10786179441150796,0.10113349563173053,0.08557394758580718,0.08665248684515878,0.09896650966602939,0.08622715986166944,0.07527214419396301,0.10534584305971795,0.07400657814223355,0.09561359249954166,0.06354699173479388,0.08355974594205494,0.06575775417848942,0.060745727258444626,0.049429865272460516,0.07312355219286826,0.06513883754083111,0.4069103162241888,0.05433761239691296,0.05238456507401951,0.050974746680489465,0.04164513962922377,0.04499199150462805,0.04157769074598952,0.054884886831412925,0.10966202421594232,0.04417537411734776,0.04126170423053333,0.03632295632572701,0.03790924525124972,0.03926172050483694,0.03733433039959146,0.03521142006801112],"valid_accuracy_dist":[0.9745484400656814,0.9683860232945092,0.9823232323232324],"valid_accuracy":[0.17766113469558648,0.4736715773289795,0.6801583595971044,0.781043087130204,0.8500563987802152,0.8855327728250281,0.8874727057804238,0.9126947235988783,0.9204557287685282,0.9326510897684857,0.9356996959669758,0.9345900158092771,0.8616986012932545,0.9478946735952555,0.9548234876547775,0.9620292349025936,0.9545462933310004,0.9559320578599172,0.9564866876927792,0.9603668051399334,0.9650783075605414,0.9645242409130528,0.9611976809735281,0.9648011041446736,0.9708988102773835,0.9556550097615254,0.968958584871217,0.9606438168699624,0.9708987090054221,0.9609208131958619,0.9706215078625771,0.9711755699640203,0.9747788287255993,0.9681273665803528,0.9684042997686472,0.8888583594382591,0.9722844848994522,0.9742243746674172,0.9733931091501066,0.9756102563794539,0.9756101551074928,0.975333062055677,0.9731157999162323,0.9537152434887188,0.9736702517013914,0.9745016793552463,0.977273012688225,0.975887340339179,0.9742244850314693,0.9750559104123014,0.9750559172313694],"mean_valid_accuracy":[0.17769942604031383,0.47402434576110636,0.6808114058721285,0.7812008366926415,0.8501091231836924,0.8855628796197198,0.8874210518070368,0.91274527590916,0.9205689368110237,0.9327094314519487,0.9357923140985852,0.9344978504281963,0.8621340662144302,0.9479860585202258,0.954891948389376,0.9620365814448474,0.9546040789801188,0.9560012107299195,0.9565645213798675,0.9604389040386515,0.9651201080380417,0.9645894776759044,0.9612199560178981,0.9648468102194651,0.9709695046872548,0.9557595743837065,0.9690188663738494,0.9607388267475861,0.9709447541413422,0.9609699092696778,0.9706678134250953,0.9712057295825728,0.9748154939024563,0.9682254920172567,0.9684642352035776,0.8889023450721387,0.9723236714027924,0.9742510586458413,0.9734398446697871,0.9756474406578639,0.9756226901119512,0.9753595712486067,0.973149082100638,0.9539148491804027,0.9737171602549229,0.9745491070103306,0.9772829407250966,0.9759251311118887,0.9742612376010734,0.9750968272541513,0.975085898561141],"std_valid_accuracy":[0.004147360814453122,0.03755370526897467,0.0732875040544249,0.016266084212876782,0.011926853042937405,0.008031026146189703,0.016307564388506418,0.00794607701233276,0.01274595959500433,0.019449625831951773,0.013786296489356947,0.019663127052051425,0.046656404897624446,0.011899215306001399,0.009484297918470816,0.006764696408352276,0.009485018743203996,0.008515633977343236,0.012330407075313,0.010449896729330832,0.008380310319777873,0.010896581527947116,0.003940755569712788,0.007460495792077903,0.008639595308923047,0.010552522953409024,0.007671604326136746,0.009509020236325699,0.008117364900517019,0.0069495904036082036,0.007497127137597082,0.004450403615064711,0.006419399076955444,0.01066631081049682,0.008162760797551129,0.004540693284080959,0.008069087018820826,0.005016239124128424,0.0072182271413613495,0.005523651879569849,0.005896645245955296,0.005689846054763996,0.005731404169820212,0.020280686357063246,0.0069332051217616975,0.0061493591746665625,0.004103716770227095,0.004526535899488543,0.0061051165060716575,0.005133407845292476,0.005702519624595026],"valid_loss_dist":[0.0692031704293096,0.09636498819075884,0.06867439688656868],"valid_loss":[2.294798388184811,1.5484052998681823,0.8849496242824599,0.6242576691528082,0.44143998814298874,0.34512552951664005,0.3391716916480734,0.2689415909336477,0.2440745796495424,0.21723581788317692,0.20322923427140413,0.1990846343776991,0.3949907932897517,0.16290201941925775,0.14470117176504904,0.12388327899969005,0.14127936189163026,0.13752569762225186,0.13462783121951113,0.12686445842933236,0.11293102194453451,0.11651322238133038,0.12794891052166288,0.11474390839828522,0.10306288026122128,0.13719342349086863,0.10329986204947081,0.12663436607825776,0.09457932594203461,0.11834787802672483,0.09878128553818204,0.0944989871841953,0.082011134942421,0.10788009514967749,0.10199300385689497,0.4159414264523178,0.09023282126525861,0.08859033258394478,0.08673895778206282,0.07872232732756293,0.08417165850643399,0.08007041739035085,0.09698249702683748,0.16239835464864122,0.08712411114943128,0.08472028271804412,0.07769864046263258,0.08071790266174649,0.08468893944405927,0.08171172604365652,0.07807732877760025],