{"test_accuracy":[0.0972,0.4864,0.6979,0.73,0.7584,0.7771,0.7849,0.7857,0.8196,0.8567,0.8582,0.871,0.8753,0.8844,0.8932,0.8977,0.891,0.9054,0.9074,0.9146,0.922,0.9241,0.9171,0.9279,0.9228,0.935,0.928,0.936,0.9204,0.9376,0.9394,0.9381,0.9382,0.9411,0.9361,0.9473,0.9454,0.9415,0.9486,0.9415,0.9473,0.9516,0.9413,0.9515,0.9546,0.9552,0.9549,0.9462,0.9517,0.9532,0.9595],"test_loss":[2.3084521141052248,1.830798858642578,1.1939558238983154,0.9591470573425293,0.7980189652442932,0.6953188714027405,0.6588922654151916,0.6085194823741913,0.5120075918197632,0.412403955078125,0.40464739017486573,0.36521754331588746,0.35807702560424803,0.32675095748901367,0.3043912109375,0.28991841373443605,0.3058193781852722,0.27207946391105653,0.2621996577739716,0.2432353485107422,0.22394612865448,0.21805747981071472,0.23450178170204164,0.21155227692127226,0.22363549203872682,0.1876926912546158,0.20200816640853883,0.18670989298820495,0.21521711077690125,0.178078848528862,0.17415871658325197,0.1770348370075226,0.182030122256279,0.1752935422897339,0.1866118227005005,0.15353647885322572,0.15718331573009492,0.16863634135723113,0.15232248067855836,0.16871681091785432,0.15668845429420472,0.1459149410009384,0.16911721770763397,0.147382501578331,0.14199469751119614,0.14097941753864288,0.13756247618198394,0.16159591648578644,0.14610252034664153,0.1438368586540222,0.12587803032398223],"train_accuracy_dist":[0.9883819180397128,0.9583773505176421,0.9710353327855382,0.9914802981895634,0.9923648369789517],"train_accuracy":[0.040668453677332884,0.6083933657229017,0.8113168034846708,0.8419752052270062,0.8647595912213101,0.8806751549673312,0.8862456022784386,0.8800050259674987,0.9005696096498575,0.9226419835818395,0.9251968503937008,0.9318143742670464,0.9344530072038868,0.9397302730775674,0.9426202043893449,0.9464315630758922,0.9451750712012063,0.9496984419500754,0.9516250628245937,0.9557296029485676,0.9592477801976881,0.9608812196347797,0.9571536270732116,0.9609231026972692,0.9610068688222483,0.9651114089462222,0.9646506952588373,0.9672474451331882,0.9629334896967666,0.9690902998827274,0.9709750376947562,0.9704305578823924,0.9686714692578321,0.9705980901323504,0.9687552353828112,0.9731948400067013,0.9738230859440442,0.9718126989445468,0.9748701625062824,0.9725665940693583,0.9745769810688557,0.975707823756073,0.9724828279443793,0.9758753560060311,0.9767549003183112,0.9774669123806333,0.9776344446305913,0.9741581504439605,0.9772574970681857,0.9774669123806333,0.9803149606299213],"train_loss_dist":[0.03345567958109178,0.12463486020506599,0.0850263119062245,0.025831625469354268,0.027927802395947304],"train_loss":[2.3186647725936096,1.3130026348478172,0.7210486320958782,0.5442934338921457,0.44941431045604624,0.3813545021402774,0.3579677973453734,0.34848018784545925,0.28809911548756817,0.23505202108520742,0.2281341992270574,0.20906465335766722,0.19972124255252485,0.18130212357122008,0.17160222265406916,0.16015511160739193,0.16275975228474354,0.1527750219030733,0.14700143207251543,0.13447389198488355,0.1240579556854132,0.1194538633702805,0.1282672436711606,0.11921943253641712,0.11836750056481647,0.10365979599209886,0.10663087143844986,0.0989310641984149,0.10945903428471813,0.09354630232554427,0.08974644689981258,0.09134150808091977,0.0952475486109247,0.09035071629828348,0.09282618742788011,0.08027463785484545,0.07991883982254405,0.08332733706666182,0.07619324638864781,0.08220154368434857,0.07624481765459427,0.07132896716513137,0.08036783565898951,0.07134798564577578,0.06985228642300807,0.067135202204761,0.0660340928527656,0.0769852708916238,0.06852678748856857,0.06654488429093874,0.05942375937495165],"valid_accuracy_dist":[0.9881756756756757,0.9611486486486487,0.9679539852095317,0.9906303236797275,0.9892739273927392],"valid_accuracy":[0.03649945993816711,0.6146186523536076,0.8201211874623077,0.8541227257944761,0.873888342315038,0.8889608402549329,0.8939866330741694,0.8869526535512324,0.912745125570458,0.931334101336458,0.9330087411888612,0.9366947428856893,0.9398751676242693,0.9469090796221485,0.9485833803146524,0.9532720151913117,0.9515973010202747,0.9541107736441831,0.9596386043663975,0.9619824591230872,0.9639915415776102,0.9651645821249736,0.9623184434803004,0.9651651536182871,0.9639926005667769,0.967676369990388,0.9654993224497199,0.9706915971767501,0.9639921014563317,0.9708587422461835,0.971696467103956,0.9708589538888056,0.9693518012788706,0.9718640097632524,0.9686815551444481,0.974878531401216,0.9737064747938746,0.971361510790314,0.9743760676746016,0.9725335680002825,0.9737055560962865,0.9753807711401048,0.9723656680286871,0.9753807738063816,0.9762184343256608,0.9777257657424023,0.9768887018547359,0.9721994605397527,0.9762178356303983,0.9770553862834066,0.9794006962859876],"mean_valid_accuracy":[0.03683295731847691,0.615609507264465,0.8207274328026012,0.8545104352348346,0.8741697532131445,0.8892720859896398,0.8942309666398645,0.8871658882272506,0.912891733155389,0.9314764097281198,0.9331656974334546,0.9367514476540102,0.9400223049855507,0.94707385974044,0.9487247339458309,0.9534620046256425,0.9517911213502679,0.9542121139248815,0.9596867462872616,0.9620724791669966,0.9641044177515307,0.9652502900355403,0.9623723853155723,0.9651990620667613,0.9640608136366661,0.9677578645548266,0.9656178927668565,0.9707452934291506,0.9641081391881763,0.9709271926245696,0.9717673726452972,0.9709163291446915,0.9693871619958131,0.9719008386328222,0.9687864599685039,0.9749149889282421,0.9737343421164566,0.9714412264469526,0.9744337634717197,0.9726144152124887,0.9737882819422881,0.9754341309010682,0.9725085144179875,0.975438364494312,0.9762459019568439,0.9777559867114991,0.9769004613455069,0.9722300126912364,0.9762821982208111,0.9771311922163143,0.9794365121212645],"std_valid_accuracy":[0.06944946699223448,0.1383448984904041,0.1002753346323586,0.09135014074613583,0.07939565568878078,0.07767967473213741,0.07324590880759167,0.07336286014398044,0.05838311605889568,0.045441676850808486,0.04275924955500705,0.03930784946178426,0.0398836750130182,0.03495134125654294,0.030971774402429063,0.030499128071676512,0.03381988651178323,0.0246099624446485,0.024097499443230683,0.02175055273867522,0.021605432893117952,0.019590633630280598,0.02200144802532551,0.01800578075882653,0.01989612752069723,0.018649353634999404,0.020320201811734197,0.01635365020988778,0.02242546541534184,0.01777426556197651,0.01684495312104151,0.01622044949788204,0.015331064064141217,0.01639092709784073,0.019461887909133592,0.014742557854788613,0.01495172058766573,0.017931334389338745,0.014198302666829591,0.017441738359108925,0.017433527844979032,0.01465467853956264,0.018939445874154148,0.016029458203938383,0.013116307116552135,0.01332851213042641,0.012354352250887251,0.016692519862975312,0.015716579633000587,0.015347320171224062,0.012367243110186488],"valid_loss_dist":[0.04540546784630498,0.11969005860186913,0.09143799608887075,0.034373546625270146,0.03461049289347315],"valid_loss":[2.319873781004906,1.2759981162752008,0.6843530066707354,0.5098426329625815,0.4193487815823966,0.3545461031248188,0.3310196040654018,0.32014695638783297,0.2624453352413004,0.21436239807594346,0.20948837230481926,0.19109173430082743,0.18254886497064826,0.16433470442595244,0.15782097570756465,0.14830943080891948,0.150278915094269,0.14281199056678825,0.13400942795730347,0.12396764685684632,0.11523065917631246,0.11115272772503701,0.11849494978976322,0.1112069306388108,0.11157123479654382,0.09876320482872387,0.10268714979318404,0.09438257504731157,0.10709577486262711,0.09079966037207231,0.08777153128823373,0.08956713564643774,0.09312132707381425,0.08852106946415103,0.09335563815405935,0.0807844526273684,0.08009901576385002,0.0847992621333376,0.07790611823953965,0.0843304682826791,0.07758895328847461,0.07406552990444504,0.08326469782918297,0.07484103644835075,0.07359663310143984,0.07094700514630696,0.07017221471331193,0.08226056403655059,0.07327742697751329,0.07184291366019972,0.0651561797233662],