{"test_accuracy":[0.0972,0.8121,0.9014,0.9139,0.9255,0.9085,0.9337,0.9427,0.9478,0.9531,0.9573,0.9608,0.9619,0.9643,0.9634,0.9682,0.9699,0.9717,0.9732,0.974,0.9747,0.976,0.9772,0.9772,0.9774,0.9775,0.9744,0.9768,0.9802,0.9764,0.981,0.9808,0.9816,0.977,0.9824,0.9833,0.9833,0.9832,0.9831,0.9838,0.9845,0.9841,0.9833,0.9845,0.9841,0.9845,0.984,0.9844,0.9846,0.9853,0.9854],"test_loss":[2.3084521141052248,1.1362199293136597,0.4990858326435089,0.3478215371131897,0.2770472092628479,0.29137609744071963,0.2204652869462967,0.19529164500236512,0.17839085280895234,0.15591240067481996,0.14576265209913253,0.13050751895904542,0.1304255417585373,0.12078163547515869,0.11577955479621888,0.1051969232916832,0.09863902969360351,0.09396130268573762,0.09016252423524856,0.0875124474644661,0.08304147775173187,0.07996354730129242,0.07662338844537735,0.07524588843584061,0.07221012032032013,0.07061130352020263,0.07645019382834435,0.06844554715156555,0.06447404619455338,0.0778447054386139,0.061401157718896864,0.06131497515439987,0.05852111283540726,0.07535929099321366,0.05668186331987381,0.055192277002334596,0.053915687388181685,0.05321934284567833,0.05258553503751755,0.052219286251068114,0.04986416869163513,0.04894222639799118,0.04922957750558853,0.04774048721790314,0.04748963145017624,0.04698983836174011,0.04756368281245232,0.04621592197418213,0.04692749338150024,0.04447002393603325,0.04474065609574318],"train_accuracy_dist":[0.9877482044782425,0.9854179502978024,0.9854215085569407,0.9893179950698439,0.984664536741214,0.9885807504078303,0.9860561914672217,0.9878964941569283],"train_accuracy":[0.09552083333333333,0.7992447916666666,0.8935677083333333,0.910390625,0.9234114583333334,0.9033333333333333,0.93109375,0.942265625,0.945390625,0.9511197916666667,0.95453125,0.9594791666666667,0.9588802083333333,0.9613802083333334,0.9631510416666667,0.9674479166666666,0.9694010416666666,0.9706770833333334,0.9717708333333334,0.9721875,0.973828125,0.9744791666666667,0.9756510416666667,0.976171875,0.9765104166666667,0.9777083333333333,0.9754947916666666,0.9786197916666667,0.97921875,0.9738020833333333,0.980703125,0.980390625,0.9813541666666666,0.9745833333333334,0.98171875,0.98265625,0.9828645833333334,0.9834635416666667,0.9834895833333334,0.9840885416666667,0.9844270833333333,0.984921875,0.9851302083333333,0.9855208333333333,0.9853125,0.9854427083333334,0.985625,0.9855989583333333,0.985234375,0.9864322916666667,0.9869010416666667],"train_loss_dist":[0.03922047115387069,0.04694052251630812,0.04632612289307915,0.03448136570659101,0.048154147904013164,0.04161894272216771,0.04771164779461199,0.03808789387444821],"train_loss":[2.308967927414924,1.1531843048054724,0.5161725143025009,0.36208407702002054,0.29002301984389,0.30501529255338633,0.23297810403242086,0.20381854657432996,0.18652817062994775,0.16508335134247318,0.15409170227726765,0.1381517235026695,0.13895362898571573,0.12846802218138084,0.12114837121315455,0.11088943766585241,0.10494916462824525,0.09987500963790807,0.0956889116622915,0.09209209063711266,0.08798245168941018,0.08465970434209642,0.08147888658529458,0.07918499538995093,0.07660632035743523,0.07383323708064078,0.07972969246620779,0.07088601482760472,0.06786114842107054,0.08466354893171228,0.06410206931332747,0.06404311192178284,0.06140416096119831,0.08151512193154001,0.05929336827219231,0.05671666507711052,0.055285157284282224,0.05442522153491154,0.05366528874112798,0.052802538131654725,0.05069959391306232,0.04939993967331247,0.04916537957896556,0.047727497019222936,0.047241459315749426,0.04637261890845063,0.04661183553677498,0.045878131832481205,0.046305590997168716,0.043257051167214136,0.042794130653783215],"valid_accuracy_dist":[0.9864864864864865,0.9819376026272578,0.987331081081081,0.9876746096959738,0.9880749574105622,0.9812550937245313,0.9725457570715474,0.9849749582637729],"valid_accuracy":[0.09098079477731254,0.7978939945537988,0.896193684569857,0.9104583179723814,0.9202449971571176,0.9041123502415462,0.9312848534582705,0.9410694671990352,0.9445047602592503,0.9486710587999878,0.9550204835973966,0.9584572856189288,0.9586640513217601,0.9606428571355751,0.9616853610541075,0.966370631071369,0.9685565681202483,0.9708471075890174,0.9708467676625822,0.972616480341776,0.9730333860768995,0.9746988484171724,0.9744906638150788,0.9753236340091913,0.975636369021792,0.9759486681210473,0.9717855965579119,0.9755326219456526,0.9770942269628923,0.9722006465182729,0.9781355252590214,0.9780309483290047,0.979176657822862,0.9716801729048641,0.9793843866906381,0.9806340221640585,0.9815710455705488,0.9806339785494524,0.9812585913359495,0.9812585716895467,0.981154449133712,0.981154233058384,0.9817793185672093,0.9815708991630068,0.9814669020998099,0.9820915347046066,0.9825076368391614,0.982195688265956,0.9822993516194769,0.9830286021662168,0.9837575127180306],"mean_valid_accuracy":[0.09046432719862917,0.7968834262562392,0.8962027983251839,0.9104482827710966,0.920308804476653,0.9042780563887808,0.9313301650128172,0.9411857880846927,0.9445586649375711,0.9487621405210146,0.955046614744467,0.9585421378135637,0.9586937773599992,0.9606413335257862,0.9617847501262863,0.9664729279112593,0.9686369298498968,0.970934732354735,0.9709233821680228,0.9726845414793934,0.9730974823835008,0.9747608970867823,0.9745574852592926,0.9753821882161421,0.9756976741054189,0.9760219785139858,0.9718658092660614,0.9756165156044084,0.9771498410211832,0.9722449602326756,0.9781889377276369,0.9780922612223428,0.9792145710749451,0.9717401193958071,0.9794316846492368,0.9806759368362155,0.9816128137194012,0.980674138295767,0.9812938837103764,0.9812925930693042,0.9811847872168394,0.981180066101955,0.9818035109748948,0.9816042226782475,0.9815024555713376,0.9821254793378114,0.9825520388981615,0.982213605579595,0.982331667095474,0.9830640837039477,0.9837850682951517],"std_valid_accuracy":[0.08780840940876873,0.06978465827522479,0.021085671107316087,0.01895356787754745,0.016892575271614196,0.04166505606345558,0.02512301114562149,0.01460641228159011,0.01417471160108536,0.01588310529792338,0.013006272242346337,0.012412763616042596,0.010149079340280242,0.010197257917873794,0.012792654139114634,0.011547778371948751,0.00968503677540204,0.009021972094619808,0.007832665721766717,0.006055752382950266,0.006854946449609599,0.0067254153291474925,0.006171097089123155,0.006415008197462183,0.006840474276190876,0.006998776043084284,0.011732163676234258,0.008178810664898424,0.006628396834652066,0.009696399105484511,0.006663054279222071,0.0068434828374751054,0.006227521185851601,0.008986655575082329,0.006473415181332537,0.0058673916933169494,0.005485146862584652,0.005839848995776073,0.004768815883656029,0.005278425106667209,0.00491016471626352,0.004751810289013823,0.004913586386739227,0.0049688057767102835,0.005165126331624374,0.005057649817585694,0.004852225741513119,0.005229233018527037,0.004649553413423487,0.00476611775348263,0.004885634599186798],"valid_loss_dist":[0.050567147900929324,0.05264186679289259,0.04658359062631388,0.041503358825171886,0.050085660260570514,0.06356887072446196,0.08991951580948124,0.049724599562635106],