{"test_accuracy":[0.0972,0.176,0.3994,0.6296,0.7246,0.7573,0.7754,0.7919,0.8037,0.8022,0.8131,0.8119,0.8174,0.8273,0.8198,0.8279,0.8261,0.8381,0.8372,0.8287,0.8441,0.8345,0.843,0.8451,0.8442,0.8487,0.8477,0.8476,0.8496,0.8525,0.8471,0.8451,0.8555,0.8542,0.8536,0.8545,0.8588,0.8581,0.8567,0.8523,0.8562,0.8581,0.8628,0.8566,0.8605,0.8564,0.8635,0.8566,0.8598,0.8624,0.8622],"test_loss":[2.3084521141052248,3.910195808792114,2.4191058456420897,1.6903108352661134,1.4300093029022216,1.3513471754074096,1.329078423500061,1.2746678421020508,1.2358133388519288,1.2438298017501832,1.1994367232322694,1.2637086990356445,1.2971068351745605,1.2008672342300415,1.2309933809280396,1.2224803550720216,1.2799615337371826,1.1747945198059082,1.1868302173614502,1.3082126596450805,1.1652154373168946,1.292985980606079,1.2225857035636902,1.207769805622101,1.247450306892395,1.22246766204834,1.2343607175827027,1.259849259185791,1.2510573705673218,1.2052332357406617,1.300678862953186,1.3211705354690553,1.2547689767837524,1.2836927280426025,1.2954801105499267,1.2651282272338866,1.258990521621704,1.2616943166732788,1.2862330888748168,1.3562034963607787,1.3336040868759156,1.3253876190185547,1.3137367113113403,1.3667931856155395,1.3326170511245727,1.3770046751022338,1.3281822809219361,1.405024838256836,1.3700300828933716,1.375878695487976,1.3757235534667969],"train_accuracy_dist":[0.9643008027038446,0.9793397231096912,0.9801752921535893],"train_accuracy":[0.0037972013219886086,0.36410941565290766,0.6124041909851627,0.7914352014626257,0.8624569298924126,0.8871387384853385,0.9018353139722944,0.9089374868152732,0.9177976232332467,0.9199071795232403,0.9329864285212011,0.9294001828282118,0.9286969973982139,0.9421981576541734,0.9398073271921806,0.9417762463961746,0.9402292384501794,0.9498628788411504,0.9499331973841502,0.9353069404401941,0.9554180437381338,0.9501441530131496,0.9556289993671331,0.9570353702271289,0.9547148583081358,0.9607622530061177,0.9600590675761198,0.9594262006891218,0.9628014907531116,0.9632234020111103,0.9601997046621193,0.9589339708881232,0.9656142324731032,0.965684551016103,0.9658251881021025,0.9676534702200971,0.9699036635960903,0.969341115252092,0.9694114337950918,0.9646297728711061,0.9687785669080937,0.9699036635960903,0.9731383165740806,0.9690598410800928,0.9710287602840869,0.9692004781660924,0.973982139090078,0.9684972927360945,0.9705365304830884,0.9734899092890795,0.9746150059770762],"train_loss_dist":[0.09587164563459337,0.05669030922765549,0.06302351757685011],"train_loss":[2.3273297268062962,2.408851043625259,1.1265796938825028,0.61946604219337,0.4265605678631111,0.354038612896502,0.3080677039306733,0.2794835413705614,0.2484376065909263,0.2366961974153689,0.20393131013571164,0.2101033493896366,0.213091083804051,0.17679127095289837,0.17893495858993957,0.17490229170899646,0.17915341512566418,0.14670434262621596,0.14944139270497125,0.18698923896363445,0.13324633574590142,0.14826493059840268,0.12883901416471627,0.12696704806515155,0.13114175328926048,0.11615058216247015,0.11556932626352491,0.11982847836685116,0.11162630157349658,0.10676359668113153,0.11610665775939773,0.1168821897949987,0.09896616326030334,0.09981020419760751,0.09737027936151582,0.09340434797801311,0.08695398500374782,0.08761068491991977,0.08700948053360966,0.09805364975158645,0.08799182257146979,0.08519835344698914,0.07722751132865703,0.08653531321612233,0.08156079992365882,0.0834325929461472,0.07383356779335958,0.08565507336343427,0.08214001122213233,0.07426764506386407,0.07186738404375735],"valid_accuracy_dist":[0.9611486486486487,0.9761499148211243,0.9741235392320534],"valid_accuracy":[0.003655729731432734,0.37035911396453647,0.6105230718186212,0.7933051653024992,0.8641710050839896,0.8892010145477407,0.906635612232155,0.9164805057113152,0.9266040551145467,0.9280097630654915,0.9409436846328574,0.934758621370176,0.9308235808997483,0.9451639779437095,0.943756890348714,0.9448834733208925,0.9409468886932708,0.9510703741528941,0.9510701376020148,0.9356060154199801,0.9552878207590667,0.947975768401354,0.9555696309646666,0.9583811259866536,0.9530385248194718,0.9592257809836754,0.9589436743306519,0.9569753520685688,0.9634431098202914,0.9611937489253224,0.961192981399672,0.959786664365625,0.9656927712097476,0.965693006748861,0.9642874643228257,0.9648492989671222,0.9670994933548815,0.9662553185419799,0.9676607351043307,0.9623183684644968,0.9668175633561931,0.9676609706434441,0.9696295314799385,0.9676611472977792,0.9687860094584283,0.9676609696316782,0.9701922605253356,0.9679414133461849,0.9699101548840781,0.9704732951111575,0.9704733529841699],"mean_valid_accuracy":[0.0036644281798044603,0.37037195848614585,0.6106201917056998,0.7934757657585916,0.8643937973959547,0.8893036174368918,0.9067248386989658,0.9164510235685256,0.9265682609742699,0.9280543818355986,0.9409713179810737,0.9347758403594472,0.930750583930536,0.9451686433869261,0.9438295204291839,0.9448892320713577,0.9409067458751167,0.9510620158557308,0.951060509765766,0.9354471753573358,0.9553059571880868,0.9479854647922061,0.9555572644325406,0.9583701816939247,0.9530027901273418,0.9591737899837821,0.9589266647211924,0.9569382656589863,0.9634129352082755,0.9611558868481608,0.9611408843985747,0.9597925055131381,0.9656334570834852,0.9656430492992104,0.964253069983038,0.964837379243452,0.9670552252267625,0.9661980262365132,0.9676478984509048,0.9622981852258073,0.9668152941259667,0.96765749066663,0.9696312235672804,0.9676646848284238,0.9687599725414738,0.9676655767923902,0.970162556253301,0.9679587623055478,0.9699073448649509,0.9704635500542507,0.9704740342339422],"std_valid_accuracy":[0.0010831761050507146,0.005155270042198723,0.05070646255844538,0.020339167241531772,0.02678064699331167,0.013946894922023455,0.010618534759643219,0.007706693696619548,0.006538160381989707,0.010886518309701942,0.006993922429793411,0.0053148446147425355,0.014048346338873342,0.006744791224756127,0.010231211390638664,0.011966646206353385,0.011899682196205194,0.011983901054337717,0.010185946993454372,0.024911549331661946,0.008971000115547535,0.004729690065534674,0.01038406492561876,0.005835959014439781,0.008142622138154008,0.01118074811039473,0.006335097118162275,0.00706638960741559,0.006002769371769803,0.008079695730423862,0.0061976728949081974,0.003392606332630489,0.007279393996224737,0.007352142320526673,0.010398426764619807,0.0074097269880990715,0.009423311997034741,0.007376139510656724,0.0025546848851912356,0.006982473143283189,0.00641172540031798,0.00460361930939338,0.005461765267598669,0.006501196097442167,0.004951994751819266,0.005328790115978051,0.005970493599039656,0.002240422043593842,0.0008539170564483269,0.005420857552494468,0.00664573355583841],"valid_loss_dist":[0.11118005437625421,0.07131630484351105,0.07878071542375274],"valid_loss":[2.3266259525906614,2.384284303688331,1.1141131616481672,0.6068013732794059,0.41262769939319593,0.34044701577405395,0.2909906031698439,0.2653041721297098,0.23386074250203506,0.2227330449073075,0.19103217042263165,0.1993605588913136,0.20412033457552997,0.16708090675530826,0.16733014526898116,0.16481213672965597,0.17204088765820127,0.14082148340860914,0.13945510050054838,0.18507065729170633,0.1293252845430973,0.14704271748241354,0.12826393120539695,0.12569580414985201,0.13057560794056383,0.11845277903512733,0.11854953353270066,0.1209349576525489,0.11299575342208706,0.11022565029975817,0.11917843922696321,0.12040555803642168,0.10454383776420521,0.10424104710248908,0.10561054092581244,0.10100124277553785,0.0944295896211185,0.09821631131247345,0.09790085601574183,0.11153621269677341,0.09902760417151521,0.09502216162943505,0.08847094475346384,0.09684286588980488,0.09262595216216345,0.096054447496469,0.08765703656771436,0.09873190972912389,0.09481087267040408,0.08821957083730025,0.08710172399747522],