{"test_accuracy":[0.0972,0.2396,0.4362,0.4655,0.5323,0.5941,0.6444,0.6239,0.6822,0.7092,0.7159,0.7198,0.756,0.7734,0.7623,0.7713,0.775,0.7822,0.7885,0.7472,0.794,0.7988,0.8057,0.8063,0.819,0.8025,0.8155,0.8196,0.8207,0.8169,0.8257,0.822,0.8252,0.8082,0.8251,0.8192,0.8325,0.8292,0.8268,0.836,0.8314,0.8345,0.8354,0.8394,0.8396,0.8414,0.8404,0.8379,0.8394,0.839,0.8389],"test_loss":[2.3084521141052248,3.453907566833496,2.4916897708892822,2.103516944885254,1.689631090927124,1.3834327711105348,1.2750076091766358,1.3519664682388306,1.1498752620697021,1.1007777387619018,1.123028506565094,1.0967929740905762,1.0621714546203613,1.013736773109436,1.035369930267334,1.0283981254577637,1.0197606750488282,1.0248332443237305,1.0105828156471253,1.1213978635787964,0.9992872985839844,0.9964339114189148,0.9896758073806763,1.0069528889656068,0.9644271949768066,1.02564553565979,0.9888250980377197,0.9886779123306274,0.9957323058128357,1.0109554215431213,0.9985112972259521,1.0114172784805298,1.0060113443374634,1.0770989376068114,1.0199888159751893,1.0312004858970643,1.011123041534424,1.0330388000488282,1.031021591758728,1.020065328979492,1.0358392119407653,1.0353736492156982,1.0417538772583008,1.0324698745727539,1.0487599720001222,1.0456940391540528,1.045084740638733,1.0583243932723998,1.0675308581352234,1.0766776481628417,1.0809605121612549],"train_accuracy_dist":[0.9913392479932404,0.9877456158884429,0.9356762513312034,0.9730526315789474],"train_accuracy":[0.09951353637901861,0.4619289340101523,0.6831112521150592,0.7185384940778342,0.7827305414551607,0.8259306260575296,0.855594331641286,0.8417935702199661,0.8780668358714044,0.8945642978003384,0.8965207275803723,0.8993231810490694,0.919151861252115,0.9290397631133672,0.925655668358714,0.9287753807106599,0.9311019458544839,0.9334813874788495,0.9385046531302876,0.9092110829103215,0.9424175126903553,0.946912013536379,0.9508248730964467,0.9520410321489001,0.9565884094754653,0.9477580372250423,0.9568527918781726,0.9583333333333334,0.9592851099830795,0.9561653976311336,0.9626692047377327,0.9610300338409475,0.9614001692047377,0.9509306260575296,0.9607656514382402,0.9583862098138748,0.9671108291032149,0.9646785109983079,0.9619818104906938,0.96875,0.9658946700507615,0.967586717428088,0.9683798646362098,0.9706535532994924,0.9712351945854484,0.9724513536379019,0.9716053299492385,0.9716582064297801,0.9720283417935702,0.9718697123519459,0.9720283417935702],"train_loss_dist":[0.026150161552313363,0.03589670036181716,0.1773977264587364,0.07471984593805514],"train_loss":[2.316039240476242,1.9565936484186581,1.1521549284105173,0.8997140427903223,0.6378192645284881,0.4657924499633752,0.382991678268978,0.4178153624594237,0.3103199455179526,0.2702430512349542,0.2714660873683091,0.25781720286146964,0.22339581163850647,0.19436244206430545,0.1992588004979026,0.1929543535079328,0.18650128368513624,0.1830328532999662,0.16977199604585072,0.24438020792536047,0.16126865603647458,0.15042295469016045,0.14015712530719346,0.1350922854479352,0.12557309236796652,0.14769579770572186,0.12431605577479903,0.12031316427732999,0.11658814548185432,0.1251361811346045,0.10775354678518818,0.11216829220503143,0.11045073567576039,0.135973218446692,0.11098345919404268,0.11774791854035027,0.09438254680132332,0.09995976065158649,0.1072620215911226,0.08923857574971225,0.09472496828277849,0.09104740705001113,0.08804206453463104,0.0836731425855646,0.08112400738512955,0.07837240469394577,0.0804816184724191,0.08011854370991352,0.0789671436656588,0.07841697285023112,0.07833627017399859],"valid_accuracy_dist":[0.9940878378378378,0.981418918918919,0.9403747870528109,0.9646464646464646],"valid_accuracy":[0.09216868137249759,0.47272780637885753,0.6900529096773927,0.7251464164953705,0.7873021384178851,0.8272604518629352,0.8560137386360673,0.8416385617751225,0.8746205851657114,0.8925911317815565,0.8947073725631987,0.8989354888792943,0.9154266086177101,0.9279012955553467,0.9245180084880582,0.9274786843611139,0.929803392713551,0.9304390956847182,0.9338222017093657,0.9090869026170721,0.9405872762205338,0.9435467574326651,0.9494673520338961,0.9484094273196639,0.9562338810671461,0.9452393292644048,0.9545418372727705,0.9577137511128544,0.9579248576057938,0.9553883020863009,0.9587703923078513,0.9598278697669811,0.9598280056286286,0.9492575267160449,0.957925346273733,0.9562340990733299,0.96469050058529,0.9602510615924142,0.9604629661830029,0.9665940013347499,0.9646912081616188,0.9659595760712493,0.9672284306054073,0.9678627692750774,0.9697652519569595,0.9710339283940942,0.9699769803346029,0.9703995894236885,0.9689197205809215,0.9703997223397183,0.9701881292222515],"mean_valid_accuracy":[0.09191661752351701,0.4728327909758915,0.6898487896677845,0.7249131051835481,0.7870537664910535,0.8270290033625851,0.8557730830276613,0.841435215463644,0.8744005967307713,0.8923676016015241,0.894572357852277,0.8987739178992373,0.9152718749316918,0.9277800891142032,0.9243800858606012,0.9273617231719872,0.9296199075798735,0.9303308130900763,0.9337365038493658,0.9090159202488844,0.9404633164215788,0.943401539267702,0.9493536459837568,0.9482691684831804,0.9561528991629077,0.945138493331104,0.9544453479052073,0.957638133865242,0.9578388679352265,0.9553136577998161,0.9586763107578695,0.9597596582663661,0.959754305034863,0.9492074518959102,0.9578503701161282,0.9561707997877078,0.9646086759188335,0.9601805760770837,0.9604057363852935,0.9665420560331123,0.9646359459099025,0.9658956860298429,0.9671744567666629,0.9678107888552947,0.9697082829402889,0.9709830799321856,0.969924116272072,0.9703474587817644,0.9688593803265865,0.9703517668008724,0.9701320021140081],"std_valid_accuracy":[0.08771785107910618,0.04119533116470185,0.12309930015464142,0.1308241362563332,0.12621396317482125,0.11293417602243784,0.10029992655566196,0.09765005390934647,0.08259289815156802,0.07629057666426048,0.06747060388716916,0.06705318034331949,0.05642391745371671,0.049091705579090365,0.054475320656766746,0.049392096199043715,0.054563978800626724,0.0452801679821685,0.042539905408220655,0.0477677606088049,0.04163754734421779,0.04306537352070392,0.0356299535564529,0.04094498205108887,0.026933120429935235,0.03460431538997442,0.03125489655226974,0.02578141671487387,0.028080857040818058,0.026979293765238763,0.028803626593264985,0.026687624563702668,0.026081614019434565,0.025833991181754327,0.02549997284663988,0.026621939173465208,0.025134776719082694,0.024529323991465988,0.022044510932612015,0.020021916056189283,0.02100568752239788,0.021957548210399993,0.019315129957041,0.018632403896454815,0.018945900702587684,0.018411750331191266,0.017667626375948375,0.01941750824716144,0.019451965073180033,0.018755342956445084,0.02010509590684824],"valid_loss_dist":[0.03770782889143841,0.051577043996469396,0.16883006049685015,0.11188244803335129],"valid_loss":[2.316640020224376,1.9237266273551232,1.1190252296828267,0.8736723399012871,0.617007158738505,0.4529273602428871,0.3710547194409202,0.40639814044842126,0.30249460100554143,0.264560478092036,0.2675142215886966,0.25262398280436293,0.22219950207725916,0.1929267245725039,0.19757630825669054,0.19157875607039127,0.18481119570006763,0.18280118078075802,0.17059399134712502,0.24423560345564907,0.1614417726329704,0.15108117566353838,0.1423134225409776,0.13810365092950097,0.1288806142493383,0.15082882232632364,0.12815974899912386,0.12448173190382064,0.12121632457475934,0.130073293270185,0.11355293018663938,0.11861191471251548,0.11723482968860516,0.14411519532883407,0.11851861729200681,0.12618048253979638,0.10261855746644266,0.10906934221840843,0.1156283412589691,0.09863839623597893,0.10444790288687769,0.10128903335247072,0.09852245344795163,0.09579608783151565,0.09293136256959889,0.09001587447625245,0.09247215915043802,0.09360164359854162,0.09234094666576498,0.09201344299554938,0.09236049986244127],