{"test_accuracy":[0.0972,0.5701,0.7803,0.851,0.8818,0.9027,0.9135,0.9375,0.9393,0.9464,0.9508,0.9524,0.9574,0.9597,0.9555,0.9633,0.9671,0.9682,0.9694,0.9628,0.9706,0.9712,0.9732,0.9741,0.9659,0.972,0.9763,0.9756,0.9649,0.9758,0.9778,0.9764,0.9785,0.979,0.9803,0.9796,0.9784,0.9801,0.9799,0.9814,0.9799,0.98,0.9704,0.9811,0.9813,0.9816,0.9808,0.9822,0.9812,0.9819,0.9802],"test_loss":[2.3084521141052248,1.3778431985855102,0.7104171900749207,0.490522731256485,0.38307958912849427,0.3209721589565277,0.27904371852874754,0.21554517617225646,0.20414115724563597,0.18194200534820557,0.16491957187652587,0.15661710135936738,0.14363984141349792,0.1378473424911499,0.145384671831131,0.12387490260601043,0.11359761288166047,0.10892776154279708,0.10228397454023361,0.11641053764820099,0.09677586188912392,0.09166475465297699,0.08810748796463012,0.08346660971641541,0.1100048157453537,0.0839263089299202,0.08033255028128623,0.07924446944594384,0.10572686982154846,0.07618736444711685,0.07392121113538742,0.07789483221769333,0.06999660654067993,0.0661424835562706,0.06509585977196694,0.0650393473625183,0.06478647004961967,0.06460519547462464,0.06280654996037484,0.05929219354391098,0.06265120153129101,0.060874039041996,0.08794274014234543,0.05877054038643837,0.05734592535495758,0.0553621106505394,0.05704119977355003,0.05358886781930924,0.0565567277431488,0.055440406668186185,0.055764502960443496],"train_accuracy_dist":[0.9761301225179552,0.9901417128773875,0.9859298531810766,0.9787721123829345,0.9878964941569283,0.9923648369789517],"train_accuracy":[0.09398963730569948,0.6258376511226252,0.8126424870466321,0.8662176165803109,0.8944386873920552,0.9098445595854923,0.923385146804836,0.9382383419689119,0.9424525043177893,0.9495336787564767,0.9532642487046632,0.955474956822107,0.9603799654576857,0.9613816925734024,0.9587910189982729,0.9652158894645941,0.9677374784110535,0.9694991364421416,0.9710535405872194,0.9649740932642487,0.9726079447322971,0.9739205526770294,0.9753367875647668,0.975993091537133,0.9694645941278066,0.9750259067357513,0.9769257340241796,0.9773747841105354,0.9678411053540588,0.9786873920552677,0.9786528497409327,0.9774093264248704,0.9805181347150259,0.9813816925734025,0.9819343696027634,0.9819689119170985,0.982279792746114,0.9820034542314335,0.9825906735751295,0.9837996545768567,0.9833506044905008,0.9842141623488774,0.97426597582038,0.9846632124352331,0.9853195164075993,0.9862521588946459,0.9853886010362695,0.9864248704663212,0.9858721934369603,0.9860449050086356,0.9852504317789292],"train_loss_dist":[0.06868575821206899,0.034489128055021516,0.045537271638678885,0.05996449474598069,0.037841985720475646,0.02718045496010136],"train_loss":[2.3072694424808744,1.2283776255386893,0.6320515503558058,0.4463956603382124,0.35401351785515667,0.3011356314682178,0.2549945774936923,0.2102946666577937,0.19544429721609916,0.17500870180150593,0.1580686227892347,0.14972410178246276,0.1386533380038586,0.13185118894451434,0.13924729033095026,0.11878261313897547,0.10941051767099913,0.10389725530883603,0.09878512315284815,0.11110844074650338,0.09228060201145001,0.08771931723660961,0.08426318459611688,0.08136422432392887,0.10093956234258486,0.07952662886192761,0.07597915690977751,0.07357935039838052,0.10157781945814946,0.07089999463724452,0.06857145257796031,0.07227078574051717,0.06355093715336038,0.06047720100930112,0.05861651566156246,0.05823420495747079,0.05743252548863645,0.057485835986125035,0.05583305923303586,0.05197077293856156,0.053860165119711596,0.05175338702897231,0.08087259818286682,0.049602557069948504,0.04825656129829006,0.04593654612095348,0.046633646085999896,0.04399752037551428,0.04551568229008781,0.04417343294289806,0.04551244910381773],"valid_accuracy_dist":[0.9738175675675675,0.9852216748768473,0.9771801140994295,0.9650582362728786,0.9849749582637729,0.9867986798679867],"valid_accuracy":[0.09112934912636847,0.6224273069244995,0.812869631415751,0.8674255094330543,0.8931128910526082,0.9060943379295355,0.9243233690853081,0.9338526340359431,0.9374427416138374,0.9450384730210027,0.9487666577189335,0.951252579553543,0.9534622064539011,0.9560857199563457,0.95387652526091,0.9589859383645718,0.9618853227475653,0.9628516828729518,0.9658901404740076,0.9577425947679267,0.9680997298175356,0.9700330847834234,0.970033204603548,0.9722431989416214,0.963681057881676,0.9693431883533221,0.9716906214353579,0.9705851713441911,0.9614692192489541,0.9730713145326716,0.9736242627817646,0.9718291897095848,0.9743139948987359,0.9751425991412818,0.9762474763594639,0.9761093038249294,0.9754191400727118,0.9765238881000834,0.9767998248272501,0.9774899678514845,0.9761089237069199,0.9767997836134584,0.966578749028105,0.9774900599573274,0.9773522001819102,0.9787329317436375,0.9785948185540567,0.9792852592836928,0.9785949580128533,0.9792851239097581,0.9788711297863656],"mean_valid_accuracy":[0.09048803489583786,0.6213572964855407,0.8121575392205207,0.8670622467118202,0.8928906706986512,0.905963551063781,0.9241604531525156,0.933822500295055,0.9373759138197751,0.9450075537097135,0.9486971224138686,0.9512122040386842,0.9534214621886218,0.9560318565391691,0.9538377598292634,0.9589231831067639,0.9618175563582027,0.962775150999022,0.9658365761588001,0.9576869941964629,0.9680544218192016,0.9700098918376274,0.9700075579198382,0.9722702420599396,0.9636264358847818,0.9693065031198477,0.9716889624522679,0.970547617358422,0.9613767460067318,0.9730662549398351,0.9736480465985181,0.9718311644434919,0.9742937517069294,0.9751407825674364,0.9762334242653652,0.9761023027042439,0.975411533428284,0.9765264766149843,0.9768087839964289,0.9774799517408853,0.9760654977544451,0.976784513132039,0.9665653587017021,0.9774742237030246,0.9773425424894343,0.9787087031269425,0.9785672334512255,0.9792702386996793,0.978576985825096,0.9792615773541952,0.9788418718247471],"std_valid_accuracy":[0.08863438074485439,0.1273118255009651,0.07737514496632497,0.05876920985527932,0.04526113268576015,0.03387748344713049,0.03381528622872483,0.02329427999641832,0.02264451973219955,0.020842165895433813,0.020083275671022742,0.018675940295628888,0.01845410150263972,0.017707391445045424,0.020000585373618828,0.01873800843225127,0.01476273074134906,0.014363425620821864,0.012882647842192514,0.016128396763672014,0.011787454421351222,0.010786550891762146,0.010695889174200515,0.011372791977342133,0.01636873459932596,0.01382096079715539,0.010774873199456962,0.00916467764278491,0.010157034152800604,0.01029150666057673,0.010437451345608688,0.012184999122656408,0.008012954713365548,0.0074777911678446185,0.008468347859600055,0.007853444581715134,0.009581131827121777,0.009090703181180387,0.0068468471904810715,0.006058013221736069,0.008231624712134396,0.008145337261332498,0.0071623811838103036,0.007320723662160514,0.007921412662452583,0.007254452914355508,0.007304218094194283,0.005878287604908262,0.0075564346351593694,0.0065174750070902425,0.007741889428322305],"valid_loss_dist":[0.08429456471994116,0.04610618883483907,0.0758510902888326,0.11716070150129014,0.049483682126901386,0.044072139756170046],