{"test_accuracy":[0.0972,0.2692,0.4766,0.6403,0.7444,0.817,0.8574,0.8709,0.8896,0.8907,0.8966,0.9032,0.9015,0.9147,0.9211,0.9164,0.9267,0.9343,0.9311,0.9199,0.9298,0.9332,0.9393,0.941,0.9401,0.9431,0.9406,0.9429,0.9442,0.9385,0.945,0.9482,0.9482,0.9417,0.9459,0.943,0.9512,0.949,0.9516,0.9492,0.9551,0.952,0.9521,0.9513,0.9569,0.9553,0.9569,0.9528,0.9584,0.9582,0.9564],"test_loss":[2.3084521141052248,2.372098264694214,1.3414323797225953,0.9650835263252259,0.7515714022636414,0.5860672565460205,0.48401365041732786,0.4436619843959808,0.38970938606262207,0.38201794395446775,0.3614578152656555,0.3381462911605835,0.3395425030231476,0.3017921893119812,0.26851607427597046,0.28035917835235596,0.2572840388536453,0.22742859618663788,0.23970240399837495,0.27208701286315917,0.23547349734306336,0.22166274433135985,0.20819961104393006,0.2031351468324661,0.2031129088163376,0.19633587067127228,0.1983292465209961,0.19266792798042298,0.19118185420036315,0.20115853559970856,0.18878373019695283,0.1767405208826065,0.1763949326515198,0.1916830296754837,0.17638434467315675,0.18853432021141053,0.16104751420021057,0.16708537521362304,0.16020456194877625,0.17282961378097533,0.15216308426856995,0.15559042434692383,0.15983287301063537,0.16183947613239288,0.14584941952228547,0.15302763345241546,0.14542541763782502,0.15649160861968994,0.14041050221920012,0.1444327463388443,0.1480159170150757],"train_accuracy_dist":[0.9767589266849778,0.9608093716719914,0.9799666110183639,0.9738947368421053],"train_accuracy":[0.09905113336847654,0.45803900896151817,0.6655772272008434,0.7708487084870849,0.8322087506589352,0.8781233526620981,0.9028465998945704,0.911702688455456,0.9248286768581971,0.9254085397996837,0.9313125988402741,0.9334739061676331,0.9362150764364786,0.9446494464944649,0.948603057459146,0.9459673168160253,0.9518713758566157,0.953821823932525,0.9551396942540854,0.9440168687401159,0.9546125461254612,0.9575645756457565,0.9608328940432261,0.9623616236162361,0.9616236162361623,0.962467053241961,0.9617290458618872,0.9630996309963099,0.9626251976805482,0.960569319978914,0.9629414865577227,0.9656299420137059,0.9649446494464945,0.9634159198734844,0.9656826568265683,0.9651555086979441,0.9682656826568266,0.9675276752767528,0.9694781233526621,0.968318397469689,0.9714812862414338,0.9694254085397996,0.970110701107011,0.9705851344227728,0.9734844491302056,0.9715867158671587,0.9725355824986821,0.9708487084870848,0.9752240379546653,0.9724301528729573,0.972904586188719],"train_loss_dist":[0.06584120410052359,0.10740751401780131,0.059701676528670755,0.07082694205328038],"train_loss":[2.3120743523287532,1.638070787702288,0.8774834804680703,0.6212174426381313,0.4954322188558488,0.3811566738334215,0.31752806582464066,0.2921854928292974,0.25450512125310487,0.24789047688088672,0.22967959059717533,0.21783346512802162,0.21119914873059825,0.18656931928288767,0.1695892137150797,0.1755088204442355,0.15915355871210113,0.14523523955845996,0.146820599565741,0.17113234771589386,0.14401230737606224,0.13486243405810897,0.12389906080902156,0.12033438187919294,0.1208563606989701,0.1160488473215132,0.11667614723420734,0.11210911151377163,0.11231956058542666,0.11706077477447473,0.10946429130053231,0.10233701457538037,0.10148467963692007,0.10986987269931739,0.10129636407259834,0.10586403048369969,0.09121843087626842,0.09427829370939486,0.08960100241912687,0.09573228741727444,0.08416115522795073,0.08601980793692907,0.08622667947150747,0.08546856456310044,0.07725727602497773,0.08102773597319628,0.07670653686280872,0.0836547418541197,0.07248339196161402,0.07613105823138103,0.07582620484975368],"valid_accuracy_dist":[0.9695945945945946,0.9633730834752982,0.9824707846410684,0.9638047138047138],"valid_accuracy":[0.09167637632437697,0.4567768587139317,0.6635746206565488,0.7639128675174505,0.8265180432329046,0.8773200342556888,0.9047236311043108,0.9118911033435525,0.9291771992533651,0.9287538813483599,0.9350776075600767,0.9355014162903582,0.9380285806804294,0.9468821674889137,0.950044342883699,0.9477263603650706,0.952784313898291,0.9561578373326378,0.9563675899907921,0.9456195066680476,0.9559466312479398,0.9576330584366983,0.9616372877165213,0.9631118839250357,0.9612158820714072,0.9631125904756951,0.9616376890815135,0.9637452577955447,0.9641666662978472,0.9597411072342239,0.9647989298978481,0.9656419662792558,0.9656418336107653,0.9624802850692671,0.9664854939088486,0.9639562943791007,0.9690149562618752,0.9669072999400843,0.9671177158612685,0.9662743257945189,0.9692251091215115,0.9685935059531455,0.9677499822390347,0.9683822469767522,0.9704898626298326,0.9688040980687193,0.9709116685816452,0.9677505144736226,0.9711221743065992,0.9702793123206861,0.9698576823249937],"mean_valid_accuracy":[0.09169806633459854,0.45739326816422765,0.663866923268484,0.7640717022562705,0.8265182493183164,0.8772486693026507,0.9046621186576683,0.9118516735177755,0.9291160153218101,0.928697271267863,0.9350480863015151,0.9354366752448059,0.9379329417213087,0.9468121459404978,0.9499874075151529,0.9476647723800178,0.952716363758942,0.9560801473075674,0.9562902916859584,0.945518111825556,0.9558385086755855,0.9575335121153828,0.9615643250913508,0.9630322022461516,0.9611416515546332,0.9630491415890287,0.9615679225968539,0.9636773182339436,0.9640938856357113,0.959687618198449,0.9647426811871679,0.9655812531526784,0.9655840553648922,0.9623878406095112,0.9664113354002878,0.963889596450066,0.9689587965694483,0.9668408268593789,0.967040515292362,0.9661915287481873,0.9691434281304749,0.9685297237396198,0.9676867598245291,0.968325224727794,0.9704203583616104,0.9687433399016916,0.9708534049363624,0.9676868857202374,0.9710445612616021,0.9702192476275995,0.9698107941289187],"std_valid_accuracy":[0.0879389843394988,0.09224246934801308,0.04916134947613509,0.03196911863947202,0.025438013019347023,0.023220828580713736,0.01904281636693566,0.020285430413482422,0.01999666480814649,0.018037100955482107,0.016147439569136737,0.022163398737635405,0.015956923461287537,0.018042387101429698,0.015345167742597147,0.01571278254393555,0.014668678062109065,0.017148432322888218,0.01228164380961311,0.02039456940999367,0.01590539319633875,0.015121214404867035,0.013576988742592803,0.012041269160501961,0.012389045571975303,0.011445491729520009,0.011727831309966871,0.011348126317040116,0.01125764140745148,0.014237161426432905,0.009994509028499621,0.011163458489978592,0.009885432411026704,0.013450305302995067,0.011865369744285975,0.01146237776634084,0.010363047397780352,0.011231525187518944,0.012440240768834059,0.012310883975772123,0.012300300162389255,0.01083497408722577,0.009450417578919425,0.009275100716353107,0.01045141112677594,0.010461239960075853,0.008723464624959201,0.010538114616119141,0.011625949520790012,0.01000841399226942,0.007711018436738813],"valid_loss_dist":[0.0904765439194602,0.10057258349565672,0.06528521034997174,0.11985931535461535],"valid_loss":[2.3125167172683803,1.6397540370411838,0.8848662461864758,0.6273980643217019,0.4981405764047677,0.3821450782936868,0.31578479653963293,0.29219222552008445,0.2533815862959326,0.24765910381496106,0.22998460187704137,0.21768835355567795,0.2129281573105341,0.18871542442884373,0.17110638721620344,0.1769612046082179,0.16100596982782833,0.14705140531548047,0.14973313036223726,0.17424902893704672,0.147295832091335,0.13861559485900593,0.1301638571824196,0.12586264045062076,0.127339247151468,0.12320734632632649,0.12355315050406819,0.11982338241370213,0.1197879429074875,0.125973027545874,0.1177192568520824,0.11215894119463547,0.11139388333437486,0.12006392216394308,0.1109436106185117,0.11750485542712107,0.1032883279453577,0.10632841029984562,0.10138080835489448,0.10795135804779799,0.09705552486348197,0.09946799210041922,0.10092586033522818,0.10034008730277699,0.09261682527332168,0.09719689675177862,0.0928918596891573,0.10098672717620708,0.08926977784761286,0.0936857655504346,0.09396901622637854],