{"test_accuracy":[0.0972,0.3764,0.4698,0.5419,0.6069,0.6207,0.6585,0.6843,0.7115,0.7421,0.7278,0.7779,0.7716,0.8021,0.8025,0.8105,0.8152,0.8379,0.8303,0.8349,0.8335,0.8328,0.8355,0.8454,0.8457,0.8406,0.8432,0.8515,0.8447,0.8526,0.8497,0.8484,0.8552,0.8532,0.8572,0.857,0.8612,0.8591,0.8556,0.8557,0.8598,0.8593,0.8614,0.8609,0.8611,0.8599,0.8662,0.8633,0.8634,0.8629,0.8722],"test_loss":[2.3084521141052248,2.8117645301818848,2.490489747238159,2.1124424390792846,1.8250612644195556,1.7269657329559327,1.6923399410247804,1.5415395570755004,1.4692516023635864,1.3820443769454955,1.4339319946289062,1.2929497114181518,1.3643454526901244,1.2833004941940307,1.302600601196289,1.272707826423645,1.2592846055984497,1.2032588529586792,1.215531756591797,1.2075819297790527,1.2179005172729491,1.2430230772018434,1.2500292426109314,1.2208914363861083,1.206899225616455,1.257568433570862,1.2384617076873778,1.2244284357070923,1.2720883275985717,1.241283892250061,1.2625960180282594,1.2726927742004395,1.1929346097946167,1.2253176586151122,1.221005055809021,1.2465914393424988,1.2312192903518677,1.2566826141357421,1.2371348474502564,1.2766966703414917,1.2518236574172974,1.270464700126648,1.2841715562820435,1.3108708757400513,1.3208943183898927,1.3317419204711913,1.3059246885299682,1.3186859981536865,1.3272507328033447,1.3197672298431395,1.2831201919555664],"train_accuracy_dist":[0.9839425311641665,0.9842985318107668,0.9777315296566077,0.9905263157894737],"train_accuracy":[0.18888078365985828,0.6100458524385161,0.7003959983326385,0.7789182992913714,0.8245623176323468,0.8360775323051272,0.8559295539808254,0.8717173822426011,0.8861504793664027,0.9011046269278866,0.8929762401000417,0.9231450604418507,0.9190287619841601,0.9350250104210087,0.9343476448520217,0.9418507711546478,0.9446123384743643,0.9558670279283035,0.9549812421842434,0.9585243851604835,0.957065443934973,0.9569612338474365,0.9592017507294706,0.962588578574406,0.9648290954564401,0.960608586911213,0.9630575239683201,0.9682680283451438,0.9644643601500625,0.9693622342642768,0.9669654022509379,0.9666006669445603,0.9712380158399333,0.9700395998332638,0.9729574822842851,0.9725927469779074,0.9767611504793664,0.9749374739474781,0.9713943309712381,0.9734264276781992,0.9776469362234265,0.9770216756982076,0.9766569403918299,0.9754585243851605,0.9759274697790746,0.9765527303042935,0.9799395581492288,0.97931429762401,0.9797832430179242,0.9791058774489371,0.9841079616506878],"train_loss_dist":[0.04782923101314701,0.04482774894994487,0.05818347473949597,0.02416801774658655],"train_loss":[2.2982662074041147,1.4405502706405866,1.0317109184508126,0.7410895610604747,0.5620098895936422,0.4861672998403275,0.4546004049976874,0.3627272362821969,0.31571401009610195,0.27369083141618444,0.2982125417214848,0.21684296291652275,0.23045504276173692,0.18837984194711205,0.1880915110093037,0.17227549600426967,0.16003956726785995,0.1348477531676369,0.13373404778594483,0.1273107739851009,0.1279517839223662,0.1266779642726445,0.12454559623250966,0.11114409618916649,0.10642105194834334,0.11547552796430877,0.10776284796144253,0.09496224555371328,0.10359411994783381,0.09145933854470915,0.09385131271971407,0.09734599249594289,0.0838484793783815,0.08589039557730284,0.07798286047583604,0.07881245242215137,0.06683372339158443,0.07200014471531026,0.08258232283675768,0.07665694250813335,0.06666619880101633,0.0667966802224242,0.06573891692778167,0.06968429613460154,0.06934559545621413,0.06768279362034336,0.05604082300075768,0.058161357901609964,0.05713195241174399,0.05826370581548169,0.04379849477153599],"valid_accuracy_dist":[0.9788851351351351,0.9763651181744091,0.9700499168053245,0.984006734006734],"valid_accuracy":[0.180587200451166,0.6140387143696605,0.7015241915740875,0.7721367464073173,0.8165012400367506,0.8264986306702563,0.8531579973681004,0.8654469919092097,0.8812767914510545,0.8971057478631611,0.8891912791011243,0.9204341287782489,0.9168940768563923,0.9329317094179302,0.9366810483050569,0.9395969626135243,0.9435541970521208,0.9552186722284883,0.9516774863895474,0.954385259137557,0.9531357210204862,0.9537604635185686,0.9554267551558995,0.9608424567098569,0.9616751630627329,0.9579260600245968,0.9595923448220565,0.9645911427289615,0.9606339134723839,0.9677156948140199,0.9635497293874452,0.9633417737600423,0.9689651504138624,0.9666740450893514,0.9691736014084626,0.9702151675475796,0.971256395390394,0.9714646640314728,0.9691731662767966,0.9704232989480397,0.9714645655382576,0.9731311010923717,0.9737558574297945,0.9729227087752599,0.9725061747978814,0.9729228691064915,0.976671874560138,0.9760469270522742,0.9754220959462196,0.9756305363618165,0.9772967757869667],"mean_valid_accuracy":[0.1805417968307651,0.6139099401994196,0.7016777197849888,0.772427519090674,0.8166386605468117,0.8265611890935567,0.8531248623462306,0.8654070138951757,0.8812335369259394,0.8969778034289886,0.8891723743501128,0.9204083060025325,0.9169521501584329,0.932898275281551,0.9366638232708409,0.9396144790102854,0.9435466004740192,0.9552323405467196,0.9516991868166014,0.9544057643192476,0.9531799965856808,0.9538025160948472,0.9554477373728677,0.9608695915658334,0.9616875069972037,0.9579477966657202,0.9596084163304991,0.9645926319119479,0.9606656001311316,0.9677363713302821,0.9635587228612962,0.9633680052097845,0.9689627381158203,0.9666752493480385,0.9691918014564167,0.9702507719430602,0.9713074603668965,0.9714841269837667,0.9691862629993391,0.9704431830753105,0.9715013586591722,0.9731684328107516,0.973768818601341,0.972917900087153,0.9724980538114415,0.9729376014651117,0.9766886309646327,0.9760544087968722,0.9754333111641276,0.9756681459749823,0.9773267260304007],"std_valid_accuracy":[0.0051273946163188045,0.07484108008484026,0.034833356437512626,0.04776948760645793,0.052184430625668334,0.0570976867706952,0.05696070221040045,0.05135056219364691,0.047428819816638865,0.05048863125994427,0.04230879062567221,0.03840411671196502,0.03022716629943022,0.025938004598510263,0.022609611701247413,0.026036612441193416,0.02964768053345758,0.011455849074492434,0.02097189166682425,0.019339755227288532,0.022886437130721506,0.02321270985758351,0.020571615902752638,0.010275425342201503,0.01793310641084508,0.016970324505459513,0.018384457777743734,0.01318222641695054,0.01715204929948654,0.009230927065346213,0.013384426283825395,0.013639748513715992,0.009504525387256619,0.012545223444191863,0.011347656057212954,0.009348183932808299,0.014500239660518456,0.011996201556153283,0.008167999711476227,0.011754161649925581,0.01396741561599511,0.010234048279886072,0.00801734666511541,0.00791626170133312,0.00874165478005575,0.008698228713084148,0.007433925492691225,0.010259575182304994,0.0094836119191316,0.006550560880439097,0.005023141140473125],"valid_loss_dist":[0.05753807763795595,0.06958708009806316,0.10219286625178998,0.05313774981451305],"valid_loss":[2.299425429249685,1.4288423765753206,1.0454779458737207,0.7536795633210984,0.5741104381205381,0.5026487283604961,0.4651387518475114,0.37627197734327245,0.3313710446701681,0.29087402977703064,0.315131227420765,0.23048558249727724,0.24726726025087584,0.20350366115304705,0.20340148487023238,0.18812104904750737,0.1750178742559106,0.1498394594201738,0.14825273254206886,0.14150370796193262,0.14220935481687236,0.14236001685114885,0.14009396338938154,0.12898297496133163,0.1223832343935856,0.13434392994792504,0.1255275918463461,0.11342060188884376,0.12176785050475393,0.1105437631312488,0.11469013670522447,0.11928016994125486,0.10363817334041933,0.10605949468438787,0.09784791168101449,0.10089092697480209,0.08812594838123215,0.09335800885077623,0.101943494486323,0.10032073566199298,0.09061638984522834,0.09032355973999887,0.09120928322270937,0.09625580279123341,0.09671037038071158,0.09431934439236433,0.08338760767898987,0.08321326177427725,0.0843479888713212,0.08659545338930061,0.07070778429658896],