{"test_accuracy":[0.0972,0.412,0.6259,0.6574,0.6823,0.7056,0.7146,0.7405,0.736,0.7542,0.7556,0.7585,0.7661,0.7648,0.7663,0.7706,0.7746,0.7702,0.7743,0.7764,0.7762,0.7784,0.7783,0.7779,0.7793,0.7803,0.7786,0.7811,0.7798,0.7792,0.7835,0.7812,0.7839,0.7821,0.7837,0.7823,0.7837,0.7839,0.7845,0.7851,0.7851,0.783,0.7854,0.7858,0.7867,0.7863,0.7873,0.7846,0.7841,0.7853,0.7856],"test_loss":[2.3084521141052248,2.781959022521973,2.4053619876861574,2.42256954498291,2.4093541416168214,2.3449528327941893,2.3988218273162842,2.367892042541504,2.4495223598480225,2.3912993602752683,2.428529628753662,2.4004152336120606,2.403385482788086,2.4291915477752686,2.4742973136901854,2.4622809406280517,2.466712372970581,2.5102442760467527,2.5151844039916993,2.5089471614837646,2.570060362243652,2.545935732269287,2.5764194549560546,2.594606517791748,2.6290417137146,2.5811275619506837,2.6160963714599608,2.6573615989685058,2.5588935890197755,2.6120240978240967,2.6686973957061766,2.6824455257415774,2.6986542682647707,2.748124448013306,2.73811015625,2.801990503692627,2.80881778755188,2.864449829483032,2.8655334716796874,2.883253310394287,2.8993450469970705,2.954172961807251,2.956479279708862,2.982001963043213,2.983303048324585,3.0230738319396973,3.0374024566650393,3.0508539344787597,3.0941216136932375,3.103915539550781,3.1245627311706543],"train_accuracy_dist":[0.9894381073088298,0.988784665579119,0.9978947368421053],"train_accuracy":[0.12579927717542397,0.617737003058104,0.8474423130386434,0.8767723102585487,0.8967194884626077,0.9159716430358632,0.9219488462607729,0.9414790102863497,0.9382819015846539,0.9533639143730887,0.9553099805393384,0.9602446483180428,0.9651793160967473,0.9663608562691132,0.9690714484292466,0.9721990547678621,0.9764386989157632,0.9744926327495135,0.977203224909647,0.9794273005282179,0.9775507367250487,0.9804003336113428,0.981442869057548,0.9822768974145121,0.9822768974145121,0.983666944676119,0.9821378926883514,0.9848484848484849,0.9837364470391994,0.9841534612176814,0.9863080344731721,0.98589102029469,0.9874200722824577,0.9868640533778148,0.9873505699193773,0.9874200722824577,0.9885321100917431,0.9890186266333055,0.9899916597164303,0.98992215735335,0.989713650264109,0.9890881289963859,0.9905476786210731,0.9902001668056714,0.9920072282457604,0.9913817069780373,0.9927717542396441,0.9915902140672783,0.9906866833472338,0.991729218793439,0.9920072282457604],"train_loss_dist":[0.03278664818696952,0.03295563541802458,0.012083544348219507],"train_loss":[2.310210679549789,1.0910488260614233,0.5019983840893466,0.3829169390530993,0.3084343954763348,0.2436409162713201,0.23039088113202896,0.17847208163996423,0.18111526575234654,0.14799865282199964,0.13725297260601751,0.123523158446671,0.10937719662772936,0.10609113455879247,0.10022745755896457,0.09120286650404703,0.08005439975082228,0.08370922314671632,0.07590977279202687,0.06880712787619947,0.07366890383302785,0.064348152309681,0.061522711996607374,0.05988431718508038,0.05717840377828596,0.052302777157950925,0.05656654184696067,0.051219414535641654,0.05181052202443249,0.05146557964839731,0.044834733102030476,0.045412912945143206,0.040123701925667284,0.041940106012699735,0.03865751458504381,0.040899375497607145,0.03682364667912084,0.03640123212195815,0.03409552882423675,0.033070425994120474,0.03253790485890919,0.03470705155426135,0.03093019528467232,0.03115016434648226,0.02773176388406475,0.028355494223137365,0.026046621588607415,0.028094272247303567,0.029234684458544102,0.027299832528268553,0.026009401185790162],"valid_accuracy_dist":[0.9797297297297297,0.9845150774246129,0.9831649831649831],"valid_accuracy":[0.12558218262616216,0.6132354846349032,0.8530132990261914,0.8794062804963353,0.8963567153332758,0.9158066557164504,0.9227537386106156,0.9416491994474623,0.9380362740939323,0.9535971422756023,0.9516529908530245,0.9585988759963158,0.9638790436834116,0.9641563910493257,0.9652680692125705,0.9694357961000888,0.9713806033568392,0.971380713716655,0.9736035229876071,0.9733256301473359,0.9724923887175391,0.9752703274395658,0.9758262222940387,0.9741593066916742,0.9749930924099428,0.9766598984430819,0.9755484398135833,0.9783270327886023,0.9763818972194703,0.9763817880455401,0.9788827069234439,0.976659899233672,0.9813835166274171,0.978604923652398,0.9788827065281487,0.979716602606233,0.9805500608027105,0.9805497324903288,0.9811056253683264,0.9816611915151228,0.9811057345422568,0.9797164934323026,0.9811056257636214,0.981383408244077,0.9824950860120265,0.9824949764428011,0.9819390835648037,0.9824948680594608,0.9822174142866819,0.9824948680594608,0.9824948672688707],"mean_valid_accuracy":[0.12477637487824937,0.6139837487891685,0.8528103750190139,0.878930893830038,0.8960098337390513,0.9154711594605645,0.9224897153024699,0.9415196434858212,0.9378329786591807,0.9534877592640428,0.9516128570223925,0.9585153010682759,0.9638831846961432,0.9641125413588739,0.9652466378729622,0.969407569753943,0.9713397734995127,0.9713467959698603,0.9735685016349237,0.9732888659386214,0.9724884758248654,0.9752130992962288,0.9757822369120249,0.9741325126156015,0.974986025515773,0.9766268315066196,0.9755096236860702,0.9782953403318114,0.9763354337518967,0.9763255675287054,0.9788504330069122,0.9766249356713904,0.9813654322619277,0.9785797156161866,0.9788513809245267,0.979711916295046,0.9805358305256431,0.980508127691298,0.9810820048951671,0.9816243875942328,0.9810918711183585,0.9797020500718544,0.9810810569775524,0.9813536702035073,0.9824887146352101,0.9824797963296333,0.9819059191257642,0.9824680342712128,0.9822221759619886,0.9824680342712128,0.982469930106442],"std_valid_accuracy":[0.08585647176685353,0.06856683615923585,0.05788447268171568,0.06101242247873803,0.0456045884366802,0.04317113245994955,0.03437633710371692,0.017302713731504427,0.02233263208906378,0.013746829177418516,0.013561655738439222,0.015385569529241333,0.008366651238816792,0.011884011256690058,0.011413570925192348,0.010407426735369736,0.008837218759894714,0.010441637051517768,0.009436388142155975,0.008452300439342277,0.004514819558682848,0.006362148513443695,0.007573062873727029,0.00801663514478727,0.0072651149849523085,0.006418135441582897,0.008144445049951335,0.005742795866153353,0.007299845319754449,0.00782508565513192,0.004178806237385935,0.00776194071326701,0.0012907796592020215,0.003394079209544564,0.003560643250748409,0.0041590018854836906,0.004530828187510198,0.004732596540094621,0.0027502334789244855,0.003734370689659402,0.0022034309116887693,0.004533491652934069,0.003375609602647791,0.002948059905357018,0.0014290303234834674,0.0013649664780224827,0.0033369136212555396,0.003133668316731413,0.004550385624542243,0.003133668316731413,0.002014482928838316],"valid_loss_dist":[0.0680613930563669,0.05850979069152205,0.04827649572782645],"valid_loss":[2.3100930090313474,1.0937452677764237,0.5061682790222507,0.38691487020432763,0.3129190452579789,0.2477029900676876,0.23523469836027608,0.1852719271952803,0.18956346402726146,0.15745833317569147,0.14877661734102862,0.13527042604531886,0.12132694999778175,0.12014970651411341,0.11587131115605455,0.10621114250474928,0.09716283575171868,0.1020707090489843,0.09395288693831345,0.08764339984869941,0.09464521302102007,0.08482320719351082,0.082378368960424,0.08218262602864267,0.07876569028663154,0.07585602721241114,0.0788796761166596,0.07506398326197933,0.07645879572953095,0.07829997788853796,0.07001639973628283,0.0712223871480755,0.06549955023390289,0.06844996001944577,0.06544295150360567,0.06771554138597695,0.06521766011165304,0.06496988156601767,0.06233273923424962,0.06201272137226443,0.061331787719797956,0.0664317452957349,0.06209790287035173,0.06068925993324669,0.058532588830969734,0.0583760239726363,0.0585346449544497,0.05961912614381104,0.06145436558258959,0.06025270346607061,0.058274117527609165],