{"test_accuracy":[0.0972,0.3264,0.4798,0.5411,0.5837,0.6411,0.6658,0.735,0.7121,0.7601,0.7584,0.7528,0.7792,0.7945,0.7984,0.8054,0.8031,0.8129,0.8079,0.8157,0.8295,0.829,0.8283,0.8351,0.8314,0.8106,0.8378,0.8332,0.8223,0.8422,0.8362,0.8388,0.8287,0.8387,0.8294,0.8434,0.8466,0.8195,0.84,0.839,0.8416,0.8482,0.8454,0.8481,0.8522,0.8527,0.8479,0.8498,0.85,0.8525,0.8528],"test_loss":[2.3084521141052248,2.8240677169799806,2.2333004234313965,1.7172282342910767,1.532752165222168,1.3419539445877076,1.2776199716567993,1.0689763277053832,1.1333317178726197,1.0209968259811402,1.0242710995674134,1.0723688245773315,0.981580634880066,0.9526241306304931,0.9454454133987427,0.9334186942100525,0.9188423118591309,0.9305669715881347,0.950876962852478,0.9435374732971191,0.9188605918884277,0.930911581993103,0.9366982144355774,0.9219210633277893,0.9234648633003235,0.9926448657989502,0.9376654048919678,0.9493528715133667,0.9715774123191834,0.935109841632843,0.9574619148254394,0.9572251316070557,0.9856409764289856,0.9728606490135193,1.0065049142837525,0.9932407437324524,0.9718605008125305,1.0516767112731933,0.987547643661499,0.99705757522583,0.9920420391082764,0.9799516609191895,0.9688816076278687,0.97146986618042,0.9802778309822082,0.9754396985054016,0.9969480039596558,0.9888784698486328,1.0032499490737916,0.9978999855041504,0.999523465538025],"train_accuracy_dist":[0.992184199408534,0.989647158250581,0.9757188498402556,0.9864724245577523,0.9667368421052631],"train_accuracy":[0.11772146561538137,0.5224100855926129,0.7134123202765948,0.7820550659864233,0.8111059577518236,0.8496015516296328,0.8658346333853354,0.9066914027912468,0.8894042248176414,0.921996879875195,0.9191297381624994,0.9206898005649956,0.9344773790951638,0.9449340135767593,0.9466627313741198,0.9501623308175571,0.9462832567356748,0.9556014673019353,0.9529451448328203,0.9569507104608509,0.9637812539528609,0.9638234178015769,0.9640342370451574,0.967660328034743,0.9660159379348147,0.9532402917738331,0.9686722604039296,0.9670278703040014,0.9602394906607075,0.973015136821689,0.9689674073449425,0.971834549057638,0.9663532487245435,0.9723405152422313,0.9664375764219758,0.9753763123497913,0.9750390015600624,0.955474975755787,0.9736475945524308,0.9743643799806047,0.9751233292574947,0.9779483071214741,0.9769785386010035,0.978665092549648,0.9791288948855251,0.9811527596238985,0.9783277817599191,0.9788337479445124,0.9791710587342413,0.9805203018931568,0.9821646919930851],"train_loss_dist":[0.02217806072730176,0.029532927222047752,0.06426152987951161,0.040291930853731305,0.09307444316148758],"train_loss":[2.312570325096929,1.58610735624864,0.9687845721377808,0.6370558891194553,0.53252156922735,0.4336435073389695,0.38231171762824645,0.272634928686103,0.29765952876619983,0.22448985312031458,0.22975896117497935,0.23000875459006562,0.18931962753755124,0.1619732244837197,0.15638153559329634,0.14765810283885697,0.15513259993552175,0.13051172725112722,0.13562958026032712,0.12611203423185283,0.10825128696861082,0.10729900550654992,0.10608339608287351,0.09654130180262945,0.09940577861303779,0.13123291637516799,0.09246826927692531,0.09418993454716955,0.10864165085175641,0.08032514101365,0.0889040696917557,0.08186920939273552,0.09316773120926937,0.07959233081455892,0.09198606694242453,0.07284906125205444,0.07011522095253513,0.12429620772091259,0.07582002270758019,0.0735464417014161,0.07135663603880094,0.06291628650260381,0.06604105610091476,0.0601331002583978,0.05692728778799192,0.053307826250930404,0.06079157960502234,0.05731259507923111,0.05743098357488088,0.05311397803153249,0.04984544839476116],"valid_accuracy_dist":[0.9915540540540541,0.9864864864864865,0.9829642248722317,0.9725457570715474,0.9587542087542088],"valid_accuracy":[0.10905963991316363,0.5224201761735373,0.7157678818435851,0.7843770870036355,0.8123626689335683,0.84439463397735,0.8631079897823319,0.9052554833353368,0.8902514094307122,0.9229572505755023,0.9187431996390308,0.9212727888293072,0.9340845306123334,0.9441998812202099,0.9463910819187291,0.9497628771276846,0.9452125148671889,0.9566748352911941,0.9533029029006737,0.9553258892886924,0.9624065715938875,0.9617321978211487,0.9620692657646949,0.9651038515734753,0.9642614193441548,0.952966614257825,0.9671268313858346,0.965272647481019,0.9617330390192517,0.9696555950104454,0.9679698940261827,0.9693185664594093,0.9649353727713563,0.9693186424860326,0.96577861303374,0.9723527388355947,0.9733643149301924,0.954821041601192,0.9706671717500309,0.9706674182842612,0.9715101665392601,0.9748817497730119,0.9733645597966799,0.9753877144069882,0.9760619788161548,0.9774107627898879,0.9758932243762082,0.9753877151899362,0.9763992533878579,0.9769051120681816,0.9784222002158299],"mean_valid_accuracy":[0.10864144709701659,0.5224817888323947,0.7155415550254893,0.7841707056709488,0.8121744855194502,0.8442883393902175,0.8630004138853671,0.9052307618865132,0.8902225392755266,0.9229393940530193,0.9187419841777678,0.9213032852763414,0.9340954538301309,0.9442279750328764,0.946417409836183,0.9497949055998071,0.945273189303121,0.9567139983012556,0.953328357937336,0.9553353901334412,0.9624328709178774,0.9617579846464592,0.9620883273121026,0.9651297122268628,0.9643113433326969,0.9530199119420804,0.9671465613630964,0.9653060927269232,0.9617971130724576,0.9696827347385616,0.968001019984299,0.9693540647335714,0.9649738152724019,0.9693525923101596,0.9658253366094428,0.9723744026432867,0.9733870332212249,0.9548679096623218,0.9707012270310379,0.9707147581266206,0.9715448115676866,0.9749154145007379,0.973397847686335,0.9754267423201334,0.9761029399807188,0.9774527592892145,0.9759184487922367,0.9754241659866372,0.9764436554832743,0.9769541599865386,0.9784609462477057],"std_valid_accuracy":[0.08529019178897082,0.072388452907208,0.12331507100757921,0.13345053470176832,0.11059896222721584,0.0901353344091657,0.07487774167089264,0.05433239304399572,0.05984942677723,0.043549029419283215,0.042446407817399244,0.05016194022763348,0.03673658806730179,0.03178592479906662,0.03168896449888686,0.03097911926023033,0.032727026322367195,0.02581283615886672,0.028902730313895612,0.024841929469036746,0.02043853657702493,0.021311806470521666,0.02212067021158597,0.017971671270262165,0.020886619755651824,0.02777543285855205,0.015825156030804116,0.01886196673124186,0.023301190320947466,0.015259101548136103,0.0171386998487747,0.016726114290700776,0.023176495039140068,0.018208465368818552,0.021938425292025814,0.015331657068643506,0.013936196827475801,0.021442642202933945,0.017092381146459844,0.019316220575170562,0.015320285166073552,0.014422512138369793,0.013630847661221988,0.012981192703618746,0.013630469169793878,0.012694727855866153,0.012075148074285409,0.012266005214716321,0.013784590772240646,0.013460796623471475,0.01165730030624929],"valid_loss_dist":[0.03208577913559369,0.03964576729246088,0.05785935083673902,0.08936439815307418,0.12537424993836116],"valid_loss":[2.313033402281939,1.5625087308721632,0.9519549243976436,0.6264270060299031,0.5243117717682844,0.4342734731482104,0.38065136406376643,0.27554358761905284,0.2962692506801341,0.22875564982891625,0.2327584033360693,0.23434988890636207,0.19503562136594244,0.1710707372811587,0.16378173514049374,0.15566249130307142,0.16179526135726227,0.1387962498102653,0.14412808526983648,0.13467570168476026,0.1183997415943127,0.11748758230802735,0.11590750335164736,0.10635849429342521,0.10978645642146499,0.14142933421986828,0.10265925947782732,0.10528951730854336,0.12071096655283955,0.09167297160418837,0.100742139756849,0.09389436478020687,0.10653305901988687,0.09276293641522253,0.10606560416672133,0.08732300249395628,0.08358531221865872,0.13911515052621512,0.09079257338651106,0.08922335461606842,0.0874014567607184,0.0786944398527123,0.08179724512508908,0.07565154273826806,0.07251850354466796,0.07032270404297228,0.07779727844595842,0.074129581176463,0.07543938392086506,0.07086524457017264,0.06898472688511804],