{"test_accuracy":[0.0972,0.5523,0.7699,0.8156,0.8266,0.839,0.8491,0.8655,0.8783,0.8945,0.9152,0.9097,0.9254,0.9166,0.9317,0.9352,0.9382,0.9438,0.9435,0.9471,0.951,0.9537,0.9465,0.9534,0.9576,0.9314,0.9598,0.9537,0.9643,0.9632,0.9627,0.9655,0.9652,0.9648,0.9635,0.9645,0.9632,0.9644,0.9645,0.9659,0.968,0.9676,0.965,0.969,0.9697,0.9686,0.971,0.9709,0.9707,0.9686,0.9709],"test_loss":[2.3084521141052248,1.510979956817627,0.786483357334137,0.5849754602432251,0.49929225044250486,0.4308578053474426,0.3772579129695892,0.33161955375671387,0.3242086618423462,0.27158950133323667,0.23027559323310853,0.2322205399751663,0.2046371060848236,0.2216464905023575,0.19977254209518433,0.18265148406028747,0.17584109501838685,0.16737140629291533,0.1613553280353546,0.1534839590072632,0.1462552045583725,0.14123045738935472,0.16468053237199784,0.13604575163125993,0.1278709008693695,0.16758302071094514,0.12211587594747543,0.13565430371761322,0.11181912688016891,0.11221085259914398,0.11129983084201812,0.1041945104956627,0.10554936391115188,0.10574162037372589,0.10663184530735016,0.1047902684211731,0.10810423045158386,0.10379129436016082,0.10266962386369705,0.1001719661474228,0.09666399261951447,0.0972056932091713,0.10264158889055253,0.09165206263065338,0.09140299822092056,0.09668377137184143,0.08687710583209991,0.08698410251140594,0.08748967789411545,0.09170149031877518,0.08581707376241685],"train_accuracy_dist":[0.9880879030601766,0.9847876611028946,0.9939482470784641,0.9652631578947368,0.9851423854725547],"train_accuracy":[0.11529804085035432,0.6432263443101293,0.8346394330971239,0.8775323051271363,0.8897040433513964,0.9008753647353064,0.9091704877032096,0.9183826594414339,0.9218424343476449,0.9348061692371822,0.9441017090454356,0.9439766569403918,0.9506877865777408,0.946602751146311,0.9519383076281784,0.9564401834097541,0.9590662776156732,0.9608586911213005,0.9611921634014172,0.9638182576073364,0.966194247603168,0.9675698207586494,0.9579824927052939,0.9686952897040434,0.9703209670696124,0.9594831179658191,0.9726135889954147,0.970862859524802,0.9756565235514798,0.9752396832013339,0.9760733639016257,0.9774072530220925,0.9767819924968737,0.9770737807419758,0.9778240933722384,0.9775739891621509,0.9771988328470196,0.9779908295122968,0.978574406002501,0.9795748228428511,0.980408503543143,0.9808253438932889,0.9789078782826177,0.9817007086285953,0.981825760733639,0.9804918716131722,0.9831179658190913,0.9829512296790329,0.9824093372238433,0.9824927052938724,0.9834931221342226],"train_loss_dist":[0.044672237032430326,0.0436897135943571,0.020834583792219776,0.09055919059483629,0.04684088749982481],"train_loss":[2.303895116776613,1.2477722310185084,0.60350781165346,0.42074721317432384,0.35080523223504767,0.30081321037948605,0.2645751766149279,0.2364839617841539,0.2341444570038556,0.1967781584475402,0.17238626691290318,0.16584128173081364,0.14899408131272607,0.1578156053286982,0.14605876185487537,0.13158847675497654,0.12379636561444472,0.11930833842019928,0.11323128303123942,0.10885732324949997,0.10420003770499266,0.10128128538999075,0.12863554240931516,0.09408202218190737,0.08927522364121805,0.11038120827804933,0.08435584582875996,0.08862729601999927,0.0777692740468643,0.0757506359208619,0.0745238203645411,0.07098324235005396,0.07071513735703587,0.06966190922488243,0.06816504209699507,0.06750383293003825,0.06767720448729792,0.06550758150703165,0.0636240713087133,0.06111445266267393,0.05975486025487497,0.058770459354321326,0.06275844080540577,0.05548430579043257,0.055413146125693875,0.05973268079168849,0.05165249404954371,0.051619855133896574,0.05160959515419353,0.051502807364768415,0.049240473457062776],"valid_accuracy_dist":[0.9835796387520526,0.9864864864864865,0.9891485809682805,0.946969696969697,0.9851485148514851],"valid_accuracy":[0.10681883293531826,0.6433610963778255,0.8333422860772877,0.8806719165344585,0.8913376574405447,0.8988369822643015,0.9093368408834723,0.9186702046899812,0.9195024515487915,0.9345021364472272,0.9431685674866827,0.9433353485603245,0.9493351851511849,0.9445013147651904,0.9488349138749258,0.9538348341727513,0.9566678064988587,0.9586677526021047,0.9596679702029611,0.9623342735125017,0.9645009112370484,0.9650009307138238,0.9581670304846899,0.9663342107621028,0.9675008303292771,0.9563346455235263,0.9693343640277232,0.9676673261604546,0.9716676076361926,0.9711674880995121,0.9726673502454858,0.9730008052068575,0.9730005471794667,0.9731671523234147,0.9723342945421068,0.9728340552802569,0.9728339809362936,0.973333737878695,0.9741673035448766,0.9746671835188195,0.9756672532792027,0.9745006144964328,0.9733342365928371,0.9768339487490287,0.977333808361467,0.9745006252730777,0.9776672057554671,0.977167240050315,0.9783338077776256,0.9766671133965191,0.9783337042601351],"mean_valid_accuracy":[0.10714747240566133,0.6425686655336932,0.8327227467637526,0.8801494392135994,0.8907954734867198,0.8983273787792359,0.9088439545992278,0.9182585163432169,0.9192526537085808,0.9342043399173583,0.9429322608028683,0.9430770204306643,0.9491315847613736,0.9442601284670917,0.9486232602021885,0.9536427497058508,0.9565026437285405,0.9585467152970549,0.9595278832200067,0.9622299287233547,0.9643862833826967,0.9649165614553684,0.9581053500277015,0.9662190046131063,0.9674091045537766,0.956093661388865,0.96926731201244,0.9675731225172411,0.9716375457628377,0.9710959070341044,0.9725958539655126,0.9729658088591957,0.9729276184776019,0.9730776745341106,0.9722634987190764,0.9727553186511221,0.972766724911392,0.973264909548649,0.9740538830120211,0.974585322206261,0.975587653250981,0.9744310959734511,0.9732481296596065,0.9767649652916421,0.9772658912246002,0.9744119321195047,0.9776128715691588,0.9771119327508225,0.9782676755025292,0.9765850103286289,0.9782665836056005],"std_valid_accuracy":[0.08652584496127312,0.16791396054392108,0.10856492579862388,0.1020868886465317,0.10161897012723958,0.09730981212347009,0.09209787294003706,0.08130455930358611,0.0626743798557809,0.06135263765744339,0.05007207281984507,0.05438883773875581,0.04569604231094766,0.04882386860351087,0.04232120723197258,0.04139486310549449,0.04033468181805555,0.03278576175518498,0.034368603345151995,0.02860867933597096,0.02724533695746289,0.023906199178229365,0.020688696102109366,0.026410571270962593,0.023662583703639467,0.0478245316507184,0.019294170818759546,0.02475506771718621,0.01657610350123177,0.021012517401367285,0.019971508123383643,0.016131362445833363,0.01886260412940449,0.020444991000359104,0.01999548137515716,0.020864973696045768,0.01929656544470148,0.019362860808778286,0.02258756736715251,0.019082379761035294,0.0184603399732063,0.01875835576707656,0.019311062773065362,0.016873092638362615,0.017023375073745926,0.018583009210221553,0.01625769100083136,0.015397766963543757,0.016687264015944017,0.01914605483219049,0.01575480444648864],"valid_loss_dist":[0.056458485072665224,0.047084754785975895,0.03649426944777743,0.15817080056827879,0.06701852434096557],"valid_loss":[2.304927332058445,1.2697657300677594,0.6131919886004723,0.4251170148511312,0.354686642683656,0.3049718587404664,0.26717424813652946,0.23990397843600128,0.24235129003214048,0.20178461544994553,0.17610034273631345,0.17056278303842498,0.15431840721696446,0.1662101345670583,0.15336987617220207,0.1387166468876586,0.132640849712909,0.1285764559673145,0.12224353888520571,0.1185898474259983,0.11471735698464096,0.11265388842414523,0.140287831162878,0.10640947617235147,0.10245916476685893,0.12340225231083643,0.09867868572209382,0.10543915141281114,0.09243892045566589,0.09144213893294487,0.0910459219939589,0.08734373637290821,0.08833418623180966,0.08710989662101573,0.08580397745409478,0.0855754506280962,0.08717917139269432,0.08528861567177409,0.08343004604127068,0.08180683998253803,0.08066209345887104,0.08025426884420966,0.08416838810032178,0.07659430098787652,0.07669955644512884,0.08189404667596976,0.07346795660818714,0.07277002855278725,0.07407721990804132,0.07436213376724621,0.07289337720176005],