{"test_accuracy":[0.0972,0.4374,0.5551,0.6572,0.6846,0.7222,0.7535,0.758,0.7635,0.7953,0.7927,0.8067,0.8078,0.811,0.8082,0.8255,0.8242,0.8124,0.8478,0.8332,0.8546,0.8497,0.8456,0.8517,0.8624,0.8514,0.8594,0.8603,0.8632,0.8651,0.8639,0.8631,0.8715,0.8683,0.8683,0.8612,0.8594,0.8719,0.8793,0.8736,0.8706,0.8721,0.8718,0.8709,0.8742,0.8752,0.8756,0.879,0.8753,0.8768,0.8568],"test_loss":[2.3084521141052248,2.2029274478912355,2.0189282581329344,1.62790211353302,1.591368943977356,1.407784658050537,1.33208139667511,1.2929369134902955,1.2916742408752442,1.2033928842544557,1.2343502140045166,1.1973037435531617,1.2219660360336304,1.2328067430496217,1.2449046499252319,1.1320911935806275,1.1703668472290039,1.2387128755569459,1.1294633518218995,1.1931177446365357,1.1325599746704103,1.1588923498153687,1.1859640644073486,1.1697551776885986,1.1576350090026855,1.2044012889862061,1.1903046756744384,1.1923758964538573,1.1957330028533935,1.169726077079773,1.1910591833114623,1.195542572593689,1.120093712425232,1.1673391263961792,1.1686418716430664,1.1916074504852294,1.2156848857879639,1.2061665147781373,1.1309997291564942,1.2092570095062256,1.2128587799072266,1.2179363609313965,1.2130889667510987,1.2302210384368897,1.228246323776245,1.220420670890808,1.2193644316673278,1.216842672729492,1.2504746723175049,1.2536631729125975,1.306191876602173],"train_accuracy_dist":[0.984391045389197,0.9675774877650897,0.9463059313215401,0.9636813867106893],"train_accuracy":[0.13817957166392092,0.6158875617792422,0.7383134266886326,0.8324752883031301,0.85667215815486,0.8781404448105437,0.900586902800659,0.9000720757825371,0.9050658978583196,0.9258134266886326,0.9257619439868204,0.9351832784184514,0.9371396210873146,0.9393533772652389,0.9378088962108732,0.9481054365733114,0.948826194398682,0.9324546952224053,0.9617998352553542,0.9557248764415156,0.9656610378912686,0.9645799011532126,0.9640135914332785,0.9653006589785832,0.9716845140032949,0.9594831136738056,0.9709637561779242,0.9708607907742999,0.9729715815485996,0.97415568369028,0.9740527182866557,0.97250823723229,0.9784802306425041,0.9756486820428336,0.9777079901153213,0.9725597199341022,0.9684411037891268,0.9788920922570017,0.9806939868204283,0.9808484349258649,0.9786861614497528,0.9791495057660626,0.9792009884678748,0.9792524711696869,0.9816206754530478,0.981414744645799,0.9814662273476112,0.9847611202635914,0.9828047775947282,0.9832681219110379,0.9655580724876441],"train_loss_dist":[0.04769914223137125,0.08740510480390287,0.14247954016111397,0.09151189002157291],"train_loss":[2.297265001070951,1.1899361508780295,0.8631794900039619,0.5406292807142046,0.46524253646234015,0.3601833327383392,0.30338542831561466,0.2750363832368796,0.2629783294781969,0.21319420129801814,0.20841859427358975,0.183785974865095,0.1779821208356749,0.17265955359472462,0.17502356466033253,0.14840375819501253,0.144992176421091,0.18505572808578094,0.11536145464768802,0.1282295234684711,0.10834602180437247,0.10610996554659363,0.10775951321752315,0.10307055133064255,0.08758278858780406,0.12354883479715449,0.08760031377796937,0.08623357409058227,0.07982123859074808,0.0783158738071734,0.07747927530134738,0.07913937909326085,0.06773558046873597,0.07082725074815394,0.06781464569660707,0.07831037857207658,0.08724250390575632,0.06258506770322446,0.05862530207056613,0.0584176037129923,0.062257149332713896,0.06077190906204869,0.06019817633689358,0.06059796198906417,0.05452370282373417,0.0531858620678782,0.052774223428709764,0.04542279756032283,0.05016459509710393,0.049131180561735266,0.09210062639011435],"valid_accuracy_dist":[0.9745484400656814,0.9633251833740831,0.9234608985024958,0.9628712871287128],"valid_accuracy":[0.13438022106492606,0.6108223874571516,0.7283409916844943,0.8207408785641085,0.8439953039985566,0.8653995713745698,0.8913289336515424,0.8890681909413833,0.8942132939885368,0.915617738837526,0.9158231368459706,0.926114367936975,0.9302298065158591,0.9318764452308436,0.9263199308794038,0.9396978634909597,0.9409319357206154,0.9209701421889411,0.9512229875080385,0.9469006625851134,0.953076276659922,0.9567797783212251,0.9528690546071422,0.9520466782795555,0.9600729285140857,0.9485491210577084,0.9590437101571277,0.9606904326161969,0.9623369926954675,0.9623371927275187,0.9627481284488997,0.9623365255075186,0.9689233299117945,0.9656295961983955,0.9680998360554178,0.9635716374518964,0.957397900997319,0.9689227497670877,0.9699528302677259,0.9695403643163947,0.9676882171457701,0.9678940211037115,0.9680996627264773,0.9680999565854859,0.9699521849460095,0.9711869611816483,0.9693352317313088,0.9728337212929701,0.9720100541522761,0.9718044928531401,0.9561638657679438],"mean_valid_accuracy":[0.13426141434348604,0.6104016100496177,0.7277830754991277,0.8202156254726339,0.8435465069946376,0.8650791930963264,0.8910998312391366,0.8888143857866971,0.894011358100444,0.9154781751131105,0.9156589138608998,0.9259751386417057,0.9300956113052167,0.9317477029109525,0.926161410103991,0.9395900808075978,0.940807599031564,0.9208522706823209,0.951142391234266,0.9467868191969421,0.9529988959857616,0.9566920447837284,0.9527596637981042,0.9519487330588774,0.9599959118340624,0.9485068646669137,0.9589494295638434,0.9606018000650152,0.9622436629280666,0.9622611404470364,0.9626656266009178,0.9622469210499615,0.968858856332465,0.9655428021079828,0.9680096425855326,0.963492004116068,0.9573238183207936,0.9688412048118118,0.9699293338453239,0.969471224281446,0.9676142626892393,0.9678212705323295,0.9680160174098085,0.9680191341121896,0.9698813495234564,0.9711222997757185,0.9692742353935355,0.9727816401577396,0.9719370479075923,0.9717497975995453,0.9560514522677432],"std_valid_accuracy":[0.07768949994039089,0.061439877425697884,0.11761227126911832,0.0851728671289837,0.07404939076317439,0.061914669695599944,0.05560229863161022,0.05078986823006505,0.04513948062234879,0.031606836460519726,0.03399784902836137,0.02752533724877672,0.02845253994486223,0.026496262246279823,0.029985055623348404,0.022015251530844954,0.026193997744238418,0.03189705979516395,0.015293825092915266,0.022612248255046364,0.013587783418559497,0.016886705557958164,0.02141594160941001,0.017630385627675684,0.014264264418511637,0.007785925729169231,0.015871073215927383,0.014920861832557053,0.015764722034644383,0.013319618612464395,0.014595286468429895,0.01540048633723357,0.011258176495072806,0.014153478904157087,0.014460418856062099,0.01391723820910919,0.01226532165310309,0.012770859497048854,0.005121183326726778,0.011031726095670819,0.012661752372213727,0.011394979134201887,0.013171595487501271,0.013321468276332354,0.010934114325686842,0.010081493280078136,0.010955273610190917,0.008855174209504366,0.012202780394514615,0.008653580867069889,0.01938878583138196],"valid_loss_dist":[0.0702792194615346,0.1287474716605942,0.24236192421587852,0.10865472709581797],"valid_loss":[2.2980500309193586,1.2249646094953879,0.9070119235740338,0.5795769511455405,0.5014525904529297,0.3911294657733602,0.3292697647925243,0.3057272387204807,0.2955571737090295,0.2438975009949897,0.23790034756082112,0.2140391421218575,0.20686751848164506,0.2024562399267527,0.207524426969885,0.17926557430680704,0.17468372242896119,0.2226518998040541,0.14513590719605257,0.15906972017128693,0.14131813582915181,0.1360858564267507,0.1383065900397253,0.13633520489611922,0.11765682357657001,0.1594460653212151,0.11866359859408623,0.11827354976026955,0.11035820489417951,0.11077295446601426,0.1092901287356615,0.11298713767132142,0.09910958236739126,0.10313468634215223,0.10061487985557557,0.11508779651031807,0.1256594547445292,0.09464486556812317,0.08911992469345362,0.09155438359719521,0.09851967181652249,0.09744609780270497,0.09632722593538226,0.09800631057318213,0.09039347255714417,0.08966150057052424,0.08973132979800309,0.08001556155107581,0.0863276794709014,0.08597470770107876,0.1371837404214063],