{"test_accuracy":[0.0972,0.2966,0.5848,0.5557,0.7126,0.7129,0.7228,0.7418,0.7453,0.7619,0.7545,0.7426,0.7785,0.7674,0.7659,0.7707,0.7738,0.7756,0.7579,0.775,0.7864,0.7786,0.768,0.7835,0.7841,0.7778,0.7864,0.7863,0.7897,0.7869,0.789,0.7896,0.784,0.7877,0.7884,0.7931,0.79,0.7934,0.7916,0.791,0.7913,0.7908,0.793,0.7917,0.7918,0.7915,0.7893,0.7931,0.7909,0.7927,0.7863],"test_loss":[2.3084521141052248,2.939460025024414,2.4039237239837647,2.322144794845581,2.0838378700256346,1.991206614303589,2.1279264640808107,2.149841519165039,2.1433555461883547,2.164356338119507,2.225927425003052,2.2805326141357423,2.0769221382141114,2.19897654876709,2.290155853652954,2.2895305244445803,2.319600491333008,2.364039033126831,2.4812598403930664,2.426299941635132,2.3832261310577394,2.2720786476135255,2.3951693466186526,2.4053332492828368,2.392155882644653,2.581014669418335,2.467209730911255,2.4961941276550292,2.5299283082962036,2.58892126121521,2.5939507415771486,2.276551616668701,2.444622232055664,2.4861128997802733,2.535542177581787,2.5854658111572264,2.6238337692260743,2.6336378772735594,2.6869350040435793,2.7158247772216795,2.7515441356658936,2.7702420989990233,2.7645802017211913,2.818615315246582,2.845011264038086,2.855434111404419,2.921273215866089,2.896155612564087,2.6037848377227784,2.725527961730957,2.829411569213867],"train_accuracy_dist":[0.9833607230895645,0.9629552549427679],"train_accuracy":[0.09479995864778248,0.47348289052000414,0.7424790654398842,0.67683242013853,0.8862814018401737,0.8863847823839553,0.9015817223198594,0.9186395120438333,0.928770805334436,0.9457252145146283,0.9367311072056239,0.9267031944588029,0.9612322960818774,0.9523415693166546,0.950687480616148,0.9546159412798512,0.9580274992246459,0.9594748268375891,0.9435542230952135,0.9584410213997726,0.9703297839346635,0.9612322960818774,0.9534787552982529,0.9681587925152486,0.9717771115476067,0.9605086322754057,0.9740514835108033,0.9736379613356766,0.9762224749302182,0.9734312002481134,0.9782900858058513,0.979013749612323,0.9747751473172749,0.9753954305799648,0.9791171301561046,0.9837692546262793,0.9794272717874496,0.982942210276026,0.9819084048382094,0.9805644577690479,0.9814948826630828,0.9800475550501395,0.9837692546262793,0.9826320686446811,0.9825286881008994,0.9820117853819911,0.9793238912436679,0.9852165822392226,0.9818050242944278,0.9843895378889693,0.97322443916055],"train_loss_dist":[0.04765206980981979,0.09131824167660446],"train_loss":[2.3083825021424538,1.5182565817797946,0.7646318326676187,0.9185242151186235,0.35152418660203116,0.33990647024912635,0.2953329449335619,0.24484523432671093,0.21951264725295389,0.16887015086886284,0.18591055456711836,0.20979387323525825,0.12674346572516265,0.14580007554160443,0.15069670701309135,0.1294206474875635,0.11802167154807752,0.11471368219931813,0.16476806623759713,0.11332582273293981,0.09011471327280636,0.1058711663272109,0.13226788420379193,0.08951174493836331,0.08245388637724822,0.11324781092698505,0.07576968893293239,0.07479511311218631,0.06646450161302297,0.0715179520430097,0.06406093311925394,0.06118638216709753,0.07843566376584572,0.06883790223610557,0.061641008555303745,0.04807306368473544,0.05798120920304785,0.04700481087419199,0.05064115198967432,0.051712653917886965,0.05065321858063807,0.05331472547451984,0.04594469655589753,0.045942431765025125,0.047349704538689495,0.04799394733656171,0.05292045529656421,0.04054818071743072,0.0497051827269861,0.042771065714538474,0.0693429574165499],"valid_accuracy_dist":[0.9835661462612982,0.940099833610649],"valid_accuracy":[0.08719873645237539,0.4874203423667745,0.7495113506160603,0.6792399311048662,0.8846807235537174,0.8838575495233228,0.8958450482181649,0.9160957658184703,0.9202312455910606,0.9375878240081272,0.9284978187737346,0.9161001521809768,0.9570117552795032,0.9417227877380698,0.93717688204624,0.9458564613613927,0.9508161472496734,0.9524686878222364,0.9355245994950007,0.9528832420826587,0.9632120076931638,0.9545339765059544,0.942550090109647,0.9623878015774737,0.9611482671373893,0.955359472728264,0.9648681605642617,0.9636275940388818,0.9714809030677531,0.967760235576909,0.9702400785210494,0.9727173412519504,0.9652801346114449,0.9656941728292193,0.9685872799271623,0.9747852101489076,0.9727204375078373,0.9756132865844565,0.9756138026271043,0.9735469658154429,0.975200022430654,0.9731342177042881,0.9760270667809072,0.9756138026271043,0.9743740101656961,0.9739607460118934,0.9723079474180064,0.976026808759583,0.9710681549565983,0.9752002804519776,0.9619745374236708],"mean_valid_accuracy":[0.08777038269550749,0.4868180531762319,0.7489250318217925,0.6785376878032641,0.8843125740856448,0.8834139758851653,0.8954208064619773,0.915788120866756,0.919891457267195,0.9373725931992283,0.9281852896500902,0.9157009612847391,0.9569130878828357,0.9414861836681401,0.936910476513398,0.9456254093082332,0.9506068357722066,0.9522809833514945,0.9352312018998739,0.9526713215580168,0.9631270533772116,0.9543813583769587,0.9423027493208389,0.9622489633136775,0.9609959161463297,0.9552338132693114,0.9647294224771916,0.963496883446789,0.9713747424519803,0.9676566172238272,0.9701473304558139,0.9726893140301633,0.9651710310260768,0.9655716233010718,0.9684783099107623,0.9747384187132648,0.972627789619328,0.9755396032632548,0.9755293491947822,0.9734597363747357,0.975123629885551,0.9730335089285592,0.975945322572486,0.9755293491947822,0.9742814290616707,0.9738654556839669,0.9721964351389153,0.9759504496067224,0.9709485150058038,0.9751185028513147,0.9618329899359737],"std_valid_accuracy":[0.08777038269550749,0.09247529111300395,0.09002320153893062,0.10782221359361349,0.05652555245502905,0.06810615558566452,0.0651379445651386,0.04723570822116524,0.05217099137701203,0.03304647007110856,0.04798562242879234,0.06129164348107852,0.015149360761371411,0.03632811378461265,0.04090382093935474,0.03547565889225984,0.03213761780215668,0.028820084848998617,0.04504817361368413,0.03253821007715163,0.013043858701670852,0.023432939075794024,0.037976626192719076,0.021317182947620805,0.023391922801903664,0.019293713435700854,0.021301801844911983,0.020069262814509325,0.016299867243993515,0.01590952903747106,0.01424050849241948,0.004303290735654219,0.016751729861351317,0.01881621564716157,0.016731221724406165,0.007184342174163305,0.014225127389710657,0.01131331374578387,0.012966953188126573,0.013393180634303004,0.011729287123487697,0.015462793454349533,0.012550979810422747,0.012966953188126573,0.014214873321238053,0.01463084669894188,0.017121559930928565,0.011724160089251423,0.018369480064040045,0.012556106844659076,0.021733156325324632],"valid_loss_dist":[0.05725958651343426,0.19360498273233803],"valid_loss":[2.3087454569571357,1.4859781986817198,0.7381171477056091,0.9344072574506198,0.3596002189292306,0.3558088158905049,0.31176444165333356,0.25423690197814586,0.23649238500883907,0.18780275187979287,0.2078155461677485,0.23597032051996053,0.15053762988766528,0.16840435668224743,0.17614054988622768,0.15617087266414317,0.145597692203921,0.14101932568865747,0.19150539283914592,0.1419820741468339,0.11753271017750372,0.13588696104902986,0.1690501766572512,0.1190662677391382,0.11775062689768469,0.1404140482115926,0.109235800251803,0.11078777567318508,0.10130053351504785,0.10662852925663927,0.10069135250711754,0.09640590521681468,0.1183997497996365,0.10810554481840998,0.10135961046597168,0.08995383710138857,0.09762250689790274,0.08841087580006148,0.09380535421453247,0.09590296373021086,0.0943935203044393,0.0982775002145012,0.09160209764702383,0.09244113746936236,0.0927980706074772,0.09685071315915716,0.10163893360049993,0.08810866737766365,0.09729822253227384,0.09063798942822508,0.12498827759498421],