{"test_accuracy":[0.0972,0.4074,0.6121,0.6347,0.6992,0.7213,0.7501,0.7924,0.8136,0.8163,0.8522,0.8059,0.8831,0.8923,0.8962,0.9005,0.9065,0.9096,0.9185,0.9054,0.9237,0.9229,0.9213,0.943,0.9238,0.9239,0.9341,0.9448,0.9421,0.9451,0.9437,0.9487,0.9501,0.9509,0.944,0.9545,0.954,0.9539,0.9496,0.9608,0.9545,0.9605,0.9612,0.9632,0.9637,0.9615,0.9582,0.9652,0.963,0.9643,0.9635],"test_loss":[2.3084521141052248,2.006410470581055,1.5114428844451904,1.1843195224761962,0.9430537585258484,0.7932740915298462,0.6883040697097779,0.5494636988639832,0.4996829125404358,0.49556151447296143,0.40049433369636533,0.5336436082839966,0.32267307591438293,0.3039171325683594,0.297563288974762,0.27966163711547853,0.2626042939662933,0.2519531795024872,0.2317367727279663,0.2651909032344818,0.21803459944725037,0.21848466601371766,0.22477291002273558,0.16116583137512208,0.21325876019001008,0.20939154720306397,0.1936711135149002,0.16565080034732818,0.1662742381811142,0.15827164757251738,0.16450610647201538,0.1477440191745758,0.14813929917812346,0.14113524360656737,0.16749868488311767,0.1331507733106613,0.13281876558065414,0.13439847998619078,0.14961182718276977,0.11430338697433472,0.13422161529064178,0.11773458471298218,0.11806028240919113,0.10775504105091095,0.11004473385810852,0.11349425494670867,0.12187595286369324,0.10476504452228547,0.11073916063308716,0.1076852592587471,0.10900675106048584],"train_accuracy_dist":[0.9919901417128774,0.9899342645850452,0.9800163132137031,0.9562955254942768,0.9762103505843072,0.9836978951712753],"train_accuracy":[0.09310961353321413,0.5601705405033696,0.755982670884335,0.7784004951175905,0.842697015541191,0.8562783661119516,0.876358135057076,0.8918649429239445,0.9051368450006877,0.8888048411497731,0.9213656993535965,0.8925869894099848,0.9384885160225553,0.9419612157887498,0.9464654105350021,0.9496630449731811,0.9525512309173428,0.9537202585614083,0.958980882959703,0.9476688213450695,0.9609063402558108,0.9596341631137395,0.9583276028056663,0.9687800852702517,0.9622816668958878,0.9603218264337781,0.9623160500618897,0.9708774583963692,0.9708086920643653,0.9721152523724385,0.9698459634163114,0.9740750928345482,0.9746596066565809,0.9749002888185944,0.9657543666620823,0.9762756154586715,0.9767569797826984,0.9762756154586715,0.9682987209462247,0.9803328290468987,0.9773071104387292,0.9797826983908678,0.979713932058864,0.9813643240269564,0.981054875532939,0.980160913216889,0.9791294182368312,0.9821207536789988,0.9816737725209738,0.9814330903589602,0.9797483152248659],"train_loss_dist":[0.024593056494997104,0.026367563350644996,0.059213352740588816,0.12753183569266818,0.07630998192227544,0.04778820498117326],"train_loss":[2.3043944361432516,1.2939079641566251,0.8331258962231364,0.6466130845708788,0.4898413219886868,0.41620871899212725,0.3594658396566337,0.3043665795372713,0.275676792587154,0.3091649954905189,0.23276948665844216,0.3115185772304095,0.18374452947685938,0.17486819539902101,0.16525936963246976,0.15317884737989743,0.14435485869301773,0.13995812600805152,0.1287964027237417,0.15440764125019493,0.12079712798993913,0.12089554008684121,0.1260479468692941,0.09916491096237555,0.11438387828381952,0.11729612551002427,0.11379216414387117,0.09317959591133049,0.09240421591568167,0.0881014700890358,0.09268590478141236,0.0817844241272426,0.08091841529354939,0.07852837070335984,0.1053156209631826,0.07497715762530863,0.07295584254488892,0.07433408581636505,0.09557776426297773,0.06455018988647425,0.07126829978690861,0.06392103708522727,0.06455168946798706,0.059054477052439554,0.059891357472205614,0.06129825406064441,0.06403625211029683,0.05590382345346625,0.05767041071224714,0.056855520932163964,0.06012009068623671],"valid_accuracy_dist":[0.9885057471264368,0.9884963023829088,0.9714751426242869,0.9334442595673876,0.9682804674457429,0.981023102310231],"valid_accuracy":[0.09015958650684651,0.5539219204443027,0.7547483912935793,0.7713801703509907,0.8381881218116966,0.8515246094825675,0.8733852016014273,0.886722195118736,0.89868278625136,0.8831530503833778,0.9150440992901274,0.8882351822265022,0.9330527182815959,0.9377252766270762,0.9408875255761947,0.9440503087272898,0.9480372005043183,0.9491369732007093,0.9543608052554076,0.9415771905973424,0.9557351929895929,0.9555978557154615,0.9549111779780755,0.9634340558789308,0.9576591609643492,0.9536749423462193,0.9583451059034942,0.96384538231329,0.9637082258866447,0.9661823653613963,0.963433584344087,0.9668696004445256,0.9685191220076048,0.9676950267908827,0.9601351370944028,0.9689321101989363,0.9690695014374454,0.9679700378955243,0.9627444158042884,0.9718191045318358,0.9703059536749483,0.97209397814159,0.9708565779777896,0.9734683720023101,0.9731935319787055,0.9719565578260886,0.9714055645387595,0.9736060212342333,0.9737434096694203,0.9722315387553011,0.9719566154313298],"mean_valid_accuracy":[0.08992497183277477,0.5534810615658756,0.7539312761555288,0.7707289984061269,0.8374411891419564,0.850854876990514,0.8727802710711989,0.8862697920861038,0.8982648199071964,0.8829136992654373,0.914762610931955,0.8878147132140702,0.932825025600703,0.9375122770419716,0.9406839862138173,0.9438622964802851,0.9478585580866605,0.9489650555671169,0.9542108223793946,0.9414219327366178,0.9555849813122421,0.9554563312496507,0.954753715102044,0.9633420888971685,0.9574966332976365,0.9535467839327486,0.9582184185498072,0.9637352943420581,0.9635900876819511,0.9660729141149732,0.9633140327380262,0.9667616311812391,0.9684086036709324,0.9675913264256774,0.9600447167060141,0.9688344103719637,0.9689696397102548,0.9678660653932711,0.9626617900383363,0.971735311159437,0.970186618911129,0.9720047120314012,0.9707633456329215,0.973376599294872,0.9731031125376969,0.9718662827829809,0.9712823808082129,0.9735085472926673,0.973647745810549,0.9721379942688771,0.971870836909499],"std_valid_accuracy":[0.08919492760314865,0.19336557227806875,0.13174385050393095,0.11742013531565311,0.10909953372844036,0.10388022680546609,0.0947946006056769,0.07679296576759252,0.07228134156974639,0.07533605684769998,0.05471574926368732,0.0705375676895731,0.04454970030402606,0.03696099912735435,0.03705670003989004,0.03757607439001768,0.03715947783354464,0.03569706931514603,0.03207461323357392,0.038186649903084,0.030892811652703783,0.030614211803586453,0.03443454261015574,0.023633131868668025,0.02968440909275582,0.03416783214370512,0.019884818051117817,0.02228225365211893,0.023690361133518235,0.021321663837625165,0.025322723546940946,0.020490738954004634,0.02044403031321185,0.02183120999195322,0.023997267853519667,0.019932311649470145,0.02019751669152741,0.022035594736612173,0.013560339823445098,0.01755963445900831,0.019844489477425294,0.018686537948047387,0.01832402725628682,0.017415255362502845,0.017772687401016958,0.018472462244454327,0.019607079788297933,0.01856859058653634,0.018147006159418035,0.019144601075883713,0.01882613199421417],"valid_loss_dist":[0.03131118431161288,0.03143672474897975,0.09359092675847742,0.2026228484218807,0.10122946348781378,0.06894577942518118],"valid_loss":[2.304926784775444,1.3126788322969003,0.8424940145422534,0.6606877943080712,0.5013921790511107,0.4305282011714736,0.37391278941711376,0.3190691792628812,0.2910140026107984,0.3307302122787581,0.24727635072173165,0.3235869235046912,0.1991652588718002,0.1904193194157121,0.1807755624249071,0.16868378632128095,0.16002196141598868,0.15613506276090774,0.1450897757029264,0.17507602629842114,0.13773143709870986,0.13790672551734082,0.14148247213932696,0.11663499344281693,0.1345299615823571,0.13823377672109852,0.13129725671870335,0.11270354072233307,0.11216035260077312,0.10779512184528793,0.11386000397878239,0.10209145445129633,0.10158863978400513,0.0994414471259811,0.12756726648462366,0.09666472454618608,0.09511548269822717,0.09692254519716617,0.11757190044313348,0.08637618342611345,0.09463997730695793,0.08776872750894053,0.08911874437671018,0.08254901350193163,0.08401377444246552,0.08644888175010408,0.08957513451205636,0.08096084806670897,0.08327349311391717,0.08354063839399355,0.08792682093625424],