{"test_accuracy":[0.0972,0.3084,0.4463,0.4092,0.5494,0.5187,0.6076,0.6482,0.6266,0.6455,0.6626,0.654,0.6562,0.6599,0.67,0.6698,0.6632,0.6641,0.6729,0.6739,0.6736,0.6732,0.6664,0.6774,0.6846,0.6792,0.6818,0.6803,0.6809,0.6758,0.6779,0.6787,0.6698,0.6806,0.684,0.6819,0.6852,0.6842,0.6863,0.6781,0.6865,0.6858,0.684,0.6859,0.6876,0.6869,0.6876,0.6872,0.6871,0.6873,0.688],"test_loss":[2.3084521141052248,4.348845211791992,3.1283403915405272,4.223891165161133,3.1637566581726073,3.4354782527923584,3.1594489154815673,3.102664287567139,3.311950286865234,3.3238377101898195,3.417979867553711,3.426420506668091,3.4738709800720216,3.5255221454620362,3.6235981689453123,3.532020495223999,3.678125931549072,3.6541298107147218,3.6608524368286135,3.736910792541504,3.7369191776275636,3.8065192001342774,3.938779484176636,3.8825085494995117,3.9230417655944825,3.972873143005371,3.9456252227783204,4.03954433517456,4.081897255706787,4.152519158935547,4.153849204254151,4.184769696044921,4.571777227020264,4.262636782073975,4.231873841094971,4.348001860046387,4.29781421508789,4.373003590393067,4.40039472579956,4.563043756103515,4.470775045776367,4.534735437774658,4.519760388946533,4.54804115524292,4.612206904602051,4.621171308135986,4.632675987243652,4.704967638397217,3.76522596282959,3.9477023483276366,4.115903647613526],"train_accuracy_dist":[0.9909613804437141,0.988856789104416],"train_accuracy":[0.0009264978381717109,0.6012970969734404,0.7484043648342599,0.7031089149680873,0.8409512044471896,0.8153180975911056,0.8991146798435248,0.9395717521103562,0.9167181387687873,0.9365863701873585,0.9570722668313774,0.9448219065266625,0.9480131768581429,0.9509985587811406,0.962425365451925,0.9660284126003706,0.9581017088737904,0.9592340951204448,0.9667490220300597,0.9683961292979205,0.9709697344039531,0.9690137945233683,0.9629400864731316,0.9750875025736051,0.9850730903850113,0.9788964381305333,0.9800288243771875,0.9781758287008442,0.9807494338068766,0.9747786699608812,0.976425777228742,0.9770434424541898,0.9636606959028207,0.9797199917644637,0.9850730903850113,0.9809553222153593,0.985999588223183,0.9845583693638048,0.9874408070825612,0.9778669960881202,0.9876466954910439,0.9865143092443895,0.9846613135680461,0.9879555281037677,0.9900144121885938,0.9885731933292156,0.9897055795758699,0.9892938027589047,0.9877496396952852,0.9897055795758699,0.9899114679843525],"train_loss_dist":[0.024332768059562932,0.026825300415918643],"train_loss":[2.316232538773048,1.6231566206869432,0.5833928206464207,1.184134346812454,0.39031230877499684,0.5243653674687234,0.2615954389426353,0.16416121466748382,0.2154256209488732,0.16839938786433806,0.12363662359484778,0.14083657056762036,0.1341705525150902,0.1262856377497705,0.09940106726512513,0.09132954146462212,0.11038385785844607,0.10311299181104762,0.08385947551628138,0.0808938984652348,0.07519547994554791,0.07875683136316565,0.0940251785856057,0.06374748640371394,0.04345589469207862,0.05574639951198563,0.050989656030536554,0.054668625425919354,0.04983528813898306,0.06337442338030992,0.059239983384547126,0.056620426837255954,0.09476140220640912,0.04934072031089006,0.03842596744971619,0.04723071921919755,0.03423501389929118,0.03763683816153055,0.03221328244140935,0.05481933855672346,0.031623287716240386,0.03358336134215662,0.03612761377532013,0.030292477922746863,0.026736958155633615,0.0280201285479244,0.024957299186463264,0.027515856995150856,0.03160709561655459,0.0275544629205806,0.02557621172838111],"valid_accuracy_dist":[0.9852095316351684,0.9785478547854786],"valid_accuracy":[0.0,0.5990131286136644,0.7435218197545511,0.7122289900392139,0.8439654651073507,0.8237912889497722,0.9053112074641682,0.9423648356188307,0.9193099204917404,0.9341299787792243,0.9547174606280887,0.9444210017048646,0.9473032695486965,0.9505981635841163,0.9633606967861702,0.9637700953541926,0.9534790724285522,0.9604782590674138,0.9691235337245893,0.9682999800906589,0.9691230240998159,0.9670646496397632,0.9637714543535886,0.971593685001607,0.9777689782566892,0.9740638362786248,0.9752984872298225,0.9744752733457409,0.975710433921712,0.9715938548765314,0.9715931753768337,0.9728283359528047,0.9604797879417344,0.9732399428948453,0.9781804153238054,0.9740638362786248,0.979415406024852,0.9773572014397239,0.9785923620156952,0.9740643459033983,0.9794162553994745,0.97818058519873,0.9781807550736543,0.9777686385068403,0.979415745774701,0.9794155758997765,0.9806505666008231,0.9806507364757475,0.9814747997344516,0.981474629859527,0.9818862368015677],"mean_valid_accuracy":[0.0,0.5990000705082834,0.7434562889320978,0.7122099329900122,0.8440011010139634,0.8238408167028699,0.9053070364554944,0.9423459190619143,0.9192927612399695,0.9341222125499321,0.9546780890085722,0.944427269349778,0.9473048886647086,0.9505848797698175,0.9633465400771795,0.9637811151698572,0.9534760583700113,0.9604706156729066,0.9691187278136195,0.9682970351266844,0.9691238125455931,0.9670644960962818,0.9637675558845942,0.9715888906063983,0.9777651450436744,0.9740590533991773,0.9752983720722113,0.9744732895639605,0.975707523505021,0.9715871956957405,0.971593975338372,0.9728282092794325,0.9604553614769858,0.9732407505335579,0.9781793812084577,0.9740590533991773,0.9794153100601761,0.9773542987002068,0.9785885326412674,0.9740539686672036,0.9794068355068868,0.9781776862977999,0.978175991387142,0.9777685348649903,0.9794119202388604,0.9794136151495183,0.9806495440012366,0.9806478490905788,0.9814644570455402,0.981466151956198,0.9818786932103235],"std_valid_accuracy":[0.0,0.005765747075940131,0.028934836786883245,0.008414553452058438,0.015734872583396398,0.021868754254225797,0.0018416899208408832,0.008352519721980423,0.007576589622807828,0.0034291432430013646,0.017384359635634894,0.0027674501221691683,0.000714913315489285,0.005865407822622848,0.006250830506222327,0.004865749516611506,0.0013308438485590268,0.0033749061019495152,0.002122028143652477,0.001300335456717372,0.0003481346491264192,6.779642631477012e-5,0.0017213512641321427,0.00211694341167884,0.0016925377829483668,0.0021118586797052585,5.084731973609147e-5,0.0008759298279868988,0.0012850812607965723,0.0029403310092718238,0.0003532193811000006,5.593205170972837e-5,0.010785394480286148,0.00035660920241570304,0.000456608931230007,0.0021118586797052585,4.237276644675214e-5,0.0012816914394808143,0.0016908428722904878,0.004582021472484099,0.004159310754411505,0.0012799965288229354,0.002103384126415919,4.5762587762510076e-5,0.0016891479616326643,0.0008657603640396805,0.0004515241992564256,0.0012749117968494095,0.004566767276563299,0.003743379678970371,0.0033308384248449396],"valid_loss_dist":[0.047146291691647656,0.06219510800472581],"valid_loss":[2.3174250742093427,1.6352905236020583,0.5788384636215805,1.1671330545716534,0.3838023537618202,0.5201729246015501,0.25337577448498394,0.16376243298409154,0.21441519277664114,0.17099174777337775,0.1346671091188754,0.14536453714101935,0.1390352468314449,0.13234935199363307,0.10939992439354189,0.10380760337867363,0.12276408150958633,0.1142886518883366,0.09505356334797854,0.09557610599541487,0.09054363793648587,0.09300610935336595,0.11104363702748142,0.08308150593094428,0.06491236943067154,0.07758328386512581,0.07424173353873678,0.0778684625432855,0.07231590739615125,0.08505265637196764,0.08410619824760918,0.08129178577250207,0.1127015355234398,0.07542952992990663,0.06645583114300739,0.073392416900346,0.06282666941186076,0.06650393383597678,0.0620457112592019,0.08240955346618474,0.06130156024040041,0.06298478988090574,0.06619960332148328,0.061663135807267865,0.05877937450682946,0.06089868403728587,0.0577141162518007,0.05939949046644979,0.05994889977366929,0.056026730501970406,0.05465365877556537],