{"test_accuracy":[0.0972,0.4572,0.6903,0.8307,0.8501,0.8999,0.8986,0.9257,0.9354,0.9433,0.9493,0.9505,0.9544,0.9526,0.9459,0.9647,0.9644,0.9592,0.9662,0.9629,0.9693,0.9678,0.9717,0.9694,0.9714,0.9737,0.9743,0.9742,0.9764,0.9748,0.9771,0.9753,0.9768,0.9771,0.9779,0.9777,0.9786,0.9798,0.9769,0.9793,0.977,0.9792,0.9792,0.978,0.9799,0.9807,0.9685,0.9804,0.9817,0.9826,0.9814],"test_loss":[2.3084521141052248,1.5315723262786864,0.8532401823043824,0.5116303995132446,0.426167626285553,0.32430891346931456,0.3008332757949829,0.24706588191986084,0.21990570340156554,0.19303061215877532,0.17543865571022033,0.17122297248840332,0.15594711118936538,0.16137511820793152,0.1730884938955307,0.1260604483604431,0.12447562043666839,0.13717836515903473,0.11648240360021592,0.12009582543373108,0.10533182854652405,0.10664705464839935,0.09738045108318329,0.10644586944580078,0.092908513879776,0.08659001520872116,0.08652681843042373,0.08451074038147927,0.07919461539983749,0.08255996896028518,0.07542154868841171,0.07806438703536987,0.07623780076503754,0.07452557514905929,0.07009188225269318,0.0693975947380066,0.06637915745973587,0.06364414010047913,0.07021835112571716,0.06583929767608643,0.07301141747236252,0.06258632757663726,0.06473264531493186,0.06677637676596641,0.060681428360939024,0.06080825326442719,0.09753960524797439,0.060133723151683804,0.056345035433769224,0.053553185713291165,0.0554433288037777],"train_accuracy_dist":[0.9921825480667653,0.979552715654952,0.986541598694943,0.9866805411030177,0.9782971619365609,0.988421052631579],"train_accuracy":[0.12758464381603263,0.5578995083510583,0.7572439764287457,0.8591652428606297,0.8759370968304334,0.909934098120576,0.9136650510826737,0.9351093134349175,0.9418389762544022,0.9476271836535444,0.953241047456327,0.9540778967188536,0.9578785871194951,0.9569022629798808,0.9509397119843788,0.9634227134837338,0.9647477248160675,0.9631786324488302,0.9678859095505422,0.9671885351651034,0.970396457338122,0.9700129014261306,0.9722096307402629,0.9713727814777363,0.9723491056173507,0.9750339970012901,0.9758011088252728,0.9763241396143519,0.9774050699117821,0.9775445447888699,0.979253112033195,0.9776142822274138,0.9791136371561072,0.9794274556295547,0.9808919418389762,0.9807175982426165,0.9816590536629589,0.9829840649952927,0.9813103664702395,0.9824959029254855,0.9794623243488266,0.9829491962760207,0.9825307716447574,0.9822866906098539,0.9837163081000034,0.9838209142578193,0.9729767425642456,0.9840998640119948,0.984622894801074,0.985250531747969,0.9852854004672409],"train_loss_dist":[0.02778754400011855,0.05806708533209734,0.04436141072634188,0.04558764166168628,0.05897382874421166,0.03319550059971056],"train_loss":[2.3065012894297268,1.3063664877800027,0.7028850175331458,0.43980496075575753,0.3650243898628355,0.29069243606494694,0.26575531566655136,0.22142962495848958,0.19901778110192866,0.17550993229543205,0.16043964815502856,0.1546892496605588,0.14277976097456518,0.14579887033353695,0.153699822394449,0.11676126326780455,0.11366866762151387,0.12394730295461028,0.10532915592115666,0.1108947034057906,0.09578986297988269,0.09647678210850752,0.08856353605054172,0.09424028180493105,0.08770470366064034,0.0796488341466364,0.07810957434718473,0.07568521183703089,0.07236895474884117,0.07268905234570693,0.06744775475296423,0.07035401405302164,0.06637598655742777,0.06524132130473177,0.06129619273917562,0.06081809329810147,0.05823804488422926,0.05576429929757157,0.05931937355137542,0.055933844198039366,0.06182273637711609,0.05287028588124672,0.054161527067011876,0.05518945753070374,0.05053730333274144,0.0492949555738251,0.0797496939909893,0.04870247655996979,0.04584339962844661,0.04412251796993354,0.04466758265504476],"valid_accuracy_dist":[0.9881756756756757,0.9812606473594548,0.9779951100244498,0.9750415973377704,0.9816360601001669,0.9873737373737373],"valid_accuracy":[0.12210413334935806,0.5599867249146291,0.7484816794038824,0.86002440729796,0.8775932935877107,0.9075684472696903,0.9118887633279775,0.9322457623804687,0.9396340084950386,0.9500913502535924,0.9551097918233725,0.9535758502226668,0.9592916211686268,0.9592912639459072,0.9499495523836987,0.9659836398159771,0.9672383890111184,0.963473944910129,0.9680749164407009,0.9625001774337458,0.9698867598252436,0.9711417314136878,0.9735118859287217,0.969747594010751,0.9728144449811408,0.975046300766986,0.976021047233243,0.976299593669393,0.9772759626731705,0.9769968748633829,0.9792275277647273,0.9767178387580123,0.9792274252970811,0.9796459084722864,0.9807611870764094,0.9807607291591074,0.980482237587796,0.9799251740945661,0.9803426180924218,0.981597666299342,0.979227484951038,0.9827130804305059,0.9818764585389675,0.9807610092142683,0.9817370443058773,0.9810397366802115,0.9729535080194459,0.9821552150020597,0.983410082420289,0.9827131069982138,0.9818767167480997],"mean_valid_accuracy":[0.1216303489140159,0.5602547492929459,0.7482348116010237,0.8599082100322395,0.8774299151332254,0.9074603307323028,0.9117598546436697,0.9322664085030743,0.9396713633194178,0.9501278157070282,0.9551162189131605,0.9535954337469574,0.9593084447286881,0.959321230317522,0.9498566618683039,0.9659924046308511,0.9672545320337259,0.963517500154054,0.9680934778109447,0.9626503975401154,0.9699029104857534,0.9711746121158353,0.9735274222562693,0.9697729100712021,0.972785975312962,0.9750972856268012,0.9760308670468252,0.9762967493583057,0.9772972720701008,0.9770055986038733,0.979217038199201,0.9767269330973729,0.9792386887530005,0.9796619902046313,0.9807749679926266,0.9807549016827696,0.9804982186782918,0.9799577459881919,0.9803538357577634,0.9816027112328843,0.9792386576845763,0.9827310326373513,0.9819050702177062,0.9807865983372356,0.981758337577007,0.9810505254694478,0.9729275974459823,0.982163928426659,0.9834208072734172,0.9827407838459261,0.9819138046452092],"std_valid_accuracy":[0.08342188174640829,0.1682176717364015,0.11273984843994196,0.05828332505894056,0.06057046376641401,0.04376787559066022,0.0398085382231304,0.0219957880832908,0.017930086058034308,0.02066029465890696,0.01636633697636861,0.017610975942291288,0.012421167181122721,0.011164194982035188,0.0262992353247587,0.01229585910245887,0.009392202333560898,0.009377959614761145,0.009864332485270372,0.012591862564691806,0.008670127521078133,0.007355053245105052,0.00902887901504809,0.009139578586198389,0.011978878386231172,0.00746785357126769,0.006203775029392554,0.008271893798789466,0.007791792917853578,0.007292084538105072,0.006757561414776407,0.0064820066824273215,0.006835695644583564,0.006133384302590162,0.00695474596320728,0.007534405466063277,0.00522302832213378,0.005792001545377644,0.006730219156183552,0.006225224805133531,0.007579682264570128,0.005947314585630885,0.0053505418722245,0.005806934414866536,0.005630031349109116,0.004938656012575422,0.012887289393903788,0.00592458033118585,0.005278749495839767,0.004694075984090386,0.004692352847660156],"valid_loss_dist":[0.03574946452234242,0.05688888997194917,0.07475960037891906,0.08751749932865137,0.06221269148841923,0.057206714983640695],