{"test_accuracy":[0.0972,0.3196,0.5133,0.6966,0.7332,0.7646,0.798,0.8081,0.8267,0.8187,0.8387,0.8374,0.8368,0.8467,0.8492,0.8434,0.8531,0.8551,0.8576,0.8595,0.8529,0.8566,0.8633,0.8638,0.864,0.8645,0.8661,0.8682,0.87,0.873,0.8676,0.8732,0.8719,0.8704,0.8725,0.8713,0.8736,0.8738,0.8735,0.8737,0.8763,0.8727,0.8755,0.8731,0.8735,0.8745,0.8756,0.8773,0.8762,0.8774,0.8785],"test_loss":[2.3084521141052248,2.629907148361206,2.090997497177124,1.528970599746704,1.4562950649261475,1.3734298652648926,1.313991300010681,1.32699128074646,1.3283074392318726,1.3020448698043823,1.2789636081695557,1.2667560026168823,1.288059939289093,1.2815551109313965,1.2905367834091186,1.2942188035964965,1.2742839206695558,1.3253208782196044,1.2999196161270141,1.2904094635009766,1.3263343086242676,1.3109502840042113,1.3353189540863037,1.3310769632339479,1.3533401231765747,1.3440922130584716,1.362289462852478,1.391252450942993,1.3187352411270141,1.3365554304122924,1.380437147140503,1.3713665425300599,1.3866833101272582,1.4051759954452514,1.4235429832458497,1.4442008758544922,1.4427787723541259,1.4896206428527832,1.5045511360168458,1.5083421148300171,1.507138174057007,1.5336788200378417,1.524631566619873,1.5412809144973756,1.5601405059814453,1.588368758201599,1.5710109683990479,1.584326085090637,1.5861561824798585,1.6137454235076905,1.612379716873169],"train_accuracy_dist":[0.9907055344317701,0.9860183639398998,0.984],"train_accuracy":[0.06703558419725414,0.48550014009526476,0.6990753712524517,0.8432333987111236,0.872233118520594,0.8948585037825721,0.9207761277668814,0.9273606052115438,0.941510226954329,0.9328943681703559,0.9517371812832727,0.9525777528719529,0.9520173718128327,0.9586718968898851,0.9616839450826562,0.9577612776688148,0.9651162790697675,0.9672877556738583,0.9685486130568787,0.9702998038666293,0.9665872793499579,0.9684085177920986,0.974852899971981,0.9734519473241804,0.974852899971981,0.9742925189128607,0.975063042869151,0.9780750910619221,0.9793359484449425,0.980736901092743,0.9770944242084617,0.9817876155785934,0.9799663771364527,0.9796861866068927,0.9803166152984029,0.9786354721210423,0.9812272345194732,0.9826982347996638,0.9819977584757635,0.9824180442701037,0.9843093303446343,0.9815774726814234,0.9835388063883441,0.9826982347996638,0.9828383300644439,0.983398711123564,0.9841692350798543,0.9854300924628747,0.9843093303446343,0.9850798543009246,0.9869010927430653],"train_loss_dist":[0.028550084906952464,0.0416691486221522,0.04154416681277125],"train_loss":[2.319539947314702,1.5756162649177643,0.9562640383685126,0.4683403082298411,0.3901858941476263,0.3236864735705073,0.2508202300903576,0.2252930982352038,0.1938105493274581,0.20955158073458227,0.15590069007517812,0.15481195081642243,0.15037131925032865,0.1328834438564464,0.12357688488312948,0.13302037748853912,0.11254905028757711,0.10892945387536118,0.09983870531955531,0.09544309246559693,0.10833695927532022,0.1020163974275097,0.08388278899053109,0.08474974884161281,0.08142415673933082,0.08122609481507738,0.07629645505696159,0.07092641708544153,0.06593145772451511,0.060577360599498246,0.06942050268471191,0.056504108041992504,0.06028679828818404,0.06017743033620783,0.05766295242391038,0.06153786621474275,0.05612332142188072,0.051059332515748984,0.05078371453578314,0.05086465022803547,0.04499002957351779,0.051804477868209735,0.047187561480316435,0.0493136105780263,0.04842531360512556,0.04571508029376648,0.04454964948476246,0.0401913370197583,0.04370057252077837,0.04003423502948996,0.03727721031854369],"valid_accuracy_dist":[0.9847972972972973,0.9849749582637729,0.9705387205387206],"valid_accuracy":[0.0630166881392715,0.48205716534117343,0.7041904941920704,0.855463949025696,0.8798358001172165,0.8983253070182182,0.923254710953471,0.929697085215963,0.9437000054863953,0.9369788585868021,0.9543440540568586,0.9551847431724497,0.9565852217286442,0.9641467119358336,0.9658279710465195,0.9602261663807264,0.9644279629963645,0.9700291768404334,0.968629757620021,0.9717103192210016,0.966388705881561,0.9647082734432131,0.9750711884800566,0.9750707179740172,0.9733905181991132,0.9739498367352809,0.9753507885862887,0.975911287570716,0.9775912522917987,0.9778714432197552,0.9761910071958406,0.9789913782672608,0.9761913613701579,0.9775916052709273,0.9787122486670679,0.9770314600624211,0.978991614117875,0.9801124937630261,0.9792725110040885,0.9801126112899369,0.9806729923490571,0.9789922037444103,0.979832303233466,0.9789924399934206,0.979272393875574,0.978992440391817,0.9801128475389472,0.9812332558812665,0.9803929201432003,0.9801126116883332,0.9801127296136403],"mean_valid_accuracy":[0.06312807850092213,0.48246873846832106,0.7044870460458942,0.8554817923731391,0.8798014464228988,0.8982310205181658,0.923158628413915,0.9296055822732229,0.9436545030764564,0.9368945670768153,0.9543089277368632,0.9551422580950962,0.9565485215700852,0.964129855876517,0.9658017024461097,0.9601942127157764,0.964388914322832,0.9700109583074247,0.9685883555179604,0.9716823032244569,0.966351159172528,0.9646600741481098,0.9750540461795332,0.9750605708278218,0.973372384943754,0.9739527906264134,0.9753458940298115,0.9759000349567962,0.9775910092062011,0.9778683028022205,0.9761857490363334,0.9790014552291959,0.9761777748178694,0.977585878740581,0.9787030827306286,0.9770247115127471,0.9789967710286297,0.9801083429004964,0.9792638036934086,0.980106948717828,0.9806634317450956,0.9789850605272141,0.9798301013868627,0.9789794284090333,0.9792642499584625,0.9789784804914188,0.9801013165996472,0.9812213089550319,0.9803819002135641,0.9801060008002134,0.9801036586999302],"std_valid_accuracy":[0.08511774058776155,0.08023117587222607,0.05772252512864716,0.04610324338114452,0.04926630911004646,0.04984144646721449,0.039092777855387194,0.0381483844296106,0.01791640179782286,0.023832843404548058,0.0201562847148207,0.022038910019631278,0.02406202670241134,0.008642573001903688,0.013441779281984288,0.017780028164447337,0.01578015224027055,0.009811703088151094,0.01643047845384972,0.012371617456070141,0.01588899791840395,0.014537829344349697,0.010363968306699962,0.006189237362550215,0.009805927410273193,0.006969866150175625,0.008849481617434379,0.009746572537776879,0.003909435987161944,0.0034062214687163596,0.0064013997116120856,0.0035836079841291856,0.007598208097084009,0.006795342359824221,0.008158317917934903,0.007586167773339409,0.004102774498240619,0.005609487942137946,0.009166398460318553,0.0067934766347207305,0.007159579652790391,0.006572984523358838,0.005462785267774768,0.00719935166956428,0.007365182935787795,0.006655715094514992,0.007368584529714712,0.0064078402706416685,0.006972439586798195,0.006175709453242144,0.006763821522166095],"valid_loss_dist":[0.05338082845146592,0.04607552284987423,0.0829478734571123],"valid_loss":[2.3188206700607976,1.5465063931987173,0.9279594341124583,0.4534908109259502,0.3750977825924387,0.3103985892328068,0.24079167802680793,0.2167160854118542,0.18544881761946366,0.20282508884579045,0.15132156735553776,0.14985541126656185,0.14575588745149864,0.12826171986748683,0.12042693133793159,0.13031509043689465,0.11342649044765053,0.10838804720880643,0.10213555035084934,0.09819275747648089,0.11146316473004743,0.10740596822045953,0.08900426312191949,0.08873214510686007,0.08698833398590754,0.08848539031320034,0.08309184390930682,0.07978305904138781,0.07618146412454074,0.07211741090823122,0.07966850319456456,0.06845568877756843,0.07334387878006414,0.07355233945121818,0.07216467407300524,0.0753040099861033,0.07127586322038242,0.06805948208101284,0.06768113914975947,0.0681972138436076,0.0629158392657773,0.07090405224388492,0.06724786008776992,0.0678843378754968,0.06915848247820212,0.06634043413629362,0.06683741497678652,0.06257060928716514,0.06626477512956962,0.06354758013825829,0.060766401394446654],