{"test_accuracy":[0.0972,0.3974,0.6616,0.8133,0.8123,0.8679,0.8784,0.7765,0.9173,0.919,0.9127,0.9279,0.9402,0.9364,0.9449,0.9478,0.9475,0.9558,0.9529,0.9447,0.9549,0.9589,0.9614,0.9584,0.9625,0.9626,0.9332,0.9647,0.9658,0.9614,0.9666,0.9615,0.9707,0.9703,0.9692,0.9493,0.9722,0.9716,0.9728,0.9727,0.9741,0.9743,0.9677,0.9749,0.9757,0.9751,0.9716,0.9763,0.9765,0.9767,0.9762],"test_loss":[2.3084521141052248,1.7424525672912599,0.8950578872680665,0.571252546787262,0.5220796091079712,0.39856676597595214,0.3543893919467926,0.6069462633132935,0.26238287444114683,0.2505015610218048,0.2612556181430817,0.21771012020111083,0.19069180731773377,0.19203538706302642,0.1700887073278427,0.16084146151542664,0.16432309708595275,0.14090512895584106,0.143975457572937,0.17612253952026366,0.14082835470438004,0.12651679686307907,0.12089868919849396,0.12320543693304062,0.11381181852817536,0.11400085364580155,0.18590670330524445,0.10957221895456314,0.1027000342965126,0.11490937470197678,0.10136220059394836,0.1152124431848526,0.0932872483253479,0.09059559791088104,0.09296519112586975,0.14533804609775544,0.08707987096309662,0.09197081793546677,0.08569183297157287,0.08271259632110596,0.07901691339612008,0.07935447149276734,0.09446823377609254,0.07919189682006836,0.0774995468378067,0.07642368564605713,0.08634657770395279,0.07253787908554077,0.07619274952411652,0.07397393488883972,0.07036289364695548],"train_accuracy_dist":[0.9746514575411914,0.984596426370918,0.9934264585045193,0.9816826411075612,0.9785889070146819,0.9907139909203467],"train_accuracy":[0.06287176649605755,0.4906971918660949,0.7372388988795131,0.8470742841333517,0.8479734403098631,0.8895421220085765,0.8993982570203347,0.8041914510997372,0.9286899986166828,0.9330474477797759,0.9286899986166828,0.9415202655969014,0.9486097662193941,0.9477797759026144,0.9548692765251072,0.9568059205975931,0.9574629962650436,0.9626504357449163,0.9629616821137087,0.9556301009821552,0.9636187577811592,0.965935814082169,0.9693249412090192,0.9677687093650574,0.9702932632452621,0.9705353437543228,0.9416585973163646,0.9725411536865404,0.9724719878268087,0.9695324387882142,0.9739590538110389,0.9720569926684188,0.9772444321482916,0.9779706736754737,0.9773827638677549,0.9571171669663854,0.9791810762207774,0.9777631760962788,0.9797344030986305,0.9803223129063494,0.9814289666620556,0.9813943837321898,0.9738898879513073,0.9810831373633975,0.98288144971642,0.9821897911191037,0.9796652372388989,0.9834693595241388,0.9826047862774935,0.9835385253838705,0.9839881034721262],"train_loss_dist":[0.07026141842281863,0.0524613767752145,0.023801642691222192,0.05637776693438316,0.06933193164004003,0.03073078296383673],"train_loss":[2.3114945702177474,1.4493695695913256,0.7253525109954156,0.4778543165782491,0.42891369067026314,0.3367024977942822,0.30104391506877837,0.5248363651381619,0.23065687241186028,0.21426971856211458,0.21911154852721154,0.18580939413726882,0.16877540432278473,0.16465298674030823,0.1462391923637905,0.13949722641204745,0.13981508365503104,0.1218226862400626,0.12150666699805956,0.14662553059115752,0.11780304434302272,0.10729357631904635,0.10125822905641214,0.10191739626205104,0.09500664652634795,0.09356903550799316,0.16269581469190963,0.08863875661047889,0.08887022862416742,0.0928700256114626,0.08216329121572861,0.0903045670584778,0.07477458719401699,0.07225317385476425,0.07311700497542506,0.12076403199801852,0.06791355082787638,0.07243371994073196,0.06608886271560567,0.06327716570124926,0.06053643456062047,0.06058093081694161,0.0795592250420186,0.05961557456468325,0.057623354784050805,0.05659581353562745,0.06315236597170293,0.052756859434773457,0.05533415020221522,0.052644213117109755,0.05040590599375607],"valid_accuracy_dist":[0.9746621621621622,0.9786535303776683,0.990139687756779,0.9778534923339012,0.9600651996740016,0.9867986798679867],"valid_accuracy":[0.06248153855208194,0.4806588360575974,0.7389509568294383,0.8498407664316532,0.8512295172611062,0.89160154389059,0.8951961846609047,0.8071236674716109,0.928517687249388,0.9294858132522361,0.9265828979227316,0.9387498510543819,0.9478736821049353,0.9440042523319224,0.9507785676863896,0.9534056529477019,0.9534049684158631,0.9593509952260393,0.9590748082826889,0.9513312510426879,0.9596279997440529,0.9623930197735121,0.9654343270324104,0.9641902509211147,0.9655727404433418,0.9659878171826491,0.9395789854043033,0.9681998749679247,0.9683365946607384,0.9654354384717636,0.9691674589058753,0.9669564024081833,0.971518667110694,0.9727628314051169,0.9719329441323012,0.9531285365022938,0.9741451629927212,0.9715184991462174,0.9751129964279015,0.9758042324634103,0.9763573281262521,0.9758041193778505,0.9684749574031565,0.9766336578878083,0.9769101469230723,0.9767721252608499,0.974007055105655,0.9780164516300551,0.9766337686760612,0.9778781776713975,0.9780164270104363],"mean_valid_accuracy":[0.061665667149939686,0.4783731957435386,0.7377718126175442,0.8491562722745399,0.851028259954354,0.8915489438752927,0.8951113061099898,0.8075912396520827,0.9285550185501551,0.9294318888285605,0.9265174327470941,0.938735574788249,0.9478313670161183,0.9439981737950697,0.9507749598404655,0.9533916179123659,0.9534068746416223,0.9593603433560776,0.9591137359235856,0.9513228840977249,0.9596428525933304,0.9623897720717561,0.9654220041402158,0.9641897084223788,0.9655733779297003,0.9659903293105246,0.9396713726425613,0.9681865372671831,0.9682492632033591,0.9654846578815933,0.9691540120783252,0.9669951612469397,0.9715831914058594,0.9728148262432362,0.9719406166307204,0.9532042016656246,0.9741600850281315,0.9715707317913339,0.9751392195970933,0.9758195990364306,0.976378757521262,0.9758141876564075,0.9684606593793651,0.9766308942160761,0.9769167643515408,0.9767790391919068,0.9740312301563634,0.9780413406024705,0.9766321412875797,0.9778915650102115,0.9780287920287499],"std_valid_accuracy":[0.08431507260785241,0.2568988512621556,0.12856570053182753,0.06954613038971796,0.06873392693616914,0.044737129496816,0.04683367704803221,0.09085885590581944,0.026106951795137435,0.030737994754509702,0.034850454239447944,0.026168370981614453,0.01698111763421309,0.026242411235170734,0.021482962196618615,0.02122153794710745,0.017638941881936588,0.019161601926261637,0.01944609690945155,0.01950190084799132,0.01924906325403305,0.017857832697847055,0.01453249203946736,0.01604554070348979,0.014627702766865772,0.01608582389012955,0.03377872920135371,0.014355274780324742,0.012951689316435215,0.018027919298842458,0.012941368590506697,0.0177931820525559,0.013362461972270276,0.012604394217786915,0.012446573349985173,0.024290188371662857,0.011449937113858371,0.012922811315154681,0.01105368850342898,0.010919785266234217,0.010478622837128197,0.010703545576791321,0.01004373364968282,0.010119344485371355,0.009668035493237678,0.011068123482720377,0.012760958939999317,0.009344574873988886,0.010893883478940115,0.010130930204895885,0.009643915205815722],"valid_loss_dist":[0.08369466259672835,0.06424189454375817,0.03151780615148235,0.07402489557100723,0.11102245766259639,0.04156638560171175],