{"test_accuracy":[0.0972,0.372,0.6967,0.7434,0.8135,0.8326,0.8669,0.9029,0.9053,0.9079,0.9217,0.9315,0.9347,0.9447,0.9418,0.9442,0.9287,0.9546,0.9575,0.956,0.9586,0.9622,0.9568,0.9622,0.9625,0.9608,0.9673,0.9664,0.9706,0.9655,0.9673,0.9697,0.9707,0.9725,0.9711,0.9703,0.9733,0.9565,0.973,0.9738,0.9736,0.9738,0.9772,0.9743,0.9751,0.9745,0.9763,0.975,0.9752,0.9763,0.9761],"test_loss":[2.3084521141052248,1.9388933378219604,1.0495221422195435,0.794146660900116,0.5829941880226135,0.4969006991386414,0.39940564894676206,0.3053461544036865,0.28746121006011965,0.28103714866638185,0.245175621509552,0.21428107342720032,0.2036422163963318,0.1775844286441803,0.17983511831760407,0.1717991333961487,0.21482692720890045,0.1475617974281311,0.1340900026321411,0.1351942937850952,0.12666925806999207,0.12147453379631043,0.13037058901786805,0.12118494074344635,0.11841057707071305,0.12164974476099014,0.1019275826215744,0.1034384486079216,0.09631844625473023,0.10357132365703582,0.10167192077636719,0.0993653422832489,0.09274913804531097,0.08804370318651199,0.0894351140499115,0.09199677050113678,0.0852185681939125,0.13692646248340606,0.08471872656345368,0.0840875437617302,0.08659510674476624,0.08387249517440797,0.0734232873916626,0.07996588606834412,0.07823563826084137,0.08212535576820373,0.0759815551519394,0.0790058168411255,0.07774327636957168,0.07548964076042175,0.07171610988378525],"train_accuracy_dist":[0.9782425010561893,0.9852095316351684,0.9855220228384992,0.9850156087408949,0.988856789104416],"train_accuracy":[0.07488512646437885,0.48963033489257773,0.762222130231403,0.8003891211657077,0.8697272012253177,0.8761435608726249,0.9063625450180072,0.9288405017179285,0.9306205240716976,0.9316554207890052,0.9403485532143891,0.9493728525893116,0.9514012501552345,0.9582315684894648,0.9579004015399263,0.9605911330049262,0.9490416856397732,0.9648135116115412,0.9684977439251563,0.9675870348139256,0.970236370410233,0.9713954547336175,0.9695326406424639,0.9704433497536946,0.9720163927640022,0.9715196423396945,0.9766113341888479,0.9758662085523865,0.9780187937243863,0.9757420209463096,0.9765699383201556,0.9767355217949248,0.9788053152295401,0.9805439417146169,0.9790950863103862,0.9790536904416939,0.9806681293206938,0.9652688661671566,0.9811648797450014,0.9814132549571553,0.980833712795463,0.9819927971188476,0.9838556112100012,0.9829449020987705,0.9828621103613859,0.9826137351492321,0.9841867781595397,0.9831518814422321,0.9840625905534628,0.9839797988160781,0.9846007368464628],"train_loss_dist":[0.06361357796265196,0.04148674520588156,0.051145262918989576,0.042674228629634235,0.03303261115544353],"train_loss":[2.3117570108139005,1.516866766755567,0.7519978616945977,0.5771986913487587,0.41246350641730667,0.3757803243208924,0.29329032660611354,0.23601674836055084,0.22200951897992388,0.21544865355189827,0.18871464429571025,0.16623767326655073,0.16000667052656461,0.14074124604341443,0.13990816525467561,0.13061057665828008,0.16148043297221637,0.11709132950452107,0.10496538132799231,0.10502295616838214,0.09869289860612347,0.09439451849372515,0.09797589016298971,0.09277925724050691,0.08899043516430598,0.09312659335110753,0.07680647149938036,0.07703147553588774,0.07217275113738343,0.07613690074376082,0.074545291914272,0.07329230309834261,0.06759810451671532,0.06300552027212022,0.06372910919436735,0.06496062019058262,0.060031863821346336,0.1083356403314034,0.05961006217020363,0.05753324886082063,0.05914210155544585,0.05613255973020304,0.049825898060167934,0.052768589501502906,0.051977018872320285,0.0531004959903295,0.049049484454560775,0.052004241458857285,0.04867409637336103,0.04793631379143407,0.04632389060383419],"valid_accuracy_dist":[0.9746621621621622,0.9868529170090387,0.9682151589242054,0.9717138103161398,0.9892739273927392],"valid_accuracy":[0.07363152811591056,0.4928708722247995,0.7548789360119672,0.7950976502397342,0.8666016518385012,0.8717311070614913,0.9038418988500939,0.9250294841052467,0.9276783817274643,0.9296616230693135,0.9369441174987112,0.9435643729809078,0.9452192721444035,0.9510126480539999,0.9518398306994085,0.9544870204732115,0.9432365872775473,0.9592863795645117,0.961603953546523,0.9632594663474414,0.9640859860380725,0.9650793818990403,0.9647484865193878,0.965410066031093,0.967396624297277,0.9625969255643553,0.9712023391350351,0.9703751828439892,0.9720303831626128,0.9700445326946023,0.9705411296791157,0.969878797683881,0.9715335662426636,0.9738509719375275,0.9725271304455105,0.973023279132664,0.9741821156750169,0.9577954450709423,0.9728577527840391,0.9753404767760698,0.9740168288312926,0.9755061287397919,0.9781545828623923,0.9768304565685763,0.9769960416587851,0.9764996310596457,0.9776576909170056,0.976995630203254,0.9771613168512979,0.9781548745376549,0.9781547429628781],"mean_valid_accuracy":[0.07327364130481592,0.49192018509944885,0.7540124524945366,0.7942372837241575,0.8658543797204864,0.8711877472953817,0.903414987900503,0.9247561501065386,0.9274420215813544,0.9294589371177103,0.9367359035201603,0.9433668934076541,0.9451171012788555,0.950946852998827,0.9517484708935144,0.954392442016168,0.9431349775727014,0.959202244582902,0.9615355439162592,0.9631978171032604,0.9640332523621996,0.9650240296811257,0.9646953360302082,0.9653734087129362,0.9673433400139835,0.96263459691585,0.9711773657696299,0.9703242213821378,0.9720150813498536,0.9700470856041414,0.9705089809051302,0.9698538079763708,0.9715230902400751,0.9738537277895715,0.9725177364792212,0.9729886282943696,0.9741667933863412,0.9578805020401701,0.9728533909425796,0.9753315188439118,0.9740190238352442,0.9754988487823741,0.9781238355633715,0.9768124169392076,0.9769728530593257,0.9764779357703987,0.9776426759951835,0.9769814028522233,0.9771406487568871,0.9781496975287489,0.978143595160857],"std_valid_accuracy":[0.08845110777351184,0.10527219733278921,0.07230950052772489,0.07187170770121805,0.06765516804459026,0.04771045696448903,0.04118594541912016,0.033037797285551014,0.03296958549112985,0.02319589281890782,0.023098796894310207,0.021562694699184017,0.015902274716746653,0.01897498394016235,0.018061616459927654,0.01424116395204254,0.029129136151199157,0.01107112874668302,0.012000795052073472,0.013567555127654202,0.010287266879232435,0.011334812241342522,0.011129954257091075,0.009626640919308975,0.011350633168747706,0.011439812745328355,0.004970746995098603,0.007962705824901821,0.007658149108294693,0.009974211941712111,0.008936586561888189,0.007839136559555104,0.006408296318272748,0.007114041612123118,0.00774782903084695,0.008256215628176852,0.007314149491518187,0.010796772784560397,0.007476508674644893,0.00644834443157484,0.00779151986116126,0.0075004688274453975,0.007489624990589764,0.008047583487374908,0.008547773658399298,0.009006969799768777,0.0066944056899038715,0.006576628907565364,0.0074385505323394194,0.008549497991189254,0.008387764155319387],"valid_loss_dist":[0.08534979196013631,0.04671810219797475,0.0856759113904025,0.09818639271519149,0.0437088202279393],"valid_loss":[2.3123958139841863,1.5205238313993952,0.7584425717421703,0.5883409381456798,0.422954691286513,0.39304523654075146,0.30628976642296973,0.2507621287067627,0.23604216834067118,0.23104077725945213,0.20395768055254254,0.1804783595898138,0.17671672726093304,0.15675670824516874,0.15657254057328845,0.1469137039539026,0.17537069327807248,0.1321506936393286,0.1206448774753061,0.12044915681509791,0.11475497820671132,0.11080937896764051,0.11383982846822377,0.10959224006451977,0.10617721155362635,0.11221694844593559,0.0922572618661259,0.09457495254894913,0.08982026660828019,0.09549038988089474,0.0936345906778846,0.09396269614125662,0.08783803417574435,0.08120649165794941,0.08323854908510918,0.08472919271927506,0.08118243036287072,0.1335587069261996,0.08172554000090997,0.0787653019442864,0.081857478447343,0.07940091123619392,0.07244790917352255,0.0764389922147294,0.07651737784860237,0.07689688520670997,0.07236645183173623,0.07642841667290853,0.07231498971587001,0.07256935627361533,0.07183105790945271],