{"test_accuracy":[0.0972,0.363,0.5375,0.619,0.7104,0.7625,0.7652,0.8001,0.7962,0.8305,0.8419,0.8449,0.8536,0.8617,0.8642,0.8657,0.8658,0.8577,0.875,0.8704,0.8733,0.8778,0.849,0.8789,0.8804,0.8807,0.8785,0.8816,0.8823,0.886,0.8857,0.8863,0.8872,0.8859,0.888,0.8851,0.8856,0.8888,0.8887,0.8864,0.8898,0.8883,0.8884,0.8911,0.8912,0.89,0.8899,0.8892,0.8898,0.8928,0.892],"test_loss":[2.3084521141052248,2.8731030376434328,1.9074275444030762,1.801457684135437,1.4445001167297364,1.275612533569336,1.3118064285278321,1.1862414764404297,1.30954372215271,1.1505356290817261,1.1270784387588502,1.1473507242202758,1.1308066709518432,1.1433776767730712,1.1146836694717408,1.1534165479660035,1.1021352798461914,1.1880666540145874,1.1375236249923706,1.1929395492553712,1.1965319997787476,1.1641296753883361,1.4246835861206055,1.1751106595993042,1.1679541135787963,1.1888208427429199,1.2265826078414916,1.197552820968628,1.226419578552246,1.194812082862854,1.2065202445983887,1.21066763715744,1.239917600440979,1.2518155073165893,1.2197956565856933,1.2978003878593445,1.268837480354309,1.2794104856491089,1.2312351877212524,1.2901417221069336,1.2361828767776488,1.2831943119049072,1.304511399459839,1.2737948760986328,1.2889879875183106,1.2818083309173585,1.2707279001235963,1.297862116241455,1.3003656784057618,1.3011639621734619,1.333566868209839],"train_accuracy_dist":[0.9917847607311563,0.9917830731306492,0.9898042414355628,0.9841831425598335,0.983578947368421],"train_accuracy":[0.1491568854356092,0.5283931228302199,0.7140023144321376,0.7779798313770871,0.8558026120019838,0.8975863779137048,0.8964704909902463,0.9190775334766077,0.9115969581749049,0.938956852372293,0.945569515622417,0.9487931889568524,0.9557364853694825,0.9602826913539428,0.961522565713341,0.9628037692180526,0.9638369978508844,0.9578029426351463,0.9708629525541412,0.967680608365019,0.9696230781947429,0.9728467515291783,0.9477186311787072,0.9734253595635642,0.9761117540089271,0.9765250454620599,0.9736733344354439,0.9769383369151926,0.9779715655480244,0.9803273268308811,0.9811125805918334,0.9814432137543395,0.98119523888246,0.9811539097371467,0.9831377087121839,0.9804926434121343,0.9810299223012068,0.9826417589684245,0.9833856835840635,0.9825177715324848,0.9858241031575466,0.9845015705075219,0.9833856835840635,0.9871466358075714,0.9876425855513308,0.9871879649528847,0.9866506860638122,0.9855347991403538,0.9868986609356919,0.9886758141841627,0.9882625227310299],"train_loss_dist":[0.02592516354153009,0.026514342696013368,0.03288406871417218,0.053068632982927105,0.049181219629551236],"train_loss":[2.299055369742982,1.7351219550915682,0.8362464456469347,0.6912954753687567,0.43758919059239965,0.3110920263395504,0.3019021681081433,0.24061542430208682,0.26120864269907934,0.18834911198671653,0.16843997255758444,0.15918188215356402,0.14291526935902246,0.1269778954725824,0.12028885092589359,0.11820705803897946,0.11547280210403642,0.13299962904955223,0.09178038337926127,0.0991540768941728,0.09462095001457786,0.08501382769576762,0.15827257691912267,0.08135561187760675,0.07459348082021408,0.07666086657691773,0.08178919566350892,0.07145052648105243,0.06858022418350429,0.06179833253804003,0.060521259333628584,0.05878147908995582,0.05741687178390664,0.05840713005857214,0.05378745448144187,0.06086355029551596,0.05704669204581659,0.05501003930344254,0.05265773411239436,0.053508629528339104,0.04506843362944587,0.048134739783999445,0.05082353138577166,0.041408994476358485,0.040825369651756524,0.04156785390659573,0.04228271544772554,0.04383197112464968,0.0410144945716211,0.03620510877333773,0.037409922682490354],"valid_accuracy_dist":[0.9885057471264368,0.990139687756779,0.980440097799511,0.9667221297836939,0.9755892255892256],"valid_accuracy":[0.14390124031237067,0.5201547645316098,0.7009197085070827,0.7706499089885016,0.8547602455047294,0.8988753566244698,0.8952411623318238,0.9154037191258553,0.9104453735803362,0.9370477156650863,0.9439876194479847,0.9439887366413482,0.9512572500709455,0.9532400363230102,0.9562142035376383,0.9580317559761344,0.9572071287841079,0.9529091950991652,0.9656319728030404,0.9634841248080498,0.9653017733457518,0.9692668271462911,0.9433228785532268,0.9710840033434032,0.9719109915250734,0.9684425854969826,0.9692671796363859,0.9742238192112442,0.9719109793321258,0.9752153637585945,0.97571097183128,0.9765368797208248,0.9770328250415528,0.9765370418090693,0.9762065070956026,0.9748857906189232,0.9770331009211286,0.9747188647217252,0.9763719281805835,0.9770325858032471,0.9798419675960656,0.9785201930070825,0.9771985137991283,0.9800072481728924,0.9808337333482954,0.9801726736831425,0.9796765454327006,0.9790154911876301,0.9801727065382249,0.9818248461800547,0.9803381293406718],"mean_valid_accuracy":[0.14410946817512554,0.5196913064486244,0.7000502496318107,0.7697529469949842,0.853901488537181,0.898078889304197,0.8945656513909481,0.9149762287665544,0.9100554018929861,0.9367797666592692,0.9437576556102695,0.9438269549701392,0.9510422330745476,0.9530744350953124,0.9560481576650375,0.9578902888613238,0.9570723766521134,0.952773206646083,0.9655187116013615,0.9633524546608945,0.965202570616811,0.9691497002686559,0.943201714819004,0.9709912568729854,0.9718138887587818,0.9683872942567922,0.9691930432138538,0.9741343221090364,0.971836229074811,0.9751504470614991,0.975645468558873,0.9764626502224955,0.9769650284489657,0.9764840026617498,0.9761590755992943,0.9748118288915645,0.9769569151906137,0.9746803820434039,0.9763165089157738,0.9769679256488792,0.9797956447924691,0.9784606083492795,0.9771364987941157,0.979965955778088,0.9807809563243094,0.9801166951488691,0.9796412903342769,0.9789682862044286,0.9801215980945331,0.9817804471691287,0.9802793776111292],"std_valid_accuracy":[0.07222508828567725,0.10200529199161452,0.08352549592015529,0.08133535064247918,0.07958637571661203,0.07510376667913497,0.06370593033075488,0.046163191006615346,0.0397504943293786,0.02885108862409173,0.02527019002094629,0.02412275600153082,0.022756552877991703,0.01769475616598927,0.017887256356026678,0.01614239894336358,0.018875342781022743,0.016029541750145718,0.012631049530444322,0.014003021027951257,0.011525235031396554,0.01178274335976535,0.011748079955566199,0.008529295417713701,0.010551349112459613,0.011322136992259051,0.008407003257359614,0.008758751633692958,0.008770148186783526,0.007106819151139572,0.007047617041832739,0.007021449767731403,0.006762450121355724,0.005915707227042214,0.004847102680090662,0.01051677401501348,0.007893455173058561,0.0047969744264455575,0.0058350513183736625,0.006093327810668142,0.0051469484661296905,0.00665464900852632,0.007494101123398904,0.0049210028259008805,0.006975929754449992,0.006501879594123296,0.0041134011344293574,0.005179525337773881,0.006243337599562693,0.005044701295366407,0.008610704932731186],"valid_loss_dist":[0.033485172674280084,0.02891044376070566,0.06576300510178762,0.1005801913171957,0.08723559502750534],"valid_loss":[2.299283702894856,1.7494659633799343,0.8368693546490318,0.6883012363972485,0.4392186483995548,0.3158649436699895,0.30829845639739023,0.2508951679655183,0.27400906580119894,0.2005123123131182,0.18095293780392613,0.17319558469237772,0.15627479306608913,0.1416238406042887,0.13487078595761065,0.13292199576646785,0.1303433097648819,0.14809824468045263,0.10775117271017612,0.11471104637683101,0.11090356691378121,0.10231999752553306,0.17507455828298166,0.09885661654553796,0.09256831011247972,0.09229100694677364,0.10077595394772719,0.0906160147990497,0.0879053049561688,0.08090760794648351,0.07990589939212299,0.07906501665238942,0.07789586575035755,0.07913441271701611,0.07517738722669869,0.08253789018068185,0.07921185543313838,0.07913157450783068,0.07533467576610349,0.07651035127233402,0.06772897789489737,0.07185505942072953,0.07537415055012077,0.0649468451650083,0.0645173369433369,0.06563068893922952,0.06753781435110985,0.06984792360759472,0.0657666556270137,0.06141756961536582,0.06298289050492342],