{"test_accuracy":[0.0972,0.5089,0.7459,0.8211,0.8413,0.8621,0.8742,0.8859,0.9093,0.9013,0.9192,0.9267,0.9265,0.9405,0.9425,0.9428,0.9403,0.9433,0.9543,0.9521,0.9604,0.9578,0.9634,0.9652,0.9653,0.9671,0.9662,0.9691,0.969,0.9735,0.9691,0.9699,0.9707,0.9705,0.9707,0.9726,0.9709,0.9758,0.9722,0.9782,0.9752,0.9743,0.9731,0.9731,0.9741,0.9675,0.9783,0.9758,0.975,0.9763,0.9765],"test_loss":[2.3084521141052248,1.4414366565704346,0.7949179827690125,0.5020473004341125,0.4236888874530792,0.3725021868228912,0.3217303490161896,0.3205672109603882,0.25638879356384275,0.25626049530506134,0.23094982662200927,0.21743985002040864,0.20929276292324067,0.18119860113859176,0.1726714490890503,0.17085658020973205,0.1685730171561241,0.1672821344614029,0.14628434143066407,0.14867031948566437,0.13126963429450988,0.13605236103534699,0.12125516303777695,0.11674405344724655,0.11255861692428588,0.11051172066926956,0.11015554310083389,0.10294119017124176,0.10268839308023453,0.09036510205268859,0.10008744559288026,0.09901044130325318,0.09447716143131256,0.09512486543655395,0.09354446425437928,0.08670675801038742,0.09209449694156646,0.07786845706701279,0.0867759140253067,0.0698062999367714,0.08047455391287804,0.0831302396118641,0.08479118485450744,0.08444035345315934,0.08184121520519257,0.09719038813114167,0.06999726617336273,0.07741672384738922,0.07834181661605835,0.07365272942781448,0.07505495843887329],"train_accuracy_dist":[0.9841571609632446,0.9691928527418361,0.9820409888020283,0.9724732949876747,0.9910277324632952,0.9918614357262103,0.988],"train_accuracy":[0.1087964338781575,0.58481426448737,0.7917979197622586,0.8617236255572065,0.8807132243684993,0.8960475482912332,0.9098365527488856,0.9125408618127786,0.9307578008915305,0.929034175334324,0.937295690936107,0.9412481426448737,0.9442793462109955,0.9522734026745914,0.9545913818722139,0.9546210995542348,0.9539375928677564,0.95592867756315,0.9618424962852897,0.961515601783061,0.9664487369985141,0.9657355126300149,0.9691233283803863,0.9712035661218424,0.970668647845468,0.972035661218425,0.9721248142644874,0.9739078751857355,0.974591381872214,0.976849925705795,0.974591381872214,0.9746805349182763,0.9766716196136701,0.9759583952451709,0.9773551263001485,0.9792273402674592,0.977147102526003,0.980148588410104,0.9785735512630015,0.981664190193165,0.9807132243684993,0.9791084695393759,0.9798216939078752,0.9799108469539376,0.9805349182763744,0.976701337295691,0.9842496285289747,0.9817533432392274,0.9810995542347697,0.9827637444279346,0.9826448736998514],"train_loss_dist":[0.05184372595893428,0.09405562588262176,0.05709697891435234,0.07837549072362011,0.03349389570961185,0.027301377304308802,0.03272881269219675],"train_loss":[2.3071283355545678,1.2571532360547364,0.6647310792390163,0.41747551158668383,0.34695491929908034,0.3043624917013684,0.258687151636801,0.26336862078526047,0.20959969891924382,0.20588104218643097,0.18914172206245594,0.17924531411274405,0.16598689857111998,0.15036571673440013,0.1414142702493324,0.13870345383572544,0.13467442431961799,0.13281255840768078,0.11980721191324592,0.11892287763829217,0.10879723810069097,0.1076409607641897,0.0994689891092136,0.09435734231838677,0.09235810144473681,0.0901904733430312,0.08858084963543277,0.08390204155205971,0.0819853337600628,0.0770768639478517,0.07963712632800017,0.07860792339556638,0.07423541374305294,0.0743928627134543,0.07244349287155832,0.06806927894146624,0.07145090876238484,0.06416197740604318,0.06674393499499799,0.05878932139494444,0.06179139323211531,0.06351432698331828,0.06253860901504268,0.0617241648548071,0.05964845257297845,0.06822233507694762,0.052440088128596324,0.05635181605716251,0.05687105033524545,0.05338850137028971,0.05366124980821431],"valid_accuracy_dist":[0.9805743243243243,0.9688013136288999,0.9847972972972973,0.9654889071487264,0.980440097799511,0.989983305509182,0.9823232323232324],"valid_accuracy":[0.10394731795276403,0.5785341188301413,0.7883775243126082,0.8624010941194968,0.8826024952910234,0.8965046470668792,0.9082680098163024,0.9091011709227559,0.929775162261788,0.927635703339406,0.9339335179677979,0.9397557805677931,0.9434389640950518,0.9518773675527218,0.9553226704277963,0.9541344345841268,0.9516380092986414,0.9540155020692014,0.96102632324119,0.9587686299993771,0.9653047875786366,0.962927636882471,0.9668488636986661,0.968037167241633,0.970056865282302,0.9705320922660584,0.9701758146123141,0.972908942454654,0.9735029194717193,0.9754047421788538,0.9733843639641023,0.9735028685875082,0.9744531584830814,0.9733838458922156,0.9751661718394954,0.9762353231556526,0.9746906936930543,0.9776616228361571,0.9755221916314927,0.9786126177493881,0.9778993016053897,0.9774237490608593,0.9762354640968594,0.9764728964596825,0.976710494018279,0.972313898075563,0.9798000797426512,0.9778989541159816,0.9775425697591746,0.978493089922149,0.9788496775234097],"mean_valid_accuracy":[0.1037949718801959,0.5769521102379983,0.788143214529783,0.8627867838966097,0.8830204868703769,0.8968039249286193,0.9086577002482278,0.9092975650192862,0.930021136823742,0.9279100871865802,0.9341571015877201,0.9399942803543025,0.9437048762080879,0.952045927118555,0.9554968253984558,0.954306815316411,0.951883052949318,0.9542184473139766,0.9611771918215081,0.9589577590549198,0.965418691976119,0.9630777395850455,0.9669390675034374,0.9681452957357451,0.9701469647314622,0.9705978651529837,0.9702586854132023,0.9730002005014402,0.9735632560810527,0.9754601859031886,0.9734527046660172,0.9735671738594117,0.9745372954206989,0.9734594864399914,0.9752292974521749,0.976284774250688,0.9747448095485892,0.9776959219035091,0.9755891628229091,0.9786263758157423,0.9779650100970069,0.9774938918908236,0.9763005623031578,0.9765634920148937,0.9767938887931892,0.9724303962428714,0.9798539275615195,0.9779786212629116,0.9776066952373786,0.9785617209863445,0.9789154968615963],"std_valid_accuracy":[0.08829439773582494,0.14613609455749266,0.06513895126710156,0.06555108895300236,0.061216846953626766,0.05180083926478772,0.05479253909678645,0.04187907020456328,0.03597777188728656,0.038878198437866794,0.032761794192785305,0.03253644131292512,0.03565032395855762,0.021296753902475273,0.02250483556424699,0.02249103893203948,0.031060238844673828,0.025082375497578,0.018567969068503026,0.022355645736713392,0.014232236326246822,0.01856684149955593,0.013435864905303302,0.013390528228128088,0.012479836865856376,0.011377535950943632,0.01178974420340962,0.010469539537953649,0.009830345082589077,0.006443308388336266,0.010101076623412902,0.010076295533764929,0.011251374633772113,0.011320282332222972,0.009557830875700852,0.008679657863991877,0.009547732635551394,0.0060675142092078025,0.009785691568231083,0.004532380134269942,0.007677754416360648,0.009385562188994808,0.009337401902938488,0.010676339014957837,0.01054411590328239,0.01548283419800867,0.006454921112988999,0.009351355928678352,0.008001541398080363,0.008313910184322816,0.008074216069464315],"valid_loss_dist":[0.07441995876866418,0.10163808730239743,0.05681238373791849,0.10846461543328173,0.060569178680384556,0.04049034296412127,0.06435832870428009],