{"test_accuracy":[0.0972,0.4041,0.6659,0.8097,0.8545,0.8963,0.9065,0.921,0.9317,0.9328,0.9392,0.9465,0.9465,0.9559,0.956,0.9579,0.9603,0.9617,0.9627,0.9633,0.9648,0.9614,0.9682,0.9694,0.9702,0.9712,0.9734,0.9717,0.9622,0.9742,0.9763,0.9615,0.9745,0.9739,0.9767,0.9737,0.978,0.976,0.9786,0.9784,0.9799,0.9785,0.9523,0.9792,0.9796,0.9793,0.9804,0.9807,0.9808,0.9798,0.9775],"test_loss":[2.3084521141052248,1.8562462938308715,0.8736868788719178,0.5652865251541138,0.445761003780365,0.3247656405448914,0.2990199779510498,0.25183098635673523,0.22787626967430114,0.21871576659679412,0.19970316076278685,0.17831706194877625,0.17258707337379456,0.14681054821014405,0.14394259371757506,0.1391562166571617,0.12842408678531647,0.12258566972017289,0.11745962493419647,0.11818154618740082,0.11299659430980682,0.12568413745164872,0.1012044180393219,0.09671779131889344,0.09516311289072037,0.09147944498062134,0.08579129890799522,0.09163851059675217,0.11665536909103394,0.08048137164115905,0.07683028931617737,0.11782348465919494,0.08037686848640442,0.08625028185844422,0.07562091774940491,0.08269489642381668,0.06967323932051658,0.07821158949136733,0.06729603760838508,0.06777797145247459,0.06361510711312295,0.06661740688085556,0.13310550203323365,0.06570500384569168,0.06360142316818237,0.06516691520214081,0.05841991832852363,0.06110410006046295,0.05963206290602684,0.06296672405004501,0.0695658850133419],"train_accuracy_dist":[0.9795099281791297,0.977818853974122,0.9771814916543419,0.979252259654889,0.9942903752039152,0.9812695109261186],"train_accuracy":[0.1256874070487324,0.4969390931414934,0.7304672638605472,0.846089994120292,0.8756960536782762,0.9082419672811538,0.9131186663438592,0.929166810777159,0.9345277210943175,0.936395393075779,0.9424480337564417,0.9485352609552796,0.9490194722097326,0.9578390343444125,0.958876629889669,0.9600525715076264,0.9635112233251478,0.9658285200428873,0.966105212188289,0.9658631065610624,0.9669698751426694,0.9627157334071179,0.9708089786601183,0.9712586033963961,0.9719849202780756,0.9735067270777851,0.9746826686957424,0.9728841697506312,0.9660014526337634,0.9765849271953793,0.9782104935496143,0.9643412997613531,0.9766886867499048,0.9748901878047936,0.9787292913222426,0.9753398125410715,0.9804240307128281,0.9773458305952339,0.981530799294435,0.9816691453671359,0.9828450869850932,0.9818420779580119,0.958876629889669,0.9819804240307128,0.982637567876042,0.9825338083215163,0.9845398263756787,0.9841939611939267,0.9838826825303497,0.9833984712758966,0.9815999723307854],"train_loss_dist":[0.06956491603924848,0.06715174022014564,0.06576136261627737,0.06307748189056712,0.027446750882666612,0.053726817556617165],"train_loss":[2.304310981996353,1.5499577561158044,0.7260152205169805,0.4802605361071073,0.3881041830897071,0.2938452422581759,0.27503491136441693,0.23191567760815002,0.2131331680352927,0.20331542093906038,0.18595779737029158,0.16798539246389868,0.16576729914863383,0.13894882164871053,0.13492504737909697,0.13113894179755606,0.12051627385857706,0.11476314493208867,0.11160217406939343,0.11142096560638712,0.10557503237914748,0.1159921205635345,0.09354144466498267,0.09033473632948594,0.08831066620296078,0.08421532590517766,0.08016348264670024,0.08377769273110099,0.10717615244457683,0.07499731201608294,0.07060246962259098,0.10897622631559137,0.07165093328631769,0.07726250912139776,0.06722484804849393,0.07508994910395868,0.06153509362501823,0.06886221811897393,0.05808442625055214,0.05810162311909004,0.05491734607849263,0.056603376159234886,0.12409378535618044,0.056357739457045454,0.05426976531942424,0.05435943852946313,0.04909600870943991,0.05013919688151283,0.049183837792809104,0.05172913220173093,0.05766776437782158],"valid_accuracy_dist":[0.9738175675675675,0.9720853858784894,0.9763513513513513,0.9753492193919474,0.9837000814995925,0.9700499168053245],"valid_accuracy":[0.11958868433512052,0.4918193183707322,0.7169432757774881,0.8401530114088989,0.8720944204182116,0.9048676469587511,0.9059705551869173,0.9250545356247117,0.9304471467710438,0.9316908606654039,0.9395732241413122,0.945104337402337,0.9426156281960362,0.9550606930000343,0.9557521026224771,0.9557516780064271,0.9600388923677942,0.9623893269214835,0.9610064032257755,0.960591588716303,0.96266593900063,0.9579642891380395,0.9662613356813206,0.9676440198017005,0.9676438482908073,0.969579771462301,0.9695800211450684,0.968058718651911,0.9608674766078488,0.9715158279130549,0.9730367000137777,0.9605904680517497,0.9717919137426823,0.9708237233965858,0.973727823653498,0.9709614845976966,0.974419183590056,0.9726210586847438,0.9751109883481617,0.9752490862474554,0.9767699295263033,0.9755252235510954,0.9558898335352662,0.9763550273165102,0.977599365206332,0.9777381233087472,0.980365644928423,0.9780144494051708,0.9780144182413864,0.9769077278111331,0.9752485769230713],"mean_valid_accuracy":[0.1193499519046664,0.49077289432916693,0.7155990044767578,0.8390609856838877,0.8714133156504303,0.9044186985926278,0.9057958110017558,0.9248410708721329,0.9303181827258914,0.9315769000030661,0.939445529625723,0.945034274746563,0.9424751749034624,0.9549706630796398,0.9556266877246339,0.9556763784213236,0.9599386548946898,0.962370347874252,0.9609473642247449,0.9605465654569123,0.9625890430199658,0.9580089056022878,0.9662211495896721,0.9676104774522954,0.9676120740262846,0.9695522279179206,0.969511275474086,0.9680143025466702,0.9608372620311352,0.971504686052711,0.9730121215022475,0.960587178443394,0.9717524527744388,0.9708399019009234,0.9737182522269144,0.9710040691302065,0.9744027594144972,0.9726158022453179,0.9751076545641458,0.9752296915730915,0.9767817189496298,0.9755300215033097,0.9559435658029761,0.9763330470829418,0.9775840353564117,0.9777471229705013,0.9803493038088078,0.9780121072112783,0.9780223487095538,0.9768852629382122,0.9752255870823787],"std_valid_accuracy":[0.0833206991856371,0.14647948586087628,0.11483981635232163,0.08484441394720225,0.052543768151450114,0.03353864387126812,0.019223750687670252,0.016111350855304254,0.011286839988733912,0.014206730748058411,0.010968430281153444,0.008592730041218608,0.010836553568056483,0.007109137239053516,0.009410694199639514,0.0077138757776732585,0.008238934149768158,0.004062811945085524,0.0049380199438315295,0.0037274731459404813,0.00662572652992419,0.007183497701237745,0.0053312304553777765,0.005852086553705243,0.005337061088202352,0.005037233621484548,0.005846273036884814,0.006516501860230714,0.005582992812869281,0.003406633054992538,0.004128746738468839,0.010964662403544592,0.004836371333227408,0.006297632468572427,0.004005585480270428,0.008812382503501604,0.004327669311499414,0.006180060418859735,0.004351810295972214,0.004565602954299434,0.0037009162045736044,0.0045017626878377254,0.008407895088140193,0.004508591026114808,0.00472357222512665,0.0050027091069513715,0.004369448425684692,0.0036955581087120544,0.0052092597170325305,0.004518455967162278,0.004315295106487172],"valid_loss_dist":[0.08495489316614899,0.08216249537830086,0.06775710429694201,0.07219219747731798,0.05006618319593898,0.10097172614589904],