{"test_accuracy":[0.0972,0.6479,0.8261,0.8873,0.9048,0.8818,0.9202,0.9367,0.9397,0.9433,0.9522,0.9555,0.9591,0.9617,0.9558,0.9635,0.9662,0.9675,0.9679,0.9686,0.9696,0.973,0.9733,0.9738,0.9746,0.9747,0.9698,0.9742,0.9764,0.974,0.9769,0.9777,0.9782,0.9775,0.9803,0.9803,0.9808,0.9799,0.9815,0.9811,0.9821,0.982,0.9813,0.9823,0.9816,0.9818,0.9826,0.9823,0.981,0.9832,0.9837],"test_loss":[2.3084521141052248,1.244101985168457,0.6153282501220703,0.3962773694038391,0.3262124981880188,0.35318456535339354,0.24970506629943848,0.21242847337722778,0.1911463279724121,0.17919986498355867,0.1541695345401764,0.14309690766334535,0.13604045439958573,0.12797870779037476,0.13266658520698546,0.1142014277100563,0.1071962332725525,0.1032122280716896,0.10077985489368439,0.09745524206161499,0.09430286531448365,0.08753870061635971,0.08529915635585784,0.08292461186647415,0.07735005960464478,0.07865882872343063,0.09102469861507416,0.08042752767801285,0.07154500135183334,0.08464541288018226,0.06808998848199845,0.06680828019380569,0.06511364767551422,0.07752355880737305,0.062079434150457385,0.061222513204813006,0.05880139452815056,0.059299848020076755,0.057088102710247036,0.056822937655448914,0.054866521000862124,0.05564003082513809,0.05482357293963432,0.05321311913728714,0.05424953671693802,0.05336368923187256,0.053184114289283754,0.05357564691901207,0.05546854928731918,0.05111572852134705,0.050433267420530316],"train_accuracy_dist":[0.985424588086185,0.9827479975354282,0.9862666384956688,0.9860312243221035,0.984877529286475,0.9834828711256117,0.9887617065556712,0.9896822121337185],"train_accuracy":[0.09499661933739013,0.6760805117803089,0.8378062100171634,0.8912206792531336,0.9067717272585427,0.8841732979664014,0.9215946325479794,0.9383939252093411,0.9436209497061424,0.9458313829510584,0.9533988661777708,0.9568315389816404,0.9589639569355594,0.9615124564414625,0.9593280282935456,0.9662193789982837,0.9685858428251938,0.9697300670931502,0.9707182607791127,0.9719665054350652,0.9722525615020544,0.9745150049409684,0.9750611119779476,0.975815259790919,0.9767514432828834,0.9769334789618765,0.9714984136890831,0.9756852343059239,0.9783637592968222,0.9732407551880169,0.9796900192437717,0.980184116086753,0.980366151765746,0.9747750559109586,0.9817964321006918,0.9825245748166641,0.9827846257866542,0.9826806053986581,0.9833567379206325,0.9834867634056275,0.9841628959276018,0.9842929214125968,0.9840328704426068,0.9849170437405732,0.9840588755396058,0.9848390284495762,0.9853071201955583,0.9843709367035939,0.9843189265095958,0.9859312425235346,0.9859052374265356],"train_loss_dist":[0.04047207658568237,0.05297069301995917,0.04618451178480021,0.04579400198630554,0.04589001084891117,0.052674695083698285,0.03817862900677568,0.03570051550914372],"train_loss":[2.308350763641096,1.1907448375033485,0.589752715477589,0.3878921494868292,0.3198684538797078,0.35252379657074934,0.25207773606239764,0.21078223320888756,0.19044683980488855,0.17885496496143619,0.1563573978132556,0.1447656049666842,0.13997322122418715,0.1312297944200574,0.13235536741995013,0.11443679762814596,0.10836028016911081,0.10340371882403368,0.10034750991036342,0.09614190665385296,0.09350321658853498,0.08735497786303625,0.08474624743965584,0.08208043182018507,0.07748899283597199,0.0769970853273245,0.08874887350929034,0.07687096545696429,0.07031886748949792,0.08559479374007811,0.06628194800475126,0.06525388899654865,0.06343469418951106,0.07918562582469386,0.06022269091967389,0.058570316739513274,0.05643342683029662,0.056187054277498684,0.05406481588552197,0.05330241181054403,0.05174467135087076,0.05153475109186099,0.05057127898713105,0.049112078758494195,0.04983063375758199,0.04834176240024945,0.0477791481595468,0.04843775363690438,0.049401453624696424,0.045212169910798086,0.0447612453055224],"valid_accuracy_dist":[0.9864864864864865,0.9745484400656814,0.9864864864864865,0.9827444535743632,0.9863713798977853,0.9771801140994295,0.9742096505823628,0.9884488448844885],"valid_accuracy":[0.0905409715360899,0.6731086581455374,0.8387433065301904,0.8910417839125016,0.9064281687172879,0.8854299099507009,0.9203624822393752,0.9381396769375892,0.9441692728142016,0.9431303646522674,0.9523823356548574,0.9542545914100944,0.955500205279665,0.956644620023219,0.9558145640542173,0.9635076697014613,0.965274565738236,0.9668342779154679,0.9676658862873259,0.96828972875614,0.9698495001216773,0.9718245145315989,0.972656175975074,0.9727601577664464,0.9744238609585395,0.9739041128648099,0.9701624006628486,0.9742162193259077,0.9757757361262341,0.9709934380570991,0.9774391562860963,0.9781665430632944,0.977647012642334,0.9720327860148206,0.9788943249354409,0.9795185918705867,0.980766254753487,0.9805582780448002,0.9806620002143134,0.9812859293467106,0.9808699800172076,0.9808701883261155,0.9803503112477496,0.9815977748326278,0.9808704288452191,0.9814939692958776,0.981909745234436,0.9803502248604347,0.9799339574879706,0.9823254667022892,0.9820135565550934],"mean_valid_accuracy":[0.0901513054957911,0.6719820842208561,0.8388499584664937,0.8911698338204597,0.9065453781238102,0.8856682238873215,0.9204527336243824,0.9382967450816335,0.9442419371129547,0.9432439211870369,0.9524191676928732,0.9543649539886947,0.9555524304176863,0.9566532707745916,0.9559408939468962,0.9635968002685001,0.9653417856723682,0.9669159438440302,0.967740092349507,0.9683565371525826,0.969909323746454,0.9718724714651558,0.9727100324617224,0.972807664856697,0.9744620760238292,0.9739670833226687,0.9702185450779267,0.9742805134357002,0.9758157338323772,0.9710593098964344,0.9774895706651765,0.978224894272379,0.9776718037277075,0.9720955189141689,0.9789422132361107,0.9795675625812178,0.9808178337850854,0.9806063623121641,0.9807120108646155,0.981333155490923,0.9809136498745853,0.9809211427525591,0.9803867680664902,0.9816468172511359,0.9809177166601348,0.9815408991391581,0.9819638852014637,0.9803828005281716,0.980008716791042,0.9823744773433025,0.9820594820096356],"std_valid_accuracy":[0.0881253057589677,0.11359696633822003,0.048893828827624046,0.03003201277880731,0.02467041108161316,0.0486395405841884,0.029132602585292242,0.01836959495633873,0.012381717147709363,0.01821676588212196,0.009824191124032928,0.014493840064950279,0.007866679476522857,0.008591398283446277,0.01603501374707053,0.010918445317239922,0.009196571296644935,0.0099075553942199,0.008769792140835724,0.00892764057748995,0.009298192783106682,0.007450462436511185,0.0073441979997102445,0.006696060415012559,0.007028179020081567,0.00822293349233836,0.011567909747925523,0.008236086358527081,0.007792815152980577,0.011503598246409256,0.006870743355040921,0.006989556999763502,0.00670993728638952,0.009483603538074896,0.006769256956674217,0.006883486066814148,0.00650289774290435,0.006825613580134903,0.006437116637431815,0.006123107285564702,0.006160644507843737,0.00656970256046275,0.006349555002283782,0.0065852275685423295,0.006892012823442129,0.0060194475382685676,0.0066636592288543284,0.006784445245578745,0.0066380054926996794,0.005600840232783837,0.005487783937854244],"valid_loss_dist":[0.04931691087581016,0.06331011451083451,0.04320679886921032,0.04672741137549048,0.048865172294883956,0.07640843568847931,0.08083326453823417,0.04221357400267824],