{"test_accuracy":[0.0972,0.4572,0.7066,0.8077,0.8556,0.8762,0.9035,0.8505,0.9117,0.9214,0.9334,0.9408,0.9412,0.9467,0.9488,0.9504,0.9444,0.9548,0.9511,0.9512,0.9592,0.9547,0.9615,0.9671,0.9649,0.9646,0.9574,0.9661,0.9683,0.9673,0.9679,0.9701,0.9686,0.9694,0.9723,0.963,0.9712,0.9722,0.9722,0.9729,0.9697,0.9714,0.9723,0.9738,0.9717,0.9757,0.9739,0.9709,0.9746,0.9756,0.9722],"test_loss":[2.3084521141052248,1.511116428375244,0.874587451171875,0.5807289455413819,0.44358479232788084,0.3738288303375244,0.30817199840545656,0.43486204524040223,0.2645104157447815,0.24900750637054445,0.21439803018569947,0.19179304027557373,0.1924904575586319,0.172949977850914,0.16433707966804503,0.15696798312664031,0.17176028244495392,0.1446814254283905,0.14770959961414337,0.1510483824968338,0.13149818742275238,0.13873248995542525,0.1254289606809616,0.1084124299645424,0.11250517938137054,0.1130477513551712,0.13058091032505034,0.10592105140686035,0.10132990787029267,0.10232561417818069,0.09838669432401657,0.09533515807390212,0.09759697068929672,0.09586626472473145,0.08485309895277024,0.10826527315378189,0.08625545681715012,0.08322042315006256,0.0833273990035057,0.08245444660186768,0.08745681767463684,0.0843136646270752,0.08011636843681336,0.07734178148508072,0.08190221681594849,0.07194549018144608,0.07441982406377792,0.08561213099956512,0.07307269849777222,0.07245544570684433,0.07806226420998573],"train_accuracy_dist":[0.9913392479932404,0.9795055989858441,0.975760065735415,0.9884984025559106,0.9775234131113424,0.9787145242070117],"train_accuracy":[0.06623118035421106,0.5511579976944843,0.7755964648758166,0.8494079016313271,0.888985922380969,0.9030635414119538,0.9190973556432739,0.8773884794075523,0.9317427603311559,0.9369476368463339,0.9442135047332938,0.9497327697628113,0.9492087889055787,0.9558808118210081,0.9587452405072134,0.9604219792503581,0.956369860621092,0.9634610682223076,0.959304153421595,0.9616446012505676,0.966989205994341,0.9626226988507354,0.9693296538233137,0.971949558109477,0.9719146260523283,0.9721591504523701,0.9655220595940895,0.975128375310022,0.974918782967129,0.975128375310022,0.9759318126244455,0.9767003178817201,0.9766304537674224,0.9767701819960177,0.9790058336535439,0.9716002375379886,0.9789359695392462,0.9797743389108184,0.9796346106822231,0.9796695427393719,0.97942501833933,0.9800887274251581,0.9813812135396653,0.981695602054005,0.9809620288538792,0.9826387675970238,0.9819401264540468,0.9797394068536696,0.9826387675970238,0.9827435637684703,0.9818353302826004],"train_loss_dist":[0.025215861581527183,0.05736573333203629,0.07522828093957196,0.030607716961346242,0.06632285998837632,0.06970733611258322],"train_loss":[2.3161975072674226,1.2979564562684047,0.7027131202333184,0.47341271347311975,0.36234795584513163,0.30512356421882475,0.2655587084441737,0.3535241075631779,0.2165382334994825,0.2030826570132307,0.1781864340740823,0.16245704087085427,0.16194077130624024,0.14445346082971383,0.136098869130602,0.13070757063473,0.13726210021726343,0.11907235211937237,0.12537590990282663,0.12266729650106752,0.10614426366475507,0.11537390773329337,0.10021970170753802,0.09036616836088429,0.09078888891974471,0.08968863089830771,0.10658210167911748,0.08317561474860284,0.08061622467336925,0.07989134082276118,0.07808953178740376,0.07509474608525735,0.07572297689674386,0.07335293764906893,0.0668351627234594,0.08639507651758216,0.06670628640995002,0.06403200989934921,0.06369928529502132,0.062399408555788294,0.06415891657202877,0.0626610798986247,0.059643407985653936,0.057155392392865996,0.058605880531547694,0.05337426989633488,0.054958835980661126,0.06074829150275482,0.052723306953108263,0.051895163603964796,0.05426755525309957],"valid_accuracy_dist":[0.9890202702702703,0.9771959459459459,0.9728841413311422,0.9923339011925043,0.9658901830282862,0.9782971619365609],"valid_accuracy":[0.06032537405901789,0.5577356923796354,0.7816664375094642,0.8478814528876523,0.893003725809259,0.9079489106283568,0.9212173015805453,0.8835012900138042,0.9339290250597954,0.9411939188310622,0.9473401473308415,0.9557215899872209,0.9540445544952364,0.9597724442656942,0.9625656646831205,0.9636834307511097,0.9576742076170628,0.9659171471114834,0.9604721755276159,0.961728199383124,0.9677335851513211,0.9624275855618243,0.9685717229744293,0.9737400559190785,0.9723428597438213,0.9723431547780876,0.9643818337873077,0.9738797240666823,0.9734608934220159,0.9734605109516078,0.9745778110204718,0.9745781908399896,0.9740192813993298,0.9740187508402637,0.976673704443362,0.9701091655057281,0.9768135238331276,0.9777910608681891,0.9775119571266729,0.9776513020620287,0.97639374990164,0.9768131105338478,0.9777915600268585,0.9787686901385588,0.9775116613384858,0.9801655032718835,0.9804451963280119,0.97653221478467,0.9796072365306909,0.9803058476676275,0.9791874931767682],"mean_valid_accuracy":[0.06036828760101734,0.5599615879987246,0.782672104717161,0.8484831037067039,0.8934148529512472,0.9083035552845488,0.9214955933460877,0.8840048499899281,0.934201146911496,0.9414250489011892,0.9475312739964307,0.9558557995858291,0.9542009039951661,0.9599048890646525,0.9626970336570576,0.9638125428590656,0.9578921409374498,0.9660595103908404,0.9605645821375853,0.9618660830071684,0.9678739773972936,0.9625154391355593,0.9686907650953139,0.9738383827933448,0.9724594070139622,0.9724501280357934,0.9645258296177867,0.9739822294810038,0.9735501262388255,0.9735677752489308,0.9746713195860627,0.9746682194339461,0.9741137995012873,0.9741283143947445,0.9767513141228911,0.9702145985085312,0.9768780579973804,0.9778634183577406,0.977578532805848,0.977727378522817,0.9764909947178301,0.9768956430050221,0.9778462323118844,0.9788354928895412,0.9776006878430824,0.98022299460211,0.9804989082388332,0.976659390570055,0.9796517235829173,0.9803508434631699,0.9792702672841181],"std_valid_accuracy":[0.0815008449485568,0.18784803289943736,0.10054874290200094,0.06262566834066352,0.04689064597931665,0.03798810747734628,0.027388575868652103,0.04673374914368757,0.02551815609310131,0.02477094801775045,0.02055018089641539,0.016583102739038597,0.01837603771725658,0.01670870507208449,0.015504813151417373,0.015631183297392885,0.019574064148251483,0.014016173757031613,0.01699256881714457,0.017182094616669537,0.015149323657813197,0.016074946720187153,0.013370433340016665,0.010911073877988226,0.011977311293987788,0.012003798017531918,0.016317241702896626,0.011607795615340923,0.010796335168490547,0.011567709358804948,0.010034969543262152,0.010638816453711033,0.010470619431243939,0.010688161471448642,0.009816904584951401,0.014124582587249445,0.00925621505625091,0.009231151634007118,0.00961587281973379,0.009512136666140479,0.010207917400985984,0.009645683511133048,0.009401742443704881,0.00836942926249499,0.010595196473805543,0.007646453705535897,0.007975691958614637,0.01127112612329488,0.008355131751644214,0.00895933581231359,0.009044151807790746],"valid_loss_dist":[0.037279041181947734,0.06238648476632866,0.08329513282098042,0.031804620965782175,0.12409578008381976,0.07373661417296415],