{"test_accuracy":[0.0972,0.3932,0.5416,0.6459,0.7084,0.7425,0.7576,0.8049,0.8368,0.8534,0.7139,0.8459,0.877,0.8786,0.8905,0.8885,0.9115,0.9121,0.9146,0.9155,0.9222,0.9292,0.9256,0.9309,0.9284,0.9337,0.937,0.9364,0.9345,0.9369,0.9397,0.9329,0.9386,0.9447,0.9451,0.9449,0.9465,0.9493,0.952,0.9512,0.9488,0.9473,0.9537,0.9526,0.9519,0.953,0.954,0.9525,0.9562,0.9566,0.9542],"test_loss":[2.3084521141052248,1.9075435916900634,1.8733953201293945,1.0987913942337035,0.7814630493164062,0.6788181541442871,0.6595519545555115,0.517054811000824,0.4428495840072632,0.4091822933673859,0.9374381468772888,0.42256644268035887,0.3527592068195343,0.3511302312374115,0.31605112247467043,0.3201496233701706,0.25875141813755037,0.26422251696586607,0.2499850344657898,0.24946137697696685,0.23394341201782226,0.2109380794286728,0.22122618217468262,0.20508111426830292,0.21384286026954652,0.19263793876171112,0.18737130241394043,0.18816321177482606,0.19513658339977263,0.18290388627052306,0.1788194169521332,0.19939942803382874,0.18506468489170075,0.1617463855981827,0.15822348601818084,0.15944269037246703,0.16295965795516967,0.14983869469165803,0.144921586561203,0.146763405585289,0.1538217197418213,0.1577181517124176,0.1375818240761757,0.14111509824991225,0.13981477233171463,0.1380709680557251,0.13614358975887297,0.14526801934242248,0.1326184886097908,0.13197782201766967,0.1375948823928833],"train_accuracy_dist":[0.9560532431861398,0.9644617912900575,0.9927582534611289,0.9919521254643004],"train_accuracy":[0.049681329014732004,0.5294117647058824,0.6838888308431721,0.7889457736913593,0.8296416257444363,0.8483961968446349,0.856754780064779,0.8845470692717584,0.902779228920698,0.9117647058823529,0.8236338940549577,0.9113990178664716,0.9234144812454289,0.9253474036150873,0.9320865113363285,0.9334447811096019,0.9448855918921742,0.9458259325044405,0.9473409257130916,0.9467662731167067,0.9519903876292969,0.9579458781736495,0.954550203740466,0.9596698359628043,0.9578413958833978,0.9632744749764914,0.9628043046703584,0.9609758645909519,0.9614982760422108,0.9649461916205203,0.9639536098631282,0.9606101765750705,0.9641103332985059,0.9697001358269773,0.970953923309999,0.9692299655208442,0.9689165186500888,0.9723644342283982,0.9742451154529307,0.9736182217114199,0.9727301222442796,0.9716852993417616,0.9750287326298193,0.974610803468812,0.9752899383554487,0.976230278967715,0.9771183784348553,0.975707867516456,0.9775885487409884,0.9775363075958625,0.9762825201128409],"train_loss_dist":[0.12542034399426313,0.09318382351145749,0.023069518397902403,0.024440117065805914],"train_loss":[2.314455686860069,1.4107531595443088,1.1677121250354912,0.6566145629618636,0.4786096908881515,0.4198356142493142,0.40194648555479456,0.3233954580556187,0.2758490374157476,0.2555029240988873,0.5683813470945801,0.2557125922910174,0.22223698192661104,0.21588422461803922,0.1971380936241484,0.1955979142541214,0.16692255111377158,0.15959906270555282,0.1551423153980419,0.15446902273693575,0.14122898116701574,0.1264133926131872,0.13160459584098302,0.12002244482748892,0.1256562429234555,0.10942247206038296,0.10779234974077488,0.1118787539494849,0.11141747187014633,0.1028372098313433,0.10366461150427589,0.11347607902290399,0.10451590177421005,0.08825011655128577,0.08462418243269533,0.08778393309356719,0.089296770851334,0.07994116044374326,0.07624862820673713,0.07712365078390783,0.0792072725653253,0.08098307115666778,0.07130489635053859,0.07150678280153244,0.06999317292855195,0.06869892713809103,0.06772542640065891,0.07057452935029902,0.06410491489000068,0.06414078568790403,0.06655425437037246],"valid_accuracy_dist":[0.9552364864864865,0.9646672144617913,0.985519591141397,0.9818481848184818],"valid_accuracy":[0.044690620741846966,0.5304184684964051,0.693341995290337,0.7952688344668385,0.836217523486561,0.8552306490392381,0.8614953540447366,0.8886544068718801,0.9085008773650379,0.9174833682613276,0.8299571327008246,0.9143497071198704,0.9296009129959767,0.9316902433942488,0.9394197232014503,0.9412988638368787,0.9504912720384494,0.9529974081795762,0.9550870134040159,0.9544606863884945,0.9594727506892068,0.9623975990934278,0.9609349749445029,0.9634419776038967,0.9601000026162567,0.9636508960231441,0.9646958540837585,0.9646962089436251,0.9630244883817726,0.9640694019439667,0.9653230509432195,0.9619807300020453,0.9640691310924316,0.9680383162990316,0.9690836302901975,0.9680392473265623,0.9667861645179563,0.970336630810117,0.9711717783417134,0.971589839870487,0.9682477686425105,0.9686655643082576,0.9728438859730388,0.9705454869182795,0.9726343924568123,0.9736792226028266,0.9736790440738039,0.9711731409371372,0.9749326090647253,0.97388805368807,0.9717994501399939],"mean_valid_accuracy":[0.045196602053501546,0.5290732948356843,0.6933906496204267,0.7960138232937289,0.8367246396956254,0.855563705016269,0.8618068856022729,0.8889496037549869,0.9087776235368057,0.9177198106931281,0.8303558490868421,0.9145694465047713,0.9296561171828437,0.9317940641762974,0.9395155777752094,0.9414308600179833,0.950557593753801,0.953075772872316,0.9551064814524444,0.9544855411752382,0.9595601992748091,0.9624558424758133,0.9610237093803824,0.9635218593619879,0.9601384152178336,0.9637321605553076,0.9647393503576639,0.9646960047939322,0.9630836665746351,0.9640983803943546,0.965345553489515,0.9619823457418516,0.9641187399360271,0.9680737234611716,0.9690765528417014,0.9680220905391471,0.9667507541110295,0.9703176895705752,0.9711870882430684,0.971592209109621,0.9682495681632115,0.968682986558769,0.9728222057740368,0.9705817331157396,0.9726591770809151,0.9736605377765659,0.9736711412750667,0.9711507106153516,0.974941300392286,0.9738885330003897,0.9718178692270392],"std_valid_accuracy":[0.07536101655108764,0.18657549562291764,0.13707615034399087,0.14233571102975417,0.11114178467615414,0.09202029732915508,0.09357787291378467,0.0698039370257843,0.05777904127410297,0.051721347648485384,0.09707432604048132,0.05605003312298857,0.04039774476012826,0.042662421305964864,0.036246453104806876,0.03557685502767474,0.025194540168206315,0.027659234462496404,0.024585476602779995,0.024834140542458045,0.021822877905722026,0.020075574578558512,0.021255383551360783,0.019894773292997294,0.020688881286287507,0.0192698612337599,0.017684907035704325,0.015895260732920035,0.0189411708747617,0.017939880766774025,0.015468192628506083,0.019485286455104636,0.016617095673150097,0.014758720465298327,0.01590194081281853,0.01588552622428518,0.0163956558124604,0.014721944673223348,0.013445160634556938,0.013108525837776826,0.014839474856075107,0.015552146269067717,0.011175245327240808,0.012310300468081603,0.012707609934974993,0.012213218267644427,0.011563433200266177,0.014904487821412953,0.012305161013207801,0.012971376562029414,0.012393733612624466],"valid_loss_dist":[0.12880016037741224,0.09799888296605332,0.043819927367710176,0.04218729156324572],"valid_loss":[2.31599970627735,1.3830668384379095,1.1173597871250438,0.619821036424012,0.44640559293016524,0.3876678137909379,0.3723383531558041,0.2950728655495115,0.2495075545075131,0.23003189441963,0.5310080526731573,0.2333882084099389,0.20072849323463285,0.1944641756726098,0.17802800304884261,0.1781420002512855,0.1533924692897155,0.1464098989740666,0.14278756192015352,0.14251071307899035,0.1312279690232484,0.11789208922892964,0.12364160729343292,0.11452857869434122,0.11972626215363287,0.10658860044660122,0.1048473227963755,0.10824452608898139,0.10947821100170797,0.10165706047788423,0.10378946258135033,0.11348350696888693,0.10594599096387311,0.09021971956283142,0.08766218900523053,0.09172778874951841,0.09356337856912662,0.08480638669901402,0.08190381433851436,0.08305904266821351,0.08574870198081817,0.08787853537567902,0.07932103723890109,0.08020186813701069,0.07872761318351891,0.07744169503980304,0.07711429398204817,0.08102914599970337,0.07434152370601793,0.07462494911889125,0.07819683916267517],