{"test_accuracy":[0.0972,0.4088,0.6691,0.7568,0.8017,0.8264,0.8417,0.8361,0.87,0.885,0.8922,0.8993,0.9048,0.9173,0.918,0.9249,0.9253,0.9222,0.9323,0.9334,0.938,0.9379,0.9391,0.9385,0.9411,0.9454,0.9484,0.9516,0.9476,0.9526,0.9557,0.9533,0.955,0.953,0.9564,0.9564,0.9573,0.9567,0.9605,0.956,0.9589,0.9614,0.9608,0.9586,0.958,0.9597,0.9617,0.957,0.9608,0.9614,0.9638],"test_loss":[2.3084521141052248,1.8571994524002076,1.0683052941322326,0.8303326018333435,0.6853256764411926,0.5525701776504517,0.5031037496566773,0.5024219211578369,0.38727455611228945,0.3419070534229279,0.3295770980834961,0.3021585929632187,0.28795681729316713,0.25217051339149477,0.24642619550228118,0.22958647775650023,0.22526322844028474,0.23143490228652955,0.20484121069908143,0.1970999440908432,0.18485336625576018,0.1821812552690506,0.1743812648534775,0.1801954375743866,0.1733625470638275,0.16432295334339142,0.15395353689193725,0.14548081086874007,0.15750036971569062,0.14510903899669647,0.1361430726289749,0.13941196213960647,0.13597326288223266,0.14345626730918884,0.13420903763771058,0.13550133366584777,0.1293824800491333,0.12975359349250792,0.11912274661064148,0.13061611695289613,0.1274325388908386,0.11785600048303604,0.12032299818992614,0.1244680002450943,0.12898691923618316,0.12429727597236634,0.11637347388267517,0.1304116421341896,0.12176661822795867,0.11820584267377854,0.1117270877122879],"train_accuracy_dist":[0.9847908745247148,0.9530952884005915,0.983771569433032,0.9912353923205343,0.9903012794056955],"train_accuracy":[0.04050390022108205,0.5206690860551454,0.7618570892253785,0.8313102240020023,0.8718558378175447,0.8908772368915029,0.9025153297459642,0.8978851207608559,0.9195344762858215,0.9270846368831602,0.9314645643015058,0.9353439285863263,0.9389730113043842,0.9459808951737371,0.9483585700579819,0.951445376048054,0.9539481917156801,0.9520710799649605,0.9577441288115797,0.9587452550786302,0.9607057940182706,0.961706920285321,0.9630417553080549,0.9622074834188462,0.9640845951695658,0.9652942894089184,0.9679222458599257,0.9697576440161849,0.9682559546156092,0.9705502023109331,0.9726775956284153,0.9718433237392066,0.9724273140616527,0.9724273140616527,0.9746798481625162,0.9719684645225879,0.9747215617569766,0.9751804112960414,0.977641513369207,0.9755975472406457,0.9752638384849622,0.9775997997747465,0.9781003629082718,0.9771409502356818,0.974763275351437,0.976390105535394,0.9792266299587036,0.9762232511575523,0.9778917949359697,0.9791014891753222,0.9807283193592792],"train_loss_dist":[0.04575311241456613,0.13517873975557126,0.05153274812851172,0.02780690047585208,0.033567200719639874],"train_loss":[2.3173196611637934,1.440044600361007,0.7295623753817027,0.5392011091556278,0.4323449100316483,0.3486214055439381,0.3109386713213991,0.31764264308180024,0.24694296919471087,0.22226852212636247,0.21061453202964914,0.19585938061058897,0.1865934946184656,0.16428601188335054,0.16065392341591095,0.15009999587800602,0.14308171767578431,0.1500631568920218,0.13061410185784575,0.12649137360197937,0.12005963241506248,0.11752668344901918,0.11008202448951603,0.11447036341040939,0.10749080573351866,0.10521985405164622,0.09651996253838166,0.0904605642258835,0.09503645222595694,0.08991021979273084,0.08234952353272028,0.08418655614552956,0.08248335198118038,0.08341244843960584,0.07748449470181044,0.08159065333976319,0.07544178205255135,0.07431302956665067,0.06867762602558324,0.07322763732570345,0.07279184728417046,0.06722100973390337,0.06627560526826268,0.06890193666584181,0.07156362647735118,0.0684554285632004,0.06240031029271507,0.06973580670713289,0.06512490787485044,0.06254956437042421,0.058531470783420005],"valid_accuracy_dist":[0.9839527027027027,0.9569256756756757,0.9753492193919474,0.988313856427379,0.985973597359736],"valid_accuracy":[0.03585142519568749,0.52576971432528,0.7698186632173011,0.8378770589789856,0.8804141431076854,0.8975920891315965,0.9087689291759758,0.9061010770773053,0.9254478432810321,0.9327854049128121,0.9369546472385945,0.9397907266806188,0.9439591586916438,0.9511310898475962,0.9492964266604259,0.9537992368175859,0.9569689512974641,0.9521318572925285,0.9603042469529179,0.9616383789819622,0.9619715207847463,0.9636395377248562,0.9671427593409905,0.9633067531163517,0.9656412731876806,0.9661410146115789,0.9684763146501043,0.9706443342821938,0.9679758891852077,0.9691432356707245,0.9723127387641441,0.9708116835229438,0.9719787514155264,0.9718128179291867,0.9733136569004133,0.9719786424666202,0.9743143300469859,0.9743142948159096,0.9756483916138774,0.9748147202808063,0.9766484257175595,0.9763152085691071,0.9766490951080111,0.9754816076981886,0.9744810098972841,0.975314364150668,0.9771493059307722,0.9744810836151142,0.9763152085691071,0.9771495205729078,0.9781499758216681],"mean_valid_accuracy":[0.03631164553535171,0.5256586709902822,0.7698220172439951,0.8375584910914938,0.8799259795552385,0.8972515530718954,0.9083463372831803,0.9055628144959991,0.9250462124430372,0.9325084769587273,0.9367346743847058,0.9395181380790559,0.9437783721864964,0.9509524174484205,0.9491158097152373,0.9536758969575765,0.9568115577165723,0.9519690642065228,0.9601788612031992,0.9615243361265433,0.9618791395619825,0.9635408920661888,0.9670033756533218,0.9631547182021316,0.9655150938938816,0.9660733341992884,0.9683957850701501,0.9705754433827577,0.9679033875402014,0.9690910327142204,0.9722410669778668,0.9707227707183351,0.9718987399669141,0.9716964766086387,0.9732330345122471,0.9719183119353086,0.9742256800108905,0.974232234403161,0.9755777093265049,0.9747266059438484,0.97661870512921,0.9762638418117199,0.9765886164692251,0.975408790407586,0.9743952768940727,0.9752640694428021,0.9770960055860367,0.9743894460702738,0.9762684221932517,0.977081013999174,0.9781030103114882],"std_valid_accuracy":[0.06969497735515838,0.12302727074588614,0.08644276010239955,0.07754687039836196,0.07862681602137095,0.06801582914478395,0.06810504126390987,0.07181958581481693,0.05712912784556042,0.04621929046242837,0.04277163830841188,0.04199509363732945,0.03598026075634757,0.03033057938055435,0.03042472940228743,0.025941590075543183,0.02705173280402597,0.027985996831972487,0.02355472862381418,0.021911186868398862,0.0191979357063514,0.01800731814572406,0.02025361164961174,0.021052638674884376,0.01834985808295396,0.014971820950812068,0.015080481267965653,0.013272907111841323,0.015467225667780433,0.01485701438466752,0.015410307768169654,0.01560048699855738,0.012794596614367174,0.017007578311451027,0.015640372201319013,0.013238089210451429,0.01421549782502607,0.015206778545021471,0.013185229814676413,0.015441478806250084,0.011736789311133998,0.011471818219742318,0.01342927361202041,0.013147130716871657,0.014015901291880165,0.012157525836168165,0.011579553668178925,0.01546913706429873,0.012369699893264962,0.012919423711764353,0.01145852771226751],"valid_loss_dist":[0.05930843909044523,0.12354510901747523,0.07481543564879709,0.04073739738416592,0.042732089911602905],"valid_loss":[2.318607224537522,1.4095542329787258,0.6987614098753153,0.5126818091377647,0.4085991127668798,0.32890099512396637,0.291941116234202,0.29790262183386285,0.23056954611546843,0.21073339945138184,0.20100931516303264,0.18741053856466341,0.17875892165071597,0.15656237001536968,0.15547916535395287,0.14584029132412984,0.1389118584535537,0.14786949229443302,0.12678787844532502,0.12366499129895919,0.1184049597433968,0.11559736311026114,0.1080052804798157,0.11367809998464655,0.10676143215137847,0.10612931435699362,0.09802689638941178,0.09170724831289688,0.09784384277708687,0.0925589632347698,0.08564492933444826,0.08828278960254352,0.0861179157595612,0.087206769322845,0.08217556949311854,0.08614593545553181,0.08052125235691873,0.07979135364644062,0.07484412172867272,0.07916307444265304,0.07862972330781212,0.07401944769831337,0.07299423117807244,0.07649598743258161,0.07901618646647991,0.07619211935095986,0.07144955159095258,0.07834065278008846,0.07355313037723601,0.07137835869545406,0.06807658650768669],