{"test_accuracy":[0.0972,0.5641,0.7395,0.8032,0.8445,0.8709,0.9013,0.9102,0.9228,0.9347,0.9337,0.9366,0.9248,0.9514,0.9534,0.9539,0.9548,0.9601,0.9595,0.9625,0.9617,0.9629,0.9643,0.9663,0.9664,0.9661,0.968,0.9711,0.9674,0.9699,0.9691,0.97,0.971,0.9704,0.9726,0.9657,0.9749,0.9741,0.974,0.9749,0.9744,0.9754,0.9755,0.9757,0.9752,0.9755,0.977,0.976,0.9772,0.9773,0.9773],"test_loss":[2.3084521141052248,1.310816605758667,0.7721765122413635,0.5213754302978516,0.4211384909152985,0.3586057210922241,0.3033063149452209,0.2851149334430695,0.24086007223129272,0.2189896048784256,0.20802109684944153,0.1985928335905075,0.21378955125808716,0.16460468573570253,0.15684255187511445,0.151958236348629,0.15077789924144744,0.1360322944164276,0.13530971381664275,0.1292946382045746,0.12917530589103698,0.12371068036556244,0.11794234585762024,0.11085422064065933,0.11043231070041656,0.1120870689868927,0.10073324518203736,0.09901179406642914,0.10502372720241547,0.09788398299217224,0.0984351859331131,0.09594886592626571,0.09302228075265885,0.09437924460172653,0.08873164051771164,0.09800170637369156,0.08379799293279648,0.08344975811243058,0.0828880264878273,0.08039467315673827,0.08011837453842163,0.07651475838422775,0.07790414147377014,0.07585906904935837,0.07983555299043656,0.07886844106912613,0.07435779022574425,0.07478306325674057,0.07285323538780213,0.07273535413742066,0.07230131336450576],"train_accuracy_dist":[0.9913392479932404,0.979294316501162,0.9784305669679539,0.9731629392971246,0.9792006525285482,0.9906093489148581],"train_accuracy":[0.06461045742532898,0.6211446076724918,0.7985448722411752,0.8466894102903293,0.8761400821555385,0.8952168766970688,0.9169741697416974,0.91728747476154,0.9349369908793428,0.9430132980575089,0.9446146348255935,0.9461463482559354,0.9395669428392397,0.9565202255796142,0.9581911856854418,0.9584000556986702,0.9594792174336838,0.9637610527048667,0.9639002993803523,0.9657453178305367,0.9661630578569936,0.9672422195920073,0.9689131796978347,0.9702012114460767,0.9704100814593052,0.9701315881083339,0.9730209566246606,0.9739260600153171,0.9722202882406182,0.974343800041774,0.9742045533662884,0.9749355984125879,0.97597994847873,0.9755970201211446,0.9766413701872868,0.9723595349161038,0.9784167652997284,0.9782427069553714,0.9786256353129569,0.9793218686903851,0.9792870570215136,0.9804010304253986,0.9803662187565272,0.9803662187565272,0.9797396087168418,0.9801921604121702,0.9807839587829841,0.981201698809441,0.9816542505047692,0.9819327438557405,0.9820023671934832],"train_loss_dist":[0.030751377015197937,0.060224618096067516,0.06621897433048012,0.07347669629211497,0.06754672450741198,0.027552647282912058],"train_loss":[2.315021014774625,1.1869311071634043,0.6359913381126393,0.4317421567296447,0.3497818648236248,0.29968949943762224,0.261590128632622,0.26531273543638606,0.2055704028238072,0.1883298981301152,0.17720302041226557,0.1695920512825095,0.1757440792686767,0.14267111404322402,0.13528784258536358,0.13159422273953494,0.12971036153631707,0.11745850189307486,0.11460171159052594,0.10930607537192687,0.1083070204291662,0.10388380307596573,0.09902774645046072,0.09534693406267783,0.09315327535384894,0.09311646250716775,0.08711218921563497,0.0820107690277749,0.08578984870752451,0.08066390653599988,0.0807910759142288,0.07859895995502364,0.07534929615546135,0.07575965169883347,0.07200832590541181,0.08417212820763559,0.06769202463678985,0.06710575953811201,0.06626875770073959,0.0641160802693285,0.0637967415868018,0.06104917754200307,0.06110330635668391,0.05939457104028138,0.061165456162042116,0.06047954473010083,0.057707985260968736,0.05714610648825002,0.05548859238603823,0.054764594826833046,0.05434897358264132],"valid_accuracy_dist":[0.9881756756756757,0.9839527027027027,0.9695973705834018,0.9778534923339012,0.9649551752241239,0.9874791318864775],"valid_accuracy":[0.06275538916774556,0.6258414693135076,0.8031826734661394,0.8534238661735367,0.8787597779207846,0.8946281280188042,0.9206608728419056,0.9209441495916965,0.9359694626778023,0.9440446188800768,0.9441815656288185,0.9475228454919787,0.9377761963672636,0.9590787199274962,0.9610262369402344,0.9599122428785161,0.9607469827644666,0.9652018710461838,0.9653418226625352,0.96645490934135,0.966594243971637,0.9664545992884412,0.9686819356503454,0.9706303030597899,0.9703519992854256,0.9697952692066175,0.9723024197944086,0.9732753760779569,0.9713265248239913,0.973553570538616,0.9734149575857008,0.9727185787021806,0.9743884112447982,0.9732743931550529,0.9748063318032555,0.9678499160240422,0.976198301597719,0.9761981341815901,0.9763372003250752,0.9773114140576464,0.9775897890503059,0.9778683156741002,0.9778683453262882,0.978703249708804,0.977032870396654,0.9780081423919411,0.9778683997578259,0.9781461417792373,0.978564053092899,0.9777291530823403,0.9785641619559741],"mean_valid_accuracy":[0.06235300382829587,0.6261279907028084,0.8034538282520282,0.8536380216102087,0.8789462678002677,0.8947897219694757,0.9207589470642202,0.921393477771229,0.9361564173083065,0.9441809596874693,0.9443060666199011,0.9476355231395797,0.9378594353108535,0.9591725652507831,0.9611161639965342,0.9599985035252839,0.9608605254173687,0.9652867254668105,0.9654587391704057,0.9665552666269578,0.9666934144350791,0.966541660144579,0.9687649674251473,0.970700799457252,0.9704454353143577,0.969892684456469,0.9724141173939572,0.9733428050389702,0.9714049065528535,0.9736437907501116,0.9735061534615902,0.9728065814247975,0.9744892232049195,0.9733513555090765,0.9748858574586227,0.9679995311997184,0.9762907601549028,0.9762734798662046,0.9764268127127859,0.9773860056845093,0.9776787682661574,0.9779429427835682,0.9779422707233149,0.9787742379587834,0.9770993978630917,0.9780770436983078,0.977950047870825,0.9782284509251121,0.9786528434726477,0.9778152710653302,0.9786689247343805],"std_valid_accuracy":[0.08437566349993453,0.10156053550033867,0.08655998144091613,0.07197623203254848,0.06059788333637635,0.05146589554048011,0.0337104880023501,0.03781350549980334,0.027909179870126057,0.022996782183938764,0.025710001853382892,0.022875400308465268,0.036389217053634515,0.01767685523530187,0.016564672005162734,0.016677089698133023,0.015419977269660472,0.014769500203361142,0.015754221380727775,0.014550719676670312,0.01444539227199457,0.015319911655924577,0.013752185271350862,0.0108910432889511,0.01256048945064218,0.012821849337717368,0.012413086421442756,0.011137510827312026,0.012822635335916209,0.011025895142684268,0.01078911368500342,0.011692072909551652,0.010479654275781874,0.010969271348309875,0.009532440412820793,0.017565692781799622,0.00916225699765117,0.008745225012790115,0.009575196917775508,0.008418811828702064,0.008639845456313888,0.007327208309118997,0.007833562245938628,0.007837797157506076,0.008319109550786357,0.008864170213845692,0.008023616410192776,0.008756822344890558,0.00817508700182063,0.008414457034203572,0.00882176591812508],"valid_loss_dist":[0.04228163168237016,0.0603317211608629,0.09111086862588771,0.07050072435397509,0.10353433777378551,0.04004531110542047],