{"test_accuracy":[0.0972,0.3586,0.6612,0.7895,0.8453,0.8511,0.8828,0.8933,0.907,0.9062,0.9251,0.9294,0.9321,0.9301,0.9357,0.9397,0.9432,0.9488,0.9482,0.9512,0.9532,0.9547,0.9562,0.9565,0.9595,0.9513,0.9589,0.9583,0.958,0.96,0.9612,0.9637,0.9625,0.9629,0.9696,0.9681,0.967,0.951,0.9649,0.969,0.9696,0.9688,0.9703,0.971,0.9703,0.9671,0.9715,0.9704,0.9699,0.9697,0.9701],"test_loss":[2.3084521141052248,1.7092750257492066,1.0641870553970336,0.68938986120224,0.506291498708725,0.4755911146640778,0.3735691048622131,0.3240256494998932,0.284012499833107,0.2828396957874298,0.23338476595878602,0.22057056415081025,0.21113661341667175,0.20871385684013366,0.19658336000442506,0.18230391206741334,0.1783208697319031,0.16549112002849578,0.15941125104427337,0.15106742362976075,0.14680804307460785,0.14186464710235597,0.13411584837436677,0.13429989731311798,0.12498479266166687,0.14279342304468154,0.1231108789563179,0.1273839866399765,0.12675366030931473,0.12346378428936004,0.11644633836746215,0.11042197527885438,0.11251091136932373,0.11351248236894608,0.09586306174993516,0.09901797835826874,0.0996536047577858,0.1476573453783989,0.10531454852819443,0.09538751103878021,0.09420917575359344,0.09499323192834853,0.09176610282659531,0.09099081435203553,0.09159839779138565,0.09904515905380248,0.08807151622772216,0.09079736702442169,0.09307704930305481,0.09257764662504196,0.09031678023338317],"train_accuracy_dist":[0.982256020278834,0.9634421852536456,0.9919712655820833,0.9858480749219563,0.987205943045811],"train_accuracy":[0.11502063617792971,0.4700879643140034,0.7408596323008296,0.8485429607704174,0.8922332930337266,0.8933172134906407,0.9219994163505232,0.9279192896152082,0.9407595781048068,0.9405094426147497,0.95001459123692,0.9510151331971485,0.955934464501605,0.9533080418560054,0.9578521699253763,0.9618126485179472,0.959603118355776,0.9645224496602326,0.9660232626005754,0.9688164422395464,0.9689831992329179,0.9705673906699462,0.9714428648851461,0.9727769208321174,0.9735273273022887,0.9698169841997749,0.9746529370075457,0.9741526660274316,0.9739442197857172,0.9749864509942886,0.9764455746862885,0.9769041564180598,0.9768624671697169,0.9776545628882312,0.9798640930504023,0.9798224038020594,0.9801976070371451,0.9674823862925751,0.9781548338683453,0.9810313920040021,0.9815733522324592,0.9811981489973736,0.9819902447158878,0.9823237587026306,0.9824488264476592,0.9815316629841164,0.9838662608913161,0.9837828823946304,0.9831575436694876,0.9830324759244591,0.9820736232125735],"train_loss_dist":[0.051968077233082444,0.1082983060196137,0.02881955843715569,0.0403103717501032,0.03839734354330472],"train_loss":[2.3061344665808514,1.3838738703253608,0.7748974697042308,0.4837718027504357,0.3595813940423891,0.3435313663927905,0.2602381071868394,0.23363384290366113,0.1987079356149769,0.1973849430654805,0.17036841430930738,0.16220749303181065,0.1511256017234106,0.1508323654703889,0.13840011350166634,0.1295930994565462,0.13218226419649104,0.11880181639934334,0.11000256788872508,0.10552884715930694,0.1024439701442485,0.09750952553226888,0.09321721568290542,0.09062539293839313,0.08731827130815706,0.09530096822297329,0.08250270765777173,0.08468662102093627,0.08317801019211551,0.0808823767201671,0.07572648586727769,0.07281486950831807,0.07308266803694617,0.07238766845086932,0.06579782102694506,0.06484239827441611,0.06392294700343791,0.10025610151883275,0.06770058495607599,0.060466947345619936,0.05921161470512864,0.05974360277174514,0.05726194587057546,0.055601631396856574,0.056135411043278086,0.05741288755864791,0.052400458649368646,0.05335466666055095,0.05337779487004827,0.05266585497509165,0.053757833942721885],"valid_accuracy_dist":[0.9847972972972973,0.9482758620689655,0.9881756756756757,0.9708818635607321,0.9834983498349835],"valid_accuracy":[0.1058247144883628,0.468497847937297,0.7370002277484682,0.8480023363034537,0.889002804794097,0.8885023472796627,0.9195020426709893,0.9241686822703232,0.9368349762772835,0.9328349858028219,0.9420013431103792,0.9436679602402858,0.9513346440546777,0.9470012689945309,0.9516678976982856,0.9548345177598455,0.9555015602539134,0.9606677938497654,0.9625011773254157,0.9635010463588516,0.964834577537048,0.9660010842957607,0.9678344469643001,0.9685009778000081,0.9700009075323347,0.963834534327744,0.9703344102895974,0.9696675637458851,0.9693342795574189,0.9698342446359114,0.9706677516925577,0.9723343176932309,0.9716676401979948,0.97233421966576,0.9730009340919945,0.9735008362465986,0.9750008502029713,0.9626677435341188,0.9720008417305104,0.9750008225166734,0.9743341375422732,0.9748340343682174,0.9745008606919577,0.9758340892335284,0.9758340161238984,0.973834206872642,0.9760007760659336,0.9765007639500587,0.9751674004637604,0.9758341497017992,0.9750006840581072],"mean_valid_accuracy":[0.1057301297346624,0.4701731525646721,0.7376492300948895,0.8485883022471568,0.8894920043421333,0.8889691175001726,0.9198900750924549,0.9244637476755664,0.9371674865551578,0.9331186218024985,0.9422295459687795,0.9438593148815073,0.9516089679819585,0.9471790515422203,0.9519048739196613,0.9550577815647122,0.9556383209178725,0.9608779510348976,0.9627231927052835,0.9636866797573298,0.9650261077258495,0.9661816211690766,0.9680012282668733,0.9686862068572178,0.9701535797364581,0.9640635219957894,0.9705054725932889,0.9698237996620678,0.9695165303017941,0.9700018053646303,0.970835161767354,0.9724994924752399,0.971827719216833,0.9724899341641511,0.973097446608957,0.9736361446927093,0.9751390518173532,0.9629299790784838,0.9721610578792568,0.9751257187872054,0.9744659057095149,0.9749516155019119,0.9746326388898318,0.9759570712519776,0.9759600698797506,0.9739780101785158,0.97612427349223,0.9766345888370201,0.9753007258619952,0.9759716862312315,0.9751258096875308],"std_valid_accuracy":[0.08495769158637094,0.16810267045971358,0.09172875782935917,0.07633669286192236,0.06839953104812367,0.05965293698746412,0.049458376179686986,0.04482630092383007,0.04308452746152592,0.04061867133076326,0.03204363656697998,0.030146208076776898,0.03186412442054844,0.028321195199340184,0.030639037905493896,0.029619040903705963,0.025672890450118266,0.025816760626972232,0.02675824332451908,0.023147712873303715,0.024447254569960643,0.02264103122077015,0.02181784813983097,0.022978613627846107,0.019265327396224326,0.027846266199100543,0.021843923608420766,0.02015822197182813,0.021562790323699343,0.021238228947799902,0.022256689380764073,0.020314946033403388,0.019818181613657566,0.01912414796473507,0.015032611191875107,0.016760793714901988,0.016542352641666626,0.027188829132087155,0.01924443139542128,0.0156730422967199,0.016229658202733206,0.014703763918038555,0.01606979980119031,0.014370305938005947,0.015101745034256021,0.017571293518766504,0.01471430720141348,0.015235122502430757,0.016134504472402406,0.016145487506732673,0.014648323243716206],"valid_loss_dist":[0.057184562238084304,0.14788714459866334,0.03028374205569963,0.10191520230345638,0.056583164007750285],"valid_loss":[2.3075217194459707,1.3977167770482253,0.7965840141027126,0.5046968069155724,0.37909201436063206,0.367486033331987,0.27949997584290237,0.2519551551679882,0.21456336312307497,0.21669736235220044,0.18748443109926394,0.17878103389593847,0.16798921275201267,0.16785415846761856,0.15587845651937746,0.14701491240851275,0.14958626686718896,0.13596438667970717,0.12690452253950144,0.12212370349243655,0.11968878737069492,0.11437708247751106,0.11045029337587747,0.10735979673798408,0.10421347841586384,0.1140340928311288,0.09995335855676918,0.10274583219995502,0.10153410375465098,0.10009861842211784,0.09492611788678489,0.09247730657312653,0.09329560574726023,0.09222534803090374,0.08573023023294352,0.0848369565159181,0.0848174725226879,0.12501611707706445,0.09028522214990475,0.08184572745661081,0.08095481836080334,0.08258918233034726,0.0792636661243992,0.07835742091558506,0.07956245909600564,0.08181799176690019,0.07586836246848282,0.07697445784138295,0.07812334145144208,0.07772335474698033,0.07912668260663172],