{"test_accuracy":[0.0972,0.4432,0.6963,0.7116,0.7632,0.7937,0.8322,0.8505,0.8204,0.8818,0.8721,0.8801,0.9045,0.889,0.9065,0.9144,0.9194,0.9238,0.9258,0.9259,0.9361,0.9375,0.9054,0.9467,0.9417,0.9472,0.946,0.9473,0.952,0.9579,0.9545,0.9529,0.9522,0.9435,0.9587,0.9634,0.9627,0.9564,0.9639,0.9605,0.959,0.9639,0.9604,0.9616,0.9654,0.9615,0.9677,0.9672,0.9681,0.9671,0.9661],"test_loss":[2.3084521141052248,1.977162786102295,1.2561000095367432,1.0030262477874756,0.7771891164779663,0.6692335622787475,0.5147697233200074,0.4341038633346558,0.5565031720638275,0.34394523916244507,0.35788180804252623,0.3381762119293213,0.27064147074222566,0.32092776293754577,0.2690178428173065,0.23600388362407684,0.22701361255645752,0.2133670781850815,0.20312774567604064,0.2067624855518341,0.17882569794654846,0.17420502729415893,0.2753405567169189,0.15092110822200774,0.16469589068889617,0.150380650305748,0.15281485209465026,0.15150447115898133,0.13985032646656037,0.12361669784784317,0.13240982521772385,0.13424661469459534,0.13674031448364257,0.16543158490657806,0.11943959548473358,0.10880981160402298,0.1095119261264801,0.1240049123764038,0.10794995243549346,0.11596109023094177,0.11783626263141632,0.10592184983491898,0.11538401492834091,0.11374429605007172,0.10218641446828843,0.11505805616378784,0.09678609731197357,0.09904870691299439,0.09348942828178405,0.0969171992301941,0.09920620365142822],"train_accuracy_dist":[0.9887040460053399,0.9938825448613376,0.9887617065556712,0.9806315789473684,0.9581097812628973],"train_accuracy":[0.1490857946554149,0.5669314139157773,0.7992884917680152,0.8107884504012576,0.8600148920327625,0.8751551253412757,0.8982377761231075,0.9104409696367999,0.8850004136675768,0.9281459419210722,0.9246711342764954,0.9300901795317283,0.9415901381649706,0.932158517415405,0.9410523703152147,0.9456027136593034,0.9508149251261686,0.9536278646479689,0.955034334408869,0.9554066352279308,0.9621907834863903,0.9623562505170845,0.9411764705882353,0.9686853644411351,0.9643004881277405,0.9653760238272524,0.9695540663522793,0.9621080499710433,0.9715396707206089,0.974724911061471,0.9736080086042856,0.9722015388433854,0.9726565731777943,0.9645073219161082,0.9760072805493505,0.9776619508562919,0.9785306527674361,0.9756763464879623,0.9786961197981302,0.9779101514023331,0.9779515181600066,0.9797302887399686,0.9779928849176801,0.9773723835525772,0.9810540249855216,0.9774551170679242,0.9815090593199305,0.9807644576818069,0.9825018615040954,0.98208819392736,0.9820468271696864],"train_loss_dist":[0.03296266493427114,0.023727245504252283,0.039991971787208695,0.0627094206574716,0.11492786600761457],"train_loss":[2.298438523398979,1.423925289624854,0.779423449245489,0.6091659842868828,0.4607657860689308,0.3999392170586321,0.31632182603501463,0.2738771577254511,0.3484023399598655,0.2196764541629468,0.223025185723991,0.20932139955258225,0.17409123230734463,0.2013229671349456,0.17316267134926402,0.1577850907354933,0.14424730216787024,0.13645174477042576,0.13016868329896586,0.1296303147090875,0.115038785059136,0.11078375823366772,0.17298672964242115,0.09737845643682314,0.1044322096882076,0.10568176912359725,0.09467077459651482,0.11150889123300765,0.08754511503606746,0.07896060254580455,0.08178970968803677,0.08224384013100777,0.0822863746077316,0.10255057332232685,0.07420410397218678,0.06766970654639952,0.06724902444790401,0.07452995280397015,0.0668256679008757,0.06759768571648224,0.06825710651385011,0.06186483553060208,0.06846647619249678,0.06663585127434335,0.058098224719752546,0.06802052764148518,0.05600822421119494,0.058187993601780674,0.05268828273577707,0.05452186299881374,0.05476235785353055],"valid_accuracy_dist":[0.986863711001642,0.9853300733496333,0.9742096505823628,0.9705387205387206,0.9546204620462047],"valid_accuracy":[0.14403220032258296,0.5543023738866875,0.8002181746929399,0.8063366462929672,0.8576044446848415,0.8729854631132047,0.8920049541590854,0.9019283372443186,0.8825794479780288,0.9217741075611787,0.9186313086539465,0.9254123275354973,0.9381470538147352,0.9270662719070216,0.9366585651613959,0.9366605099886641,0.9455893327505697,0.9480698694272088,0.950881610708956,0.950881641658893,0.95468563630455,0.9558433253453692,0.9381470819509296,0.9603086700948912,0.9565048530042471,0.9568367036442268,0.9609699357045315,0.9531986150903844,0.9639468685118142,0.9657663442005918,0.9657661519445293,0.9656008499412659,0.9641123969212724,0.960308350725005,0.968412460157691,0.9697357403861053,0.9708932503756195,0.9679163195033827,0.9713892640105908,0.970562397163563,0.9694047135346796,0.9712238522712063,0.9712236895274197,0.9712238131057219,0.9730432277176393,0.9710583091054493,0.9742007924971814,0.9718855528278468,0.973869958724832,0.9733738008556361,0.974366060281984],"mean_valid_accuracy":[0.14410946817512554,0.553423525738227,0.7996349368996908,0.805687294433364,0.8569300025109976,0.8724817928909736,0.8917129453544355,0.9016955942512744,0.8823478523727001,0.9216851531446822,0.9184376436024353,0.925251973485295,0.9380302096702458,0.9269260639415187,0.936545595505015,0.9365787965174374,0.9454978604550665,0.9479861041345785,0.9508017207016586,0.9508055024060408,0.9546151699143447,0.9557748789432722,0.9381168956974978,0.960258814116588,0.9564407162079087,0.9567566632958574,0.9608980361500651,0.9531107797172955,0.9638850854282699,0.9657274706296427,0.9657063999302009,0.965552675168065,0.9640671898093014,0.960224829025036,0.9683568333786596,0.9696952325723022,0.9708718068484865,0.9678858788115633,0.971325893771389,0.9705188268354299,0.9693506295859887,0.9711857869017486,0.9711743821634794,0.971199456607476,0.9730264898254024,0.9709773704712987,0.9741626638767364,0.9718473371961348,0.973831343015183,0.9733264591271039,0.9743125235037127],"std_valid_accuracy":[0.07222508828567725,0.16751358574348904,0.0903325789417635,0.09268653986283575,0.08501137209970304,0.07106470431344047,0.059756016100803167,0.05214043588514564,0.060713517529096664,0.04764026242356961,0.04613570635526304,0.04390601075165268,0.03444602386453386,0.04204794673740199,0.035567479074271095,0.024434033463232942,0.02997810636699429,0.030829428906003365,0.027318376977336203,0.027677468370630894,0.02286991478556469,0.022147291480665753,0.03764147732533502,0.020108777617449686,0.02158144615288649,0.01077657839718205,0.020333895720455172,0.012810373224945427,0.01818613166473906,0.015496808933962589,0.01711114100463185,0.01656635012932666,0.018641362666913314,0.021378794911132586,0.013543123158914837,0.011157270555541622,0.01309427646380744,0.014746422225923338,0.013355943226761263,0.013788824474167048,0.013549180875514592,0.012901556656964124,0.014547849843000525,0.015009090738487683,0.011643385715833688,0.014046678635518634,0.011402106100456976,0.01125283986005565,0.011856648760375049,0.01251957807651337,0.011670031433705113],"valid_loss_dist":[0.04648214489319446,0.05168635717546833,0.08589700776804704,0.10380201121974071,0.1354983645697238],"valid_loss":[2.2988244175443735,1.440978503635838,0.783546820196031,0.6181267841453386,0.476789509413406,0.4177430977091366,0.3351510942379061,0.29309330776102044,0.37038963222344745,0.23817506636794147,0.23988522315156408,0.22896061088464575,0.1923993367037371,0.22093466528050973,0.19229459946758765,0.18320059012280543,0.16414320073498664,0.15525077953893407,0.1485748932753222,0.14860437074627528,0.13501579611316492,0.13048472134031688,0.19329460848152905,0.11717461234180732,0.12536774846281998,0.12755827141829745,0.1156789063881698,0.1344055891997793,0.10876494851880027,0.10058999007752657,0.10458618908101434,0.10532929680434787,0.10620719478271747,0.1285870184760858,0.09842443614343944,0.09225775328702279,0.09140096875380782,0.10077140367135115,0.0922447824914994,0.09419088609119212,0.09563621526298488,0.08819611426970057,0.09489881352720364,0.09159348964410861,0.08366332423427726,0.09782326569237482,0.08267505563301772,0.08551295104541476,0.08156106512534636,0.08421035499309083,0.08447965621732342],