{"test_accuracy":[0.0972,0.6502,0.8217,0.8621,0.9025,0.9152,0.9267,0.9348,0.9468,0.9454,0.9459,0.9514,0.9578,0.961,0.96,0.9663,0.9674,0.9695,0.9699,0.9717,0.9721,0.9733,0.9756,0.9758,0.9779,0.9751,0.9774,0.9786,0.9757,0.9733,0.9804,0.9792,0.98,0.9801,0.9819,0.9818,0.9822,0.9823,0.9818,0.981,0.983,0.9834,0.9809,0.9821,0.9843,0.9838,0.9806,0.9851,0.9839,0.9843,0.9841],"test_loss":[2.3084521141052248,1.2791117612838745,0.6117598560333252,0.4368052003383637,0.32438693356513976,0.27394380202293395,0.23221239445209504,0.2111786511182785,0.18517461853027345,0.17918386542797088,0.16979490461349486,0.16835387229919432,0.14002657577991487,0.12564026274681092,0.12804026303291322,0.11165329262018203,0.108012817299366,0.10089078446626663,0.09907272976636887,0.09368942656517029,0.09141669787168503,0.08543838629722596,0.08187341750860214,0.07839694954156876,0.07308099001646041,0.07957078231573105,0.07196535625457763,0.06982704154253006,0.0730040291070938,0.08469328532218934,0.06547260630130768,0.06626194463968277,0.06257372608184815,0.0639806387424469,0.057733414793014526,0.05987429307103157,0.05856421391367912,0.05713426884412765,0.057526786971092224,0.059578980004787445,0.054373277121782304,0.05297929968833923,0.0574379370033741,0.05537270134091377,0.04925364918112755,0.05061691195964813,0.05470840713381767,0.04626908814907074,0.05027279605269432,0.048086641889810565,0.04811977859735489],"train_accuracy_dist":[0.989114807968782,0.9818297063173463,0.9897288414133114,0.9827476038338658,0.9885807504078303,0.9841831425598335,0.9876878130217028,0.991578947368421],"train_accuracy":[0.11890878800499792,0.6816430653894211,0.8371511870054145,0.8726572261557685,0.9082153269471054,0.9188879633486048,0.9294044148271553,0.9340899625156185,0.9458558933777592,0.9473136193252811,0.9483808829654311,0.9514004581424407,0.9588713036234903,0.9631143273635985,0.9613702623906706,0.9667586422324032,0.9681122448979592,0.9691795085381091,0.97097563515202,0.9725374843815077,0.9726416076634735,0.9741774260724698,0.9758433985839233,0.976780508121616,0.9774312786339026,0.9768846314035818,0.9782642648896294,0.9789931278633902,0.9787328196584756,0.9743075801749271,0.9809194085797585,0.9806591003748438,0.9814139941690962,0.9814400249895877,0.9836266139108705,0.982246980424823,0.983600583090379,0.9837047063723449,0.9832882132444815,0.9822209496043315,0.9850843398583924,0.9853706788837984,0.9830018742190754,0.9843554768846314,0.9863338192419825,0.9859433569346105,0.9839650145772595,0.9867503123698459,0.9858912952936276,0.9869064972927947,0.9869585589337776],"train_loss_dist":[0.03682857308086122,0.05519402810283274,0.03152818220224455,0.05777880165872736,0.03846952413644818,0.05302151399940779,0.040055544689322556,0.03209911751276568],"train_loss":[2.304967116863963,1.2085331100093877,0.5815805107012223,0.411140699212636,0.31232354349407465,0.2637936344373349,0.22804732836925676,0.2161765293812054,0.18342612576075534,0.17425798879791266,0.16441378105716506,0.1623735433197683,0.13673136175192369,0.12468887099791404,0.12377472494052771,0.11062956499754266,0.10675521574639829,0.1024903698063307,0.09772471829394312,0.09214228929068174,0.09044608493123757,0.08512267298389013,0.0810725388028114,0.07760977487323006,0.07473347368268067,0.07696215364684826,0.07176088236835938,0.06906445700722184,0.07100742283608472,0.08263829337288103,0.06355085680701508,0.06430727391926938,0.061451641828370984,0.06105382676534619,0.05631848176879601,0.05866513611835702,0.055254916880711887,0.05439120011707874,0.05499273441689844,0.05702160451895185,0.051054661401719326,0.049520973938776,0.05493827753163865,0.050688781774128056,0.04632130083073317,0.04656110502334768,0.050315665321198466,0.04437962341634731,0.046197402083091144,0.04319820269725647,0.04303264841625466],"valid_accuracy_dist":[0.9885057471264368,0.9805743243243243,0.9876746096959738,0.9804088586030665,0.9796251018744906,0.9750415973377704,0.9841402337228714,0.9831649831649831],"valid_accuracy":[0.11321590672736763,0.6770428955637291,0.8366002349166858,0.8708385662167205,0.906121292896381,0.9181974330115263,0.9255885639154907,0.9343297221644207,0.9454653870481079,0.9438004106359417,0.9456732974579992,0.9486907387482324,0.9577455481398113,0.9593067046933638,0.9589954756676865,0.9643028167748734,0.9663839517554579,0.9664882514786967,0.9691933301564135,0.9697143139485829,0.9707546132739537,0.9704432609951203,0.9730442363586874,0.9742932529416224,0.9740852608938424,0.9741891619746378,0.9763743241287922,0.9766868220318606,0.9748133693523083,0.9731472771579336,0.9773113231910218,0.9782476991277995,0.9782479454223211,0.9781440135536666,0.9802256083522844,0.979288313393917,0.9793929444750947,0.9805377657068515,0.9802254375941367,0.979288557236543,0.9802253523209679,0.98157847988465,0.978976249224487,0.9801214961836467,0.983035387288181,0.9817865763009105,0.9787691901625868,0.9837638179201711,0.9820988380870769,0.9826193198101625,0.9824110369575492],"mean_valid_accuracy":[0.1129797403390423,0.6758470164954098,0.8358759617376282,0.8702512902156383,0.9058015627335685,0.9180244935960238,0.9255137322496421,0.9342473548347923,0.9454165663659875,0.9437409344485794,0.9456505520222966,0.9486241803401811,0.9577247757905936,0.9593321512159713,0.9590332831025516,0.9643199132598272,0.9663876632552507,0.9665148192399299,0.9691669333829416,0.9697253353673783,0.9707379581248281,0.9704537012435919,0.9730476965135024,0.9743104463299883,0.9741029424377344,0.9741899679967859,0.9763747022604827,0.9766882560888119,0.9748330429328209,0.9731146928999577,0.9773147437036996,0.9782540714499678,0.9782294366824529,0.9781342355774063,0.9802267099445936,0.9792741433032288,0.9794010114258088,0.9805338018621699,0.9802203732883008,0.979253045398504,0.9802195974654782,0.9815693983738694,0.9789492468497047,0.9800951499512265,0.9830209792553828,0.9817727105132463,0.9787812271768895,0.9837442293128298,0.9820903866855096,0.9826149877096648,0.9823919319812395],"std_valid_accuracy":[0.08565845744733397,0.12148771069578573,0.07635008023347288,0.057374037698745675,0.032185387332558255,0.02942965469560415,0.02820639344437643,0.01997375513997169,0.018150668496429965,0.019839574795635494,0.017021115106528283,0.016939518688478303,0.011085793981357405,0.010024552686998589,0.01411058304193366,0.011196529846993595,0.008912395083997635,0.008678846542595898,0.006631343453513254,0.007546810781178862,0.007235659205359069,0.00920220621648564,0.00549789350555688,0.00583931786466774,0.006616596272817425,0.005938619966187641,0.004654964398291284,0.0054224292830278645,0.006128111942711681,0.006054482031575647,0.005595177238217921,0.004731024818078422,0.005518401643469508,0.0054915901501273795,0.005606029182944707,0.003934252825510544,0.0051513472449854145,0.004719753632306087,0.004201349342630046,0.005525735896742198,0.004090937812239566,0.004190473097779187,0.004868793507506169,0.006278966015361494,0.003919089809317005,0.003684961874015188,0.007929379532902724,0.003352545427342295,0.003814296746616845,0.0042167064441375815,0.004151184054100765],"valid_loss_dist":[0.03762799984666906,0.060901801932502435,0.03770906597088132,0.06207887785829718,0.06478152048228325,0.091197305106358,0.055115855365792575,0.05444573692550964],