{"test_accuracy":[0.0972,0.5347,0.821,0.8433,0.8785,0.8746,0.9284,0.9224,0.934,0.9423,0.9411,0.9445,0.9485,0.949,0.9534,0.9564,0.9578,0.9566,0.9598,0.9628,0.9609,0.9614,0.9642,0.9658,0.965,0.9677,0.966,0.9689,0.9703,0.9681,0.9711,0.9704,0.9703,0.9727,0.9682,0.9723,0.9718,0.973,0.9732,0.9734,0.9747,0.9723,0.9739,0.9745,0.9747,0.977,0.9754,0.9762,0.9769,0.9764,0.9762],"test_loss":[2.3084521141052248,1.3519064647674561,0.6407830725669861,0.5348502257823944,0.40253700013160704,0.38290941014289853,0.25843691103458405,0.2546134172916412,0.22098017082214355,0.19376379058361054,0.19198182752132414,0.1835621895313263,0.17385302181243897,0.16532269291877746,0.15132082912921904,0.1439575185775757,0.13775215368270874,0.14166006486415864,0.1316460277557373,0.12640134863853456,0.12694383120536804,0.12524278959035873,0.11767248573303223,0.11262942272424697,0.11573279669284821,0.10787413440942764,0.10802920942306518,0.10291336376667022,0.09881567497253418,0.11252622963190079,0.0960051053404808,0.0986498702287674,0.09385471029281617,0.08896026850938797,0.09931969771385193,0.08951301970481873,0.08791183615922928,0.08836996259093284,0.08663442368507385,0.08450749928951264,0.08185296370983124,0.08724834076166153,0.08459687261581421,0.08148000392913818,0.08256369315981865,0.0757365002155304,0.07776764416694641,0.07581598830223084,0.07517494291067123,0.07607357051372528,0.07652724758386611],"train_accuracy_dist":[0.9773975496408956,0.979872663791333,0.9748573843228396,0.985620377978636,0.9935308848080133],"train_accuracy":[0.07797132855475912,0.6061010168361394,0.8394315719286548,0.8582680446741123,0.8898149691615269,0.8856059343223871,0.9331138523087181,0.930113352225371,0.9394065677612935,0.9464494082347058,0.9483247207867977,0.9503250541756959,0.952492082013669,0.9529088181363561,0.9592015335889315,0.960285047507918,0.9629104850808468,0.9604517419569928,0.9645357559593265,0.9656609434905817,0.9658693115519253,0.9664527421236873,0.9679946657776296,0.9693282213702283,0.969536589431572,0.9712868811468578,0.9711618603100517,0.972412068678113,0.9733705617602934,0.9697866311051841,0.9754125687614602,0.9751208534755793,0.9757876312718786,0.9768294715785965,0.9736622770461744,0.9773712285380897,0.9778296382730455,0.9781213535589265,0.9788298049674946,0.9789548258043007,0.9790798466411068,0.979204867477913,0.9792882147024504,0.9803300550091681,0.9803300550091681,0.9814135689281547,0.9809134855809302,0.981371895315886,0.9824137356226038,0.9816219369894983,0.9822887147857976],"train_loss_dist":[0.06558784728859565,0.06498937120113708,0.07219004637496607,0.04704293449491189,0.018713165276710297],"train_loss":[2.3109137615793487,1.2197077760032304,0.5793202495695174,0.48178731071480035,0.3611582582107006,0.3533836089361507,0.23425866373952656,0.2274804657167108,0.19856375376308116,0.1753656106427682,0.1708735922430034,0.1625434568666939,0.1534690148917302,0.14543597813516204,0.13322943189138073,0.12617995653622527,0.12018590161844202,0.12260104711135689,0.11398174882911308,0.1094068781294054,0.10793366988369138,0.10520056101218286,0.09987718316149335,0.09594551150089807,0.09702597271246147,0.09086144272691957,0.08962836409936817,0.0854958225706703,0.08186625370951091,0.09287260664255297,0.07785936779429374,0.0787548238632306,0.0753870020774374,0.07164407254121098,0.08002587523144332,0.07000783832433582,0.06858213987356078,0.06821203519684745,0.06580331503281814,0.06455724264471321,0.06294720252448915,0.0645382120611668,0.0630229215460107,0.060288677391662736,0.0602432005939523,0.05592651988775069,0.05676476758207544,0.05540448515178398,0.05426752116890684,0.055360175088882586,0.05364561177123227],"valid_accuracy_dist":[0.9738175675675675,0.9745484400656814,0.9771959459459459,0.9761709120788825,0.989983305509182],"valid_accuracy":[0.07113452445109733,0.6147728949934939,0.8433786299125566,0.8582022369788631,0.8931974016455588,0.8921967896964986,0.9383488023200246,0.9323522281714218,0.9438477893560745,0.9525117564417217,0.952678594627585,0.9560113952667166,0.9578439169087538,0.9576781171301594,0.9646749753553652,0.9655082716142012,0.9671745855009697,0.9653417824538568,0.9673411684630059,0.969173757378715,0.9700070184402433,0.9693407422489244,0.9705073570112949,0.9711735071511719,0.9723398491777543,0.9736727330739497,0.9713406914149962,0.9736727623761419,0.9751721061304897,0.9720056887130082,0.9753390910006992,0.9746727619267259,0.9753392317899298,0.9765054827889924,0.9711744604260365,0.977005158506314,0.9756725062534832,0.9760056224158449,0.9775049866297114,0.9775052477486539,0.9771717121661581,0.9768386018989118,0.9770052259533715,0.9776716136317287,0.9778383784754189,0.9786712260119287,0.9778381438844964,0.9788377503695808,0.9788378089739649,0.9776714346976327,0.9783379368105863],"mean_valid_accuracy":[0.07112281138100032,0.6129327601878044,0.8429887718819101,0.8582362486318276,0.8930149413494075,0.891749553388648,0.9382856912273319,0.932173584610305,0.9437331146509054,0.9524049454043103,0.9525730201076923,0.9559875517015703,0.957765769450023,0.9575320505651199,0.9646165399222978,0.965457186495415,0.9671253128627759,0.9652885374263113,0.9673004236637256,0.9691464947881616,0.969990380092127,0.9692913977340691,0.9704600890219058,0.97113028210618,0.9722946205978168,0.9736480808848142,0.971283620794672,0.973650324745368,0.9751538427255266,0.9720564289568705,0.9753007196821727,0.9746391899258153,0.9752935329298476,0.9764948265880378,0.9710869497367467,0.9769806131833907,0.9756429103162105,0.9759718149763165,0.9775106766225294,0.9774687785642046,0.9771515061130481,0.9768190159417044,0.9769827221190367,0.9776676934826838,0.9778300580093321,0.9786644547060857,0.9778151448050517,0.9788239430121257,0.9788454106086768,0.9776737504398072,0.9783432342334517],"std_valid_accuracy":[0.08471456491625261,0.2247283917712371,0.07391031343037911,0.050257106519147506,0.05069819685408679,0.053167965893441194,0.022736978938737964,0.031099205317330115,0.022772659064490868,0.018608066606679196,0.020045152969720224,0.017299187352883206,0.017039395094683364,0.020097618072275416,0.013047279269779517,0.013168294043076397,0.011952443969309596,0.013396183508540776,0.010585970965900346,0.008885839983376866,0.010246423176478569,0.011329616323355298,0.010877402590986508,0.009517092772619994,0.009766078157804938,0.008157636671385386,0.010746780622148287,0.007988942419622013,0.006986120658998464,0.009559479760718918,0.008640103382412499,0.0087967413934124,0.008481520413531124,0.0072913466981077615,0.012428943406110221,0.007718131434509483,0.007590941738842969,0.008166933981429841,0.006703879006294121,0.00748372822405607,0.006994828928214102,0.007925610397646018,0.00711938665839996,0.006371961127509868,0.006837700246002333,0.005396350666810884,0.006219946157122933,0.005587153624522556,0.005852013872803724,0.005314479416563282,0.005939842334749302],"valid_loss_dist":[0.08774352390822526,0.07643574029696594,0.07815414586582699,0.07202373752362824,0.03511951378514004],"valid_loss":[2.312005222318362,1.2069767250011179,0.5629423248390453,0.4650388366162433,0.34905852790215147,0.3367421265510021,0.22491609064648557,0.21813743261509155,0.19060563966401917,0.16994961184768212,0.16519826175297656,0.15896535806914353,0.15035308025519975,0.1421296807717259,0.1317112377330001,0.12626224836994684,0.12114443447180114,0.12363732277600285,0.11624555302912999,0.11282672687546096,0.11129554842825112,0.10896357481834874,0.10504649172084182,0.10092819902325471,0.10283546200008865,0.09690307268079094,0.09602926236513279,0.09304274115863688,0.08952516692300805,0.10216124628490958,0.08692070693478254,0.08817117803105096,0.08441609669169317,0.08152125738263223,0.09019414357652192,0.08122207977504703,0.08033969456647312,0.08036158584832502,0.0785265701426357,0.07641610814768306,0.07581429239493857,0.07856629827928666,0.07713292826400157,0.07466727133660121,0.07535457878188902,0.07111445701752622,0.0712683034322278,0.07013102601440063,0.06939108505754263,0.07052152063391288,0.06985961403541582],