{"test_accuracy":[0.0972,0.4991,0.7372,0.8498,0.8704,0.9147,0.9175,0.9135,0.9247,0.9325,0.9417,0.9391,0.9507,0.9505,0.9539,0.9586,0.9448,0.9599,0.963,0.9629,0.9652,0.9659,0.9653,0.9675,0.967,0.967,0.9693,0.9701,0.9721,0.9733,0.9731,0.9736,0.9755,0.9734,0.9733,0.9753,0.9755,0.9731,0.9773,0.9758,0.9762,0.9772,0.9773,0.977,0.9767,0.9763,0.9777,0.9767,0.9782,0.9773,0.9797],"test_loss":[2.3084521141052248,1.3723257596969605,0.7528623352050782,0.47584810161590574,0.40703039894104004,0.2930417172908783,0.2715955186843872,0.2654465428352356,0.236503071308136,0.2107057450771332,0.18485800969600677,0.1860721979856491,0.15860665378570557,0.15396688477993012,0.1446553642272949,0.13359417915344238,0.163544761967659,0.12469136644601822,0.11762495005130767,0.11625100396871567,0.1098352880358696,0.10604209579229355,0.10752704144716263,0.10045813705921174,0.10116411670446396,0.10219844298362732,0.0961653109073639,0.09328873081207276,0.08671899169683456,0.08435168139338493,0.08492228679656982,0.08323242205381394,0.0772434028506279,0.0865559888124466,0.08564869215488434,0.07654361219406128,0.07666053274869919,0.08291591431498528,0.06976658551692963,0.07484928178787231,0.07298340859413147,0.07298444187641144,0.06948047540187836,0.07001336773633957,0.07054059352874756,0.07144191167354584,0.06781154111623763,0.06977721083164215,0.0649178792476654,0.06745511739850044,0.06365727459788323],"train_accuracy_dist":[0.9729615547106042,0.9872663791332923,0.9956861133935908,0.9798126951092612,0.9889398998330551],"train_accuracy":[0.07711484128303141,0.5706332059165697,0.7740568389562905,0.864425793584843,0.8817517035067309,0.9201013794249626,0.9244640186139272,0.9224281203257437,0.9327322586006316,0.9382167192953299,0.9472743892305135,0.946526508226691,0.9553764334385907,0.9551686887153066,0.9583679574538807,0.9621904603623068,0.9518032241981054,0.9643925544291175,0.9671347847764666,0.9665530995512714,0.9691291341199934,0.9700016619577863,0.9695861725112183,0.9712481302974905,0.9712065813528337,0.9724945986371946,0.9734502243643012,0.9742812032574373,0.9760678078776799,0.9774804719960113,0.9776466677746385,0.9778128635532658,0.9800565065647333,0.9778959614425794,0.9767741399368456,0.9805135449559581,0.9801811533987037,0.9782283529998338,0.9831311284693369,0.9807212896792421,0.9818431111849759,0.9819262090742895,0.9831311284693369,0.9830064816353664,0.9824247964101712,0.9820924048529167,0.9841283031411002,0.982881834801396,0.984169852085757,0.9834635200265913,0.9850008309788931],"train_loss_dist":[0.07182517345565051,0.03731227023299408,0.019303469340130993,0.0662122502892,0.03647525423207944],"train_loss":[2.31091644848346,1.2300250961972923,0.6683234605682496,0.4328083934239797,0.3681661319461241,0.2739911185104189,0.24755039215409838,0.241676190345786,0.21286135329837833,0.18987627465012305,0.16834480283747524,0.16694108763973103,0.143950506694366,0.13929932097303366,0.12969208535816765,0.119079983786853,0.1431674991810324,0.11056876577095165,0.1038586176926905,0.10281821401492294,0.09640793098783461,0.09322424512991126,0.09347894713493088,0.08745744547133225,0.08751051096845891,0.0875281284106482,0.080775932457316,0.07872208414928365,0.072997099713286,0.07073239526543157,0.07059115955526545,0.06871045908141675,0.06364078083500768,0.07014166123209126,0.0683702183608755,0.061391505385438395,0.06091447618184929,0.06790337510766374,0.055058331291788894,0.058551557415169805,0.05720725915063026,0.055517891772959405,0.053247452156643935,0.052910059339739725,0.052631077107437696,0.053327984777129835,0.049450322709518234,0.05210278050991657,0.04785756840936633,0.04987326248253137,0.046061259122942746],"valid_accuracy_dist":[0.9704391891891891,0.9852216748768473,0.990139687756779,0.9600665557404326,0.9833055091819699],"valid_accuracy":[0.07142032796490716,0.5748794722202343,0.7802134185246289,0.8656034670026402,0.8845444602640103,0.9214216032936593,0.9245795802723492,0.9214243858942385,0.9312256499641807,0.9378696474913208,0.9460101981693401,0.9455118901659249,0.9543157278282391,0.9526555012092599,0.9578050290829281,0.9594653594014365,0.949831793629226,0.9617917493820771,0.9637848389946957,0.9637849272397366,0.9654461130016994,0.966775410249565,0.9661107312631575,0.9677717494476153,0.9672734890519624,0.9694334279014212,0.9704303539489268,0.970595768554809,0.9725893535423054,0.9734199846683271,0.9729212320508224,0.9735865137346544,0.9754133636189924,0.9749154233938522,0.9720913503728441,0.9760780516359064,0.9757456234101248,0.9730875578461916,0.9790682529759676,0.9754134084608816,0.9775733576616547,0.9770749075408031,0.9785701859285306,0.9780717054452042,0.9772408696445785,0.9755796028772818,0.977905544544305,0.9767424181614998,0.9782374846349159,0.9772408945581452,0.9779052375323987],"mean_valid_accuracy":[0.07109582932406817,0.5724497337854876,0.7789747007200221,0.8650616377118301,0.8841244203394213,0.9212761218605804,0.9243884112162712,0.9211487523677355,0.931052557490848,0.937624796358173,0.9458684254554608,0.9452801323000767,0.9542201570654676,0.9525371372539352,0.9576648363336862,0.9593405925899374,0.949693269850259,0.961682478616568,0.9637142612631975,0.9636597734876373,0.9653587557999449,0.966671582748727,0.9659964842623087,0.9676776059938428,0.9671464651067637,0.9694345135064889,0.9703670461784739,0.9704944146916732,0.9725058220473262,0.973340777124714,0.9728281911237847,0.9735294594792604,0.975346281256774,0.9748775110266579,0.9720150099825557,0.9759977292315748,0.9756683429937901,0.9731144106119578,0.9790221713465982,0.9753260568757923,0.977503914528014,0.9770139840407891,0.9785062351457734,0.9780015292027112,0.9771584851631283,0.9754925811517815,0.9778375344945595,0.976665527672919,0.9781737056611011,0.9771793972025806,0.9778345233490435],"std_valid_accuracy":[0.08468127489830281,0.2544339581242846,0.13107993740085383,0.06522547093489073,0.061186817395179914,0.027644210055701775,0.032987921960740074,0.043765425005350286,0.034101190045607056,0.03431007313564837,0.027371850739205214,0.03231465853822459,0.019781031939717062,0.025068280321400457,0.023661971335853668,0.019121746914663014,0.0278098067659442,0.019677507567265974,0.016327973573158277,0.018001619108384315,0.01622981795014312,0.017593336855027616,0.017103525299498604,0.014903659609992329,0.01802862190033014,0.013648696578039672,0.015169359766109065,0.01388419034368518,0.012584094093127796,0.01208429194711058,0.01248380565278614,0.011990863330696808,0.010697634655037064,0.011397437376309692,0.014024444184939746,0.011885771153464765,0.011657126924300938,0.010270187731629571,0.009549546962622293,0.012898557967578076,0.011359757178731417,0.011226406198128822,0.011107102176999395,0.010971376204572374,0.011641486272626561,0.012755888459251834,0.011215724264530737,0.011395291788230972,0.009984820459920019,0.010417922018676886,0.011011906329575896],"valid_loss_dist":[0.09618752047016814,0.048103730269204614,0.029259005915021542,0.1340841800222381,0.05630376740655736],"valid_loss":[2.311007003195557,1.2258280705790923,0.6611586226860854,0.4292017734050579,0.36596830824433985,0.2787829866628653,0.25156493445672484,0.2483785184429653,0.2188096835010575,0.197596523865467,0.1770629592605855,0.1766213713030011,0.1545571097265406,0.15047619124623113,0.14165781182958592,0.13205333686907003,0.157498959166886,0.12414215539459254,0.11777804069569843,0.11768924515262233,0.11153485078793667,0.10890942810393736,0.11003513801766077,0.10371204716191272,0.10435558878779214,0.10407491493868123,0.09740984248700521,0.09729543040561309,0.09109383713980668,0.08932864119064107,0.0903095452688375,0.08883251295494453,0.08404663154621078,0.09065735261148367,0.08815777978152464,0.0828407802669658,0.08283761409916073,0.09278066642564471,0.07876568883879503,0.08126312070635752,0.08043857596516077,0.07946197269484814,0.07666102578135207,0.07689047183685022,0.0777356938106632,0.0786908216240723,0.07439225279115894,0.07730126089391434,0.07362414911282501,0.07613554888743321,0.07254793766827053],