{"test_accuracy":[0.0972,0.4943,0.7104,0.8325,0.8702,0.9058,0.9172,0.8925,0.9337,0.9398,0.9419,0.9484,0.9418,0.9538,0.9573,0.9572,0.9606,0.9619,0.9645,0.9564,0.9646,0.9675,0.9692,0.9696,0.9718,0.9682,0.9654,0.9722,0.967,0.9753,0.9749,0.9683,0.9758,0.9767,0.9762,0.9778,0.978,0.9743,0.9776,0.9779,0.9775,0.9798,0.9736,0.9814,0.981,0.9802,0.9791,0.9804,0.9805,0.9814,0.981],"test_loss":[2.3084521141052248,1.3992211612701415,0.7685865242004395,0.5077919040203095,0.40694857807159424,0.29970123357772827,0.26094847786426545,0.3066549566745758,0.2140439263343811,0.19625084810256957,0.18465877010822296,0.1669336400747299,0.18056667613983154,0.14432964771986007,0.1384712009191513,0.1355476468682289,0.12668730375766754,0.1262566895008087,0.11538272266387939,0.13526687593460082,0.1102963684797287,0.1022022173166275,0.09884532994031905,0.09359361132383347,0.08953096537590027,0.09895984678268432,0.10199650419950486,0.08601699516773224,0.09998607974052429,0.07796869944930077,0.07780385442972183,0.09953093247413636,0.07715540701150894,0.07266843017339707,0.07456902017593384,0.06991529371738434,0.06743575634360313,0.07908038507699966,0.06767605437040329,0.06703282905817032,0.06784140685200692,0.0625669432759285,0.07545708132982254,0.05890582152605057,0.06040812340974808,0.06114551974534988,0.0653887228012085,0.06221209410429001,0.05912913609743118,0.05727645955085754,0.05932272399067879],"train_accuracy_dist":[0.9746514575411914,0.9895255699322243,0.9921939194741167,0.9841831425598335,0.9864357262103506,0.9917894736842106],"train_accuracy":[0.09632868346172531,0.5405302241654522,0.7532444999652995,0.8535290443472829,0.8807689638420432,0.9153306960927198,0.9234506211395656,0.9031855090568395,0.9395169685613158,0.9465264765077382,0.9485044069678673,0.954056492469984,0.9473592893330557,0.9603025886598654,0.9603372891942535,0.961760011104171,0.9653341661461586,0.964778957595947,0.96765910195017,0.9606842945381359,0.9704698452356166,0.9718925671455341,0.9730029842459574,0.9750850163092512,0.9734887917273926,0.9728294815740163,0.9688042195849816,0.9772711499757096,0.9717884655423693,0.9789020750919564,0.9791796793670623,0.9721701714206399,0.980047192726768,0.981261711430356,0.9808800055520855,0.9825109306683323,0.9827191338746617,0.979283780970227,0.9825803317371088,0.9828579360122146,0.9831702408217087,0.9843847595252967,0.9770976473037685,0.9857727809008259,0.985633978763273,0.9851481712818377,0.9834825456312027,0.9848705670067319,0.9856686792976612,0.9860850857103199,0.9865014921229787],"train_loss_dist":[0.07169703455554517,0.034760060245972633,0.024431614466960447,0.05786732002495789,0.044146617137530014,0.03264362953054278],"train_loss":[2.309650701076336,1.2789704408947768,0.6767424010994267,0.4513455125021648,0.36797238737954896,0.2769771251113652,0.24260133927268782,0.29056086291776406,0.19468649784738395,0.1789097203657541,0.16697351530466265,0.151331561995085,0.1635033220447767,0.12996818208988778,0.12868416272514863,0.12365997744002442,0.11182598848984569,0.10990081936792155,0.10098468568968454,0.11648795898111526,0.09522145360633777,0.08960039959105506,0.08645729601328399,0.08157144777527979,0.08403220931718935,0.08369462545378135,0.09143776538659597,0.07309794282720751,0.08746122297612349,0.0675198256196937,0.06719210428796624,0.08526980486942186,0.0643737825047768,0.06057616515999425,0.06176048549971153,0.05779725965571355,0.05586341972180314,0.06402895110641527,0.05533259593445963,0.053741344688736224,0.05404838837915369,0.050145107906192046,0.06998850194235362,0.047001123393571216,0.046725000443608056,0.04748874585303805,0.05138047743510866,0.04736514981776358,0.04566297205726705,0.04373717216314751,0.04414789008473176],"valid_accuracy_dist":[0.9679054054054054,0.9835796387520526,0.9884963023829088,0.9658901830282862,0.9791318864774624,0.984006734006734],"valid_accuracy":[0.0898944218923028,0.5435186514907512,0.7587168016538626,0.8587547931482531,0.8831763572929107,0.9171676292184006,0.9267411471334497,0.9041281803897566,0.9421431010581061,0.9475541863323435,0.9489413346437439,0.9536587196588288,0.9446395720562697,0.9583759942878959,0.9582372849892271,0.9593475931799084,0.9628156046716853,0.9639253203992234,0.9664230569815916,0.9590701726910497,0.9671172847729769,0.9689206378175937,0.9691981287927519,0.9712791169343783,0.9685043590865031,0.968088599287422,0.9643418804337563,0.9726664257845492,0.9679481042619124,0.9740542100636873,0.9751642536852583,0.9683667626477692,0.974886123373546,0.9764127466585449,0.9762740076507501,0.9762743826620159,0.9776616181702905,0.9746096242963078,0.9772449823638434,0.9775226723056052,0.976967694250089,0.9789104015426315,0.9716942570220682,0.9797429290285011,0.9790492346994476,0.9791877463914835,0.9772449566480089,0.9782164487276591,0.9793264628623805,0.9807140767582169,0.9782166620256726],"mean_valid_accuracy":[0.08983013835367072,0.5418043089851029,0.7584160182079268,0.8582177027767485,0.8828933761448821,0.916990616709464,0.9266126432072195,0.9038256748265338,0.9420040896079064,0.9474971268794863,0.9488361606937512,0.9535802572122162,0.9446933220528595,0.9583099581917706,0.9582286468812967,0.95932993475421,0.9627764588894024,0.9638429979922348,0.966360700240155,0.958944044408124,0.9670754086001883,0.9688985639344234,0.9691706689629083,0.9712634949185013,0.9684455320860016,0.9679997819337308,0.9642270142539203,0.9726230627216559,0.9679115583729669,0.9740201953539817,0.9751213381613124,0.96832955608147,0.9748711175585898,0.976389646729268,0.9762403250281021,0.9762276591522463,0.977636931304343,0.9745677142318243,0.9772214170447894,0.977503640988361,0.9769465623126238,0.9788908662329413,0.9716541389909844,0.9797136331000985,0.9790209421386749,0.9791689429118747,0.9772200101252436,0.9781966629467892,0.9793040812387538,0.9806982969797519,0.9781683583421416],"std_valid_accuracy":[0.08792404073641166,0.18393288128623114,0.08884281932113298,0.07169363276190747,0.049925374381795735,0.027555780580007454,0.021815947781572538,0.041988516291772575,0.023389661696681475,0.017328164830022,0.01902916817069233,0.01601780681988985,0.016186112762340457,0.014559615023409165,0.01150665972794908,0.013214678561867482,0.012053025914740225,0.013875003185812288,0.012068553669892563,0.02022750772150737,0.011697580061954564,0.010522688098023083,0.009279458240515142,0.008503877437730983,0.008732587161933838,0.01517837386404594,0.014388086868571464,0.008392344823218248,0.009999702520698388,0.008605923905628888,0.008152957863227636,0.013521691516066772,0.0051369772967977696,0.006385498252167508,0.006690602527820697,0.00937298158960388,0.006534565187076578,0.008803393253439387,0.005167128637983876,0.005598951811156624,0.005570940865603137,0.005508924329252865,0.005622619190639481,0.005892025333854533,0.006417834503855993,0.00516465620451277,0.0055679470303584755,0.00558590747865352,0.00501829778940792,0.004623704701070018,0.008436480236368263],"valid_loss_dist":[0.09090175439377089,0.0420495757866767,0.03220576328901159,0.11044767563434289,0.05975501621779496,0.062097685179525755],