{"test_accuracy":[0.0972,0.5553,0.8073,0.8659,0.8891,0.9049,0.9217,0.9209,0.9318,0.9063,0.942,0.9459,0.9495,0.9512,0.9566,0.958,0.9605,0.9599,0.961,0.9612,0.9655,0.9613,0.9705,0.9694,0.9709,0.9706,0.9662,0.9736,0.9745,0.9732,0.9739,0.975,0.9746,0.9776,0.9772,0.9765,0.9778,0.9779,0.9701,0.9798,0.9778,0.9793,0.9779,0.98,0.9801,0.9808,0.9814,0.9791,0.981,0.9801,0.9808],"test_loss":[2.3084521141052248,1.429001106262207,0.6671033451080323,0.4635620213985443,0.36430714707374573,0.30548330311775207,0.2607859023094177,0.24660548057556153,0.2147723664522171,0.2742417278289795,0.18242116115093232,0.17392571470737458,0.15713684010505677,0.155117671084404,0.13733079860210418,0.12858365935087204,0.12033652329444885,0.12409592723846435,0.11699180614948272,0.11889739799499512,0.10793458073139191,0.11969650480747222,0.09168166742324829,0.09360508168935776,0.09423658304214477,0.0925264276623726,0.10568803242444992,0.08508615260720254,0.08045021970272065,0.08456144592761994,0.08402844760417938,0.07906493402719497,0.0756100285768509,0.07150722914934159,0.07275974252223968,0.07428970185518265,0.07244161876440049,0.07064710081219673,0.0942966358423233,0.0648410364151001,0.06771164392232895,0.0643423039317131,0.06936959591507912,0.06217351905107498,0.06271915110349655,0.06091593278050423,0.05860326817035675,0.06270512387752533,0.05920855863690376,0.061173746871948244,0.058766490358114244],"train_accuracy_dist":[0.9852102260722586,0.9843878389482333,0.984664536741214,0.9836867862969005,0.9883454734651405,0.9913330581923235],"train_accuracy":[0.09465876399431562,0.6126997331115039,0.8364701396831999,0.8779245086825413,0.9031922636996984,0.9165020276593532,0.92877196630966,0.9304703476482618,0.9380264115628575,0.909743163148591,0.9474195001906346,0.9472808568160549,0.956188693632803,0.9575404665349555,0.9616997677723476,0.9636061141728189,0.9662749991334789,0.9659977123843194,0.966240338289834,0.9659977123843194,0.970434300370871,0.9644033135766524,0.9723059859276975,0.97358843714256,0.9749748708883574,0.9740043672662992,0.9664136425080586,0.9772278257252781,0.977851720910887,0.9769851998197636,0.9775744341617275,0.9788568853765901,0.9790301895948147,0.9807978926207064,0.9809018751516412,0.9806245884024817,0.9809018751516412,0.9813178052753804,0.9680427021593706,0.9830855083012721,0.9834321167377214,0.9832934733631417,0.9825655956465981,0.9844372812034244,0.9844719420470694,0.9846105854216491,0.9855464282000624,0.9848185504835187,0.985754393261932,0.9847145679525839,0.986274305916606],"train_loss_dist":[0.04692277332703697,0.04952610186442745,0.04714111439225138,0.05408702223739461,0.037584052401576404,0.027975440231734965],"train_loss":[2.308114546828078,1.2895916067026363,0.6061478755640689,0.4246612036378168,0.3297551910053576,0.2812042226695646,0.24200290012260867,0.22381346998495774,0.1998132836232586,0.2632588024253197,0.17082862399872542,0.1758837769972233,0.14383352106907543,0.13835147117718077,0.1255558051675334,0.11837301083462523,0.11154221452511533,0.11167447156239613,0.10790735871154454,0.10824532205966733,0.09695812168298927,0.11019899267634214,0.08742197701971988,0.08397527301826636,0.08231420359436711,0.08192451265543231,0.10174384082697453,0.07413624231320895,0.0717781144907541,0.07285216049574648,0.0711257090996524,0.06753242790013628,0.0652892826099395,0.061065973319850024,0.060766504926731676,0.061287779260036424,0.05970379621129297,0.05841682570797641,0.09187992121894531,0.0527098287491033,0.05407751249633971,0.05197194058395524,0.05402943071128095,0.04903112119694817,0.048955517605606645,0.048692293534992326,0.04629793587503539,0.04931752576532852,0.04553830182443669,0.04653941300801051,0.04387748065263819],"valid_accuracy_dist":[0.9864864864864865,0.9794576828266228,0.9838160136286201,0.9722901385493072,0.9717138103161398,0.9892739273927392],"valid_accuracy":[0.09074872426235635,0.6169666731576449,0.8370279097260781,0.879157815544542,0.9065980068656083,0.9150539326577848,0.9289078366506222,0.93057391594579,0.9355640188481148,0.9085422558402746,0.9441553161726326,0.9466470354163077,0.9552407134111432,0.9542698801225095,0.957319062237292,0.9598138073916591,0.9621697133579634,0.9628621714572142,0.9623085463126031,0.9631397667873298,0.9670196373228445,0.9623087666338379,0.9711760506119114,0.9704834892339139,0.9724230590226888,0.9713154956329281,0.9649385140036456,0.9738097511657403,0.9745025019247378,0.9746412083810427,0.9745023328978388,0.975749446621499,0.9756118014058626,0.9775511213206004,0.9774121027981388,0.9774123858152538,0.9768579993664781,0.9774123315283875,0.96784827669431,0.9797680759817394,0.9786589541558034,0.9792138470043303,0.9792140060318361,0.9797677082247338,0.9797679548180918,0.9793524574621445,0.9804609555959888,0.9794901845917097,0.9807381207739483,0.9787981140762654,0.9804607769119608],"mean_valid_accuracy":[0.0906293727266179,0.6166922980677177,0.8365327313143961,0.8791272561502573,0.9066397866891885,0.9152079385430197,0.9289541595168461,0.9306536302620275,0.9356936496982788,0.909035271363869,0.9442807484597782,0.9466146300730826,0.9553157405856912,0.9543930233526013,0.9574099221013744,0.9598953117391004,0.9622454893128158,0.9629585944646594,0.9623995945976715,0.963255821345777,0.9671075448920844,0.962429843149407,0.9711793566028003,0.9705586903429789,0.9725093917686851,0.9713782880275278,0.9649328626939419,0.9738891317549601,0.9745354681813095,0.9747184722245676,0.9745985692713169,0.975822303566607,0.975691375346012,0.9776163212763002,0.9774875993487906,0.9774895428209959,0.9769139801773757,0.977486000517398,0.9678600077499477,0.9798152057327464,0.9787245485950953,0.9792624357688675,0.9792797714602862,0.9798056423132478,0.9798266287723693,0.9793992466642708,0.9804908680807927,0.9795417640117496,0.980779813886305,0.9788517253780179,0.9805063431999859],"std_valid_accuracy":[0.08902965315737581,0.10517399646823929,0.052720859417270505,0.03058199473257167,0.023448977315489075,0.027883862413511446,0.013040678377150236,0.01671953067252041,0.023434375705184102,0.052457220369737184,0.021168280999270567,0.007967082819235173,0.013851405365269598,0.016055894282424592,0.013954707644143968,0.01467200856006803,0.014400662254357884,0.013465480030625839,0.014448299511240114,0.014328750981027254,0.013094839506902916,0.01422373421170032,0.006457353140140283,0.00963204717958341,0.00943703811002077,0.010920025297859964,0.007500612774963491,0.010630124606276188,0.00947361530887053,0.01085163714235474,0.010328434127229221,0.008624211636038532,0.010202650744960795,0.008338352896029596,0.008343978896860936,0.009441056057617945,0.008633424865643518,0.009299135433251483,0.007313794402250513,0.006769631486511738,0.007531708281261507,0.006851202083853483,0.00849835102319702,0.006232181592025411,0.007661830287992354,0.0068202314360710295,0.006464483777709265,0.005526368109409511,0.006759999125061997,0.008468966676673422,0.00670200102710978],"valid_loss_dist":[0.04165728249259897,0.05541171064338629,0.054007245237213994,0.08640760953288401,0.08912903204337135,0.03567527729415461],