{"test_accuracy":[0.0972,0.6353,0.776,0.8277,0.9044,0.9092,0.9216,0.9415,0.9427,0.9514,0.9481,0.9524,0.9582,0.9617,0.9596,0.9655,0.967,0.9708,0.9704,0.9709,0.9712,0.9743,0.9746,0.9754,0.9737,0.9767,0.9649,0.9748,0.9774,0.9791,0.9782,0.9801,0.9749,0.9756,0.979,0.9807,0.979,0.9816,0.9803,0.9822,0.9817,0.9818,0.9847,0.9827,0.9843,0.9838,0.9827,0.982,0.9813,0.9826,0.9812],"test_loss":[2.3084521141052248,1.2747657096862792,0.6829849777221679,0.5266479663848876,0.3288479463577271,0.3007422126293182,0.2604419801712036,0.20807708151340484,0.19155044198036195,0.1699201049208641,0.16748949694633483,0.15135388774871827,0.13728870542049407,0.12805146899223327,0.13008486750125886,0.11427985198497773,0.10641584457159042,0.09784395124912262,0.09922251981496812,0.09632094186544418,0.09102438642978668,0.08495551342964172,0.08333262377977371,0.07906160329580307,0.08301046149730683,0.07750589919090271,0.10741249188184739,0.08217524171471596,0.07410787465572358,0.06624582660198211,0.06840455605983733,0.06433951418399811,0.07239783084392548,0.0755484755396843,0.06529165722131729,0.060074731820821764,0.06202743265032768,0.05599500103592873,0.060033995109796526,0.055179173600673675,0.056979944002628326,0.0549382221698761,0.05227060302495956,0.05428464879989624,0.05214880005121231,0.0509270510673523,0.052125185412168505,0.053593575459718705,0.05430112136602402,0.05233910723924637,0.06041909220814705],"train_accuracy_dist":[0.991128010139417,0.9813064913722268,0.97209797657082,0.9867455138662317,0.9758584807492195,0.9846315789473684,0.9783326454808089],"train_accuracy":[0.08172132611154098,0.6706148443545027,0.7940598773882507,0.8423903339086959,0.9079519076245461,0.9115231236235938,0.9236652580203559,0.9393786084161657,0.9434557466817451,0.9493482530801738,0.9489316112136182,0.9525921076126421,0.9589310160109518,0.9612523064103328,0.9616094280102375,0.9657460865424677,0.9680376168085233,0.9693173025415154,0.9709838700077377,0.9711326706743646,0.9726206773406345,0.9743170049401821,0.9751502886732932,0.9765490149395869,0.9758942920064282,0.9768466162728409,0.9647640021427296,0.9777989405392536,0.9780370216058568,0.9803583120052378,0.9801797512052854,0.981340396404976,0.977977501339206,0.978126302005833,0.9813106362716505,0.9821141598714362,0.9822034402714124,0.9838104874709839,0.9827986429379204,0.9839295280042855,0.9841973692042141,0.984494970537468,0.9852389738706029,0.9849711326706744,0.9857448961371347,0.9857746562704601,0.9853580144039046,0.9853580144039046,0.9848520921373728,0.985923456937087,0.9814594369382775],"train_loss_dist":[0.028164220277423036,0.054340789858297725,0.07873748322518362,0.04434386160692616,0.0670513637317393,0.04636620348064523,0.06520604578070142],"train_loss":[2.3126323683887255,1.2073332377096975,0.6445204360283853,0.4950482456444715,0.3214877717443949,0.2960887540620279,0.2558424491287839,0.20947652950711737,0.19252101279753928,0.17218583120274497,0.1698926015253752,0.1555695059868287,0.13866353544819732,0.12959057010316002,0.12829042916876787,0.11544204377842818,0.10799462687381356,0.10180225335742261,0.09880777672585062,0.09600048366432729,0.09077399380872714,0.08574568321627384,0.08352851856944037,0.0788831782159362,0.08048618041188665,0.07728402760518632,0.10717609894151674,0.075744419622308,0.07054326102039117,0.0649907968375821,0.06509328976153358,0.061678020717616834,0.06995082137770638,0.07029995771896469,0.06110012305825177,0.056849389996706225,0.05676939331638544,0.05254695137965914,0.05470950566263247,0.05083234027849816,0.05116163316136728,0.04957079146334308,0.0470017905871275,0.04829886592135235,0.046506483315233924,0.044711802497962465,0.045442441132028936,0.04562051961475944,0.0480147598667293,0.04440495037028005,0.05485997654911816],"valid_accuracy_dist":[0.9881756756756757,0.9737058340180772,0.9778534923339012,0.9788101059494703,0.9717138103161398,0.9789562289562289,0.9818481848184818],"valid_accuracy":[0.07958885514542317,0.6728856915401238,0.7968823277796693,0.8437718951838895,0.9058803491039303,0.9146868910751855,0.9246808526047813,0.93705473151839,0.9419354838821293,0.9482406665823966,0.9452681676602466,0.9500273748844429,0.9579977546411275,0.9615664640126934,0.9619237855072523,0.9657317346476988,0.967278106816028,0.9682308543056323,0.9701336819470917,0.9719184699660685,0.9719193736565228,0.9739415953999372,0.9738231459415275,0.9751317040604064,0.9735849289359946,0.9765589394613843,0.9637088396966524,0.9747750074713198,0.9756077779979371,0.9781064288175372,0.977154524557316,0.9779870027453753,0.9738235862075187,0.9744181100570561,0.9782252745600006,0.979653020226025,0.9791773071468529,0.9800099277630967,0.9802474941078165,0.980843039184617,0.9810807256546427,0.981556761975781,0.9813187607327136,0.9814377280738421,0.9819141045133581,0.9819142036215663,0.983223155738292,0.9823901153956704,0.9801281443299551,0.9816759255168833,0.9787004881993339],"mean_valid_accuracy":[0.07928294608058481,0.671699150908008,0.7966684965390318,0.8438219766741044,0.9058779236082393,0.9146982356363635,0.9247191549681434,0.9370574613709669,0.9419688111255452,0.9482667185958257,0.9453794243341321,0.95008358377311,0.9580584087137896,0.961612829316616,0.962015068898747,0.9657926155635324,0.9673395187383064,0.9682752522569361,0.9701827806011627,0.9719778328684925,0.9719908704429818,0.9739875266297403,0.9738649135518843,0.975177720679181,0.9736554665023538,0.9765881609193688,0.9637665494266517,0.9748551622044277,0.9756806439155958,0.9781592187095891,0.9772038952132539,0.9780328884269709,0.973875210765276,0.9745030841911666,0.9782745905397157,0.9797045903041871,0.979216141366687,0.9800439716814096,0.9802789380242267,0.9808608894579839,0.9811161903585817,0.9815910803178777,0.9813434458886237,0.9814611100779337,0.9819447979501135,0.9819397800706616,0.9832416785286885,0.9824194065979767,0.9801377010819927,0.9817064661208831,0.978723333152568],"std_valid_accuracy":[0.08917207566005107,0.09916133450055185,0.03455739897930594,0.04553746390780449,0.015748785540673396,0.020787507742567872,0.017077356595699065,0.010585881932263343,0.01780697224270615,0.012869862228300685,0.020139689396351475,0.015449187428985633,0.009519885865007778,0.005856128639216086,0.00804582064405128,0.007485976945135087,0.0069449187664243585,0.0077229532532682044,0.005611492242431925,0.0058500599854963906,0.007958582241566725,0.005225992872772415,0.007269353314118429,0.005610781548417626,0.007146088460929023,0.0039597122748180925,0.010810277817860576,0.008401029383883226,0.0074548592700596425,0.005254301811592618,0.004896149046902749,0.004381932560008415,0.009260849359808445,0.009042630240452718,0.006603267957327856,0.006242655691077676,0.005166755576400666,0.004813547322251045,0.0030032386570227566,0.0034982057926327553,0.004349088435991918,0.0037578222105669476,0.0036416515074859566,0.003082237712059812,0.00382872092710616,0.005285977661056759,0.004954645278723249,0.005052786605119786,0.003167700694693706,0.004462316014447818,0.00498911068643647],"valid_loss_dist":[0.04139231633697007,0.07092675236080549,0.06823529372883412,0.06836413960378639,0.1017536790220194,0.06707352615566767,0.059913337415102685],