{"test_accuracy":[0.0972,0.3056,0.6245,0.7121,0.7919,0.8401,0.8627,0.8973,0.8912,0.9079,0.9039,0.9163,0.8867,0.9387,0.9316,0.9262,0.9318,0.9467,0.9481,0.95,0.9478,0.9526,0.9529,0.9565,0.9581,0.9592,0.9639,0.9588,0.9507,0.969,0.9652,0.9535,0.9619,0.9586,0.9646,0.9706,0.9675,0.9619,0.9684,0.9662,0.9717,0.9713,0.967,0.9724,0.9717,0.9714,0.9737,0.97,0.9717,0.9716,0.9736],"test_loss":[2.3084521141052248,2.0707536624908447,1.0717210285186767,0.8095570340156555,0.5768562920570374,0.44482934832572935,0.3819091715335846,0.300695515537262,0.31703741393089296,0.280647691488266,0.2903740207195282,0.25149770030975344,0.31011454977989195,0.1955250856399536,0.21039673347473145,0.21588803203105927,0.20418968822956085,0.17452730345726014,0.1646925232887268,0.15834428193569183,0.16077581534385682,0.14977627625465392,0.14662900714874266,0.13786121588945388,0.1348853765487671,0.13213932547569274,0.11668910802602768,0.13204587025642395,0.15497613501548768,0.10037375981807709,0.10905149116516114,0.14609417338371278,0.11850952563285827,0.12717812747955323,0.1117349880695343,0.09092882165908814,0.10105737696886062,0.12346604561805725,0.0999216816663742,0.1040442261338234,0.08950422508716584,0.09168059122562408,0.10095826637744904,0.08822781408429146,0.08973228714466094,0.08977562582492829,0.08283196399211884,0.09393113437891007,0.08667790737152099,0.08704719431400298,0.08387525600194931],"train_accuracy_dist":[0.9746514575411914,0.9755596631751899,0.9819227608874281,0.9861337683523654,0.9885225375626043,0.9848421052631579],"train_accuracy":[0.09461562402738874,0.4193035238786873,0.7157727288446243,0.7801639174188194,0.8378462496109554,0.8815229795621953,0.8997821350762527,0.9109174534011135,0.9164505308296158,0.9270671231455545,0.9261334163294948,0.9354704844900923,0.9191824878099388,0.9502368848774078,0.9460524950721029,0.941349379257876,0.9482657260435038,0.95725697686482,0.9584327558183767,0.9601618425147836,0.9596776982397898,0.9625134004218971,0.9629975446968911,0.9662482276861362,0.9668361171629145,0.967216516236124,0.9700868001521596,0.9673202614379085,0.9618563474772626,0.9760694401217277,0.9738216274163987,0.9623404917522564,0.971435487775357,0.9689801846664592,0.9733720648753329,0.9775218729467096,0.9762077670574403,0.9706401078950099,0.9765535843967217,0.9757927862503026,0.9791472144413321,0.9786976519002663,0.9746861707646022,0.9798734308538231,0.9797005221841824,0.9798042673859667,0.9810492098073798,0.9788013971020507,0.9805304837984576,0.9807725559359546,0.9819483348895114],"train_loss_dist":[0.08304169309456538,0.07451282085842802,0.05100241422824617,0.048471928116839626,0.03597385298230612,0.04350443853673182],"train_loss":[2.308504412999295,1.6849118321129168,0.8163251436036598,0.6193143942875787,0.4557486601949674,0.3483576655633165,0.2961923506314582,0.26146549814947123,0.24644159407859217,0.22233697386008847,0.22341875079307466,0.19483633918765836,0.22784807817965297,0.15603603206521582,0.16359495388353398,0.1680226951356242,0.15594190596260338,0.13634005534455965,0.12907694074488132,0.12330491542244171,0.12362529375049407,0.11578756223189268,0.11267058219916924,0.10570813696906829,0.1036356887608951,0.10090845271934178,0.09301784323034937,0.0997528234543026,0.11882441074262085,0.07899137523358807,0.08336212391083174,0.11215418794448063,0.08664281193226103,0.09207196894524383,0.08233761530301628,0.07017900549097172,0.07414058071183405,0.08932476199355104,0.0727148811394493,0.07366452518786538,0.06517987202873705,0.06588510104201618,0.07887865918235552,0.062213477790128945,0.06260697332344786,0.062300404794554114,0.059237943391706016,0.06434386715647977,0.05965485791243693,0.059149131127840406,0.05605495640481826],"valid_accuracy_dist":[0.9670608108108109,0.9729064039408867,0.9737058340180772,0.9755501222493888,0.9849749582637729,0.9764309764309764],"valid_accuracy":[0.09220715413554437,0.41911165104909964,0.7175058280229151,0.7830471299634202,0.8393285777207594,0.8817767517371096,0.8993368762524123,0.9108213233225223,0.9170366455947903,0.9269929094772735,0.9240889431476011,0.9347358255808701,0.9171730430812606,0.9488396187350046,0.9449680866946212,0.9399907982352829,0.9444148384670802,0.9569975445021603,0.9564453687226597,0.9561678615845302,0.9569981033956245,0.9597637121418872,0.9596253119190021,0.9619760667809981,0.9628053236231244,0.9637736072812083,0.9647418055613207,0.96405001400785,0.9589321158894253,0.9683365704997018,0.9702715267485177,0.9597656243035189,0.9673683388649462,0.9630811626710762,0.9698572105846307,0.9723464831006208,0.9709631598318584,0.9659857114834562,0.9712396126907117,0.9713779929420516,0.9741439221423364,0.9737286396729339,0.9662606530319917,0.9749728445681669,0.974834773162508,0.9745580327158604,0.9746971535993365,0.9726224811232267,0.9753875706428617,0.9745581730109536,0.9751112527829545],"mean_valid_accuracy":[0.09181485458094928,0.41761929779100493,0.7165246135420338,0.7826175403672225,0.839340195457592,0.8817709372357366,0.8993127324534204,0.9106768956045133,0.9170195828248877,0.9270619677953523,0.9239927602254655,0.9347006549961812,0.9173916724173105,0.9488722090206115,0.9449555176693085,0.9400916686916707,0.9444754616241341,0.9569182352435476,0.9564566891113623,0.9561922551274855,0.9570213073407935,0.9598295884475712,0.9596607089310069,0.9619965520328941,0.9628112980251607,0.9637968191515548,0.9646699559625493,0.9640437173477348,0.9588617304548812,0.9683329958183285,0.970262130087416,0.9598115200863298,0.9673919851965974,0.9631612430674662,0.9698364301618662,0.97232020715913,0.9709635853364408,0.9660553535712655,0.9712372607879498,0.9713857442448807,0.9741644426642365,0.9737264817531709,0.9662300936974572,0.9749595135963417,0.9748272460787769,0.9745520976581918,0.9746847909631703,0.972623987082398,0.9753649249194093,0.9745585614260626,0.9751048509523188],"std_valid_accuracy":[0.0899475123424476,0.13172615698897394,0.09749200587598422,0.06706942513704733,0.04794825031840208,0.030044915583525816,0.0284868061362305,0.04354744479115441,0.022781175717291727,0.020716165044372882,0.021553410405997966,0.01674395249731413,0.03884045882943188,0.01180131471334575,0.01388661345550278,0.020953453209775312,0.014734445296657562,0.013120352562815893,0.009910370853967808,0.010871047207242829,0.009772881295416185,0.011989975233991625,0.011069873054233537,0.008569464833401503,0.008014092078911312,0.009387440658181825,0.013237857114101545,0.009139421503054624,0.011912936897388121,0.0071840788315185415,0.005773493179021047,0.013285977957536306,0.010015897573514825,0.014382470401111468,0.008206656776664434,0.008795045048152515,0.006953408027703565,0.012190795755723923,0.006141881208431501,0.0071684092128938845,0.00627015702952188,0.006219029187931912,0.005903564373840631,0.005552054606485682,0.0062344547560487075,0.005763243396475094,0.007651256505769123,0.007151684076857498,0.005564745193542163,0.006057647024141066,0.005336554648449374],"valid_loss_dist":[0.11521883852578499,0.0818763102950721,0.07745234855590732,0.08329679535818761,0.051695263109641,0.08240937579561163],