{"test_accuracy":[0.0972,0.4789,0.699,0.8069,0.8545,0.8734,0.9068,0.9308,0.9189,0.9391,0.9468,0.9467,0.954,0.9624,0.9626,0.961,0.9675,0.9672,0.9687,0.9675,0.9703,0.9713,0.9708,0.9726,0.9726,0.9739,0.9764,0.974,0.9744,0.9763,0.9768,0.979,0.9786,0.9793,0.9809,0.9776,0.9808,0.9751,0.9793,0.9812,0.9811,0.9819,0.9815,0.9824,0.9811,0.9827,0.9826,0.9818,0.9827,0.9825,0.9824],"test_loss":[2.3084521141052248,1.5150435319900513,0.7463922911643982,0.5112560859680175,0.39769972205162046,0.35167611021995543,0.27907951066493986,0.22794817152023317,0.23611400575637817,0.19571168665885924,0.17557449355125426,0.1727653467655182,0.15361807160377502,0.13048522109985353,0.12969742364883421,0.1339609892129898,0.10943976745605469,0.11147524502277374,0.10694786641597748,0.10622080769538879,0.09974710412025452,0.09333214951753617,0.09539069657325745,0.08934966497421265,0.08820538825392724,0.08511317458152771,0.07862010194063186,0.08349067986011505,0.07921492555737496,0.07522296317815781,0.07492557688951493,0.06969577436447144,0.06950453329086304,0.06654067878127098,0.06386760263442993,0.06976835423707962,0.0632709027171135,0.07978514426350594,0.06653879234790802,0.06075120816230774,0.06147122902870178,0.058433388125896456,0.05948693951368332,0.05691959654092789,0.058401411551237105,0.05568221826553345,0.05704786919951439,0.05848172065019608,0.05551001896858215,0.05587371900081634,0.054852024090290066],"train_accuracy_dist":[0.9797211660329531,0.9884986650236188,0.9936786296900489,0.9845993756503642,0.9853923205342237],"train_accuracy":[0.11280285429804182,0.5674161964819117,0.7480086292731497,0.8331812147361434,0.8717640225688682,0.8842930633919681,0.9124211749087289,0.9318785263856622,0.9254480584135413,0.9411715897776303,0.9475190839694656,0.9482658479920345,0.9545718552937272,0.9607534019249917,0.961292731496847,0.9600896116827082,0.9675987387985396,0.9672668436773979,0.9685944241619648,0.9683869897112513,0.9707932293395287,0.9730335214072353,0.9720793229339528,0.9735728509790906,0.9740706936608032,0.9741536674410887,0.9776385662130767,0.9756886823763691,0.976850315300365,0.9775970793229339,0.9783023564553601,0.9792565549286425,0.9800448058413541,0.9812479256554929,0.9820361765682044,0.979920345170926,0.9823680716893461,0.976850315300365,0.9809575174244939,0.9832392963823432,0.983114835711915,0.984276468635911,0.9839445735147694,0.9844009293063392,0.9843179555260537,0.9851476933289081,0.9849402588781945,0.9839030866246267,0.9856040491204779,0.9856040491204779,0.9864337869233323],"train_loss_dist":[0.06316214290112698,0.03995052410542512,0.025805366461030033,0.04968357584696034,0.04808578784507583],"train_loss":[2.305768935655859,1.3327338955072403,0.6641733044609452,0.46250124787556307,0.36601574606191983,0.3252794521317069,0.2611899432320354,0.2184565597406375,0.2202814020021113,0.186950806604987,0.16913085831208677,0.16502738893347357,0.1482364826220889,0.13085171275849738,0.12656240850449638,0.12856767118259044,0.11110708945135005,0.10826358658660647,0.10378537737908769,0.10233630338690525,0.09627940090990743,0.09013808860637958,0.09099103725205278,0.08559976074114502,0.08445211369334078,0.08405322820434104,0.07542023809046824,0.07774945054113014,0.07414115848556938,0.07093736391645598,0.06965334105456525,0.06485595418294225,0.06393651771623428,0.06101739442534188,0.05926558876551077,0.06288612434743149,0.05700695459998914,0.07067133133454817,0.05846178502838476,0.05392031731356617,0.054172143792789805,0.050820696442439,0.05168822287435656,0.04931652297117768,0.04960416210985316,0.04732495185650497,0.047564191497068566,0.04919870669523565,0.04571425605879357,0.046002649924530216,0.04518896783879809],"valid_accuracy_dist":[0.96875,0.9819376026272578,0.9828850855745721,0.9675540765391015,0.9824707846410684],"valid_accuracy":[0.10945049191870092,0.5622399446217423,0.7450514565178158,0.826001255875801,0.868137527532998,0.8789196587966548,0.9104338793616517,0.9280153175981994,0.9213818876769142,0.9379654289651707,0.944104203210856,0.9444346423688931,0.9494115121395255,0.9552174930006831,0.9573730835744735,0.9558794358494808,0.9610226921969534,0.9616858289527043,0.9628473078140561,0.9615192272123407,0.9651681248131208,0.9663301186773425,0.9650027891247337,0.9668274142509331,0.9673248607388507,0.969316911734469,0.9719696458190505,0.9694802851092754,0.9716370451047281,0.9718031255948174,0.9724666137676201,0.9731308355582784,0.973793680055952,0.9744570944969034,0.9756186498351066,0.9732959123652729,0.9749547274945545,0.9719698284766695,0.9759500681804101,0.9757840215836977,0.9756181094023215,0.9771111173825224,0.9762815894139698,0.9771108795481609,0.9767789973743756,0.9771107488100849,0.9774425421500854,0.9769449020737799,0.9777742632440525,0.9769450306204139,0.9767790609284851],"mean_valid_accuracy":[0.10858564187500544,0.5601866052950752,0.7440132821160367,0.8254155994915748,0.8678895775880393,0.8787611419345092,0.9103324915818061,0.9279255250014721,0.9213638015161205,0.9378342660418086,0.94403110444984,0.9443051728579134,0.9493272038818394,0.9551656990579158,0.9572841032079602,0.9557526355483537,0.9609987800096527,0.9616161965206078,0.9628111036044602,0.9614385526826716,0.9650846814068256,0.9662867377533759,0.9649341956613355,0.9667757079087794,0.967245418484006,0.96938448793554,0.9719546839580859,0.9694115994675139,0.9715879919326292,0.9717645791815519,0.9724189028517264,0.9731173012532427,0.973749963135195,0.974410156362705,0.9755908356024465,0.9732392606552619,0.9749120771001356,0.9720049244457176,0.9759183731389811,0.9757416537886865,0.9755702166904154,0.9770796265056818,0.9762376547922024,0.9770716143464429,0.9767188907039331,0.9770584497382512,0.9773909233992729,0.9768964318643738,0.9777249065289112,0.9769131187400146,0.9767195098763999],"std_valid_accuracy":[0.08638358565025007,0.19351981259779552,0.09604234124116773,0.059471374078174946,0.045249279844221994,0.04563579927223361,0.029635198560422266,0.018382272005843504,0.028812376169313477,0.014245717200663541,0.016012898909430535,0.01418378640824301,0.013992220463945819,0.011472827907523528,0.011997162952569479,0.012556253886010366,0.007002702814872185,0.011221639790717351,0.010056302122873817,0.0086638983270274,0.008956823584421994,0.008802963685123026,0.009224800719589556,0.007798803477901874,0.009703053642997018,0.010438988846116316,0.006600604995698072,0.007313866282094119,0.005986604082620021,0.006059894823319278,0.007035404123268832,0.008221575282668776,0.007433877226904413,0.00721489354924845,0.007229607235923908,0.007835374789280621,0.006423838125099935,0.009273949516795874,0.007407989927537763,0.006936886973798985,0.0068154078392314585,0.006884424044352762,0.0064842054523663525,0.006369235422546446,0.008090911459420511,0.00669234316677306,0.007137634183382908,0.006420931855062102,0.006489665670357874,0.006208015606784624,0.007011964532078816],"valid_loss_dist":[0.09097857894124212,0.05109612401483094,0.054418907583537096,0.10754264601058452,0.06429953448698297],"valid_loss":[2.3059018484256955,1.3476419575270004,0.6727326091856684,0.46859342750877087,0.37349699396843794,0.3391738546781406,0.27207114316978964,0.23065308330389414,0.23169966076316914,0.19954257757011515,0.18238593743335477,0.17800212765597237,0.162538126382881,0.1468693611947645,0.1420792768631465,0.1441633475507614,0.12828940761618546,0.12370398194569049,0.1196954924159404,0.11938971529412407,0.11255774552258264,0.10698659720999838,0.10898823632116977,0.10357866905549853,0.10311157980794446,0.10222202689129704,0.09164078841130809,0.09741947735449326,0.09342930485687849,0.09114520031219299,0.0904126116846307,0.08613393135201036,0.08525647090085853,0.0817572724547999,0.08054893735628131,0.08538263613752028,0.07973699087263728,0.09337804586979401,0.08247499927488681,0.07749841535925969,0.07836926864589983,0.0752125077131309,0.07647355313277501,0.07444299681329698,0.0756218142858104,0.07333032265535681,0.07337756079253845,0.07625460441260083,0.0725455042959563,0.07381385404280034,0.07348223227133252],