{"test_accuracy":[0.0972,0.3346,0.4887,0.6259,0.6943,0.7427,0.7795,0.7998,0.8165,0.8648,0.8719,0.8754,0.8901,0.8937,0.9045,0.9067,0.9142,0.9206,0.9167,0.9242,0.9269,0.9317,0.9397,0.9377,0.9393,0.9187,0.9411,0.9438,0.948,0.9498,0.9477,0.9535,0.9545,0.9537,0.9524,0.9522,0.9542,0.9597,0.9522,0.9593,0.9577,0.9602,0.9521,0.959,0.961,0.9495,0.963,0.9653,0.9623,0.9593,0.9612],"test_loss":[2.3084521141052248,2.6056955432891846,1.5029482303619386,1.129572799873352,0.8661565724372864,0.7093974444389344,0.6250302947044373,0.5660705774307251,0.5124252838134765,0.39004332699775696,0.3653798907279968,0.35323960003852845,0.3153174014568329,0.29793273949623106,0.272966511797905,0.2664130849838257,0.2491038503408432,0.2405886840581894,0.23665870084762572,0.21384414355754852,0.2123185076713562,0.20013594872951507,0.18189543240070344,0.182541113114357,0.1750310873031616,0.22803315477371217,0.1779527074575424,0.17129454846382142,0.15512633488178254,0.15160241612195968,0.15711718323230744,0.14359806702136993,0.14036055545806886,0.1400659116268158,0.14160012261867524,0.1409698034286499,0.13624128801822663,0.12584617100954057,0.1441805677175522,0.12428440608978271,0.12849950757026674,0.12124290409088134,0.14958275241851807,0.12148292210102081,0.11923237034082412,0.16024086611270905,0.11301147394180298,0.10779829547405242,0.11384613485336303,0.11960319080352783,0.1151166385293007],"train_accuracy_dist":[0.9899363318956664,0.9938373048479868,0.989983305509182,0.9543157894736842,0.9702847709451093],"train_accuracy":[0.07660103626943005,0.5014300518134716,0.6585699481865285,0.7665492227979275,0.8205181347150259,0.8516891191709844,0.8708808290155441,0.8821139896373057,0.8911088082901555,0.9209119170984456,0.9266735751295336,0.9313575129533679,0.9363730569948187,0.9384041450777202,0.945699481865285,0.9467357512953368,0.950259067357513,0.9536580310880829,0.953699481865285,0.9582176165803109,0.9589637305699482,0.9614507772020725,0.964559585492228,0.9648911917098446,0.9663834196891191,0.9523316062176166,0.9662176165803109,0.968538860103627,0.9705699481865285,0.970901554404145,0.9706528497409327,0.9729740932642487,0.9734300518134715,0.9745077720207254,0.9728497409326425,0.9738031088082901,0.9757512953367876,0.976580310880829,0.9735129533678757,0.9777409326424871,0.976580310880829,0.9789430051813471,0.9734300518134715,0.9784455958549223,0.9786528497409327,0.9735958549222798,0.9797720207253886,0.9806424870466321,0.9800207253886011,0.9795233160621761,0.9797720207253886],"train_loss_dist":[0.03130505283964344,0.01927450290768604,0.03064734343818711,0.12644590512388632,0.07730185848730338],"train_loss":[2.307700922338456,1.7928263804035482,0.9500999491177692,0.7039627942977174,0.5175177283027629,0.42327292671845984,0.3725288478531368,0.3391244298818816,0.31074441832767247,0.2368893466811106,0.21987381752970306,0.20773471843825722,0.19346337562027374,0.17652737404089516,0.16405674558229397,0.1582301371165508,0.14900065084380806,0.14187834396912027,0.13889006249367264,0.12465262223386393,0.12338349073739249,0.11664069192242746,0.1078206698362537,0.10536840197799119,0.10053775864468956,0.13651934152038603,0.1028614287645088,0.09567953535096016,0.08739474176681103,0.0851093686193691,0.0863984748904878,0.0804472997206326,0.0784884529079798,0.07629007271410888,0.07771194669913134,0.07555568564802871,0.07161904971973267,0.06755861886517371,0.07622173567417372,0.06614275144604204,0.06771988406221484,0.06259022826465918,0.07709586062257232,0.06266970729580815,0.0608621232910323,0.07904509526661023,0.05931945042783115,0.05540932218135947,0.05663609063231574,0.058348646614912875,0.05671865317117365],"valid_accuracy_dist":[0.9860426929392446,0.9876746096959738,0.986644407345576,0.9486531986531986,0.9752475247524752],"valid_accuracy":[0.07175588929099738,0.4994333742196122,0.6545782628595945,0.7697841228825402,0.8198371793448436,0.8538141159445499,0.8730426986631213,0.8844780319749902,0.8891142235300297,0.9224329591964445,0.9264106563459293,0.9317148736543426,0.9378473024412628,0.9400007053531272,0.9438133942596127,0.9456367722923888,0.950608454850777,0.9557470683539423,0.9517693107238355,0.9575698087807368,0.958730382760321,0.960222029468744,0.9610495138422016,0.9645312836719407,0.9653598878014009,0.9525986381838367,0.9666859702977709,0.9685089811924094,0.971492396312468,0.9718238633361622,0.9708294925564434,0.9728181546606127,0.9731496302441699,0.9733152670023377,0.9716581266062831,0.9731497083176077,0.9746412394831968,0.9761327040009785,0.9741442058547721,0.9766299049908903,0.974475396141331,0.9769614094839808,0.9738125291127343,0.9772931154044303,0.9772928452054647,0.97232096977958,0.9782875518211103,0.9787847837422485,0.9774587438716136,0.977955920839453,0.9769614122476422],"mean_valid_accuracy":[0.07201233727052621,0.4981912041603055,0.6528851317889676,0.7687556735888539,0.8191145079559427,0.8531837374485007,0.8725042625935263,0.8839759172421798,0.8886282416981801,0.9220788771727042,0.9260441695362405,0.9313688575063244,0.9375495823234079,0.9397439231123995,0.9435242333792271,0.945372004375477,0.9503718920179661,0.9555445721487692,0.9515375283362522,0.9573462314449681,0.9585345816205066,0.9600270883183996,0.9608965454665865,0.9643649782080326,0.9651930424231511,0.9523402923598413,0.9665147768384518,0.9683396661306464,0.9713461760479577,0.9716844528313558,0.9706809828930345,0.972710057325954,0.9730228754731518,0.9731725433082079,0.9715188310733283,0.9729962554711953,0.9745209339870854,0.9760315013932699,0.9740279478135727,0.9765316417849228,0.974360995486759,0.9768617603814869,0.9737053422179527,0.9771936034196799,0.97718576775403,0.9721717288876786,0.9782004563563447,0.9787132897121549,0.9773684859965224,0.977849690573691,0.9768524866772935],"std_valid_accuracy":[0.08723036951199493,0.16827627141434287,0.19722757193509105,0.14761206437476107,0.11533581098522787,0.0985609326747181,0.08850476971997101,0.08265126647897461,0.07851743106063422,0.055075727815017246,0.05445879323492758,0.05210803238701329,0.04554455003018324,0.04080088469696296,0.041277216252604026,0.03926350723712482,0.034882186123436895,0.03254707980948132,0.03469797607669346,0.0316294108857491,0.02922121817304973,0.029251716781607325,0.023875867592989132,0.025311552986553694,0.024323524534829125,0.0362110675121515,0.02466886167574502,0.02432469505378513,0.02088927042280181,0.02015608273389075,0.021218786007464296,0.0167122069025657,0.018273595215483933,0.019091146555074788,0.019641023376604297,0.020505913715484454,0.017535924974465086,0.014667624172366753,0.01790457301970977,0.014246684366483556,0.016070178617305,0.014220242142912422,0.01811139573396756,0.013839619816395757,0.01431412644173056,0.021561666219375723,0.012431109522792565,0.01121013698245123,0.012911744692759172,0.01447378115193161,0.014800241187146712],"valid_loss_dist":[0.04054417397539408,0.03185028574163907,0.052836662484877096,0.17565581302851538,0.09435559248570169],"valid_loss":[2.3079091010646042,1.7904586702929761,0.9391507792598421,0.6902382683196643,0.5090862098780394,0.41698984838760045,0.3654349302022107,0.3349283512903811,0.3132368672961684,0.23524482788460724,0.21947882857874257,0.2079426303006683,0.19361792704072828,0.17977201438143353,0.16758358332010043,0.1615216305407996,0.1532805170599431,0.14507056599919493,0.14443713415330597,0.13183239570486643,0.13017283165496105,0.12456642564660751,0.11535496079141087,0.11420696151742918,0.11082113184530631,0.14557559804444878,0.11164508616718516,0.10627704282107306,0.09838606319274693,0.0972051711930912,0.09966574027454732,0.09427592250232596,0.09262693983683865,0.09062349537051877,0.09302034359318773,0.09031069169860644,0.08719070110986506,0.08639196448021678,0.09137962063192778,0.08360184778103132,0.08634958833764105,0.08076222537004318,0.09330424420447475,0.08203518249723249,0.08079641693488397,0.09786484227091274,0.07855613720165434,0.07507877766801928,0.07719914985703624,0.07846340945475731,0.07864299994923035],