{"test_accuracy":[0.0972,0.4052,0.5306,0.6479,0.6981,0.7343,0.786,0.8215,0.8276,0.839,0.8382,0.8438,0.8642,0.8691,0.8711,0.8801,0.8844,0.9003,0.896,0.8976,0.9109,0.9049,0.91,0.922,0.916,0.91,0.916,0.9293,0.9229,0.9252,0.9269,0.9278,0.9263,0.938,0.932,0.9356,0.9349,0.9399,0.9409,0.9372,0.9408,0.938,0.9386,0.9401,0.9368,0.9506,0.9452,0.9447,0.9502,0.9513,0.9481],"test_loss":[2.3084521141052248,2.17675902633667,1.646945122909546,1.1908827604293823,0.976054993724823,0.8263020425796509,0.6984916340827942,0.549782714176178,0.5435300273418426,0.47227600717544554,0.4676233215808868,0.4118218559741974,0.35422410283088684,0.3439759476184845,0.3451992936134338,0.32009104766845703,0.30430034103393555,0.26903230652809146,0.27346296467781067,0.27371843056678774,0.24456012101173402,0.25809088573455813,0.2499747619152069,0.2172593155145645,0.23348618171215058,0.24767241303920745,0.2383554146528244,0.20441441793441772,0.22197359173297881,0.21134598097801208,0.20537132666110994,0.20612912974357606,0.21234170989990234,0.1792003973007202,0.19515262932777405,0.18508340992927552,0.18823494834899904,0.17453074941635133,0.17150424365997313,0.1818376611471176,0.17150377213954926,0.1800263079404831,0.17729732682704927,0.173618603181839,0.1773136510848999,0.14410112965106964,0.1600366881132126,0.16073029577732087,0.14779948902130127,0.14368143014907836,0.14852795832157134],"train_accuracy_dist":[0.9947190536544148,0.9932389604901753,0.9069222577209798,0.982463295269168,0.9901052631578947],"train_accuracy":[0.11555256970104132,0.580492106147128,0.7221615720524017,0.8121430970775949,0.8366224386966745,0.8558532079274437,0.8838595901914679,0.9027124622102788,0.9051058112193483,0.9156449445750756,0.9141753443063487,0.9152670473631173,0.9292492442055761,0.9321464561639234,0.9335320792744374,0.9378149143432987,0.9384447430298959,0.9472203560631508,0.9459187101108498,0.9467164931138731,0.9521330198186093,0.9499496137050722,0.9518390997648639,0.9584313066845818,0.9544843802485724,0.9543584145112529,0.9564998320456836,0.9608666442727578,0.9566677863621095,0.9614124958011421,0.961496472959355,0.961496472959355,0.960194827007054,0.9674588511924757,0.9633439704400403,0.9666610681894525,0.9664511252939201,0.9684665770910312,0.9689284514612025,0.9667450453476655,0.9696002687269063,0.9685925428283507,0.9683406113537117,0.9697682230433322,0.9686765199865637,0.974261001007726,0.9717836748404434,0.9711538461538461,0.9736311723211286,0.9747648639570037,0.9736731609002351],"train_loss_dist":[0.019147408134640397,0.025365489667067812,0.25155935398559853,0.05979559528618614,0.030913267843033138],"train_loss":[2.3111663842545607,1.3997713578930628,0.9156034601289813,0.6306695615135066,0.5227396294955123,0.45040545715935726,0.37730107093802384,0.3045535517135697,0.30075615050998816,0.26016634475029343,0.26016947513819744,0.2393043581305618,0.20282017191271975,0.19470081257649194,0.19263518186580786,0.17910281211628304,0.17504349746232992,0.15444445551608008,0.15547478885218116,0.1533833518818266,0.1385905887305281,0.1429891703557442,0.13873735550045843,0.12243486237394673,0.13128271603754724,0.13453924383701107,0.12826332782046682,0.11687786650800433,0.12871142642899128,0.11398890346320278,0.11368601842640111,0.112070406474571,0.11550526542017824,0.09753506036929231,0.10589468359127878,0.09967667802959945,0.09952858658016309,0.09384252135454951,0.0931064654041556,0.0979013374051987,0.09127592548526521,0.0927168461098406,0.0923655333833035,0.0902167111968382,0.09166657869107483,0.07639875142579491,0.08339103441523543,0.08510424256628848,0.0776155777798786,0.07473832771201143,0.07691658889838214],"valid_accuracy_dist":[0.9915540540540541,0.9898648648648649,0.8977853492333902,0.9747351263243684,0.9848484848484849],"valid_accuracy":[0.11178805449553475,0.5838565877220722,0.7335913232008705,0.8171818157505358,0.8396750505747911,0.8567980336214378,0.8868451773293883,0.9079971302597564,0.9096768959940041,0.9195799736195761,0.9163917337260773,0.9187434348449962,0.9315004789141724,0.9341858255115663,0.9356977128478619,0.9373764097369739,0.9387203192433687,0.9461072591301545,0.9449315999593376,0.9457708179058885,0.9519823397303896,0.9497997019170988,0.9499677866972833,0.9561798190764282,0.9518148300764405,0.9509750551599743,0.9543330151921625,0.9566845728235367,0.9518171511336849,0.9585299628930204,0.9586984005573007,0.9592020204100622,0.9556771535345694,0.963231340159804,0.9583631738059996,0.9649105605925115,0.9625595249453465,0.9647427524964725,0.9628962895168472,0.962224750094556,0.9633996410052631,0.9645742090463567,0.9633991004993997,0.9645744946544469,0.963902912228722,0.9701153590660748,0.9657501981492737,0.963400119508418,0.9689403061177405,0.9706191103520748,0.9679325190826785],"mean_valid_accuracy":[0.11102310656975085,0.5850440912299468,0.7345596643558963,0.8173838611551819,0.8396662512002312,0.8567235072056842,0.8865354958459217,0.9076676410882445,0.9094058055331085,0.9191874742324483,0.9160884207448312,0.9185408629633128,0.9311751260887862,0.9338057574982409,0.9354003804981698,0.937085390117024,0.9384726444535969,0.9458842545714846,0.9446703463791565,0.9454910899202302,0.9517027419114147,0.9495101668436255,0.9496972493103778,0.9559397743990156,0.951557906274244,0.9507102970881902,0.9540881131501356,0.9565043038100793,0.9516994669104044,0.9582785209214663,0.9584733663005812,0.9589745046546445,0.9554979089212303,0.963026359243553,0.9581754663781765,0.9647319443392572,0.9623414818231559,0.964559983351141,0.9627342146505832,0.9620658636293072,0.963214414806963,0.9643622603073083,0.9631756143926674,0.96436868740218,0.963703576766455,0.9699657381471589,0.9655747712925334,0.9632445208374939,0.9687971188536098,0.9704798534701891,0.9677575758650324],"std_valid_accuracy":[0.08726837235244171,0.14007993332559907,0.16049179068033634,0.14582638262912093,0.1285789962176787,0.11231807228563143,0.10267438782698331,0.09065214445033996,0.08539086559127805,0.08555478620247665,0.0824483413738599,0.07496330275247876,0.07350651800966931,0.07291276031458264,0.07116517808630947,0.07124569267386197,0.06318664511795415,0.05723540342421831,0.059345416753108504,0.06111388106941291,0.05579423848943787,0.059057412752573465,0.05757085114177034,0.05036908434670038,0.0541725720658011,0.05689241746731632,0.05379492063842144,0.04326689924208022,0.04345269591831464,0.04960227129052342,0.04591945902522535,0.04566358464276746,0.04597498436882001,0.042626956030787005,0.043557180234565715,0.038859189522323485,0.04483200027252611,0.03777148690926698,0.03846760162743551,0.03877215762412907,0.03934552695962422,0.04234617298610266,0.04161548678641317,0.03928399388133731,0.04130570800514541,0.031002916942990472,0.03613462014343606,0.03666342936234029,0.031060205567333635,0.030970145081945018,0.03547365918877228],"valid_loss_dist":[0.03074119715775187,0.03199103887419443,0.24982785259641618,0.08469221001975208,0.05532740204522907],"valid_loss":[2.31184981434585,1.3674671963453104,0.8799640759413316,0.6035762565480565,0.5000073367192371,0.43314346877297694,0.36252184472656473,0.2940563371722169,0.290534394288304,0.2520838847796573,0.2522978706016808,0.23305524627393337,0.19911251563819957,0.19222060053782938,0.18969350912510657,0.17716831448933953,0.17441110827552128,0.15503483109539362,0.15718646514843304,0.15497094430853117,0.14094734006074944,0.14547214706867112,0.14153426916528214,0.12662655888417854,0.1345621860661812,0.13932444656367957,0.13296888092210193,0.12287546786959802,0.13436367433670612,0.12019866695482982,0.12035642454109706,0.11905867103469543,0.1228930866161588,0.10556484936304777,0.11406715453389982,0.10821272888395835,0.10844460250954614,0.10309205944790607,0.1028052215339667,0.10739211182011917,0.10174911967401934,0.10321502931017949,0.10261034853488224,0.10047282154936205,0.1029840107507396,0.08823716817158338,0.09461196017054473,0.09711706718210045,0.08968106947287618,0.08747016321106416,0.09019230516997968],