{"test_accuracy":[0.0972,0.3652,0.6624,0.7435,0.7704,0.8161,0.8422,0.8349,0.8629,0.8958,0.9038,0.9022,0.9148,0.9194,0.9301,0.937,0.9332,0.9313,0.9412,0.9441,0.9455,0.9478,0.9493,0.9512,0.953,0.9525,0.9525,0.9568,0.958,0.9571,0.9589,0.9603,0.9605,0.9618,0.9571,0.9605,0.9625,0.9634,0.965,0.9645,0.9684,0.9646,0.9648,0.9661,0.9668,0.9661,0.9671,0.9678,0.9642,0.965,0.9677],"test_loss":[2.3084521141052248,1.793024624443054,0.9581083498954773,0.7149529678344727,0.6066005352973938,0.4708464707374573,0.39791346216201784,0.40936809029579163,0.3374755751132965,0.2807732696056366,0.27005733947753907,0.26199605579376223,0.24457912814617158,0.22398704237937928,0.20711782684326172,0.19154473991394044,0.18974942758083344,0.20087271316051483,0.17467241299152375,0.16622071911096573,0.16650811612606048,0.1619404692173004,0.15185142271518706,0.14722867748737334,0.14328725302219392,0.14375568883419038,0.14158354599475861,0.13219096729755403,0.12900091065168381,0.12968863143920897,0.12436940836906434,0.11936652340888977,0.11765675653219224,0.11346587054729462,0.12150003361701965,0.11510681607723236,0.11035078587532043,0.10555131038427353,0.10446157565116883,0.10224927475452424,0.09877313067913056,0.10113365606069565,0.10119061659574509,0.09854490103721619,0.09706437083482743,0.09901717283725739,0.0945542424082756,0.09322602705955506,0.10345413448810577,0.09985783075094223,0.0940618005990982],"train_accuracy_dist":[0.9626108998732573,0.9774080920106798,0.9830974012254384,0.9895659432387313,0.9892695006190673],"train_accuracy":[0.07783432051389005,0.4676733127554851,0.7578209727204471,0.8251439058980562,0.8490865103862518,0.8835822140652373,0.9006840744139485,0.8955952281638442,0.9163260198548427,0.9296738132977392,0.9333861683490448,0.9350129306748978,0.9403520480520564,0.9443980979394344,0.9502794694252107,0.9536581296404438,0.9536164177859348,0.9518228080420456,0.9572870609827313,0.9597480603987654,0.9602068907983649,0.9614165345791273,0.9644614999582881,0.9649620422123968,0.9664636689747226,0.9665470926837407,0.9673813297739218,0.9693417869358472,0.9703845832985735,0.9700508884625011,0.9718862100608993,0.9743472094769333,0.9736381079502795,0.9746809043130058,0.9725535997330441,0.9739718027863519,0.9760156836572954,0.9770584800200217,0.978101276382748,0.978059564528239,0.978935513472929,0.9783098356552933,0.9781847000917661,0.9795194794360558,0.9791857845999833,0.9788520897639109,0.9803120046717277,0.9801868691082005,0.978142988237257,0.9791440727454742,0.9804371402352549],"train_loss_dist":[0.09831735642841712,0.07120776507742572,0.05046108677060816,0.029992523495860412,0.03748341406850445],"train_loss":[2.3103026536921796,1.4374868213817138,0.6881852821839545,0.502210884145156,0.42602972210179557,0.32814266191736574,0.281370216902416,0.2908648996625341,0.23382007880918754,0.20463706239967197,0.19901564667941313,0.19085432984363132,0.17904503723631174,0.16259421033720572,0.15106245966167778,0.14165846626300316,0.13616092279311007,0.1487891881802745,0.12716570532360716,0.11974537308133851,0.12015718068668649,0.11762500467460876,0.10939521921649879,0.10504380377467752,0.10304389719631363,0.10129613654093328,0.0988832678239663,0.09241789585855652,0.09105594559902294,0.08948855750670477,0.08711419271603084,0.08302721566255461,0.08060077025437834,0.07704048126465442,0.08257889990973977,0.08002783100524656,0.07398310444330422,0.07156463649163998,0.06817653354049436,0.0665345068029917,0.06649037422628626,0.06618526871603216,0.06528226981910532,0.06370894414750104,0.06271543402028679,0.06356209823899789,0.060346542945459686,0.05944711708215806,0.06336475602282991,0.060354773654739444,0.057409948041525674],"valid_accuracy_dist":[0.964527027027027,0.9679802955665024,0.9847972972972973,0.9874791318864775,0.9851485148514851],"valid_accuracy":[0.07119980181565577,0.4656598100127179,0.7611932215418622,0.8277318131194596,0.8545810298474397,0.8914338513344763,0.9071100715624482,0.903108743234487,0.9237866563154196,0.936627588687695,0.9387965050285918,0.9397968962073329,0.945800477571497,0.9503028743301314,0.954471765990493,0.9566400119516463,0.9583075989529218,0.9513038194755247,0.9596417662703522,0.9614761661719923,0.9623102244691548,0.9623102814995473,0.9646451449558511,0.9641444203479046,0.966312453303646,0.9654787048499276,0.9663128828752893,0.9689806622502167,0.9684802135785995,0.9683135866942708,0.9699817287515795,0.971315848906619,0.9726496940411646,0.9733166961876342,0.9709825772032744,0.9708155302682143,0.9729835548519912,0.9749845620755018,0.9751510856107152,0.975818104441547,0.9756514931522003,0.9763186730744745,0.9771524659138664,0.9773191707857047,0.9776527919070221,0.9769856376516319,0.9776527935347926,0.9778195296687616,0.9761515855602731,0.9771522959716361,0.9779862482746998],"mean_valid_accuracy":[0.07112281138100032,0.4659158035749968,0.7610082509556554,0.8274475439194285,0.8540582595121362,0.8910156954788928,0.9067636050628503,0.9027344050869376,0.9234869536894299,0.9365277622884545,0.9387015750637107,0.9396342775071677,0.945721235016256,0.9501836510771968,0.9544206079409033,0.9566020141309253,0.9582367100779559,0.9512574430524591,0.9596116835657129,0.961416716577211,0.9622609629394081,0.9622876746039118,0.9646054572245502,0.9641191166517247,0.9663083732804927,0.9654704223988675,0.9662837520511036,0.9689671744754836,0.96848631649406,0.9682962141062473,0.9700041733127774,0.971338591844901,0.9726622072228063,0.9733398569092205,0.9709315095892089,0.9708712745264183,0.9730130298583946,0.9749753201412135,0.9751668862787828,0.9758119934768944,0.975659148883824,0.9763289481314923,0.9771476895549622,0.9773224849018884,0.9776661535635253,0.977009082089627,0.9776622511462565,0.9778414591714334,0.9761523155864527,0.9771391174354624,0.9779864533257581],"std_valid_accuracy":[0.08471456491625261,0.10744675998628186,0.10798166054627131,0.09016903957895593,0.09107179910238261,0.0743203637229178,0.0655617098425555,0.06396913717345305,0.05725972458127615,0.0369369026630433,0.03334477097446664,0.035146841498597196,0.026870402906813022,0.028300024574087097,0.023776634292518955,0.02246165985368574,0.02375296797651158,0.023723442022194206,0.02068890482106396,0.021297572452465354,0.020270366991529638,0.01761399233049529,0.019341522984377545,0.01890489177291166,0.017197322030811743,0.01808609051142141,0.018713256815652213,0.015583315167785666,0.01523910995951971,0.01651308444409571,0.015134899963114741,0.014063838455465608,0.013340651589041347,0.012431199132487705,0.01393285091210453,0.01478241025260676,0.012601765833843214,0.012624623920672111,0.010412060539426922,0.010387577707487454,0.010416422488037556,0.010224458948300024,0.010247153049605948,0.009238488863654847,0.008607584112691143,0.009852043257482773,0.008891574618987754,0.008564306458445801,0.010559893054547876,0.010258069913739584,0.009685793891614461],"valid_loss_dist":[0.09795257670653833,0.08879946388781364,0.0511398947722203,0.04196996378629952,0.05093860366802798],"valid_loss":[2.3115537986325307,1.421941246313026,0.6726261716563914,0.48573272403052165,0.40818820305393444,0.3137433894844232,0.26722967690180266,0.27721014010799655,0.2212171864745108,0.19510132042915973,0.18992878627965373,0.18179776753399027,0.17134491765931745,0.15406186921325454,0.14440131716346327,0.13621737899379638,0.13004974054899382,0.14435383419146414,0.12285772944270859,0.11561226403309913,0.11663962928419598,0.11500668598914303,0.10732244913098167,0.10274726862682132,0.10163493580169952,0.10031667178791247,0.09767349299879435,0.09234383883910417,0.09183971948075093,0.09007531608581756,0.08880255993398815,0.08588708953441675,0.08308924637872711,0.07993661262749456,0.08512204743689737,0.08425816975467391,0.07845169896455073,0.07648332621028991,0.0736912402564467,0.07141142183816264,0.07324803924472613,0.07235613881424188,0.07128849062128677,0.07084561753044227,0.07020980224286769,0.07071250959962264,0.06816328360769248,0.06712655394477125,0.07071483249285167,0.06764938351171254,0.06615857802597175],