{"test_accuracy":[0.0972,0.5299,0.7392,0.8067,0.8803,0.8773,0.9016,0.9251,0.9363,0.9304,0.943,0.9379,0.9503,0.954,0.955,0.9586,0.9599,0.962,0.9595,0.959,0.9641,0.9669,0.967,0.9665,0.9678,0.9685,0.9703,0.9697,0.9677,0.9679,0.974,0.9703,0.9734,0.9742,0.9722,0.9752,0.9755,0.9758,0.9756,0.9763,0.9763,0.9762,0.9763,0.9778,0.978,0.9783,0.9776,0.9782,0.9798,0.9803,0.9787],"test_loss":[2.3084521141052248,1.340362073135376,0.7406903343200684,0.5539564919471741,0.3681771758556366,0.41113801412582396,0.30280520520210263,0.24498796763420105,0.21915111360549927,0.22274566707611085,0.19042545804977418,0.19392154989242555,0.16495192244052886,0.15510765690803527,0.14966589496135713,0.14302576928138733,0.13733018378019332,0.12841939697265625,0.13267406179904936,0.1341305737376213,0.12186962164640426,0.11515816602706909,0.1091610228896141,0.1124998421907425,0.11001857993602752,0.10335217769145966,0.09935059008598328,0.09993769266605378,0.10548991701602936,0.10853941066265106,0.08955294355154038,0.10093089355230331,0.08774428235292435,0.0880062108874321,0.08708612415790558,0.08578282403945924,0.08318551293611527,0.0825996290743351,0.08530872440338134,0.07985528839826583,0.0792518795967102,0.08099446003437043,0.0790051646232605,0.07610809904336929,0.07606062706708908,0.073980037856102,0.07437771748304367,0.07214380876421929,0.0702137265086174,0.06806993921995164,0.07440193594694137],"train_accuracy_dist":[0.9856358259400084,0.9728897104128158,0.9830974012254384,0.9755546425636812,0.996],"train_accuracy":[0.1158052934791684,0.5967270601987142,0.7793687901811805,0.8328462887200467,0.8927945228354346,0.8837354930283042,0.9113300492610837,0.9300743090924272,0.9394673123486683,0.9357936044084495,0.9472739417216332,0.9434332470568589,0.9543291308340986,0.9565834516155965,0.9576271186440678,0.9605911330049262,0.960925106454037,0.9628872004675628,0.9626367203807298,0.962302746931619,0.9665609084077815,0.968105535609919,0.9688987225515572,0.9683560156967521,0.970067629623445,0.9718627369124154,0.9723636970860816,0.9731568840277198,0.97169575018786,0.9701928696668615,0.9766636052433831,0.9732403773899975,0.976955832011355,0.9772063120981882,0.9754529514903565,0.9779994990398263,0.9781664857643817,0.9786674459380479,0.9794606328796861,0.9802538198213242,0.9805460465892961,0.9807547799949904,0.9804208065458796,0.9817984470234616,0.9821324204725724,0.9821324204725724,0.9824663939216832,0.982257660515989,0.983635300993571,0.9836770476747099,0.982549887283961],"train_loss_dist":[0.04770701829962555,0.08210397728245027,0.051327795541544007,0.07273451627010974,0.019425389206723164],"train_loss":[2.3076237164206983,1.2314210628651017,0.6557695407137664,0.4910795004683643,0.3408257795341168,0.3807215616673074,0.27308310615672504,0.22758313261331437,0.20280707568189005,0.20237970315221654,0.1746647686949405,0.17544862177228254,0.15211116766185875,0.14267348287533946,0.1364182458926573,0.12977434154993367,0.12395651070460947,0.11785018694943733,0.11845566713173959,0.11901814211774242,0.10746671193432278,0.10160868569967185,0.09762285441692697,0.09910374089196503,0.09602218732120243,0.09054315397110767,0.08716790873109125,0.08633645293974285,0.08970118087872775,0.09271588909245422,0.07563535877535103,0.08335606116246921,0.073245857238777,0.07290437555307139,0.07547457419709709,0.06983637720726849,0.06842424910382734,0.06692915431171634,0.06716420261909858,0.06391263269404318,0.06267781975521482,0.062735796024614,0.06181208327956298,0.0579786384311029,0.057717514918662824,0.05611151177770478,0.05602083313112838,0.05587791396398121,0.05188955561880517,0.05028450295610271,0.05489212533404169],"valid_accuracy_dist":[0.9797297297297297,0.9679802955665024,0.981418918918919,0.9679539852095317,0.9856902356902357],"valid_accuracy":[0.10714607353099809,0.5937210506329874,0.7771647242508959,0.8337464346391658,0.8918360425707121,0.8863306816967282,0.9133680010642825,0.9302290753271332,0.9409118669892462,0.9359036519916263,0.9477548033479049,0.9447494017051096,0.954765002597837,0.9577701442159505,0.961441986855639,0.9629442156464585,0.9631110963565158,0.9652806428775024,0.9641122299067809,0.9627767582688544,0.966949967122667,0.9699541301089293,0.9687860895115081,0.9669499116056886,0.9692866300045145,0.9701210490307338,0.970955680560818,0.9706218040305932,0.9697873319652527,0.9676164516344005,0.9746281260314622,0.9716236841631906,0.9742942940933055,0.9739603206441947,0.9724586261692764,0.9747950429502787,0.9746285496145861,0.9754627778195039,0.9756293360052216,0.9761302519979441,0.9762973270206423,0.9757962637852039,0.9754626047145583,0.97696491861336,0.9779662067761673,0.9783000840186956,0.9777995371453684,0.9777994668647604,0.9788007263863017,0.9788009761521762,0.9764640962856185],"mean_valid_accuracy":[0.10732231335679612,0.5945378766554354,0.7778528454560175,0.8345997669540935,0.8921759034559378,0.8863205987920875,0.9137069595397026,0.9303617110326302,0.9410203783324871,0.9360546585578817,0.9478651610722773,0.9450777164594353,0.9548699718177376,0.9578354141280926,0.9615411971551999,0.9630228773226323,0.9631923649921198,0.9654203445578504,0.9642459353873445,0.9629060198013321,0.9670570675746986,0.9700547365316229,0.9688827082373607,0.9670283419104007,0.9693927729496045,0.9702103481316072,0.9710210679298035,0.9707019563928159,0.9698474973596811,0.9678183050466507,0.9746935158601424,0.9717043039908055,0.9743545405211671,0.9740258634463931,0.9725175686410917,0.9748607285273551,0.9746694764513453,0.9755283809411044,0.9757284948794244,0.9761704807211352,0.9763671227281222,0.9758699605600902,0.9755322576471601,0.9770469449596684,0.9780614610494119,0.9783788663346933,0.9778793697364658,0.9778833813674292,0.9788821802110558,0.9788683041415525,0.9765546330229837],"std_valid_accuracy":[0.08631484377508229,0.1432808988825564,0.078840142613775,0.07155862793590205,0.030319347612926817,0.03365215457635273,0.02981690573819757,0.017758503009816577,0.014937719467278404,0.01783656184267349,0.012230641655276651,0.02629125536023424,0.01002308658882539,0.008389506014773934,0.009042906926847484,0.007935376359389954,0.007719131212417464,0.010847021782591297,0.010838945298494477,0.010172894853843269,0.008704298897544278,0.007978788418888487,0.007723402154641295,0.0073229997276764176,0.008460694937235048,0.0071018765605219076,0.006050582573150582,0.006898568789206426,0.006782951571674638,0.015390188705921503,0.005723093809968291,0.007352969507990749,0.006331993347879571,0.006688324590585805,0.005768929257020941,0.00652529274114236,0.005641555793669159,0.00583034455998287,0.007998277649033573,0.005267598177386402,0.0061682454443605685,0.006592900755291123,0.0062732599083533385,0.006952013056868867,0.007301193053263092,0.006660643040353779,0.006228043298478636,0.006581055969614366,0.00686373536206302,0.0055676895725418896,0.007275880126790722],"valid_loss_dist":[0.06977810660326803,0.09919547596686383,0.056136325605817744,0.10015731587724404,0.04813174027886856],"valid_loss":[2.308622800709009,1.2483737316604058,0.6611990176238884,0.4896989071616365,0.3405155043511301,0.37724133492031126,0.2742927654619923,0.22655419234181945,0.20434921159099334,0.20569272879305006,0.1775090649437258,0.1794875573657779,0.15548849372869494,0.1458303859168118,0.1412688507902523,0.13578557977852568,0.1304409305891988,0.12403976156416535,0.12584957810534086,0.12747964842558301,0.11600707095693684,0.11071810783144904,0.10712246494973081,0.10936930884578629,0.10690987835547837,0.10157059064896352,0.09776122736884275,0.09796042078001128,0.10194561543897673,0.10879302583443218,0.08881883624476049,0.09787038400655973,0.08607092294012765,0.08701261627108725,0.0873237130840317,0.08464139176610633,0.08317709598880696,0.08286887708845542,0.08413498036031573,0.0794969256973631,0.07893096990214639,0.08013610443809659,0.07888907824368054,0.07543291908255237,0.0756787290540279,0.07450539379689658,0.07418773936101083,0.07322885357779171,0.07045798948833278,0.06852414771995541,0.07494352251189429],