{"test_accuracy":[0.0972,0.4104,0.5491,0.6488,0.7433,0.8217,0.8339,0.839,0.885,0.9027,0.9306,0.9223,0.9206,0.9261,0.937,0.9429,0.9464,0.9421,0.9513,0.9496,0.9583,0.9477,0.9585,0.9602,0.9592,0.9646,0.9558,0.9608,0.9643,0.9596,0.9673,0.9664,0.9634,0.9642,0.9707,0.9665,0.9697,0.9728,0.9714,0.9705,0.9649,0.9715,0.9716,0.9727,0.9703,0.9735,0.9749,0.9703,0.9753,0.9753,0.9717],"test_loss":[2.3084521141052248,1.812914372253418,1.1456914793014525,0.9019548234939575,0.6708269492149354,0.4921969886779785,0.45903533096313476,0.4692916272163391,0.3529555263996124,0.3131699370384216,0.23699594819545747,0.2527470511674881,0.25288394002914427,0.23747376964092254,0.2082299120426178,0.19733835065364838,0.18112480640411377,0.18994129893779754,0.16684569473266603,0.16808776714801787,0.14827286417484284,0.1708521785020828,0.14489727795124055,0.13766824655532836,0.1373385760784149,0.12442664542198181,0.13695842498540878,0.12986186746358871,0.12349957551956177,0.12829652894735336,0.11293440235853196,0.11133632426261902,0.11977626934051513,0.11601984316110611,0.10025546708106994,0.10684295516014099,0.10191884878873825,0.09399009518623352,0.09766818900108337,0.09733612048625946,0.10957824240922928,0.09535248721837998,0.09347425427436828,0.09066193524599075,0.09492734408378602,0.08599146478176117,0.08401211366653442,0.09719720318317414,0.0815918445467949,0.08175120713710785,0.08887728518247605],"train_accuracy_dist":[0.9898605830164765,0.9864779209803507,0.9658997534921939,0.9812566560170394,0.9835587929240375,0.9833684210526316],"train_accuracy":[0.09791848871785902,0.5383242959594193,0.6799020465278992,0.7558159874059821,0.8356830505509882,0.8835753017316774,0.8895224768235088,0.8835403183487843,0.9178940003498338,0.927934231240161,0.9463704740248382,0.9419975511631975,0.9372398110897324,0.9457057897498689,0.9532971838376771,0.954381668707364,0.9599090432044779,0.9579499737624628,0.9615882455833479,0.962182963092531,0.9662060521252405,0.9569004722756691,0.9668007696344236,0.970509008221095,0.9695994402658737,0.9712786426447437,0.968305055098828,0.9715235263249956,0.9732726954696519,0.9719783103026063,0.9754416652090258,0.9747070141682701,0.9737624628301557,0.9753716984432395,0.9791848871785902,0.9768060171418577,0.9787301032009795,0.979989504985132,0.9782403358404758,0.9782753192233689,0.9757565156550638,0.9795347210075215,0.9802343886653839,0.9812838901521778,0.979989504985132,0.9825432919363303,0.9825083085534371,0.9792898373272696,0.983033059296834,0.9831030260626202,0.9816687073640021],"train_loss_dist":[0.027327673228785716,0.04322631175897602,0.11197306394528049,0.051142586483615145,0.045592165882548975,0.052665067219420485],"train_loss":[2.3134482396989724,1.4000721907394633,0.8156383745232849,0.6326383213094424,0.4599696280824068,0.34761839890388296,0.320792251217505,0.33779212480916915,0.2520609050327109,0.22451609032114883,0.17775698109786162,0.18450443274296724,0.19291953515090038,0.1730375851250537,0.15278455059319207,0.14632912654783503,0.13277093106234056,0.13493748428089877,0.1231466378443867,0.1218755819712102,0.11136707761122126,0.1294887666148553,0.10755128663372739,0.09770426599477292,0.09923957203972146,0.09172519249804104,0.09946094251737762,0.09230321235707148,0.08678019637968838,0.08959691480443321,0.07976776122843571,0.07925772760092732,0.08212579024751349,0.07816195514620664,0.06859011100994471,0.07240102251938522,0.06837911222026453,0.06544170880210301,0.06791694023279392,0.06765021916549899,0.07257224567487343,0.06363212103941275,0.061433713913982994,0.05846109424768387,0.060899849157426585,0.054034546578134536,0.055095303664822896,0.06224823649741353,0.05306884621602162,0.052522387290665044,0.05556718851860762],"valid_accuracy_dist":[0.9890202702702703,0.9831081081081081,0.9638455217748562,0.9863713798977853,0.9750415973377704,0.9755892255892256],"valid_accuracy":[0.09048688052546797,0.5406154203201652,0.6817385261080198,0.7535039520093039,0.8401002643231216,0.8865470997859073,0.8936777378742139,0.8878099528651876,0.9231995903344021,0.933273463673814,0.9510400480175384,0.9453032491706336,0.9392875041374907,0.9482424682537257,0.9556560874975893,0.9570547787679636,0.9626503481336547,0.9598518273593504,0.962371479199175,0.9625110969017296,0.9665678395788246,0.9591553051514897,0.9667074784948441,0.970063419996814,0.9695047675808098,0.9706244698735016,0.9658684696737394,0.9706243875494482,0.9717431181029265,0.9703445744447128,0.9724426109359495,0.97286214442855,0.9737018138288573,0.9741211398444125,0.9764993296156513,0.9739815276131796,0.9769193709928593,0.9767786968639601,0.975799807515696,0.9763592200372626,0.9741212242508869,0.9764997403395151,0.9764996848302042,0.9781780647301024,0.9770590935158533,0.9801361952840778,0.9794372289062057,0.9774783653740307,0.9801365170877693,0.9799967888572686,0.9787374483299649],"mean_valid_accuracy":[0.09053453924751383,0.5416033173605183,0.6833104657257594,0.7547927436218363,0.8410859392840732,0.8871733323870679,0.8943642052910357,0.8883320075799489,0.9235350683302316,0.9335505417213419,0.9512314759428655,0.9455232987802299,0.9395544146928237,0.9484342050875562,0.9558372518560446,0.9572237857229898,0.9628250359796738,0.9600744225789101,0.9625393380599268,0.962664856506093,0.9667081580875553,0.9592908379106787,0.9668666677884569,0.9702304987425411,0.969660926544337,0.9707634208746442,0.9659994301612981,0.9707425589047705,0.9718806771748109,0.9704833472451737,0.9725693130622216,0.9729977864266778,0.9737946523066946,0.9742367235695606,0.9766130440069728,0.9741056949262114,0.977011170459975,0.9768993735206247,0.9759292119931687,0.9764768280597195,0.9742442465161196,0.9766099190106252,0.9766045430086462,0.9782771534056347,0.9771663680733614,0.9802236973905741,0.9795318615097942,0.9775904104077099,0.9802272194744494,0.9800814016714688,0.978829350496336],"std_valid_accuracy":[0.08775713402444715,0.12318862752665882,0.18873067471131114,0.14892486109180178,0.10183881185693461,0.06270015386710334,0.07389061212152942,0.05493314885041151,0.0374401952831539,0.029033914688567076,0.017857110742523392,0.02278816989450569,0.029487851768122703,0.019485260642387696,0.017144126789697785,0.017211803436537734,0.016522259941812053,0.020231283833591802,0.014400628471094369,0.014338294090051799,0.01335700671825566,0.013514338579833805,0.014956248275111586,0.01565190585392391,0.014312518355245609,0.012857132195859763,0.01226489522291653,0.011272101299357176,0.012442393929727952,0.012956598506507214,0.011776535023280533,0.012196654469852911,0.009043888680920344,0.010682485855455002,0.010040053208676807,0.010874532997780689,0.00853169997665895,0.0110347967274676,0.011650334006008787,0.01099393640184342,0.011276380937782536,0.00987739386089033,0.009570297410987718,0.008890421956955252,0.00991277128585107,0.00793867673319308,0.008386603591003457,0.009992359037649844,0.008194897766154906,0.0076756776094788395,0.00844990558714449],"valid_loss_dist":[0.039076041933652515,0.05081094257734917,0.11865733277386295,0.04402290705394704,0.08882488739272322,0.0699743740260601],