{"test_accuracy":[0.0972,0.4167,0.4795,0.6193,0.6718,0.7066,0.7662,0.8069,0.8476,0.8574,0.8576,0.874,0.8948,0.9058,0.9104,0.9317,0.929,0.9274,0.9183,0.9331,0.9398,0.9405,0.9432,0.9474,0.9411,0.9463,0.9475,0.9583,0.9546,0.9546,0.9557,0.9534,0.9511,0.9498,0.9548,0.9597,0.9599,0.9609,0.9589,0.9605,0.9608,0.9612,0.9615,0.956,0.9618,0.9621,0.9573,0.9441,0.962,0.9654,0.9669],"test_loss":[2.3084521141052248,2.171386557006836,1.8674558776855468,1.3443031930923461,0.9858268137931824,0.8339013050079346,0.6645782891273498,0.5334335628509521,0.4261504093170166,0.4090635744094849,0.40427573471069334,0.3698206727027893,0.3145534164905548,0.2881714753627777,0.27781674337387086,0.23168249638080596,0.22985793385505676,0.23340837943553924,0.24996479802131652,0.21728501901626587,0.19894068510532378,0.19673115718364714,0.18534286978244782,0.17323956089019776,0.19112861518859864,0.17471510603427887,0.17189191589355468,0.1405234791994095,0.15384767010211944,0.15158970839977265,0.14979971249103546,0.15232505502700805,0.1588026165962219,0.15912447414398193,0.14933300588130952,0.1328820564508438,0.13154612386226655,0.1306114016532898,0.13569089517593383,0.130352409696579,0.12624486479759217,0.12637607958316802,0.12708718905448912,0.14280666375160217,0.1242827277302742,0.12196305685043335,0.13430045137405394,0.17836359598636628,0.12477213015556335,0.11071722888946534,0.10489302369356156],"train_accuracy_dist":[0.9964089564850022,0.9926051130361293,0.9625390218522373,0.968906510851419,0.9894736842105263],"train_accuracy":[0.11724195851179978,0.5943562610229277,0.6658688166624674,0.8006634752666498,0.8337952464936592,0.8497942386831275,0.8779709414630049,0.8996388678928361,0.9166876627194087,0.9207608969513731,0.9221466364323507,0.9269757285630301,0.9406651549508692,0.9454102628705803,0.9491475602586714,0.9562022339800118,0.958259847148736,0.9581338708322835,0.9546065339716133,0.9609053497942387,0.9647686234987822,0.9652725287645922,0.9664063156126648,0.9687998656252624,0.9660703787687914,0.9695977156294616,0.9703535735281767,0.9696397077349458,0.9718232972201226,0.9739229024943311,0.9738809103888469,0.9735869656504577,0.9718652893256068,0.9718652893256068,0.9739229024943311,0.9763584446124128,0.976904341983707,0.9776601998824221,0.9764424288233812,0.9777021919879063,0.9782900814646847,0.977870160409843,0.9782060972537163,0.975140673553372,0.9781641051482322,0.979633828840178,0.9774922314604855,0.969429747207525,0.9795498446292097,0.9814394893759973,0.9819014025363232],"train_loss_dist":[0.01432081367419171,0.02382959254651147,0.09902590097826552,0.10141065431904912,0.03247192562332279],"train_loss":[2.3112410648429567,1.3801260072422876,1.0784386940143407,0.6844441022865015,0.5124117147089543,0.44402005646649684,0.35983075186681557,0.29383644324690517,0.24787892018208388,0.23737879307331922,0.22996579183676516,0.21854208754407645,0.18469736569347456,0.17003468961803853,0.16081453899039402,0.14695415142624807,0.13786743755756675,0.13697584239374763,0.1428736166608055,0.12673549771313905,0.11717164695282932,0.11546244981970182,0.11019461534988062,0.10151325106593256,0.11022091933308735,0.10065028754827046,0.09833533897818554,0.09935972767478374,0.09221506734321773,0.08665458838200941,0.08669793417631448,0.0857280359705224,0.08860399716872319,0.08909119807640213,0.08374932916911446,0.07535831420821205,0.07332382701866706,0.07161127860697995,0.07478801809683688,0.07139384521499491,0.06792638194100029,0.06736079448064569,0.06800074256436282,0.07426810910244161,0.06711839292976829,0.06314955266004679,0.06862538400662016,0.090358408052198,0.06365740333131659,0.05706276493803251,0.05444701225600465],"valid_accuracy_dist":[0.9923986486486487,0.9907094594594594,0.9584026622296173,0.9749582637729549,0.9831649831649831],"valid_accuracy":[0.10811172379915343,0.5936528842029674,0.6730684102224199,0.7986596481436644,0.8265377044584441,0.8445089472782301,0.8779305383774278,0.9014418857876473,0.9197381302038773,0.9225981374758833,0.9267983120802492,0.9298166496451298,0.9435865357562774,0.9479503884474878,0.9513097458114081,0.9581924836367846,0.9602082273634456,0.958528964597765,0.9561787325813192,0.9620548235830545,0.964572707772515,0.9647411311219383,0.9660842864847085,0.9691066946540138,0.9654137384487991,0.9689378161382738,0.9692734706846867,0.9692748084346119,0.9719600307900317,0.973975568412866,0.9734717377439837,0.9733029583770094,0.972631574605394,0.9727988783283225,0.9722966553699075,0.9748138011402696,0.9769976691767277,0.9761579686934352,0.9766613417258353,0.9759898274811263,0.9778368117591043,0.9776687339904259,0.9769972531410334,0.9739760511573313,0.9768306808258838,0.9788446884433506,0.9746480616914845,0.9684369806819985,0.9778377899980387,0.9801879451862218,0.9798522523041616],"mean_valid_accuracy":[0.10812013531389142,0.5944287955355694,0.6739554652481667,0.7995359588298909,0.8273285567577705,0.8452161797259631,0.8784900552167614,0.9019137052263012,0.9200794140833211,0.9229371770840636,0.9271446960848007,0.930107939942759,0.9438402476714043,0.9481756852961183,0.9515387347913966,0.9583323310735574,0.9603715862070052,0.9586996012094587,0.9563729608146572,0.9622187063016586,0.9647137232517504,0.964882321637757,0.9662106127325997,0.9692316740792224,0.9655539901701695,0.9690619909659581,0.9694003643218606,0.969324197329553,0.97204963241263,0.9740765871244011,0.973569555763048,0.9734108142372644,0.9727438515727684,0.9729091229640883,0.9724073598733147,0.9749060766272273,0.9770816609413384,0.9762435571295283,0.9767568046690698,0.9760735402898819,0.9779144573998171,0.9777559508982201,0.9770743795772685,0.974092816026179,0.9769177552297783,0.9789237155524111,0.9747667791022426,0.9685854248513623,0.9779205949148435,0.980258190090596,0.9799268034551327],"std_valid_accuracy":[0.08592698902050483,0.1797313950463153,0.19349202110885175,0.17455263227813295,0.14650030434722733,0.12296884233057806,0.08947690293223648,0.07609708198290294,0.056289750562794436,0.05513643569468221,0.060426951243326386,0.0467675569285896,0.04239115589085057,0.03609108916416978,0.0381303199400738,0.022805312709727642,0.0271231408376961,0.028049139166733003,0.03230334581369025,0.02685024297600299,0.02265752144022047,0.023082479078846824,0.02063545533499206,0.020628090642605183,0.024411000441877644,0.019865011002357495,0.020299757037428593,0.010507902079561045,0.014375956663360799,0.016480002738458368,0.01584898751629865,0.017196403539644373,0.01786352228402945,0.017790585958328095,0.018107418361229713,0.014959260100370884,0.013577636179738537,0.013687588028268496,0.015245072521094161,0.013431452551369485,0.012371051255949174,0.013904397043671789,0.012347229178204555,0.01978162194995256,0.01545905084349401,0.012917289048798639,0.020768895899193642,0.02821601887622204,0.014277459161096743,0.011680957164236096,0.01241187691641569],"valid_loss_dist":[0.028751849624756222,0.028526912267143663,0.1443196366015766,0.09127090153640419,0.059174049482602464],"valid_loss":[2.311786225401727,1.3744451374089925,1.0643535083253235,0.6765457168256341,0.5078793730438813,0.4393634688688475,0.35434804229268424,0.28993279023373636,0.2442841533791024,0.23316479317543704,0.22520754370888985,0.21698794873325797,0.18393116247102895,0.16984669604861757,0.16127459909793787,0.14911048640264424,0.13939800855431184,0.1386629698732722,0.14472533301306154,0.12865965411519065,0.12080730134707482,0.11972185555890053,0.11485710649007465,0.10677781021124909,0.11558489105862335,0.10665780609951193,0.10454603915895033,0.10580541988313029,0.09933440883575502,0.09404031478815908,0.0945661498983059,0.09380974416671585,0.09697069753017674,0.09869313300785433,0.09277532090132816,0.086193996181864,0.08408016266252097,0.08274812779288898,0.08661574978765672,0.08283068331502419,0.08019300891381878,0.07954544518214514,0.08028674656077621,0.08658354615597318,0.08026121352289135,0.07690857637253928,0.08282267109969907,0.10439704820521428,0.07822496089626382,0.07246020943726421,0.07067405227846531],