{"test_accuracy":[0.0972,0.3828,0.6139,0.715,0.7431,0.7995,0.8186,0.8338,0.8511,0.8819,0.893,0.902,0.9016,0.9059,0.9166,0.9316,0.9227,0.9372,0.9357,0.9386,0.9344,0.9446,0.9483,0.945,0.948,0.9485,0.9517,0.9532,0.9522,0.9519,0.9537,0.9563,0.9562,0.9557,0.958,0.9607,0.9579,0.9596,0.9639,0.9642,0.9627,0.9656,0.9614,0.9618,0.9648,0.9618,0.962,0.963,0.9627,0.9624,0.9656],"test_loss":[2.3084521141052248,1.9024048402786256,1.0839876518249512,0.7810907476425171,0.6722458531379699,0.5087996430397034,0.44374745502471924,0.41034913382530214,0.3627428596496582,0.30459137115478513,0.28060176553726196,0.26269266567230226,0.2533369116306305,0.2445093547821045,0.22317447953224182,0.20131362841129302,0.20866268737316132,0.18474829263687134,0.18474309027194977,0.17411218737363815,0.18221478056907653,0.16313623737096786,0.14977952266931535,0.1552999994277954,0.1490723720192909,0.14845562937259674,0.1414879863023758,0.13608855679035187,0.13933741332292557,0.13955998483896256,0.1336681836605072,0.1256960007071495,0.12425137221813203,0.1262815922498703,0.12083638715744019,0.11684342893362046,0.12164486873149871,0.11515849684476852,0.1056942521929741,0.10366428456306458,0.10406398897171021,0.10037623107433319,0.1098265947341919,0.10832214741706848,0.10130241475105285,0.10555891947746276,0.10777699539661408,0.10274714807271958,0.10874594037532806,0.10396666184663772,0.09770040980577469],"train_accuracy_dist":[0.97908303401648,0.9774227902023429,0.9594208809135399,0.9904006677796328,0.9880313660751135],"train_accuracy":[0.07638715060492282,0.49415936587400916,0.7176887776387151,0.7992490613266583,0.8273675427617856,0.870421360033375,0.8865248226950354,0.8912390488110138,0.9107634543178974,0.9204005006257823,0.928744263662912,0.9333333333333333,0.9355444305381727,0.9394659991656237,0.945598664997914,0.9508135168961201,0.9478097622027535,0.9544847726324572,0.9539841468502295,0.9572799332498957,0.9544013350020859,0.9594493116395494,0.964372131831456,0.9628702544847726,0.9635794743429287,0.9642886942010847,0.9664997914059241,0.9676679182311222,0.9660826032540676,0.9663746349603671,0.9679599499374217,0.9703379224030038,0.9710888610763454,0.9707133917396746,0.9719232373800584,0.9724238631622862,0.9720066750104297,0.9732582394659992,0.9758030871923238,0.9769294952023363,0.9762619941593659,0.9774718397997497,0.9754276178556529,0.9757196495619525,0.9782227784730914,0.975886524822695,0.9757613683771381,0.9767626199415936,0.9763454317897372,0.9773884021693784,0.9788068418856904],"train_loss_dist":[0.05776125146912365,0.07028943713877402,0.10865028674120226,0.02776860073208809,0.03731930814145323],"train_loss":[2.310332629558291,1.5035172568592967,0.7842118314693111,0.5591391271559158,0.48120749092718734,0.3602306864692561,0.31492713383201965,0.29971804418536985,0.2462393234384821,0.22320978258133034,0.20348732718824097,0.1924616279132574,0.18068166726646098,0.17088092973468996,0.15724602838046461,0.14679156279080252,0.15041559193101484,0.1362230764791326,0.131934932942285,0.12412881779270367,0.13080394642429896,0.12160851128265715,0.10719355032264465,0.11108556305667137,0.1070831637172138,0.10401125995812935,0.09958816220269733,0.09547326772671517,0.09983689772477237,0.10040966494628226,0.09366604850554049,0.08818393222673714,0.08493279477128347,0.08446329929646373,0.0827095655743833,0.08447016828386894,0.08198549994024688,0.07779924997280464,0.07164384217946031,0.06768933964421538,0.06967491904583681,0.06610445103487236,0.07070203468679113,0.07095759149561537,0.06452288993190963,0.06921224762943197,0.06901393478031476,0.06445632972939093,0.06645944416383107,0.06278995932039055,0.06049772293326702],"valid_accuracy_dist":[0.9847972972972973,0.9727427597955707,0.9372453137734311,0.9841402337228714,0.9834983498349835],"valid_accuracy":[0.07453976078387217,0.49976200412370314,0.7214646148986145,0.8043642364180706,0.8313855533858402,0.8725827080978912,0.8865927024815669,0.8914269844571362,0.910609939810275,0.9211123799269585,0.9292853938192461,0.9334541869114183,0.9361230407341334,0.9396256769762765,0.9444626981095697,0.9484640270562223,0.946295903038991,0.9526331937610549,0.9531344156127165,0.9566368671819285,0.9521329827439414,0.9566354046276937,0.9619732976588459,0.9586375070486699,0.9608052303380474,0.961806714460693,0.9634743062201989,0.9653091603629728,0.9624730339379827,0.9621395659006476,0.9649752908849932,0.9671436590795554,0.9678107083284062,0.9674774013505112,0.9676437430794592,0.9683097435643612,0.9684778470225661,0.9699786153903192,0.9706457737120301,0.9719803144976356,0.9719801840896867,0.9723135522050869,0.9703123975359147,0.9703122676730705,0.9729810080164096,0.9719797466859099,0.9696451776491843,0.9726475401688887,0.9708129750753836,0.9736486913385284,0.9723135956359428],"mean_valid_accuracy":[0.07414792891827938,0.4992461586051853,0.72160020286246,0.80480257410495,0.8318110273046437,0.8732256629108285,0.8872216234049229,0.8919155062421567,0.9112619266027193,0.9215486641433129,0.929667936615493,0.9337999774628261,0.9365428559498387,0.9400205207857593,0.9448875931148268,0.9487970689624083,0.9465531400993139,0.952882444626379,0.9534277863890255,0.9569245626472342,0.9523745590735189,0.956825475984162,0.962222431395529,0.9588599160008213,0.9610124954028331,0.9620343121442056,0.9636717357565828,0.9655326460350449,0.9626537459381153,0.9623090824140826,0.9651663231902997,0.9673498189956723,0.9680190853632619,0.9676936198733325,0.9678261167347835,0.9684606273176891,0.9686525491652771,0.970160817861539,0.9708279323981579,0.9721827533142662,0.9721698756781331,0.9724985154532831,0.970500137837643,0.970478595018901,0.9731965486915637,0.972143854256136,0.9698220740714211,0.9728428193208668,0.9710318046520307,0.9738445044840016,0.9724847908848308],"std_valid_accuracy":[0.0877973892663961,0.11101252288798785,0.1346283423466065,0.11318811897986306,0.1096451352485563,0.09346718946296086,0.08707571288276034,0.07428258496247211,0.0773815627589267,0.052911876798507985,0.04967862519676873,0.04443625890025596,0.04646953835118977,0.04406394741006737,0.04263249304886045,0.033931526528529835,0.03270374518511587,0.02814382244229089,0.03182744110681387,0.029626207541605713,0.029464342707996617,0.022470079148583393,0.025486179830983686,0.024763678717638713,0.023037227346915903,0.024772739638092133,0.023116182235447872,0.023406058535815837,0.020807274106553343,0.021011277951326516,0.02169564658906643,0.02158863125772661,0.021429669868211158,0.022641682511206834,0.02043302384746911,0.01622446310081482,0.020416524145477646,0.01914209187601694,0.01835333114565145,0.019423176901612556,0.018432413529500594,0.01867578891705938,0.019669928462160428,0.019348829719011848,0.01911645790657564,0.017050203958615815,0.019614283203542374,0.019792983479853015,0.020436003904978343,0.020176070211498025,0.018169385997881815],"valid_loss_dist":[0.053600621787277425,0.08054855274864721,0.16496508463476378,0.04872794509033528,0.0488872635777634],"valid_loss":[2.3114557086451435,1.4787944328543565,0.7657775834127941,0.540965796881877,0.4664277139836525,0.34816376905267565,0.3053367646949129,0.29233200396014125,0.23945975482296886,0.21873035963278462,0.20050969176893055,0.19113710688229568,0.17978000784193263,0.17158108988797674,0.15840936072029835,0.14878488127400424,0.15278773007902874,0.13942377537621867,0.1366473637336439,0.12929792704860163,0.1361087871710203,0.12759767278058037,0.11501355966344927,0.11864150706007713,0.11522796117158632,0.11300899168289315,0.10825174211558955,0.10442841672873722,0.10918554764084593,0.11057818203235019,0.10404763573194604,0.09896873211885948,0.09650386188816994,0.09633400082562452,0.09537156881787837,0.09618535273083517,0.09548211331104775,0.091325273183624,0.08546167434968409,0.08317466398029721,0.08438423023838762,0.08124645129781673,0.08667888643482079,0.08732139905759907,0.08083393883640833,0.08535257045423018,0.08616202137106789,0.08259613183655631,0.08504351600078962,0.08224661737999701,0.07973583501433844],