{"test_accuracy":[0.0972,0.3613,0.6244,0.7152,0.7538,0.7896,0.8221,0.8333,0.8638,0.8681,0.8631,0.8713,0.8915,0.89,0.9063,0.9045,0.908,0.9067,0.913,0.9262,0.9361,0.9283,0.9329,0.9355,0.9363,0.9298,0.9405,0.9392,0.9467,0.9451,0.9424,0.9419,0.9454,0.9396,0.9485,0.9471,0.9488,0.9473,0.9427,0.9526,0.9441,0.9228,0.9501,0.9547,0.9544,0.9579,0.954,0.9561,0.9566,0.9612,0.9555],"test_loss":[2.3084521141052248,1.9485561710357666,1.2591665636062621,0.9443618239402771,0.7749911564826966,0.648006821346283,0.5312281489372254,0.4824256018161774,0.4054971574306488,0.38536057162284854,0.39000739517211913,0.3625355032920837,0.3127212192058563,0.3137887310504913,0.28467693428993224,0.27587199668884277,0.2675234224319458,0.26558683941364286,0.2524240888118744,0.22822365500926972,0.20123419094085693,0.2174347739458084,0.22087648019790648,0.20882831904888152,0.19452946832180024,0.20885695419311523,0.18431550834178925,0.1836555947303772,0.16487540681362153,0.17049355211257936,0.17293544425964355,0.17495007264614104,0.1670665632724762,0.1815327836751938,0.15654604383707046,0.1625790066242218,0.15291567595005034,0.15897963237762452,0.17446272480487823,0.14833020975589753,0.1712447671175003,0.23456332323551177,0.15351782826185226,0.13952921974658966,0.141098419380188,0.12968629891872405,0.1414512294650078,0.13347102136611938,0.13148696521520614,0.1210959277510643,0.13411414670944213],"train_accuracy_dist":[0.991128010139417,0.9642932600887386,0.9615858668857847,0.9882854100106496],"train_accuracy":[0.05091960063058329,0.49894902785076195,0.7565948502364688,0.823121387283237,0.8447714135575407,0.8678928008407777,0.8896479243300053,0.8950604308985812,0.9148712559117184,0.9196006305832896,0.918286915396742,0.9244876510772465,0.9335785601681555,0.9350499211770888,0.9388859695218077,0.942459274829217,0.9416710457172885,0.9433526011560693,0.9469784550709406,0.9509721492380452,0.9577509196006306,0.9546505517603784,0.9572254335260115,0.9582764056752496,0.9613242249080399,0.9584340514976353,0.9627430373095113,0.9621124540199685,0.9665265370467683,0.9663163426169207,0.9635312664214398,0.9662112454019969,0.968260641093011,0.9626904887020494,0.9697320021019443,0.968838675775092,0.9707304256437205,0.9692065160273253,0.9665790856542301,0.9709406200735681,0.9671571203363111,0.93977929584866,0.9695218076720967,0.9735680504466632,0.9720966894377299,0.9750394114555965,0.9739358906988965,0.9760903836048345,0.9751970572779821,0.9775091960063058,0.9761954808197583],"train_loss_dist":[0.02877699210610277,0.10381604858591267,0.1148061376912925,0.032491953359942594],"train_loss":[2.3196660016125525,1.431586220411019,0.8011085841665754,0.5908077648969556,0.4899949506731705,0.4108532324190586,0.33930112217531916,0.31484361176373643,0.26377848906308426,0.24548534691466886,0.2452389223597987,0.2266926216943306,0.20201200611861955,0.19828091862910494,0.1857487189240413,0.1741887632297392,0.17314094844686784,0.16810073867220973,0.1588549519941422,0.14983431350829346,0.13255976143063555,0.1392467420689147,0.13968025257109154,0.13160636409083543,0.11968881074560359,0.12597099811003137,0.11435517753037383,0.11244769857621825,0.10158803683015089,0.10287812507417224,0.10807151736097466,0.10308545097000055,0.09843479147943396,0.10693066816285636,0.09180675203071666,0.0939617354763428,0.08798466597498246,0.09218139438975566,0.09855929988197086,0.08583500405290975,0.09516801996390505,0.17942504243385898,0.08683519775230933,0.07783585361181061,0.07943756187582292,0.07265699137583634,0.07765249407160646,0.07306401166336682,0.07121096547669523,0.06585342001093573,0.07036351223823213],"valid_accuracy_dist":[0.9907094594594594,0.9619932432432432,0.9548069022185702,0.9906303236797275],"valid_accuracy":[0.04579406755037719,0.5017358972562823,0.7640006743262128,0.8312596608179617,0.854374215499906,0.8753902338670707,0.8957697721514979,0.9041791008346297,0.9260319503015598,0.9298140707860639,0.9260333208593197,0.9331772222654636,0.9415808324405667,0.9403220139633063,0.9476759808109636,0.9489354145913104,0.9472588269424034,0.9489399381804431,0.9529299497532823,0.9558702815553128,0.9615465000102706,0.9602850678936525,0.9611256661937477,0.9613350613646955,0.9630161293545948,0.9604943724098447,0.9649077009380576,0.9646979048145088,0.9678502886749852,0.9691099458788539,0.9630183913381827,0.9672186413450963,0.968059153148911,0.9636473764879689,0.9699508567450538,0.9695306021662975,0.9714211537136409,0.9693195648513665,0.9674295003748615,0.9716317035796902,0.9674288797791705,0.9377930059234589,0.9697415495825592,0.9728928682685599,0.9718438030447515,0.9733135681821871,0.9737332017872092,0.9735224322780698,0.9749939241655535,0.976885452500876,0.9743637399383958],"mean_valid_accuracy":[0.04604119664809614,0.5048263408792055,0.766101539326464,0.8324697807135307,0.8553647141149582,0.8761702226334511,0.8965425276354179,0.9047111924378622,0.926471069179041,0.9302822062418379,0.9264790723145746,0.9336213152555519,0.9419579980219448,0.9406822626904116,0.9479700665197855,0.949320382313813,0.9474623661869355,0.9491476284396583,0.9532170373887008,0.9561139158975838,0.9617077632971945,0.9604945290935545,0.9613423909134764,0.9615896909640628,0.9632466556877807,0.9607679982771278,0.9651105122681113,0.9648990337638932,0.9680032832475591,0.9693177774952186,0.9631450657881919,0.9674331474032464,0.9682644925035628,0.9638547414744796,0.9701394701821537,0.9697117772635111,0.9716121151013489,0.9695331829359032,0.9676267897655809,0.9717928378249747,0.9676460945923436,0.9381410175499998,0.9699014926893791,0.9730515459883641,0.9719629185685107,0.9734434173606387,0.9739036646003221,0.9736949742032609,0.9751609040788327,0.9770136395609031,0.97453498215025],"std_valid_accuracy":[0.07486706368039352,0.2504109453944465,0.16809757388297566,0.10275277354549552,0.08544414117845733,0.07161160933087429,0.06347138564968301,0.05001022011505265,0.038510497625595226,0.03971041431180682,0.040847404265938955,0.03918819105920407,0.030746573909259403,0.032887295440978126,0.025901681703095168,0.03191050532602269,0.02462014809938954,0.026810194445246377,0.026951440756285364,0.02302627690752585,0.01713581674591381,0.02191398828739383,0.021025436649185006,0.022252766699355553,0.020504338161849163,0.024002670606736817,0.018357627673286653,0.018549691033912845,0.015263197476144099,0.01757427492999764,0.016627130489589727,0.01896706011590098,0.018574707510643884,0.01987073004052134,0.017466245853614715,0.017867203773983965,0.016681275939559724,0.01791913221640373,0.019382089278570918,0.014760488558134891,0.019848669998028295,0.042653481551572836,0.017804290617461013,0.014872467003780783,0.017567682978798894,0.013842470009348781,0.01580862318406501,0.014759272052213024,0.015060069280824578,0.01250515420541803,0.01633375406771915],"valid_loss_dist":[0.046922049812368444,0.10962708536032084,0.13209122332423656,0.033527690888695054],"valid_loss":[2.3207785111427,1.3928328540539023,0.7628821829807014,0.552648916162435,0.4594056919271538,0.383167106856487,0.31811482522547574,0.29530650016296367,0.24592724246886316,0.2281742732477577,0.22658128502600589,0.21061192175146487,0.1879932489080366,0.18502724699442133,0.17558984233775057,0.16469275930638802,0.1619632978880006,0.15812507652644983,0.1512991662030929,0.14402464801401754,0.12757402212211694,0.13515747728392297,0.13470263182811026,0.12852580317612905,0.1186593873067696,0.12410616410207936,0.11349913266387444,0.1118725560330844,0.10283171618711667,0.10364893691052637,0.10941651261141547,0.10487715850813903,0.1009997280422429,0.10997637527567208,0.09518022775075878,0.09753184100406462,0.09251264869543274,0.0973754520460567,0.10342724701268044,0.09165811158514653,0.10087604761039788,0.18438622237828697,0.09261269912655236,0.08550397795254824,0.08701178214921246,0.08111945232901671,0.08505903033399582,0.0835222996489279,0.08038181835917632,0.07598619954617387,0.08099981937398622],