{"test_accuracy":[0.0972,0.4217,0.8331,0.8792,0.9166,0.9192,0.9323,0.9424,0.9472,0.9495,0.9525,0.9582,0.9595,0.9611,0.9641,0.966,0.9674,0.9713,0.9698,0.9718,0.9748,0.9743,0.9753,0.9752,0.976,0.9764,0.9734,0.9773,0.9781,0.9796,0.9791,0.9801,0.9753,0.9782,0.9802,0.98,0.9813,0.9812,0.9812,0.9823,0.9821,0.9818,0.9825,0.982,0.9826,0.9821,0.9833,0.9834,0.9824,0.9837,0.9805],"test_loss":[2.3084521141052248,1.4097172723770142,0.6142409921646118,0.42274373559951783,0.30866844606399535,0.27669357085227964,0.23695440635681153,0.20531027491092682,0.18329212560653688,0.17380876994132996,0.16385751407146454,0.14178252940177918,0.13618257665634156,0.13378349390029906,0.12312474660873413,0.11817090193033218,0.11131533371210098,0.09950834888219834,0.10320604652166367,0.09443104815483093,0.08783231989145279,0.08791299643516541,0.08366648154258728,0.08251663293838502,0.07773545920848847,0.07750295705795288,0.08758035991191863,0.07475899453759194,0.06971743278503419,0.06735598435401917,0.0662453406572342,0.06545697178840637,0.07154974601268768,0.06818317294120789,0.06547979515790939,0.06177052134871483,0.060176038110256194,0.0613701528429985,0.05903948454856873,0.056431438398361206,0.05613851478695869,0.05877406603097916,0.05692586563825607,0.05710845030546188,0.05462247437238693,0.05450586919784546,0.05233786880970001,0.05234104680418968,0.05472857447862625,0.050212208098173144,0.06163499911427498],"train_accuracy_dist":[0.9900718208703,0.9722735674676525,0.9856327910416226,0.9914355628058727,0.968366285119667,0.9870617696160268,0.9803962030540652],"train_accuracy":[0.10824451503725915,0.492087996912389,0.8407505269720631,0.8756642816851231,0.9160704212807648,0.9206721491553602,0.9318944274559867,0.9416322774099695,0.9463527595522964,0.9489950420093222,0.9529733099783273,0.9582578748923789,0.9611970430187334,0.9618501914912567,0.9647893596176113,0.9659175251610604,0.9680847905471602,0.9705489416025889,0.969806727429267,0.9721818127838969,0.9741115696345337,0.9737553068313393,0.9753584894457145,0.9753584894457145,0.9769319834931568,0.9763085235875665,0.9723005670516284,0.9777929519342101,0.9788914289107264,0.979455511682451,0.9803461686904373,0.9801977258557729,0.9788320517768607,0.9799008401864442,0.9807618086274975,0.981860285604014,0.982305614108007,0.9817415313362824,0.9822759255410741,0.9832259596829261,0.9840275509901137,0.9835525339191877,0.9840275509901137,0.9838791081554493,0.9849775851319656,0.9850072736988985,0.9858979307068848,0.986105750675415,0.9846510108957041,0.9864917020455423,0.9821571712733427],"train_loss_dist":[0.034150390666612455,0.08309974011227345,0.042585291736616585,0.033804701966329266,0.08247479105467106,0.03841604911823304,0.06260704302493816],"train_loss":[2.3060682800968975,1.301096806106299,0.5849209394503584,0.41912939341770505,0.3022606830149327,0.2690551912085948,0.2311838764325813,0.20187488689006014,0.18211947550535224,0.17227060630374733,0.16006011140440138,0.14271082294426837,0.13498847577464845,0.1316228951816763,0.12214081416702471,0.11694822038280508,0.11017855881854538,0.10031809851779822,0.10259730007571456,0.09462711339177136,0.08874520198693239,0.08786218370185515,0.08366154509512223,0.08189670629975218,0.07830323791550269,0.07724432673440093,0.08795580575878857,0.07367949283224236,0.06856767230990703,0.06753980099720888,0.06487998735008448,0.0639288611303069,0.06852120248788802,0.06614409240148336,0.06276308598724403,0.05892301417390181,0.05743574577832478,0.0584422878650508,0.05591884108644991,0.05309672878444473,0.05252909358018273,0.05405340920009523,0.05154354168903487,0.052001514909180396,0.048788205154579226,0.04874666917287082,0.04680056836118403,0.046024512341138454,0.04814958470355021,0.04390807435849063,0.053955699823228495],"valid_accuracy_dist":[0.9856418918918919,0.9696223316912972,0.9881756756756757,0.980440097799511,0.9633943427620633,0.9841402337228714,0.9801980198019802],"valid_accuracy":[0.10300945967346553,0.4857993813755003,0.8397686691657001,0.8759710965562719,0.9138303366959767,0.9176288056007691,0.9292604956168076,0.937450284594646,0.9425545227724141,0.9451654813423849,0.9483693771182321,0.953474009515099,0.9567969150344883,0.9577461802968561,0.9613070260556771,0.9630873624829182,0.9653424428884225,0.9672416064514078,0.9661735832636679,0.9690220929523247,0.9703279478515715,0.9703277516059841,0.9719894232808796,0.9716331927179273,0.9746001351229728,0.9740066468077476,0.9699720049520402,0.9734136063163209,0.9756683898392987,0.9755501558791585,0.9774488714397954,0.9772113693786688,0.9748379908637878,0.976262270292843,0.977448912198974,0.9783981642465078,0.978160687309882,0.9776860240170208,0.9786353252247816,0.9786354078360079,0.9787544951847519,0.9780422697617206,0.9787541601714644,0.9789913239727844,0.9799413792431797,0.9798225133550719,0.980415938287942,0.9805346875542612,0.9797033896816972,0.9812466949385795,0.9787543562846251],"mean_valid_accuracy":[0.10265769786438612,0.4849569892647783,0.839931555478173,0.8762387999247524,0.9139370096774186,0.9177132328125868,0.9293273664043282,0.9374970597496974,0.9426115765311972,0.9452463092262713,0.9484501207830881,0.9535196540266778,0.9568968400741386,0.9578125962401922,0.9613503478762195,0.9631208874467995,0.965409382072339,0.9672991989386956,0.9662649381371359,0.9691067479832219,0.9704078679111144,0.9704051161897584,0.9720671397001074,0.9716993159542142,0.974653315695242,0.9740506566826019,0.9700589320642197,0.9734653230334064,0.9757151032436212,0.9755858149409559,0.9774870887441794,0.977240997837274,0.9748820475733302,0.9763364533004273,0.9775035600036025,0.978440000887886,0.9781914916607921,0.9777077521848535,0.978684590410326,0.9786671353990503,0.978770780861861,0.9780858706805082,0.9787913713601392,0.9790305357314825,0.9799843018340201,0.9798486331301851,0.9804458797679297,0.980568471490679,0.9797303086534693,0.9812860344667522,0.9788017990493271],"std_valid_accuracy":[0.08730615259320927,0.10024185699621502,0.054332098325378116,0.04450551081243003,0.02394738146888073,0.028580193190736635,0.02176666307519958,0.019852496311266347,0.02008546813529513,0.02029556500729211,0.014603208705702515,0.014396854198998964,0.01469506864802814,0.012678812969747141,0.012137607158267718,0.012088630140765224,0.011807821193265615,0.01197182738450906,0.013556936758952403,0.011550187992272242,0.012621436009145044,0.01175957551141764,0.01086603096541043,0.010999489072415682,0.007494855170964058,0.008682199918711763,0.013606801813854834,0.011047495605529199,0.006716556481531022,0.008983876870818848,0.007591439974450321,0.0075081324538284295,0.009739738700612018,0.009872025899972312,0.009625207788977819,0.007115452890752417,0.006000575717752436,0.007943807466659396,0.006756599565203315,0.005627839403203788,0.007687342311945072,0.008389808720741448,0.007054781587127942,0.007261447114812393,0.006890173654251106,0.007201003544937234,0.007226053892693829,0.007309271133314232,0.006118681529160044,0.006716364630912149,0.008361827408533256],"valid_loss_dist":[0.049636476446647905,0.09568145332861025,0.036082243798552335,0.05595278629263485,0.12500925076979766,0.048595882768747406,0.06825171601605101],