{"test_accuracy":[0.0972,0.3744,0.6226,0.6507,0.6966,0.7265,0.8069,0.7959,0.8301,0.82,0.835,0.8583,0.8737,0.8861,0.8798,0.8842,0.9079,0.9119,0.9078,0.903,0.9181,0.9221,0.9211,0.9208,0.9267,0.9389,0.9369,0.9329,0.9149,0.9379,0.9382,0.9365,0.9413,0.9487,0.9464,0.9467,0.9423,0.9519,0.9477,0.9461,0.9262,0.9489,0.9456,0.9508,0.9481,0.9582,0.9568,0.9513,0.954,0.8197,0.9343],"test_loss":[2.3084521141052248,2.1746693981170653,1.4471889907836915,1.239877636528015,0.8843275733947754,0.771152685546875,0.5568516989707947,0.5341293658733368,0.4529247757434845,0.477485697889328,0.44765389051437376,0.3798739413738251,0.35139409008026123,0.3246952819347382,0.340300923538208,0.31782737197875977,0.2662119202136993,0.2524046301603317,0.2629893606185913,0.27590200214385985,0.23961984901428224,0.22325681545734405,0.23339281091690064,0.22532773697376252,0.2094058116197586,0.17714600336551667,0.18358173787593843,0.19276464512348174,0.25108322410583495,0.1816018841981888,0.18008602302074433,0.1813830572605133,0.17083471155166627,0.15265244762897492,0.1560369426727295,0.15697136232852935,0.16961437544822694,0.14125033905506135,0.1538101406097412,0.16192212625741959,0.23154793150424957,0.15197006056308746,0.16174315445423126,0.14685737372636795,0.1545336215019226,0.1274976737499237,0.1298795865058899,0.1442770682811737,0.1378658629179001,0.8157680824279785,0.21210348436832427],"train_accuracy_dist":[0.9931842385516507,0.9061394380853278,0.9743322203672788,0.994428394552208],"train_accuracy":[0.04943045250287386,0.5076288013376529,0.7631413940850663,0.7892674260633294,0.8257916187689414,0.840840213188421,0.8825373602257289,0.8784094471731634,0.8998850454592956,0.8978994670289476,0.8970634340056433,0.9154039084543839,0.9229804577280802,0.9308705193855157,0.9258020691817327,0.933274114327516,0.9467551468282998,0.9491587417702999,0.946284878252691,0.9445605601421256,0.9531821506949525,0.9573623158114746,0.9555334935729961,0.9577803323231268,0.9561082662765179,0.9657226460445187,0.9651478733409969,0.9641028320618664,0.9492109938342564,0.9658794022363884,0.9658794022363884,0.9654091336607796,0.9689622740098234,0.9724631622949107,0.9723586581669976,0.9719406416553454,0.9692757863935626,0.9747622531089978,0.9728289267426063,0.9715226251436931,0.9563695265963006,0.9732991953182151,0.973194691190302,0.9742397324694325,0.9728289267426063,0.9778451248824328,0.9764865712195632,0.9753370258125196,0.9763820670916501,0.8940850663601212,0.9669244435155189],"train_loss_dist":[0.020600677287172332,0.2927386105866884,0.0805902247486608,0.018095743042938456],"train_loss":[2.31493987719683,1.589242146797272,0.8758006562791357,0.7246731721765632,0.521615136434621,0.46073963525032025,0.34667632228086853,0.3327092308111544,0.27989083800022224,0.2826548501855404,0.28629017685242103,0.234074899399853,0.21651633762696007,0.1976659330921414,0.2083768693587943,0.19054023418542435,0.15889938225509703,0.15057427715383606,0.15752622761812976,0.16414030664403345,0.13997057023838635,0.1284109950268053,0.1365004745953907,0.12843954323453535,0.12646622076702224,0.10542083793544685,0.10665791918931312,0.10810850453975214,0.14856078675720824,0.10340726535663372,0.10225290272420698,0.10321054324904419,0.09330031852343869,0.08205807411859072,0.08362299558585994,0.0840042060027373,0.09062879630720208,0.0748495664472851,0.0802887309880744,0.08521130312810729,0.13004046631281074,0.07880065278871821,0.07954533941304485,0.07449180891427647,0.07849579865741828,0.06338263275760685,0.06767216917527968,0.0717457339345898,0.0681808206940564,0.44264659427954295,0.10331327889612155],"valid_accuracy_dist":[0.9838160136286201,0.8976705490848585,0.9716193656093489,0.985973597359736],"valid_accuracy":[0.04595403213351911,0.5023238912962454,0.7609891453393113,0.7887798345533835,0.8232542393769345,0.8376726819125238,0.8771524740128247,0.8763218309091148,0.8970025621050489,0.89198773876602,0.8909481329566117,0.9124631693395675,0.9187309382127216,0.9252072319774883,0.923327671664916,0.930848492472002,0.9431737163212918,0.943800266736183,0.9412946514108386,0.9394157079015644,0.9481887432173414,0.9500673813932844,0.9471444454891478,0.9498590690703185,0.9492335361122874,0.9569607495046857,0.958634286227133,0.9565449830353469,0.9404591650941605,0.9575898111069439,0.9584248895238044,0.9571717062187373,0.961976459017916,0.9663633257182476,0.9651101056393129,0.9653188505980586,0.9611414665061402,0.9682437921449337,0.9649015278672397,0.9628122781948003,0.9475621635270688,0.9661554077440537,0.963854965822724,0.9661545365712245,0.9646927884903205,0.9699154252363195,0.9694971924067775,0.9657371251444081,0.9676176332879015,0.886979975825802,0.9596797588642699],"mean_valid_accuracy":[0.045788917888012495,0.5022522256840097,0.7614698705620407,0.7892932322997093,0.8237000717094929,0.8380714607111744,0.8773673879091676,0.8765576122632823,0.8971776739979344,0.8922461447643658,0.8912037646402994,0.9126143760398341,0.9188692655917472,0.9253527776554973,0.9235047747440455,0.9310037368269579,0.9432986329794,0.9439066899298043,0.9413912755643008,0.9395225404274588,0.9482923375836243,0.9501639498815911,0.9472354794077976,0.9499595749085264,0.9492803839350497,0.9569993160971889,0.9587049658829465,0.9566358138169222,0.9406196537535279,0.9576600719384418,0.9584832587926948,0.9572461417915695,0.9620469399589393,0.9664310703022319,0.965170491491425,0.9653861763577272,0.9612287136049316,0.9683040122256037,0.9649789628811781,0.9628676169293986,0.9476236336392307,0.9662152860602988,0.9639255077867804,0.966217101497719,0.9647413927830637,0.9699647014062519,0.9695416841891825,0.9658158701368309,0.9676954886222372,0.887264252658361,0.9597698814206409],"std_valid_accuracy":[0.07493405564436934,0.19592255443275103,0.17119827796632497,0.1705161171103735,0.15319869839689867,0.1457290504942874,0.09415499920394997,0.10648833123607021,0.08465203871802321,0.09180426471288902,0.09761137302601275,0.07339897693350211,0.0690482139205856,0.06451139665116605,0.0654458902058485,0.06112252394203459,0.04616823483711482,0.0445020924409323,0.050652510776948295,0.05735084139393762,0.044045383793128445,0.037138417479861095,0.046198433558784835,0.040077894214929785,0.04128459314040374,0.02736432195431167,0.03178019599285681,0.03434978302085772,0.04740306909563082,0.03307267094448712,0.030428758991232725,0.03191176146422453,0.027185666887904643,0.02290469976445522,0.02537089586125885,0.02412278257334329,0.030346554022316095,0.021774292150573294,0.025988207880966507,0.02703379326221112,0.04326538952178087,0.026433598857049306,0.02260041610742551,0.023617361381148116,0.027139297991881837,0.02095102151167258,0.0199579547238446,0.025097504937829807,0.02404789861815052,0.11054769706845617,0.03626840413937726],"valid_loss_dist":[0.041930810537259056,0.3813280237593786,0.09996199437443522,0.03532329035720023],"valid_loss":[2.3148352253144115,1.6049302140886093,0.8754544747569799,0.728332221100706,0.5263712589519873,0.4688659100376799,0.3485544636968889,0.3472303737551551,0.29192880742916893,0.2937777520551168,0.3051049007063326,0.2512519098831928,0.23485553919937258,0.2166158870247414,0.22946778863324946,0.20920868272539295,0.17920051117115335,0.17254332996564845,0.18021999888405466,0.1886993552627831,0.16433930160383575,0.1517810934309598,0.1637776111260636,0.15359913596105731,0.1550969369233321,0.1327046346920503,0.13384554057929948,0.13588628376081252,0.18199681233171863,0.13352430199262375,0.13346237363129257,0.13542636917749282,0.12420589943854934,0.11143300373017297,0.11485930155547383,0.11624414490435647,0.12372987915141284,0.10709845614290422,0.11362306825796756,0.12140809860922402,0.1731467845218137,0.11461889930700968,0.11453880065705879,0.1111419558393973,0.11678982164716757,0.09912547928702749,0.10551537550175284,0.10957317755528981,0.10522991090974845,0.48437393189648265,0.14000108954695012],