{"test_accuracy":[0.0972,0.3181,0.6572,0.7745,0.8217,0.8723,0.8739,0.8983,0.9082,0.9051,0.9152,0.9202,0.9151,0.9177,0.9352,0.9288,0.9322,0.9382,0.9422,0.94,0.9457,0.9455,0.9396,0.9425,0.9488,0.9467,0.9504,0.9489,0.9508,0.9528,0.9493,0.9506,0.9545,0.9487,0.9576,0.9591,0.9571,0.9584,0.9564,0.9585,0.9601,0.9609,0.9603,0.9603,0.9588,0.9593,0.9655,0.9608,0.9598,0.9623,0.9627],"test_loss":[2.3084521141052248,2.156265468978882,1.03417597990036,0.7212585728645324,0.5910960925102234,0.4625830616950989,0.4314751084804535,0.3711496208190918,0.3359116456508636,0.3366330280780792,0.30424919476509094,0.2807286225795746,0.29772101273536683,0.2791321119785309,0.2228263267993927,0.24331326036453246,0.23348468782901763,0.2077307044506073,0.2011167097568512,0.21088410632610322,0.18704497487545013,0.18536064281463624,0.2049658525466919,0.19216224167346954,0.17567369151115417,0.1783320972084999,0.1705680626153946,0.17258340079784393,0.16484298963546754,0.15928214020729065,0.16956778872013092,0.1659710552215576,0.15433804996013642,0.16848296427726744,0.14720924686193465,0.1413687763929367,0.14190548021793364,0.13942555027008058,0.1462354787826538,0.14025433695316314,0.13719148738384246,0.13428826258182525,0.13799203555583953,0.13632535206079482,0.1373803497314453,0.13812165150642394,0.11981553775072097,0.13172759952545166,0.13622694776058197,0.12613466665744782,0.12851982934474945],"train_accuracy_dist":[0.9716574245224893,0.9752799492922036,0.9887312186978298,0.9808421052631578],"train_accuracy":[0.14437944003343084,0.45606978687839533,0.7696928541579607,0.8479941496030088,0.8710300877559549,0.9080651901379022,0.9090054325114919,0.9272356874216464,0.9324592561638111,0.9316234851650648,0.9379962390305057,0.9430631007104053,0.9412348516506477,0.9429586293355621,0.9548161303802758,0.951681989134977,0.9529356456330965,0.9578980359381529,0.9600919348098621,0.96097994149603,0.9635394901796908,0.9622335979941496,0.9605098203092353,0.96129335562056,0.9666736314249895,0.9605098203092353,0.9676138737985792,0.9685541161721688,0.9692331801086502,0.9700689511073965,0.9690764730463853,0.9698077726702884,0.9729419139155872,0.9694421228583369,0.9741955704137066,0.9759715837860427,0.9729419139155872,0.9758671124111993,0.9747701629753448,0.9762849979105725,0.9769118261596322,0.9769118261596322,0.9765461763476807,0.9773297116590054,0.9762849979105725,0.9757104053489344,0.9800982030923527,0.9775908900961137,0.9766506477225241,0.9794191391558713,0.9791057250313414],"train_loss_dist":[0.09110803989371032,0.07671710760260822,0.03133713577147915,0.05368340426369717],"train_loss":[2.3011516794668196,1.5643897417806651,0.7085263125483231,0.4936953373549127,0.40699812059702856,0.3172799395549088,0.29752497221827756,0.24894802978147884,0.22787377563866795,0.22850717463897602,0.20474158412384977,0.1866273216956139,0.19297953498208442,0.18710416897732843,0.1490439304570573,0.1593866124258809,0.15264468486399405,0.1343024844600287,0.12791941032075155,0.1303680781049306,0.11719884981377525,0.11627088710268733,0.12659703160924515,0.12222629662905149,0.10711307857283676,0.1222949301943843,0.10352075713010629,0.1036203788703162,0.09865774835642416,0.09493605488062067,0.09959421125526675,0.09659110858096172,0.08782321116017201,0.09521859345589467,0.08208586770992117,0.07728352303341549,0.08106845771489883,0.07639229493184545,0.07860281023617587,0.0744973615359093,0.07239234113129385,0.07088798262736212,0.07244525664838983,0.07039484079005613,0.07177203918316445,0.07347224513555278,0.06147416269934413,0.06838558323960012,0.06909370351998416,0.06298133081161467,0.06330290646652266],"valid_accuracy_dist":[0.9638752052545156,0.9695945945945946,0.9849749582637729,0.9638047138047138],"valid_accuracy":[0.13385832647922508,0.4415227325512195,0.7673513664175297,0.8389835626680903,0.8665496680115581,0.9060225731400164,0.9122866515145045,0.9287860803110022,0.9325449773689386,0.9302473457471152,0.9356776922777951,0.9421524100529609,0.9396452109376141,0.9415244368658355,0.9530114148235812,0.9473723781962295,0.9505056169141635,0.9565622539479027,0.9580241552914407,0.956770730169954,0.9603214925687552,0.9609479903387264,0.9557269309239856,0.9550995519827927,0.9615744363841702,0.9586503097957124,0.9617830884839568,0.9609473906456417,0.963453733640519,0.9651241398717086,0.961991524065308,0.9628268757548256,0.9651241436460786,0.9624091150906522,0.9676301635510854,0.968047913893184,0.9678388128475351,0.968883067537312,0.966794863665856,0.9684655606267065,0.9690921130043025,0.9697182877641641,0.96846509779368,0.9693003236272061,0.9676299692003044,0.9676296036074286,0.9720152140925015,0.9693002551324169,0.9678388730120748,0.9709710585051806,0.9705532794177205],"mean_valid_accuracy":[0.13393434050707667,0.4415584694295441,0.7672054125441776,0.8390050835807233,0.8666377409536805,0.9059737943981978,0.9122739381459014,0.9288180017772442,0.9325433475282722,0.9302514432976122,0.9356535541399144,0.9421649967490556,0.9396878262781744,0.9414838678369671,0.9530251657985201,0.9473567678361228,0.9504695620577515,0.9565962915133228,0.9580586543979195,0.9567846610987837,0.9603326280614397,0.9609299982708789,0.9557413305290514,0.9551608566741547,0.9616098863430084,0.9587143830710695,0.9617947427780448,0.9609818381941281,0.9635043300477969,0.9651075747546699,0.9620479478270481,0.9628554210481345,0.9651716992800012,0.9624546124585701,0.9676537296713345,0.9680797882870482,0.9678448149382106,0.9689261394568551,0.9668337572459385,0.9685308453113812,0.9691094874846711,0.9697364148901553,0.9685046396285674,0.9693024573981881,0.9676867134870055,0.9676403994322508,0.9720417023249329,0.969345096665325,0.9678908808249735,0.9710109574903087,0.9705623679793992],"std_valid_accuracy":[0.07596526044459224,0.052332829841610536,0.06637593874296188,0.04652741288100691,0.034686228115614406,0.03172661556897628,0.024185465482736767,0.023695958827493115,0.021641325952304565,0.02060263190812554,0.021750465990165353,0.021981524387556094,0.018666095979401567,0.017699947039958107,0.016811715798165358,0.016421227649080782,0.017821929599658885,0.016973743676714552,0.016628832779394736,0.01514916344412784,0.016313695087339597,0.01595880210488848,0.017151580611344083,0.014869539659700231,0.015994634209876797,0.016778209100751368,0.014969219974814658,0.01449231753898825,0.015540639796229778,0.012990903361448994,0.01467608385799352,0.013840576629014728,0.014263952754443096,0.012632765982499737,0.012560962297459219,0.012357453546965637,0.01100566182026622,0.011923370434426105,0.012780335257494998,0.01354072552102339,0.011940531723607904,0.010100174047177807,0.010578471656392063,0.010075349621106056,0.012836933428583186,0.011683576927194152,0.008715272626963734,0.010028121564606748,0.011698012650552161,0.009921474706402545,0.00864643538233061],"valid_loss_dist":[0.11153062967635533,0.09554628786203023,0.050550029944249106,0.11262032918958151],"valid_loss":[2.302043255906468,1.629098236767902,0.742717836543366,0.5177491713842372,0.42918077663826254,0.330505556752729,0.31324583008322576,0.2613500483892695,0.23876110059417793,0.24183740706476692,0.21680446346903992,0.19779884089420996,0.20794915255960353,0.20053696300776042,0.15946852288138677,0.1715772763658031,0.1655103500905351,0.14622316855291853,0.14063956892682333,0.145562611710288,0.13097853831707215,0.13033273978441662,0.1441591072104036,0.1401717023905181,0.12446131954725861,0.1365955130645892,0.1213797887893685,0.12314622327506539,0.11748018663696332,0.11486660547778708,0.12085904404273792,0.11837762787866253,0.11002424720880738,0.11970259229072647,0.10400926508183922,0.10002288361015815,0.1039439340003852,0.09993357500225823,0.10323072918091637,0.09867501402977143,0.09631801030294251,0.09557016255882722,0.09911763512041637,0.09774084723792825,0.0993530198914204,0.10070556094858277,0.08680785050464233,0.09711545445609115,0.0984875686112983,0.09112295002661222,0.09258491033684271],