{"test_accuracy":[0.0972,0.4648,0.6081,0.7557,0.7956,0.8425,0.8635,0.8687,0.8266,0.8815,0.9015,0.8918,0.9078,0.9219,0.9233,0.9251,0.9232,0.9267,0.9306,0.9281,0.9357,0.9391,0.941,0.8656,0.9317,0.9367,0.9421,0.9414,0.9446,0.9443,0.9456,0.949,0.9468,0.9466,0.9422,0.9438,0.949,0.9514,0.9527,0.9535,0.9544,0.9529,0.9519,0.956,0.9514,0.9554,0.9579,0.9573,0.96,0.9571,0.9574],"test_loss":[2.3084521141052248,1.7725552394866944,1.1351023767471313,0.6881274028778076,0.590214558506012,0.4713512759208679,0.41863184990882873,0.38645420746803283,0.5264676547050476,0.34201824927330016,0.3065926650285721,0.34039300694465635,0.2785012038707733,0.24257941942214967,0.2358307676076889,0.23825006885528566,0.24048080680370332,0.2244175532102585,0.2145426509857178,0.22260033264160156,0.1992423953294754,0.18502562322616578,0.18046989448070527,0.3903334858417511,0.1996511598587036,0.19021205370426178,0.1759445348262787,0.17321373176574706,0.17145872433185577,0.17011093745231629,0.1633815512418747,0.1542864849090576,0.15998995895385743,0.15925589895248413,0.16447330696582793,0.1678487564086914,0.1551130244731903,0.1475642666578293,0.141656314098835,0.14125859801769255,0.13803375098705292,0.1419087815284729,0.1465738881111145,0.13408420177698135,0.14983020226955412,0.1311347419142723,0.128856681060791,0.13393543300628663,0.1252286051273346,0.13240789572000503,0.12801243470907211],"train_accuracy_dist":[0.9505703422053232,0.9710412815773259,0.9968697829716193],"train_accuracy":[0.06523098298020145,0.6153525529697812,0.714692601597777,0.8166029871483154,0.8456408475164988,0.8793331017714484,0.8938520319555401,0.9023271969433831,0.8742618964918375,0.911913858978812,0.9244182007641543,0.9185133726988538,0.9334491142757902,0.9426884334838486,0.9437304619659604,0.9458839874956582,0.9451198332754429,0.9483848558527267,0.9516498784300104,0.9508162556443209,0.9557485237929837,0.9579020493226815,0.9594998263285863,0.905661688086141,0.9562348037513025,0.9585967349774227,0.9623480375130253,0.9615144147273359,0.9629037860368184,0.9624175060784995,0.9635290031260855,0.9669329628343175,0.965543591524835,0.9646405001736714,0.9633900659951372,0.9647794373046197,0.9670024313997916,0.9671413685307398,0.9690170197985412,0.9690864883640152,0.9693643626259117,0.9688086141021188,0.9691559569294894,0.9712400138937131,0.9686002084056964,0.971170545328239,0.9726988537686697,0.972907259465092,0.9732546022924626,0.972837790899618,0.972907259465092],"train_loss_dist":[0.1283798153434668,0.08471533359107013,0.012963136239055054],"train_loss":[2.312619238489409,1.35364094153176,0.8418422725557577,0.5251550144228351,0.45168929675586855,0.3631613568221997,0.32151821646768214,0.2920744968831187,0.38792300900265175,0.25994135083610626,0.23501051357116248,0.2513088692348423,0.20679372067499507,0.18202005572391905,0.17561930435715803,0.17543314509960709,0.17914691600442637,0.1621230372530837,0.15350477839870227,0.15744876474783875,0.1414015894457465,0.13159683784311452,0.1276170830908398,0.2684733062496033,0.13631430119017257,0.12949429112368468,0.1199248625637757,0.11796871470510649,0.11637108388223263,0.1147081179259013,0.10941585906214828,0.10251964136425014,0.10551108421240883,0.10414053003597111,0.10709365978241794,0.10781505981090789,0.09950436621894021,0.09769525985185286,0.09026913660455181,0.09021672437426198,0.08708303833161017,0.0894946507739499,0.09084738648110646,0.08265848752291056,0.09190002825265131,0.08018910340724118,0.07767450248162007,0.07962741290903953,0.07545222933713079,0.07744650743039957,0.0751891874920767],"valid_accuracy_dist":[0.9467905405405406,0.9671592775041051,0.9924874791318865],"valid_accuracy":[0.06081771974682588,0.6272677593992168,0.7267019417023609,0.8258584098653687,0.8566886263929957,0.8866843894671744,0.9036257190969974,0.9083465750753242,0.8811316656838928,0.9186229456956242,0.9300097867344637,0.9197353075163259,0.9377862670699624,0.9463957100501759,0.9469513314014517,0.9452851760453778,0.942228422743089,0.9483403847796418,0.9519507165801377,0.9497279768299998,0.9541722585963882,0.958060694147368,0.9597270500891849,0.9069567783159668,0.9550066438391227,0.9547276308051422,0.961116147399699,0.9588939209640842,0.9611155803258845,0.9616715976461337,0.9636152607760325,0.9633378264154336,0.9636156370910716,0.9630601330853454,0.9597270841945418,0.9622269062686293,0.9636151336035156,0.9655591874998758,0.9658370912426739,0.9655594759502666,0.9672262717933808,0.9675036865000455,0.9652818462064369,0.9663924877298175,0.9633378408668558,0.966948172667352,0.9677812185522596,0.9669482067727089,0.9675033344633961,0.9672259295836988,0.9688923196308723],"mean_valid_accuracy":[0.0599794604097753,0.626282269619225,0.7259874906527374,0.825887651613718,0.8568978638724912,0.8868905869672233,0.9037129200242292,0.9083306303169869,0.8815107069453395,0.9186339831488355,0.9300228890782112,0.9199755880826345,0.9377197173200571,0.9462978767602855,0.9468766575114799,0.9452234725247218,0.9419793188502531,0.9483236093894662,0.9518479077406313,0.9495773801837069,0.9540864535143795,0.9580043184236237,0.9596050491184623,0.9069794493705033,0.955012194166172,0.954587924633187,0.9610788675465436,0.9588220464681232,0.9610573022239737,0.96165307947157,0.9635104863574728,0.9632761078903357,0.9635654982659329,0.9629834274968406,0.9596509233745864,0.9621656994523411,0.9635327840813996,0.9655290925439449,0.9657503109394913,0.9655303713522153,0.9671749650935507,0.9674473589727461,0.9652265420967568,0.9663166640204519,0.9633599975585181,0.9668842959096832,0.9677164628340439,0.9669301701658072,0.9674572290264392,0.9671658274412146,0.9688124323921774],"std_valid_accuracy":[0.08066496348309683,0.24319601499528967,0.18524347800477325,0.10439654184809048,0.08657520830553272,0.06929636356626795,0.05870951709467114,0.056280341863558125,0.07961717313407374,0.04936496868826823,0.040685106399669005,0.050682907777404834,0.03857392038857186,0.0333720199380049,0.03235570826879366,0.03380054804067111,0.041324641904358646,0.03030040323286514,0.03144064155840726,0.032473001165654346,0.027683900101819835,0.024176909112144,0.026947216511886276,0.051065684298087576,0.02773578142733402,0.030394846645067957,0.02277622290976765,0.02460186183903607,0.02153435856811375,0.021473675594402625,0.023155774477360055,0.021826126266362114,0.021320534542971864,0.023046480769932952,0.02416176911736508,0.02257664082421932,0.021179774714755222,0.016583488989667525,0.0204268253219953,0.017733812368743735,0.019428611849347337,0.01823664213171901,0.01973025765404648,0.01908679444630572,0.018240766960189746,0.018855244871031313,0.017758227921435908,0.0165560828159161,0.016215087550728688,0.018544248911373497,0.0186922843256833],"valid_loss_dist":[0.16303515957819448,0.10967168471300348,0.033795687822447795],"valid_loss":[2.3125267051145055,1.3404047013436684,0.8062886145649979,0.4954953005182509,0.4234819355804728,0.34284133880541945,0.3018188589419237,0.27823895312216945,0.3734183413437341,0.25079334752706356,0.23097473339087507,0.2507165903908828,0.20466090730055914,0.18115598616674647,0.17600264006100036,0.17760251988649536,0.18150010984572104,0.1680728729920371,0.15891352384925167,0.16433316009298374,0.15066022418095137,0.1419746633271664,0.13742675176223743,0.2840325602570894,0.14955386920388028,0.1435858075420988,0.13448413625347333,0.13358950804647435,0.13378212973878031,0.13297970610358364,0.1262188805427277,0.1184138500854071,0.12490490421660044,0.12399959519152683,0.12721652413955517,0.1294637821589707,0.12171825781911519,0.1209283125750857,0.11234648670512372,0.11229722318329464,0.10918515890965197,0.11278609069039541,0.1166450597080103,0.10682272980570033,0.11919675575497314,0.10322912662461962,0.10350351062598377,0.10739009025079968,0.10270867561305097,0.10497211067333927,0.10196240460965311],