{"test_accuracy":[0.0972,0.5373,0.6489,0.703,0.7385,0.8059,0.821,0.8347,0.8692,0.8859,0.8941,0.902,0.907,0.9119,0.9205,0.9256,0.9311,0.9339,0.9355,0.9399,0.9455,0.9447,0.9396,0.946,0.9453,0.952,0.9536,0.9547,0.9577,0.9572,0.9566,0.9594,0.9601,0.9606,0.9563,0.9626,0.9638,0.9624,0.9616,0.9637,0.9633,0.9655,0.9647,0.9657,0.9661,0.9668,0.9683,0.9687,0.9682,0.9667,0.9696],"test_loss":[2.3084521141052248,1.779097048187256,1.2741089960098266,0.9466605160713196,0.7663760603904725,0.5616580263137817,0.5093786932468415,0.4676717216491699,0.37704635481834414,0.33476279082298277,0.312676025390625,0.2905836006641388,0.27529906978607177,0.26220143990516664,0.23764554233551025,0.22208700807094575,0.20817845771312712,0.19914220309257508,0.19774545245170594,0.18355500178337097,0.1728738962173462,0.1698218120098114,0.1791118501663208,0.16511761362552643,0.15976290378570557,0.1500496741771698,0.14287783222198486,0.14139229626655578,0.13090254887342453,0.12955433942079544,0.13161018557548523,0.12590907022953032,0.12319022059440612,0.12404908769130707,0.13238914301395416,0.11839283770322799,0.1138712153673172,0.11606100896596909,0.11621162641048431,0.1093004980802536,0.11408942332267762,0.10759485788345337,0.10862040812969208,0.10607862386703491,0.10597225749492645,0.10328674354553223,0.09998229775428771,0.0959939114689827,0.09857718183994293,0.10207511701583863,0.09512319662570953],"train_accuracy_dist":[0.9552175749894382,0.9864448552064079,0.9940427280197206,0.9875611745513866,0.9880313660751135],"train_accuracy":[0.07435696296602122,0.6731348829528095,0.7728417488955864,0.8199909169728747,0.8467445605053466,0.880764625737996,0.8921184096445234,0.8947194583212914,0.9160645720655629,0.9284092316584782,0.9328681722472235,0.9384831344700879,0.9418686263985797,0.9443458156145493,0.9511580859584658,0.9552041616778828,0.9564427562858676,0.9591263779365014,0.9577226373807852,0.9622641509433962,0.9638330374468437,0.9651129185417613,0.9618099995871351,0.9664340861236117,0.9676726807315965,0.9688287023657157,0.971140745633954,0.9706865942776929,0.9722967672680731,0.9737005078237893,0.9733289294413938,0.9737005078237893,0.9744023781016473,0.9758061186573634,0.9732463564675282,0.9761776970397589,0.9772924321869452,0.9776227240824078,0.9778704430040048,0.978778745716527,0.9773750051608109,0.9795631889682507,0.9789026051773254,0.9799760538375789,0.9801411997853102,0.9800999132983774,0.9810907889847653,0.981875232236489,0.981421080880228,0.98043020519384,0.9824119565666157],"train_loss_dist":[0.13047360134970853,0.04064350661359349,0.02124703611532684,0.0394277059720741,0.03910117672953879],"train_loss":[2.3085585397760733,1.2187628539885937,0.7791121837218803,0.5764539461743009,0.4631415147799287,0.3618299886107489,0.3261845386934873,0.3085985672966819,0.2550041594660492,0.2231087646500223,0.2112560326786509,0.19500241381518832,0.1838839062191612,0.17452874727346301,0.15661188225322198,0.1462629815494117,0.14028654076276814,0.13357469433231323,0.13403329372487213,0.12208815797247356,0.11768323855060782,0.11312049793012667,0.1191681774648341,0.10680196570099239,0.10485429225845477,0.10124617820093237,0.09340807525613695,0.09206898670627726,0.08740426553069135,0.08298271447038685,0.0852000200669942,0.08263229557569993,0.0789761855767044,0.07797014809784077,0.08326333204674896,0.07532392157334984,0.07123813880411001,0.07089628546936019,0.06919327461081164,0.0661322092739315,0.07042187052225551,0.06345969509025917,0.06406209443039369,0.062312573499036,0.06091380605583238,0.06064131027744697,0.057339377119902814,0.05666834486865381,0.05736964618297534,0.06043624926993211,0.053747723331774674],"valid_accuracy_dist":[0.9484797297297297,0.9835796387520526,0.9884963023829088,0.9714751426242869,0.9851485148514851],"valid_accuracy":[0.07360229881113661,0.6660754870527578,0.7750153337708702,0.8225544329623101,0.8486360077042742,0.8813166148304756,0.8938641993358755,0.8932041736467915,0.9120213479006086,0.9247300440295698,0.9298471049087061,0.93265349664372,0.9361194527495412,0.9394218285760959,0.9448684040542412,0.9475088354688733,0.950315969382419,0.9527913911833378,0.9509761092783243,0.9547724623769644,0.9567529864281328,0.9574137875005292,0.9560941040114074,0.961210486721521,0.9620358064198301,0.9623650650370263,0.9663276662082402,0.9666575517604559,0.9681424906876093,0.9689682213239313,0.9683081159962044,0.9689682855176002,0.970454190672593,0.9699587183158079,0.9694643568708876,0.9699581757135283,0.9722698072756608,0.9714444490733259,0.9722693823287113,0.9727647487654594,0.970453383826452,0.9730949002272944,0.974250406614535,0.9734251174939693,0.9739204839307175,0.973590161750846,0.9737548397796727,0.9745803572580848,0.9737553067463246,0.9742506011722961,0.9755706248306876],"mean_valid_accuracy":[0.07297665407226153,0.664246889996554,0.7732787673776718,0.8209053201152747,0.8471812894911901,0.8802823142415214,0.8929634963188308,0.8923933747858698,0.9114229149116276,0.924147923636448,0.9293777211796694,0.9321784993348595,0.9356576978522257,0.9390167927151365,0.9444960796405354,0.9471511600398724,0.9500354225521168,0.9525168605994431,0.9507011411517012,0.9544958132208332,0.9564881049209806,0.9571861279985825,0.9558025133778681,0.9609606714496334,0.9617884221351162,0.9621671734874706,0.9661501696091943,0.9664822419230521,0.9680105043900816,0.9688274790616932,0.9681602696086747,0.9688337903339127,0.9703161998880345,0.9698258822656667,0.9693454936768692,0.969830633433277,0.9721401262361524,0.971320855640586,0.9721080888990661,0.9726083801736681,0.9703089793717916,0.9729497288904702,0.9741169459010163,0.9732934864622227,0.9737937777368251,0.9734576900747023,0.9736129064190806,0.9744506114717705,0.9736255394910532,0.974134705102761,0.9754358656680926],"std_valid_accuracy":[0.08810906429930632,0.17929825765178015,0.15855150866777296,0.15369588531094175,0.13862071222394667,0.09646882412605788,0.0881536388918093,0.08644785804489331,0.06243379074331328,0.055029002004505896,0.04554525559649034,0.04727813912653485,0.04410936018048963,0.04205759220918299,0.037680647981237145,0.033895192534144594,0.03001817871682459,0.028546675148241257,0.02940715862735202,0.02878567169975278,0.02677310564782755,0.025865284028817482,0.03243220273760919,0.026863186123028012,0.027025875191026026,0.020951461658611753,0.021162651702396174,0.019885257574270898,0.014947294798185863,0.01678343632048668,0.01732451700535226,0.01660670039362503,0.01728299954939547,0.016217283622319896,0.017855778245516075,0.014596070870790834,0.016323204757978008,0.016022439150504292,0.01742583718079757,0.017525798195608906,0.015315152149101782,0.01637693584895841,0.015349074580590781,0.015536252465001961,0.015725939790313625,0.015622168668278862,0.014795339269368967,0.015037347136201683,0.015258176922827459,0.014702027679305375,0.014653001010998645],"valid_loss_dist":[0.16561707250169805,0.054394198746737,0.03379699020304441,0.07091885469944961,0.05177541623021116],"valid_loss":[2.3093358969089883,1.2223851988697731,0.7758553510478366,0.5756618188192127,0.4615192997960412,0.36687537734463205,0.32940375923602766,0.31168452799465757,0.26263180258721897,0.2313067572041488,0.22134186774934247,0.20447590354465964,0.194494230852074,0.18504899622758456,0.1671110999987573,0.15744675930170157,0.1525761489699149,0.14628676746490546,0.14751272190100642,0.13442631671969205,0.13101549352894015,0.12676266708541495,0.1342071772300791,0.12072347616004875,0.1188099886541206,0.11709204712372569,0.10834986327329581,0.10763744970337084,0.10347795281649952,0.0984659143895092,0.10217084844132124,0.10001327858187402,0.0959581238623722,0.0950039403005157,0.10189174338341732,0.09366733371329221,0.08933445537015774,0.08966477420564924,0.08783274103588268,0.08445834253470881,0.09045853360018374,0.08309260532707395,0.08390828764295147,0.0829508603550147,0.08177101080695152,0.08185460513043377,0.07804017092658981,0.07642262222118201,0.07795816198468666,0.08205658492908981,0.0748148323243064],