{"test_accuracy":[0.0972,0.5496,0.827,0.8099,0.8979,0.9199,0.9287,0.9346,0.9403,0.9467,0.9446,0.9571,0.9565,0.9584,0.9631,0.962,0.9641,0.9655,0.9661,0.9683,0.9677,0.9695,0.9496,0.9711,0.9695,0.9738,0.9747,0.9722,0.9751,0.966,0.9744,0.9773,0.9774,0.9782,0.9784,0.9771,0.9803,0.9764,0.9802,0.9764,0.9766,0.9791,0.9797,0.9813,0.9817,0.9818,0.9816,0.9821,0.9816,0.9826,0.9825],"test_loss":[2.3084521141052248,1.3076227365493776,0.6024841358184815,0.5363904851913452,0.33554135899543763,0.2681372236251831,0.24089580907821656,0.21744578478336335,0.19526990356445312,0.17548835942745208,0.17645208582878114,0.14601798946857453,0.14458471583127974,0.13477158299684525,0.12082918529510497,0.12063377534151078,0.11307880457639695,0.10769647359848022,0.10609415202140808,0.10124889075756073,0.09862972736358643,0.09338723450899124,0.14114577071666717,0.08748674596548081,0.09063970613479615,0.08206969547867775,0.07818097556829452,0.08100661950111389,0.076343778860569,0.10081904010176658,0.07569699441194534,0.06925422447919846,0.06854038960933685,0.06738974169492722,0.06605046741962432,0.06578491535186767,0.06127979058027268,0.07227332825660705,0.06079590077996254,0.0690896321952343,0.0697420630156994,0.0617542715370655,0.061610768324136735,0.05707929979562759,0.056984818172454835,0.05462457610964775,0.05440485932826996,0.05363078218698501,0.05395726151466369,0.05306486247181892,0.05241381793022156],"train_accuracy_dist":[0.9869032530629489,0.982131854590265,0.9841538136488485,0.9862366474938373,0.9893503727369543,0.9827263267429761,0.9885225375626043],"train_accuracy":[0.08353236207308336,0.6057738237401481,0.8376821112968713,0.8210532600907571,0.9065261523764031,0.9220205397659422,0.930200620969668,0.9363506090279436,0.9423513255314068,0.9492178170527824,0.9476653928827322,0.9566813947934082,0.9581442560305709,0.9597862431335085,0.9651898734177216,0.9641449725340339,0.9667422975877716,0.9679961786481968,0.9675185096727967,0.9700561261046095,0.9704740864580845,0.9716085502746596,0.9542631956054455,0.9745641270599474,0.9730714115118223,0.975728445187485,0.9766837831382852,0.9759971339861476,0.9777286840219728,0.9673393838070218,0.9784750417960354,0.9798483401003105,0.980117028898973,0.980594697874373,0.9813410556484357,0.980714115118223,0.9816694530690232,0.9779675185096728,0.9824158108430857,0.9795497969906855,0.9809230952949606,0.9822366849773108,0.9828039168855983,0.9836099832815859,0.9840279436350609,0.984386195366611,0.9844757582994984,0.9848340100310485,0.9847145927871984,0.9854310962502986,0.985699785048961],"train_loss_dist":[0.039205369903510465,0.057652386120761734,0.048980113785550984,0.03907176510001561,0.03331790043554875,0.05543413261236559,0.03470329402359778],"train_loss":[2.311397313552054,1.2345683330962274,0.5795392196875485,0.5078085145546274,0.32226469203676733,0.26095642355731785,0.23504905756594088,0.21208258658551446,0.18777791713837091,0.1691562217456278,0.16726735170133428,0.14429801010747148,0.13822020321073697,0.12950579482087332,0.11921805043662323,0.11609766660278192,0.10873534688038752,0.10358937816676139,0.10185132879814555,0.09856813398003222,0.09444892414715848,0.08955050677405628,0.13276498425611347,0.08284342493330302,0.08512239374045985,0.07733498967593215,0.07382314819528948,0.07586752734619012,0.0709902697912539,0.09606145147046469,0.06959226869319389,0.0645655060064589,0.06336192307986652,0.06160498877069956,0.06002092171437702,0.06011599391770683,0.05718318271024296,0.06739287699010212,0.055471165921914534,0.06142281058343612,0.06034452313605535,0.05428766722647206,0.05328022036862704,0.050476887236610195,0.04981083877842094,0.04750489874124342,0.04714940794210206,0.046279836010399956,0.04634830100709408,0.04482343217200289,0.044107315945411237],"valid_accuracy_dist":[0.9847972972972973,0.9753694581280788,0.9831081081081081,0.9835661462612982,0.989778534923339,0.9675540765391015,0.9849749582637729],"valid_accuracy":[0.07685730581859984,0.611813451819637,0.8421975557090431,0.8240576045925262,0.9079673067062648,0.9243216985523074,0.9323193385212959,0.9409154093198037,0.9438981188826986,0.949985599425022,0.9472397750763443,0.9566701584421686,0.9590570088538319,0.9601317237472661,0.9650250687882458,0.9629964906948227,0.9663386928006701,0.9678906485408004,0.9680100961671396,0.9705165711802372,0.9689651865619583,0.9712332901581024,0.9558369110399223,0.9735007463385562,0.9717105664676505,0.9751716672942353,0.9760072924008786,0.9743365971866351,0.9764852593618394,0.9640726021632146,0.9761268780363984,0.9767236356385487,0.9774398681345174,0.9777978447081315,0.9787528831110398,0.9776786784794006,0.9788723530500241,0.9732625522900674,0.9789916401507309,0.9772014609506875,0.977440518702092,0.9786336458298552,0.9795887052243865,0.9797075744463625,0.9797076772631328,0.9801850293729325,0.9804238613194957,0.9811400369903299,0.9809014105556975,0.9811399941822503,0.9812593304257868],"mean_valid_accuracy":[0.0766093649763353,0.6130072573141419,0.8423665113779861,0.824036743680341,0.9081887167196446,0.9244168972189234,0.9324457496717444,0.9409710396662044,0.9439680395913997,0.9500607510245531,0.9473289297595526,0.9567201847324796,0.9591574427451363,0.9602061149537949,0.9651325746958465,0.9630685361384509,0.9664231928008774,0.9679641966810936,0.9680816643370609,0.9706024188604986,0.9690220956293211,0.9712797660139464,0.9558509786503305,0.9735682450164844,0.971754277407628,0.975220509689054,0.9760527591401867,0.9743816526215724,0.9765293489782848,0.9640397338319497,0.9761846863984474,0.97678973558703,0.9774966957213606,0.9778586533254195,0.9788136654014368,0.9777337120724977,0.9789208930004714,0.9732746884983906,0.979052721639638,0.9772502641417578,0.9774422472074497,0.978676991279901,0.9796368778145507,0.9797653351482244,0.9797593926491662,0.9802206327208467,0.9804640973118915,0.9811884872215832,0.9809286651565737,0.9811726071801706,0.9813069399315709],"std_valid_accuracy":[0.08530012169229044,0.14326630664009044,0.06501707716191883,0.08461963475146594,0.03138343984427294,0.029504031324689654,0.026561150965583955,0.027865725063042558,0.020741064549302336,0.01728214484346608,0.017986761316912528,0.016569725347041635,0.014785451694774297,0.014919672057529969,0.012799325950523792,0.013731115338497567,0.012642857150510181,0.012028136921381584,0.012989102865616747,0.011272029838564365,0.01242642508652965,0.012088723572438282,0.0234353632361103,0.010402735754043088,0.011242936223890283,0.009012707509295318,0.008507260559743698,0.010141743321105505,0.009970049999975023,0.018479212146506694,0.009729562473297105,0.009268020478717536,0.009351775893955954,0.008652441941223296,0.008715252396900392,0.008930872476352578,0.008301831889085445,0.0106771056573651,0.008403777147788522,0.009925362678808117,0.010549713918042566,0.008267234568987637,0.008660584539423893,0.007660107106129283,0.007805017358585627,0.006743385236221151,0.007153145005474985,0.00740635456771105,0.007139795976999315,0.00633840778826631,0.006867605492762739],"valid_loss_dist":[0.04961211194057722,0.06549792597299726,0.05290864629519952,0.04532570071095997,0.037940307423548564,0.10855516578115758,0.0466424034214975],