{"test_accuracy":[0.0972,0.4375,0.5361,0.6529,0.7502,0.7723,0.8075,0.8122,0.8187,0.8303,0.8713,0.9016,0.8585,0.883,0.8978,0.9029,0.9024,0.8811,0.9155,0.9182,0.916,0.9292,0.9264,0.8482,0.9307,0.9304,0.9337,0.9242,0.9326,0.9386,0.9348,0.9355,0.9363,0.9346,0.9362,0.939,0.9392,0.9441,0.9383,0.9467,0.9418,0.941,0.9438,0.9419,0.9515,0.9433,0.951,0.9478,0.9494,0.952,0.9381],"test_loss":[2.3084521141052248,1.612847851753235,1.5821636018753051,0.8610231427192688,0.6331449991226197,0.5830871231079101,0.49858300638198855,0.475669437789917,0.4880794464111328,0.4397931578159332,0.3398309723854065,0.30552405338287353,0.37330846433639525,0.30789145970344545,0.27990584220886233,0.26927873005867003,0.27957191123962405,0.3240383274078369,0.23432978196144105,0.2329083167552948,0.23434134361743927,0.20004093768596648,0.2042672830581665,0.43795554780960083,0.19445719125270844,0.19282802877426147,0.18457846059799193,0.20563872828483581,0.18670001225471497,0.16790887672901153,0.17745598595142364,0.179413064455986,0.17268199639320372,0.1806538955450058,0.17307840709686279,0.1711657954931259,0.16866631762981416,0.157244167804718,0.1709029771566391,0.14769958069324493,0.15950781877040862,0.1638526165962219,0.15903826863765716,0.16272648351192473,0.14342717430591584,0.15791897928714752,0.13908750425577163,0.15096730432510375,0.14732084109783172,0.13647221488952638,0.1742707672357559],"train_accuracy_dist":[0.9277566539923955,0.9560484699116861,0.9965921192758254],"train_accuracy":[0.06567352077213597,0.5889634913973982,0.6751993285774234,0.7557000979157924,0.8213036788362008,0.8349419499230661,0.8573926423275983,0.8655756049797174,0.8613092740243391,0.8776751993285774,0.9020142677297525,0.9144635613372499,0.8957896209260037,0.9132745838578822,0.9234158623583718,0.9270527346482026,0.9263533361309274,0.9129248845992447,0.9386627500349699,0.9382431109246049,0.9397118478108827,0.9482445097216394,0.9475451112043642,0.892712267449993,0.9514617429011051,0.950902224087285,0.9536998181563855,0.9475451112043642,0.9528605399356553,0.9574066302979438,0.9566372919289411,0.9555881941530284,0.9574765701496712,0.956357532522031,0.9576863897048539,0.9595048258497691,0.960833683032592,0.9619527206602322,0.9613932018464121,0.9667785704294307,0.9627220590292349,0.9622324800671422,0.9645404951741502,0.9629318785844174,0.9692264652398936,0.96342145754651,0.9696461043502588,0.9672681493915233,0.9673380892432508,0.9698559239054413,0.9599944048118618],"train_loss_dist":[0.18025898181742436,0.12387216607295015,0.015780887857111243],"train_loss":[2.3148334830569994,1.2773485293687181,1.1201058818260046,0.6338517621789034,0.4842760885828174,0.437663940334757,0.38352696928417773,0.3571638565029543,0.3749926380718283,0.32717323309632096,0.2621144334187556,0.27255696854606876,0.2783297544428895,0.23209426172545597,0.21263256704166128,0.20524093728986198,0.2113843054383246,0.23976919005220712,0.1745394616073696,0.17370390268906394,0.17102278358395373,0.14868018667243973,0.14902785314427572,0.30016966052650407,0.14215144292895804,0.13812369128366353,0.13179547071940484,0.14363546976849598,0.13069599594674397,0.11962951344470074,0.12303829689390706,0.12286132138422035,0.11841461528704907,0.12165509198178301,0.11710374541948047,0.11532108047043031,0.11278109468185146,0.10650837305539292,0.11090772032026701,0.09695385158653942,0.1037821037086306,0.10619703503548349,0.10225005923498227,0.10289525226290588,0.09190537954294623,0.10069374383523866,0.08761901000626922,0.09251925821762216,0.08998694481057944,0.08366591844106908,0.10704789935809333],"valid_accuracy_dist":[0.933277027027027,0.9425287356321839,0.9872231686541738],"valid_accuracy":[0.06206923800692546,0.597910963117061,0.6722869626673265,0.7642807690596843,0.8319498959544506,0.8470500230318541,0.866899343630641,0.874449963962181,0.8722141061541558,0.8878731546687099,0.9105211114479738,0.9141553678166913,0.9063252787224827,0.9203075629255857,0.9275776990261968,0.9292557808884568,0.9284166183783437,0.9180683583166788,0.9401615151702584,0.9404400242751182,0.9387623887358605,0.9482700249393251,0.947990126385017,0.8951422535259419,0.9485496617609349,0.9485497966708947,0.95134559618491,0.9457530459432124,0.9510663471186405,0.9544213883701667,0.9535829020100454,0.9519054874104592,0.9538622637679801,0.9519053747187939,0.9524640574416369,0.9552604204139787,0.9558196443768541,0.9572173546998504,0.954142509284602,0.959455043836667,0.9586158449771861,0.9577768670573772,0.9577774127410684,0.9563790307117387,0.961971589840754,0.9574976091037901,0.9633695344343991,0.9611326208082628,0.9611329411086231,0.9642081876101888,0.954141742661239],"mean_valid_accuracy":[0.060848313381650636,0.6009567679183787,0.6743362085913339,0.7656211595697879,0.833162376895488,0.848237344046323,0.867488016125154,0.8750849753757585,0.8730541001218909,0.8886152752667908,0.9109980144774982,0.9147209124831313,0.9065560625600719,0.920658613722777,0.9278943843118048,0.9295931657167191,0.928744439696534,0.9181295685565644,0.9405390620162546,0.9406500970322712,0.9389978040094794,0.9485517603394887,0.9482145522172251,0.8957126493988387,0.9488387526611547,0.9488217056084794,0.9515724167996095,0.9459756195991731,0.9513295148061346,0.9546190478458586,0.9538318632136554,0.9522055447769923,0.9540850221051272,0.9521952878789951,0.9526773644474696,0.9554793601285847,0.9560400251377166,0.9573878747790513,0.954442079341113,0.9596968723114232,0.9588184442866344,0.9579659908479741,0.958039118498497,0.9566242666790455,0.962210142299213,0.9577340104347684,0.963567584156273,0.9613467672802837,0.9613993811348126,0.9643728845305389,0.9543429771044615],"std_valid_accuracy":[0.08005292622530516,0.22394265845731126,0.1870420862479112,0.1377348523041743,0.09260976615545295,0.08827017816275186,0.07003321475516444,0.06885551571471706,0.0674002866185143,0.06345513332596883,0.04607505927704592,0.03632420853816161,0.060652076224127785,0.04512812318210504,0.040474369305206453,0.041517889321274454,0.03889899007628076,0.055329562893336695,0.0325588532453654,0.034993376169264345,0.03500409788829385,0.026146020073411966,0.028874020738259946,0.05756009690345628,0.025407692631591247,0.02910248579091499,0.024765414887108816,0.03007127216430463,0.026625295842528162,0.024073088563600888,0.024839159579504833,0.026067011930684825,0.023524507843728084,0.025446319776811818,0.024722276118544207,0.023140673948385503,0.02207377140374142,0.020176312208604278,0.02466243793660564,0.02077350834080866,0.020729858759804373,0.021506093008008896,0.02201152659005788,0.021133675001984,0.018254700329763215,0.02205938813518328,0.01794912118630102,0.019516544549657188,0.01975126787185856,0.017433350300311713,0.023554600050209734],"valid_loss_dist":[0.19060171898957845,0.16434629388728555,0.03347315184543547],"valid_loss":[2.3146004474440605,1.2751629493408816,1.1076603767017508,0.6193674033055163,0.4659066765362144,0.42193830015955086,0.3692791069391048,0.344452540853633,0.3540854322481146,0.3137702791721551,0.2531192482491263,0.2647250647382334,0.2703513636233385,0.2249927832604286,0.20838180458999758,0.20168670771291636,0.20961986136193436,0.2393757437098773,0.17533453490678197,0.1733321256129042,0.17343526129846698,0.15376371086769308,0.15468015717963451,0.3050300279912043,0.15126867269298033,0.1471085577566639,0.14182518552393586,0.15484304299136348,0.14171930324447368,0.1325395801554571,0.13518611599072866,0.13465053573401492,0.1326672508328322,0.13612056433277828,0.1317912342487172,0.13089242207966087,0.12989443091258185,0.1255213053488258,0.12891126677062015,0.11500633540153493,0.12207756556390925,0.12414181593115797,0.12372761641496047,0.12352482087101206,0.11371953160538512,0.12121410558412263,0.10874655502553218,0.11491614931355591,0.11284673106328053,0.10679990017795736,0.1300648405754775],