{"test_accuracy":[0.0972,0.2784,0.6205,0.7525,0.8359,0.8429,0.8834,0.9054,0.9111,0.9163,0.9239,0.9299,0.9399,0.9392,0.9425,0.9469,0.9509,0.9547,0.9557,0.9547,0.9574,0.9586,0.9629,0.9624,0.9653,0.964,0.9644,0.9644,0.9591,0.9665,0.9648,0.9665,0.9671,0.9671,0.9682,0.9685,0.9706,0.972,0.9652,0.9673,0.9713,0.971,0.9683,0.9696,0.9726,0.9728,0.9753,0.9732,0.9724,0.9719,0.9732],"test_loss":[2.3084521141052248,1.9222698682785033,1.0637453887939454,0.6870511657714844,0.5205259845733643,0.4981838748931885,0.3892189014434814,0.32849201340675355,0.30506395032405853,0.2824861698627472,0.25773307180404664,0.24246750087738037,0.21230828139781951,0.21126326613426208,0.20214965708255767,0.19111857128143311,0.17585560271739958,0.16417590928077697,0.15368003673553468,0.16181285717487334,0.1507793016910553,0.14987613425254823,0.1326089627146721,0.13422030107975005,0.12487136151790619,0.13139061164855956,0.12445299025774002,0.12459845559597016,0.13886478613615036,0.11808539402484894,0.12321302530765534,0.11588300409317016,0.11014202723503112,0.11172456676959991,0.1061330901503563,0.10588098907470703,0.10199945349693298,0.09513260326385498,0.11598757724761963,0.10574070435762406,0.09736527314186096,0.09643694695234299,0.11096468790769577,0.09955652449131012,0.09389353902339935,0.08943366990089416,0.08179514054059982,0.08822834438085556,0.0891524302124977,0.08856006155014039,0.0870566430091858],"train_accuracy_dist":[0.9850021123785382,0.9659067570342986,0.989013310796535,0.9712460063897763,0.988],"train_accuracy":[0.11706824776081746,0.41873764770194694,0.7216685589336025,0.8288549682519658,0.8787267146040957,0.8819225432067617,0.9092552878348261,0.9234683150414196,0.9291451158487869,0.9331819519784702,0.9386064505277322,0.94285353853917,0.9501282536478701,0.9492872461208528,0.9518943694546066,0.9555107018207813,0.958496278541693,0.961019301122745,0.9610613514990959,0.9612295530044994,0.9624910642950254,0.9641310289727093,0.967116605693621,0.9672848071990244,0.9690929733821118,0.9678314620915858,0.96900887262941,0.9690929733821118,0.9656868928976914,0.9717421470922165,0.970270383919936,0.9716580463395147,0.9727093057482864,0.9735923636516547,0.9730036583827425,0.9746436230604264,0.9752743787056894,0.9774609982759346,0.9722467516084269,0.9748538749421808,0.9775871494049871,0.9784281569320046,0.9727934065009882,0.9766620411252681,0.9783440561793028,0.9786804591901097,0.980530675749548,0.9788066103191624,0.9796055674698289,0.9792691644590219,0.9797737689752323],"train_loss_dist":[0.04979534712543355,0.106038361662319,0.03722896958378016,0.07928402440679974,0.03861171526893189],"train_loss":[2.3093104777146234,1.507331494060709,0.7996216333923526,0.5145972318855518,0.39862924078220546,0.37991114476747584,0.3038241504591481,0.2634654716236839,0.2422427592566364,0.22649695758617866,0.21009105867692338,0.1957587160320149,0.17394216574039542,0.17296315083500063,0.16453842815447384,0.15670772330383292,0.14421559775093948,0.13565174931809346,0.1286726771120312,0.13044297146133485,0.12445118322769225,0.12164226933714745,0.11066673349406299,0.10962150105186354,0.10406758111271183,0.10743489405480602,0.10177795653353276,0.09973718316311601,0.10917365159025595,0.09309040204033278,0.09728759813014089,0.0915434881095494,0.08610365331679862,0.08652744986598428,0.08562950347909529,0.08137687249291255,0.07943541292602581,0.07373367905138038,0.0873629920656755,0.0786573035316438,0.07358108687967138,0.07047431426827944,0.08391618801761849,0.07368477082240973,0.06837478374167014,0.06553659268658134,0.06023384866849328,0.06491460252579385,0.06417149769442333,0.06413085612719727,0.06239774657848772],"valid_accuracy_dist":[0.9839527027027027,0.9622331691297209,0.9881756756756757,0.9787052810902896,0.9789562289562289],"valid_accuracy":[0.10893452481514612,0.41695629635037545,0.7178971299913448,0.8244849635879442,0.8737436740744563,0.879122608238221,0.9056850701767343,0.9196389727713923,0.9283811950455885,0.9307344991572284,0.93762736249052,0.9436802357198626,0.9510768382107792,0.9492276631957447,0.9524219226887699,0.9571290199926165,0.9583062520085804,0.9618366515593038,0.9586424420011558,0.961332378994571,0.9620049442468014,0.9631817816078868,0.9650310214512753,0.9663760801663003,0.9677206019027565,0.9655351979537461,0.9667122378451866,0.9658716541618937,0.965199127941069,0.9699062954735231,0.9685614187452777,0.969906343666709,0.9712513731437924,0.9710830478883308,0.9719241573484065,0.972428072261198,0.9732687870663954,0.9751178196526218,0.9707471297687588,0.9731005870368721,0.975622205063941,0.9769674007634817,0.9690656230731655,0.9737729812649464,0.9756222775075069,0.9762949103873441,0.9783125676133991,0.9759590928659218,0.9769673236082218,0.9756225273386091,0.9783122766208813],"mean_valid_accuracy":[0.10834445986446221,0.418896206845966,0.7196325089381542,0.8257581226527652,0.8745770876472723,0.8798182006583876,0.9062048707800046,0.9200221629020164,0.9287463242993995,0.9310325945378521,0.9379448968978578,0.9439930229211642,0.9513114471898177,0.9494359166883104,0.9526559442617863,0.9573066805557406,0.9585001909258063,0.9620256518544863,0.9587890766087177,0.9614997664526245,0.9621653113748367,0.963354029336083,0.9651855857691345,0.9665154020830901,0.9678448446027603,0.9656921725846856,0.9668470857821296,0.9660102201880237,0.9653379523764445,0.9700519998763552,0.9687140557525478,0.9700305623171012,0.9713554005445859,0.9712051343590291,0.9720633785854369,0.9725359567841064,0.973389408601695,0.9752103630088562,0.9708893367428878,0.973220056961539,0.9757274204602819,0.9770691123305969,0.9692251832940167,0.973873293606155,0.975727857820835,0.9764012970454254,0.9783996673363266,0.9760949300421633,0.9770782416122545,0.975730905426758,0.9784046115109236],"std_valid_accuracy":[0.08505899796179595,0.1684858774398075,0.14952509539770378,0.11366928152515117,0.07189050853721062,0.06009054345312521,0.04619277521151717,0.03308067774687943,0.03187651002541288,0.026778458323691093,0.02942230207764001,0.026724192841711503,0.021270677060938555,0.017878389519697765,0.021548047330652683,0.01733617572533923,0.01749729633646738,0.01778659309235127,0.012530531286988193,0.014926682316433989,0.014482319715642898,0.01598728134259598,0.014250393704046103,0.012262599696234944,0.012417123642667937,0.015325028143981413,0.012167090182317992,0.012203648944850171,0.0121599925924438,0.013872544034795667,0.014389036632048297,0.011777708686361544,0.009355826417572509,0.011995141165413767,0.012167217082042145,0.010105129881493856,0.01153453184259713,0.009701284125527985,0.012798906749663209,0.01137889384727259,0.010831448122664329,0.009363870232675526,0.017398568683243867,0.010131377115701463,0.010580360375331234,0.0097426057999183,0.00717153539965766,0.011498804342673388,0.010780448157465464,0.009677129202146625,0.008810961848453088],"valid_loss_dist":[0.0591233942053608,0.12710833411253927,0.046337922279899184,0.06948435647346499,0.07214731595130881],"valid_loss":[2.3099151925361285,1.5210961314113762,0.8087064088132032,0.518410044744422,0.3993015942188513,0.3825021245850502,0.3047971001575901,0.2625464734908061,0.2417727810529281,0.22737073902331567,0.20931861967781215,0.19561951442809272,0.1745087229532527,0.17326573793281427,0.16553217360993366,0.15732489172173647,0.145823086660369,0.1375131317907416,0.13153384728979442,0.13393752702064374,0.12761816193730316,0.1259865860500365,0.11548713712607721,0.114318541431418,0.10904351814596805,0.11268235350077914,0.10734650153727418,0.10616516396033701,0.11607940721762763,0.10054338961240167,0.10456387392167622,0.09869137474099171,0.09414346296911408,0.09484128473414126,0.09296617214440518,0.09025417109347218,0.08853335606775264,0.0827085459656778,0.09725173240353342,0.0889352309843728,0.08363995863663985,0.08106461844584409,0.09401554165236728,0.08423264020603527,0.0796235820576769,0.07780959265907475,0.07189885385814107,0.07703110383862018,0.07623841022920978,0.07653314887525135,0.07514515022600099],