{"test_accuracy":[0.0972,0.3832,0.6116,0.6437,0.6746,0.6937,0.7461,0.743,0.7785,0.7876,0.7312,0.8005,0.8174,0.8167,0.8196,0.8328,0.8331,0.8334,0.839,0.8434,0.844,0.8449,0.8462,0.8486,0.8506,0.8544,0.8361,0.8529,0.8541,0.8573,0.8605,0.8589,0.8624,0.8621,0.8598,0.8617,0.8637,0.8645,0.863,0.8656,0.8685,0.8671,0.8655,0.8683,0.8687,0.8691,0.8659,0.8671,0.869,0.8709,0.8698],"test_loss":[2.3084521141052248,2.4733979137420654,1.8659310256958008,1.641235078239441,1.531631429862976,1.5492912605285645,1.3523485366821288,1.4485473220825196,1.3374426071166992,1.346112987136841,1.429259375,1.3613912122726441,1.3442979005813598,1.3757803787231446,1.3926441341400146,1.350035940551758,1.3637070348739624,1.3625700397491456,1.359184363746643,1.3929998859405517,1.376656074142456,1.4047862047195434,1.3829096681594848,1.4154806610107422,1.4101639757156372,1.401249461746216,1.5334614847183228,1.4331774383544922,1.456359051513672,1.4549205772399902,1.4388408264160155,1.4575441429138183,1.456701280784607,1.4535590356826782,1.4762723608016968,1.4675629327774047,1.477735675239563,1.4983622032165527,1.5083040040969848,1.513301243019104,1.530067289352417,1.5349539623260497,1.545783411216736,1.5376674419403076,1.5607930034637452,1.5605228927612305,1.5743329563140869,1.586172869491577,1.5955168306350709,1.5948298524856568,1.6176044719696046],"train_accuracy_dist":[0.9963023829087921,0.9622756933115824,0.9891485809682805,0.9892695006190673],"train_accuracy":[0.0461617722823287,0.5717671303451829,0.7992272024729521,0.8289026275115919,0.8604842864502834,0.873930963420917,0.9040700669757856,0.9057702215352911,0.9241628026790314,0.9314270994332818,0.8838227717671303,0.9395672333848532,0.9478619268418341,0.9474497681607419,0.9506955177743431,0.9578567748583204,0.9589902112313241,0.9594023699124162,0.96172076249356,0.9649665121071612,0.9662545079855744,0.9662545079855744,0.9680061823802164,0.9688820195775374,0.9711488923235445,0.9734157650695517,0.9568263781555899,0.9723853683668212,0.9741885625965997,0.9753219989696033,0.9776919113858835,0.9768675940236992,0.9782586295723854,0.9788253477588872,0.977537351880474,0.9776919113858835,0.9797011849562082,0.9801648634724369,0.9796496651210717,0.9808346213292117,0.9825862957238537,0.982328696548171,0.9816589386913962,0.9828954147346729,0.9829469345698094,0.983307573415765,0.9814013395157135,0.9822771767130345,0.9828954147346729,0.9855744461617723,0.984183410613086],"train_loss_dist":[0.015700217490998956,0.10410116343085957,0.03165024830547716,0.03248346916826929],"train_loss":[2.3110732787543506,1.3347820442770635,0.7331430886652837,0.5460024790134951,0.4225337923340795,0.3777890228829023,0.28535887294519446,0.2739146436799254,0.22398965330329032,0.20779924887486306,0.3027590927360354,0.1784329055296521,0.15685044318545055,0.15456926640485869,0.1469756973835379,0.12574371624774444,0.12367579953870719,0.12633312665989324,0.11848620107221824,0.10665930013821519,0.10287648906786377,0.10448344610996126,0.09776584592632016,0.09382932084981527,0.09045626704438577,0.08320687953680217,0.12402994537909334,0.0846702974656235,0.07951814775412258,0.07514455603768627,0.07070661507036377,0.07289976407032477,0.06746874528215878,0.06551974744779249,0.06939869925402785,0.0695666785740103,0.06273343507075728,0.06150256234198609,0.06385115160156254,0.057437928234376226,0.053365838832458476,0.05450349428462098,0.05603855619459408,0.0520314562699188,0.050715061790746,0.05044752168078081,0.057317803828895,0.05426128240113157,0.05037264327169816,0.04488155473674283,0.04616299050388448],"valid_accuracy_dist":[0.9868529170090387,0.9494702526487367,0.9816360601001669,0.985973597359736],"valid_accuracy":[0.04797785696800522,0.5641006471680676,0.7952304841326727,0.828811679269377,0.8574511505786797,0.8733201492492545,0.9000986134218791,0.9046362985535014,0.9221426189697265,0.9299705215681664,0.8811314329416488,0.9375920068397782,0.9468586869003464,0.9466526096384368,0.9468609553162721,0.9548928367931551,0.9548928388717914,0.9557153087419255,0.9592157981589492,0.9614822520597176,0.9629235425932785,0.9621006559565424,0.9635422886336581,0.9637481958631087,0.9656015662974413,0.9680725008594849,0.9487149850940774,0.9674558615171177,0.9672499480517578,0.9695153071347238,0.9715747548309662,0.9703389547602533,0.9719864946668196,0.9719869985282878,0.9703389526816171,0.969102310763154,0.9723989913341938,0.9730167234157274,0.9732231386639191,0.9721921551621271,0.9742522767522971,0.9738402030874345,0.9742527826924018,0.9742521917360675,0.9736338707768359,0.9742517728908286,0.9719864946668196,0.9730165554619047,0.9742521129557471,0.9754874091649915,0.9759005755690202],"mean_valid_accuracy":[0.04748830909434768,0.5644992836119377,0.795190136178765,0.8288052965173509,0.8575555102549168,0.8735551793805009,0.9003625739322298,0.9050144681278898,0.922437352873639,0.9302795269713571,0.881188359320237,0.9378837189826045,0.9470691160667631,0.9468538078669095,0.9471063229051151,0.9550955817822524,0.9550889547176242,0.9558759414918359,0.959343154411954,0.9616230029821933,0.9630437996546146,0.9622475737525014,0.9636779013199285,0.9638883885034566,0.9657303194522144,0.9681754183649204,0.9490240346749809,0.9675830318615282,0.9673696201274432,0.969633866220801,0.971678073515446,0.970445493044685,0.9720895657591317,0.9720945883305677,0.9704586360362962,0.9692112798238036,0.9724971334189284,0.9731182653908135,0.9733368108339794,0.9722923768675921,0.9743431697865067,0.9739314759877102,0.9743480812202978,0.9743407592783441,0.9737187101538436,0.9743381472150707,0.9720895657591317,0.9731165912003348,0.9743412733207382,0.9755623152930799,0.9759832067794195],"std_valid_accuracy":[0.08081284552993684,0.09676181669287888,0.06457741211901732,0.07659845813011343,0.06887765822114128,0.08451709419711793,0.06176093792839605,0.07582620846742028,0.05873585975477111,0.055005774883866716,0.009721694840098346,0.0513499319927785,0.03842988766226311,0.03791136173636909,0.04451382479571777,0.03584327435386037,0.035411838920613815,0.030884665320705662,0.02609033156605038,0.025532613405780197,0.024460414604778893,0.026863527308588358,0.024834250486680132,0.025520442614128145,0.02277127075800683,0.019212847371900967,0.04691427106235728,0.022301101281449468,0.023386558071358858,0.020773688309431892,0.018775567295130954,0.018818789053975417,0.01753534791344762,0.01887332659337237,0.019396623345963704,0.01781064316892315,0.018148427149079212,0.017562812091839738,0.01856995417102959,0.016263688486363198,0.015397300743446531,0.015143787007832617,0.016263603195152583,0.015465299862671837,0.014666607936468542,0.014083632436934524,0.01753534791344762,0.01711363578716916,0.013911926557233573,0.01242038973349503,0.015434134182265753],"valid_loss_dist":[0.0376410965693712,0.16526451805863035,0.0552568314457079,0.04905623106574855],"valid_loss":[2.311734888833476,1.3501946515804373,0.7319575996203493,0.5451496132913292,0.42540266615418415,0.3808240393206593,0.28966233868473446,0.28084825904310684,0.2314536155195428,0.21676748090753867,0.31962458533282456,0.1895280605549021,0.16881659139958521,0.16741792427153923,0.16113561941948484,0.13984509578627186,0.13852744920258847,0.1424009223585561,0.1357403082461099,0.12485831623472517,0.12033670949161447,0.1237120008406083,0.11757674494151472,0.11355029481986277,0.11119210114622452,0.10534121525225623,0.14669533019103909,0.10883559556745985,0.1027954518391365,0.0994047445459839,0.09472142829202113,0.09862484118969668,0.09362103701255867,0.09011991552869139,0.09607808866042605,0.09774229762425578,0.08947602361481165,0.08894600931774227,0.09191820648057392,0.08597424888912525,0.08096563098754468,0.08358164021264809,0.08557384937138801,0.0817307280282978,0.08059754897430361,0.08090465117486506,0.08922247188707846,0.08592401643698586,0.08260610292147855,0.07517777901804555,0.07708455881976672],