{"test_accuracy":[0.0972,0.1807,0.5458,0.6339,0.6601,0.6709,0.6913,0.7193,0.7175,0.7284,0.7478,0.7245,0.7249,0.7525,0.7595,0.7531,0.7529,0.7513,0.7654,0.7547,0.7645,0.7684,0.7675,0.7669,0.7671,0.7722,0.7674,0.7718,0.7703,0.7732,0.7711,0.7705,0.7704,0.7726,0.7693,0.7728,0.7704,0.7722,0.7703,0.77,0.7722,0.7725,0.7709,0.7722,0.7729,0.7762,0.7728,0.7746,0.7744,0.7728,0.7734],"test_loss":[2.3084521141052248,3.4561110443115233,2.595968888092041,2.3234871265411376,2.2668327709198,2.2842141605377195,2.3094021759033203,2.226273949432373,2.2610870040893554,2.2870794605255127,2.329179748916626,2.4201014511108396,2.4735321147918703,2.391753014755249,2.397714011001587,2.4152068729400633,2.467079608917236,2.4381561603546142,2.4439063663482665,2.5197181133270266,2.501829493331909,2.6764740566253664,2.559626057052612,2.5943457090377806,2.6190572998046875,2.6016529529571533,2.6796624084472658,2.674632772445679,2.7368708160400392,2.6279202266693114,2.7770549991607667,2.844539457321167,2.819959021759033,2.795542068862915,2.8124370151519775,2.849905721282959,2.866784080886841,2.8308809783935547,2.916914845657349,2.9569455463409424,2.965217395782471,2.9508471370697023,3.0179257816314697,3.0704415744781492,3.0386400924682615,3.0858975593566895,3.079850332260132,3.1613378669738768,3.1172882400512694,3.1375396533966065,3.204349518203735],"train_accuracy_dist":[0.9634558512885509,0.9919062832800852,0.9919521254643004],"train_accuracy":[0.002732049036777583,0.30052539404553413,0.7674956217162873,0.8568826619964973,0.8823117338003502,0.893800350262697,0.9111733800350262,0.924553415061296,0.9265148861646235,0.9360420315236427,0.9511033274956218,0.9358318739054291,0.9325394045534151,0.9560070052539404,0.9632224168126094,0.9580385288966725,0.9582486865148861,0.9583887915936953,0.9682661996497373,0.9539054290718039,0.9693169877408057,0.9704378283712785,0.9714185639229422,0.9712784588441331,0.9722591943957969,0.9763222416812609,0.9714886164623467,0.977583187390543,0.9761120840630473,0.9785639229422066,0.9767425569176883,0.9766725043782837,0.97569176882662,0.978984238178634,0.9747810858143607,0.9799649737302977,0.9768126094570928,0.9792644483362521,0.9778633975481611,0.9765323992994746,0.9800350262697023,0.9814360770577933,0.9796147110332749,0.9805253940455342,0.9811558669001751,0.9842381786339754,0.9807355516637478,0.9837478108581436,0.9833975481611208,0.9814360770577933,0.9824868651488616],"train_loss_dist":[0.08642761475226775,0.022705395510112737,0.02641673303611678],"train_loss":[2.3255976527459565,1.8524685421591256,0.7126024425885723,0.42604722194412753,0.31914767206967815,0.2847966792433149,0.2397551163222034,0.2112560433446839,0.19241212281997067,0.16765059063918955,0.14341297583174997,0.16566802051251073,0.17582207529536478,0.1259662431781221,0.10561740954264659,0.11822867779044888,0.11695584412422781,0.10892060213665203,0.09062892265630895,0.12824621963521854,0.08770308098134351,0.08425015288194716,0.08043099589919878,0.08002337490758106,0.07857600282192648,0.07196022039850206,0.07534135803371511,0.06589832373707182,0.0678246550118443,0.060504721798355025,0.06560520284438927,0.06359822845944381,0.06419107287548052,0.057720088422715976,0.06446185114974524,0.05520904958326428,0.05979144135545515,0.05647140211639388,0.05755494795286222,0.06060984003127613,0.05281199435949743,0.050027406251485315,0.052698086623604784,0.05121265348829916,0.049914261632959395,0.04384249042974044,0.050935519013403804,0.04546991063187294,0.043806385784793234,0.04805526475061625,0.04509741845535809],"valid_accuracy_dist":[0.9712837837837838,0.9889267461669506,0.985973597359736],"valid_accuracy":[0.0028012702284206594,0.30643614960209536,0.7641502465923328,0.8616285450374673,0.8854376981888555,0.8946808566935359,0.9159689050263049,0.9277320522907895,0.9302535090815695,0.9439790726549523,0.9535022397195504,0.9417383994457137,0.9364157106989063,0.9599447787455898,0.9689086162322201,0.9610653302354014,0.9593846060293074,0.962466333724227,0.9703090726266075,0.9504204275054859,0.9705891753872031,0.9711491107216359,0.9747904463825087,0.9731100018178368,0.9736700763462622,0.9753503817169414,0.9731101273431177,0.9781518388664121,0.976471226516887,0.9801125539765327,0.9745103408881707,0.9773114405979957,0.975630956507494,0.9798324539496797,0.9750708956477803,0.9806728494843536,0.9756310710978051,0.9773114597341925,0.9795524849155921,0.9764712401855989,0.9789921252782595,0.9820734791310791,0.9803927685936971,0.9798325685399908,0.9817932809163691,0.9815131222274892,0.9787120811796908,0.9812330249343783,0.9815131808895159,0.9809530054394912,0.9820733140799682],"mean_valid_accuracy":[0.0028297036389029577,0.3057260421527672,0.7640033924026409,0.8612234524191403,0.8850698051814021,0.8943391257146803,0.9157461669379332,0.9275547226726447,0.9300084225352411,0.9438271204647054,0.953434110734615,0.9415707622376032,0.9361963023331663,0.9598870981646717,0.9688865497811809,0.9610009063662478,0.9592980189864836,0.9623911223365994,0.9703007114676199,0.9502581629312615,0.9705562268840264,0.9711422178752707,0.9747483876340118,0.9730900106678102,0.973628765536667,0.9753343786252561,0.973075294689329,0.9781452603108277,0.9764601770964886,0.9800858589415736,0.9744993762463866,0.9773088776659332,0.9756025744443315,0.9798238394963859,0.9750312994315684,0.9806667261700617,0.9756138745809753,0.9772633494644644,0.9795340960151542,0.9764276569525823,0.9789638387902974,0.9820945860470757,0.980359178523405,0.9798351396330295,0.9817822422925565,0.9815178247934376,0.9787107214278222,0.9812493013194685,0.9815202228473687,0.9809376476979619,0.9820613757701567],"std_valid_accuracy":[0.002122212642014827,0.06786973015827957,0.07561036360675355,0.08786993205215606,0.07962873198034305,0.07015270851990052,0.0533481720646001,0.02879690747070942,0.040829255521905874,0.03323302584444183,0.017245097952095924,0.03759823224346503,0.03509411636758747,0.015830105127451328,0.016465504942163756,0.017812087422959436,0.019046984322311406,0.024792053098315385,0.013999692597464433,0.019000744407546528,0.01571547065330145,0.00968733120601236,0.01081332901120165,0.012163140934647569,0.011811360784298626,0.00465630233632571,0.015077501139418272,0.008634867039692393,0.009805804339285783,0.00922421690303968,0.008373377198229292,0.0074727011977007984,0.012068197804745811,0.007976674733359916,0.015237538699918523,0.008633419426819578,0.012806724116813153,0.011407277265454848,0.01072311670113062,0.012596457064678152,0.009624106032967381,0.007911717449958874,0.011207652369190014,0.00881345253793217,0.00875684322013196,0.006999435675832659,0.008524979993984425,0.006526853037784876,0.007678918965274008,0.009934597423824054,0.007715682676123027],"valid_loss_dist":[0.09285270261603433,0.03914358583318619,0.04256451857758827],"valid_loss":[2.325692078700568,1.8468926542967186,0.6999694890857948,0.41386081850477213,0.3059989898998128,0.2741938691143722,0.22731572126329685,0.2047159004704703,0.18598153063267234,0.159499776193995,0.13601346017241006,0.15890293655261747,0.17319587260535102,0.1205996001112372,0.09927883476345592,0.11370862162351598,0.11452479921253424,0.10478786078354381,0.08669259489890657,0.1323987176450284,0.08622635236438214,0.08751645381338422,0.08182704489463795,0.0805760550729271,0.08063819640534443,0.07546177682112201,0.07914509047739844,0.07088212317982563,0.0727328060700264,0.06589121848841713,0.07299545351103082,0.06932375570881076,0.07256326457212024,0.06523514625979962,0.07200485190854486,0.06342538598053873,0.06743734410661258,0.06598948292691793,0.0659631095722863,0.07210634924082533,0.06510732767575925,0.05905302891702665,0.06282102552715912,0.06127664174793938,0.06077556367371631,0.0565119527169509,0.06276750161087523,0.05803404672085135,0.05606361827295332,0.060130564638846466,0.058116391362389386],