{"test_accuracy":[0.0972,0.4763,0.6675,0.8125,0.8634,0.9003,0.9063,0.8762,0.9218,0.925,0.939,0.9294,0.9428,0.9403,0.9497,0.9535,0.9521,0.954,0.9479,0.9556,0.9567,0.9594,0.9422,0.9601,0.9638,0.9484,0.9651,0.9658,0.9689,0.9689,0.9683,0.9682,0.9639,0.9714,0.9731,0.9702,0.9723,0.9744,0.9709,0.9752,0.9744,0.9762,0.9745,0.9748,0.976,0.9775,0.9757,0.9757,0.98,0.9779,0.9774],"test_loss":[2.3084521141052248,1.540971886253357,0.8306960116386414,0.522900869846344,0.41309623970985415,0.31471166505813597,0.28592277216911316,0.3372800625801086,0.2522278355360031,0.2301427795410156,0.18839916939735413,0.2071348420381546,0.17435735034942626,0.17124060361385346,0.15288374814987182,0.143010249376297,0.14032917375564574,0.13672946605682373,0.1464851143360138,0.1271563670516014,0.12793945112228394,0.121068856549263,0.17193654854297638,0.11779383161067962,0.10737827215194702,0.14234217805862426,0.10283589621782303,0.10026786062717438,0.09499623210430146,0.09327237467169762,0.0916372707247734,0.0915821343421936,0.10410279395580292,0.0908139498591423,0.0804290685892105,0.08548012113571167,0.08045954123735428,0.07514775910377502,0.08233239102363586,0.07229287695884705,0.07669409482479095,0.07126282320022582,0.07917246848344803,0.07232295395135879,0.06976141881942749,0.06729263453483582,0.07014195753335953,0.07064833501577378,0.06036601948738098,0.06438490191698075,0.06574787412881851],"train_accuracy_dist":[0.9913739987677141,0.9759137967462498,0.9907559572719803,0.979765708200213,0.982463295269168],"train_accuracy":[0.11304998130375171,0.5574805766753916,0.7210935227886494,0.8368440732892933,0.8766878557480576,0.905729361419253,0.9123769163654494,0.8913540238481034,0.9284972371099754,0.9304915035938344,0.943786613486227,0.9360172836428601,0.9486060908222195,0.9485645436038057,0.9544227014001413,0.9589928954256512,0.9587436121151689,0.9606132369437866,0.9555029290788982,0.9632722589222652,0.963604636669575,0.9659728281191574,0.9458639744069135,0.9664713947401221,0.9705014749262537,0.9552120985500021,0.971830985915493,0.9728281191574224,0.9743653662387303,0.9743653662387303,0.9755702355727284,0.9749470272965225,0.9717478914786655,0.9758610661016245,0.9787693713905854,0.9768997465619677,0.978520088080103,0.9806805434376169,0.9783123519880345,0.982176243300511,0.9800573351614109,0.982176243300511,0.97960031575886,0.9825086210478209,0.9828409987951306,0.984004320910715,0.9824670738294071,0.9828409987951306,0.9857493040840916,0.9844197930948523,0.9841289625659562],"train_loss_dist":[0.028666631810399242,0.07655088097083752,0.026900825145039876,0.06001925467651365,0.056872192624391193],"train_loss":[2.303572960183996,1.3648578677730558,0.7389111717802035,0.47087816954540657,0.3784069601616488,0.2945081162320953,0.2655064758555514,0.29996145618259545,0.23589935428077724,0.21005165145204174,0.17708033905986578,0.18759192736835095,0.16212470540242488,0.15701985049455264,0.14422729522091354,0.13237210665921378,0.12807698090014338,0.12356048342630015,0.1307354605841401,0.11492523019612169,0.11393594894228674,0.10768166048037228,0.16161457963114173,0.10322733434768662,0.09421923830752345,0.12733602310925557,0.0889396847242867,0.08648821540753253,0.08103200077414364,0.08002431953176586,0.07771896601133112,0.07796745071276379,0.08563666019141099,0.07769289188128156,0.06775684258851249,0.07127271529932978,0.0676711289694775,0.06262199860518894,0.06719871500133291,0.05881016117971917,0.06232586830131305,0.05802249272513637,0.0637955210239006,0.056174295925966275,0.05436278112049121,0.052836264363486214,0.054955705440350486,0.05398254326953193,0.04811095999422782,0.04857102067268711,0.049588183973663554],"valid_accuracy_dist":[0.9885057471264368,0.972972972972973,0.9860312243221035,0.9761499148211243,0.9649551752241239],"valid_accuracy":[0.10894494571863107,0.544530993728586,0.7084839752605148,0.8342266020251738,0.8745889019244191,0.9044916438333881,0.910804387492567,0.885390115077216,0.9235896014259536,0.9257529699262727,0.940370035448471,0.9310703201262808,0.9435264320542662,0.9448556314858567,0.9511667758040271,0.9546540103084715,0.953326332069504,0.9556511713789199,0.9521651447064469,0.957479060050061,0.9586415966752664,0.961299013967232,0.9378761273649215,0.9624614856891666,0.9642887252736946,0.9483460552884839,0.9674445844276452,0.9672779564610304,0.9701023547270721,0.9696033683285539,0.9701018154068063,0.9679431634608512,0.9657836809128991,0.9727585005929152,0.9745866002294388,0.9704341631560341,0.9717631496553532,0.9742539892643218,0.9719293459623053,0.9752507653607382,0.9735896396136019,0.9769110643411876,0.9750837418762717,0.9764132468606374,0.9760812806609591,0.9777413573435998,0.9757490201771126,0.9772442182245573,0.9803985872525639,0.9780742771124702,0.977742307250986],"mean_valid_accuracy":[0.10845826003938708,0.5409754861263121,0.7058431872842859,0.8334544214930283,0.8740253725018722,0.9042827492850236,0.9106344673823932,0.8854546397572441,0.923275857756513,0.9255759279171676,0.9403087468896484,0.9309771510897829,0.9434457455639762,0.944774496371082,0.951116997559278,0.9545790766853471,0.9532932177022095,0.9555770143360295,0.9520990314276293,0.9574496811375646,0.9586014128764095,0.9612310776153923,0.9377830916164804,0.9624335077346806,0.9642966355545152,0.948388609874149,0.9674298151316458,0.9672258090216594,0.9701125576264505,0.9695430875756819,0.9700827540315654,0.9679545684185168,0.9657615945413646,0.9727140485634725,0.974596048531937,0.9703882888284371,0.9717518835328809,0.9742514498971404,0.9718958225321754,0.975265435143907,0.9735783829258271,0.9768695065313038,0.9750717234529833,0.9763933884671168,0.9760567905016859,0.9776888838779044,0.9756886862245556,0.9772417017894728,0.9803725225819514,0.9780586348361909,0.9777230068933523],"std_valid_accuracy":[0.08660793794251032,0.27332681891606403,0.19181825329097923,0.08213773838348568,0.05455709823394852,0.04106318046819739,0.04143996358860425,0.05766679323658249,0.028268867693308237,0.033374128570291324,0.023781982507667807,0.035658744794619356,0.023777771590536453,0.025637272691769637,0.018879117931322603,0.015725983038398773,0.018255031892385577,0.01857377750629358,0.026884337869400386,0.01875286238502929,0.018841876946206374,0.017002924169166222,0.02004608365257178,0.01686711915957278,0.015104424341983292,0.029526896050115728,0.013151989192064908,0.013699126733395354,0.01236023869639473,0.012070777230262132,0.011469888963398105,0.01504095226721901,0.01626147053979301,0.007809121935644366,0.008405800487423279,0.013006325518723149,0.011703790579362456,0.007044774215788376,0.013257377963987944,0.008222341542274933,0.008531715152158238,0.006701461250028317,0.004042507644167776,0.007990200126319293,0.008908501838071773,0.00650129304043038,0.01004472457156648,0.008987229464584428,0.0037839129987809975,0.006933804857859271,0.008641168094925562],"valid_loss_dist":[0.03452180179175485,0.08359304714847256,0.03925797721292998,0.07916030459727907,0.09381202677569937],"valid_loss":[2.304810765318545,1.3874399370894335,0.7469250376952097,0.47180395070123554,0.3760771578365982,0.2921227072233279,0.2633301783583556,0.3007811303784706,0.2359802906917779,0.21064248902984334,0.1770515157778027,0.19018312587448613,0.16313013682722252,0.15974103629345993,0.14656936719051622,0.13542865725428765,0.13264633670066722,0.12844345639281154,0.13742287641960185,0.12051919289351368,0.12080632240646609,0.11452047157387879,0.17101340408667662,0.11153810531746534,0.102244075399394,0.13949005111654922,0.09734972310367569,0.09564362291775161,0.08970795353120846,0.0891204398830534,0.08700750542449584,0.08835634195455717,0.09819105697975387,0.08896355769848416,0.07807816630398688,0.08339305493410006,0.07988598351353401,0.0741996303839112,0.08089458304001132,0.071139537696263,0.07619123656363289,0.07103293551497435,0.0772187098889197,0.07046569488926509,0.06873974138882256,0.06762890223792915,0.07098335582177649,0.06934489756356946,0.06197028822265156,0.06383658133173113,0.06591683026060796],