{"test_accuracy":[0.0972,0.4235,0.6921,0.7818,0.8554,0.8887,0.8674,0.9016,0.928,0.9369,0.9389,0.9381,0.9465,0.9507,0.9563,0.9602,0.9585,0.9556,0.9612,0.9638,0.9676,0.9566,0.968,0.9683,0.9672,0.9726,0.9727,0.9728,0.9541,0.9735,0.974,0.9774,0.9771,0.9757,0.9774,0.978,0.979,0.9789,0.9784,0.978,0.9779,0.9801,0.9558,0.9809,0.9799,0.9791,0.9809,0.9781,0.98,0.9812,0.9819],"test_loss":[2.3084521141052248,1.6470159408569336,0.8739664837837219,0.6004416975021363,0.43945011110305787,0.3416045750141144,0.3660505367279053,0.2871016720294952,0.22425994839668273,0.20610021228790285,0.18805812859535218,0.19151993165016173,0.16942331564426422,0.1579352053165436,0.14240797045230866,0.1289438928961754,0.13154942100048064,0.14147702486515046,0.12410787954330445,0.11383747134208679,0.103198688519001,0.13153908330202102,0.10221488008499145,0.10126476426124573,0.10317255585193634,0.08684034154415131,0.08594946554899216,0.08448434057831765,0.14310811553001404,0.08080845468044281,0.0771455452799797,0.07343664309978486,0.07171544159650803,0.07569141389131546,0.0716645755469799,0.07100833044052124,0.06590205673575401,0.066386846357584,0.06809932818412781,0.06726316583156586,0.06792689805030823,0.06151272168159485,0.11985524957180023,0.05810006590485573,0.0596196449637413,0.06174240226745605,0.054670879226922986,0.06426935613155366,0.05857780138254166,0.05676643261909485,0.05616428851485252],"train_accuracy_dist":[0.9845796366708914,0.9808995686999384,0.9767838125665602,0.9902120717781403,0.9895941727367326,0.9934736842105263],"train_accuracy":[0.1265431025489446,0.5176826511805821,0.746287860347046,0.8128107938936606,0.8725179956184581,0.9020760162742985,0.8830545606287165,0.9154640609242967,0.9354244184024759,0.9403275724171506,0.9451959522898773,0.9434572451924749,0.9503425252981883,0.954515422331954,0.9590012866432521,0.961192057585979,0.9613311541537712,0.9593490280627326,0.96331328024481,0.9674861772785757,0.9701637862085754,0.9605661230309143,0.9714504294606531,0.9702681086344195,0.9701290120666273,0.9756581006363668,0.9753103592168864,0.9754146816427305,0.959731543624161,0.9765970024689641,0.9783704837083145,0.9789964182633794,0.9800744166637688,0.9789616441214313,0.9798657718120806,0.9806308029349375,0.9819869944709114,0.9805612546510415,0.9804221580832493,0.9808742219285739,0.9808046736446778,0.9826129290259763,0.964808568348576,0.9841777654136384,0.983864798136106,0.9836213791424696,0.9850818931042876,0.9828563480196126,0.9845255068331189,0.9852209896720798,0.9859512466529888],"train_loss_dist":[0.04930224328175546,0.059271401203334836,0.07108862593182867,0.039351169791735016,0.03549935469223607,0.024485982895681734],"train_loss":[2.3064286249853017,1.4041737070123248,0.7296001537932173,0.5183911119966732,0.3893211893251527,0.3084913204377221,0.32845899481354196,0.2591264306080168,0.21015611149988075,0.19595395801397492,0.17719804292059776,0.17732549294713815,0.15939149651639498,0.14914701145288572,0.1354464762573237,0.1266676837637164,0.1250307707898258,0.13069346709885568,0.11710291045409613,0.10870061817116791,0.09941682881836716,0.1231610371351043,0.0966423289286774,0.0953391783548808,0.09575861721796163,0.08221107425269394,0.08152084835382784,0.07933505781410209,0.12619095158195795,0.07626110905835214,0.07226119188874049,0.07101506455467366,0.06647159281265555,0.06876574438205846,0.0656592013794909,0.06382474151099621,0.05960747349595217,0.06186413474011252,0.06120166677206814,0.05952063654240296,0.05922588402029121,0.05494755124944318,0.10549632892030474,0.05086132158904301,0.05143867763848208,0.052823452139906434,0.04738775755326989,0.053239764367953836,0.0494254135027034,0.04752956288544945,0.0464447378243264],"valid_accuracy_dist":[0.9780405405405406,0.9753694581280788,0.9761499148211243,0.9828850855745721,0.9775374376039934,0.9865319865319865],"valid_accuracy":[0.12246835702989968,0.5171543751017601,0.748492608137295,0.8127247509137904,0.8729253414515745,0.9012884913934394,0.8808495531306642,0.9135228815074131,0.9315980289460601,0.9381325897226069,0.9407744375304317,0.9404958891830228,0.9477253013295762,0.9521751366204799,0.9550943970989453,0.9570408115288633,0.9573186694822036,0.9562064332766068,0.9599609998520569,0.96260258780044,0.9666336351141418,0.9537061735075283,0.9667732352551254,0.9674677869100735,0.9666335222513475,0.9706658092976567,0.9720557211922304,0.9717778098015054,0.9541215339783166,0.9715004623640489,0.9737243307699905,0.9748365729314016,0.9745587059418397,0.974280563265268,0.9755317434620938,0.9759487758756236,0.9762268291101133,0.9756706130727324,0.9766438287182488,0.9776169609027839,0.975809849980359,0.9795634437626093,0.9580143933171602,0.979424517726042,0.9785903141245015,0.9774779239431864,0.9788684777437917,0.9780341330895992,0.9788680568773346,0.9794243219223836,0.9794242947456808],"mean_valid_accuracy":[0.12150607529872276,0.5166785213745594,0.7478593882225102,0.8121489349221233,0.8725026293509813,0.9009838458962872,0.8803988581536069,0.9132264505054292,0.9314371650051317,0.9380301997912026,0.9406534222318931,0.9403792372354057,0.9476238590851502,0.9521593255803698,0.9550521803637649,0.9570214763656298,0.9572758067720138,0.956136685003279,0.9599614254969183,0.9626235210695436,0.9666127860226991,0.9537806105152608,0.9667914341551188,0.9674404797081132,0.9666054548571722,0.9706775684659082,0.9720435753148376,0.9717758952004786,0.9541159437321913,0.9715538748267177,0.9737229345112607,0.9748504228757634,0.9745664426803534,0.9742947857215581,0.9755443432209985,0.9759537479685619,0.9762249767853234,0.9756748579395085,0.97664777575326,0.9776143146656864,0.9758262038046458,0.9795705281845702,0.9580239554783128,0.9794358329346761,0.9785967903171761,0.9774653714730727,0.9788794671559415,0.97803498000081,0.9788494846569525,0.9794194438981177,0.9794190705333824],"std_valid_accuracy":[0.08304134110841971,0.18930123146084896,0.1312993685600045,0.09025060873885032,0.053188269188932456,0.03580342707146178,0.054555523307810376,0.032838958043601305,0.01996555844189967,0.01859977436260816,0.015460583329175999,0.019529159886958924,0.01583602213989151,0.01199645688610044,0.01052682594970336,0.01176768482042457,0.01183333740793828,0.010888249188861714,0.007231508198585812,0.003960433887281322,0.008455423362852082,0.012093542523250404,0.005853477466068256,0.008157613425889413,0.0089919809596626,0.005619005712241703,0.0071774411356678525,0.0073724000734191825,0.012499359742671454,0.005589009692964976,0.003725479366261644,0.006077410527457721,0.004012003246249492,0.005033963989079871,0.004984714577240339,0.0041844401141863195,0.0037172698881596457,0.006144751322248487,0.005389328360994663,0.0051717905561976685,0.004306062267560502,0.004487963497283455,0.008421621267611453,0.0031696310311401066,0.0034560018365481894,0.0032985342288053923,0.0027902826437588503,0.004324129800001968,0.004249467246079944,0.003219329158096733,0.003981927117097423],"valid_loss_dist":[0.0664974877963195,0.07195872096543633,0.07223523216515627,0.06013761947163743,0.07233742336911489,0.04812670658696882],