{"test_accuracy":[0.0972,0.6168,0.7739,0.8337,0.853,0.9048,0.9119,0.9236,0.9383,0.942,0.9315,0.9172,0.9547,0.958,0.9562,0.9561,0.9595,0.9639,0.9623,0.963,0.9651,0.9652,0.9642,0.9689,0.9683,0.969,0.924,0.9708,0.9713,0.9739,0.9737,0.9739,0.9738,0.9742,0.9739,0.9769,0.9762,0.9762,0.9316,0.9757,0.9771,0.9767,0.9777,0.9774,0.978,0.9778,0.9785,0.9782,0.9786,0.9802,0.98],"test_loss":[2.3084521141052248,1.352448918914795,0.7625266328811645,0.48350548820495604,0.4001403995037079,0.3157698933124542,0.2763422855377197,0.24665307703018188,0.2107399440765381,0.19566802885532378,0.2162994122505188,0.27922620787620545,0.16130135461091996,0.15288565056324005,0.15446826047897338,0.1466912680745125,0.13903042612075805,0.12927663729190828,0.13011030888557434,0.12882756145000457,0.11585907746553421,0.11440551019906997,0.12052157981395721,0.10922654637098313,0.10933752872943878,0.10043488602638245,0.21326956067085265,0.09628157390356064,0.0962633106470108,0.08612359067201614,0.08803562684059144,0.08740270978212357,0.0879192115187645,0.08717280235290527,0.08849679992198944,0.07810653228759766,0.07994878274202347,0.07889191446304321,0.19423601853847502,0.08273138098716736,0.07730921327471733,0.07580445930957794,0.0736105172097683,0.07422678544521331,0.07420622916221618,0.07233682565689087,0.07129423437714577,0.07381956372261048,0.07107160073518753,0.06371382398605346,0.06699841210246087],"train_accuracy_dist":[0.9835199661948024,0.9794576828266228,0.9706070287539936,0.9867455138662317,0.9926961602671118,0.9909473684210526],"train_accuracy":[0.09588755131862779,0.6713172361004801,0.8146962633080509,0.865284253009533,0.8824368519935982,0.9188991719434974,0.9258924222392317,0.9352863405469348,0.9458284044255792,0.9464198733560643,0.940818314661471,0.9196298100340965,0.9585623825760211,0.9612065966181894,0.96071950455779,0.9615893118085033,0.9635724723401294,0.9683042237840095,0.966564609282583,0.9674692088233248,0.9699394614153504,0.9708092686660637,0.9681302623338668,0.9723749217173474,0.9722009602672048,0.973523067288289,0.942592721452926,0.975367058659801,0.9750887203395727,0.9773502191914272,0.978324403312226,0.9772806346113702,0.9784287801823116,0.978393987892283,0.978393987892283,0.9802727715538236,0.9798900563635099,0.9803075638438522,0.9517430937304293,0.9796465103333102,0.9813165402546795,0.9808642404843086,0.9822559320854498,0.9819775937652216,0.9820819706353072,0.9824994781156495,0.9826386472757637,0.9819428014751931,0.9827082318558208,0.984169508037019,0.9840303388769048],"train_loss_dist":[0.0521979279668178,0.06022918690837791,0.08190129584969043,0.045755435850890584,0.021909366043063754,0.029387868096169674],"train_loss":[2.309670223878525,1.2099963438991184,0.6541120819371575,0.4186024618218483,0.3421351008019213,0.28135521470397146,0.24091477189753516,0.21722357501715545,0.18713323957090477,0.17992263026061134,0.18899928406684519,0.2586166776095093,0.14204909643346902,0.13331282867732944,0.1325199320724684,0.12597978219859626,0.11956421504133256,0.11085553586101426,0.11022108855601741,0.10767778792080837,0.09873060935983934,0.09538483603410752,0.10196345028439027,0.09126502302374241,0.08966680053730663,0.0840321602842233,0.1607799337102757,0.07971707108598994,0.0797608340474403,0.07190927225070129,0.07159334651295804,0.07138742821511558,0.06962322004431827,0.06925311440239162,0.06967294325949806,0.062590473256142,0.0626092763628911,0.06222713085101539,0.13865995342421933,0.06342649425310395,0.05921688739480736,0.058557510995259736,0.055496137823294385,0.05530377421182039,0.055088186897215605,0.05366314780458297,0.05305225537132951,0.05390377088053479,0.051496002064110154,0.048039391686878444,0.04849146795279256],"valid_accuracy_dist":[0.9847972972972973,0.9728841413311422,0.9770017035775128,0.9763651181744091,0.991652754590985,0.984006734006734],"valid_accuracy":[0.09249012116840903,0.6657151954804762,0.8177493167517984,0.8715875267481665,0.8863329847173774,0.91972950381894,0.9289090288965242,0.9373984404157527,0.9481104453513117,0.9456113714398008,0.9404571569100412,0.9230664845643266,0.9610483342035735,0.9613254634991559,0.9627162332378307,0.96021364088722,0.9634134353118313,0.9688386606077611,0.9668903100539369,0.9664727201315256,0.969812339965826,0.9699517271266501,0.9678646820413581,0.9724555289692516,0.9720372803178491,0.9730118203769104,0.9404489488084163,0.975098412077927,0.9744026342877657,0.9759331927470963,0.9773242997062321,0.9766276998785292,0.9764897298433522,0.9759330915776239,0.9762109350186351,0.9788543547473769,0.9778802466775504,0.9782978619185395,0.9479619846824643,0.9764894540206673,0.9785753995342447,0.9780200690098444,0.9781588060234638,0.9787151214479703,0.9792715669791467,0.9792718819274637,0.9787155990063537,0.9788544669203649,0.9798278367392667,0.9802455110419387,0.9810797833297551],"mean_valid_accuracy":[0.09237355468218007,0.665004280318198,0.8173507109069308,0.8714945116626192,0.8863139132488334,0.9197252027487091,0.9289070657288212,0.9374044134784411,0.9481816558429044,0.9457896667831281,0.9404073591495218,0.923087465655795,0.9610716528663777,0.9614086614790384,0.9627375518801395,0.9602594040728126,0.9634403715718786,0.9689097568013185,0.9669323371857175,0.9665021788104378,0.9698449584016576,0.9700087778373417,0.9678718135654322,0.9725253913964537,0.9720829052369268,0.9730922135752277,0.940410998251081,0.9751578884818289,0.9744453862822172,0.9759951252476357,0.9774011989940573,0.9766545518127967,0.9765550143136696,0.9759844769067891,0.9762595972135842,0.9789251780767781,0.9779190531388776,0.9783496025729849,0.9479494470940178,0.976520255634827,0.9786202586549075,0.9780821765137201,0.9782208801501362,0.9787593306631258,0.9793101025027346,0.9793130598248645,0.9787799343017006,0.9788908174507229,0.9798711015211973,0.9803010992405818,0.9811179581630132],"std_valid_accuracy":[0.08991395038641876,0.1218849727131948,0.07857510562682085,0.06346347623641271,0.05773111111775074,0.025757663070801864,0.028428149744385026,0.01869122491161958,0.016636825433941738,0.026702510089769507,0.02409371060207295,0.02156358417376828,0.012154307691727581,0.013052195210484265,0.01356424094916439,0.013717990973556969,0.011556120905297597,0.011194650746320265,0.011382748992829024,0.01148982401204541,0.009469006645649092,0.009372315415562705,0.008692888874297233,0.009071962489562263,0.00979847263879815,0.010087574570551705,0.052027797742389914,0.008460267581561303,0.008808683433389487,0.00887024988315606,0.008339995167054526,0.008331204793282067,0.00795144728418479,0.00821407012077358,0.008205188778195047,0.008395868088819562,0.007303369234353001,0.0075398060377385,0.0469117088290387,0.008183767142678733,0.007645118362145981,0.0075597891431647005,0.006817494774222099,0.006566545809506391,0.0067452846269273,0.006710171480110012,0.00656925690928761,0.006563348474752236,0.007037968967526732,0.006049166765180154,0.006327101462621939],"valid_loss_dist":[0.059089907621209685,0.08805534621316484,0.07837189454743972,0.07944497665255267,0.03763917425277337,0.05475004949929939],