{"test_accuracy":[0.0972,0.5045,0.7354,0.8702,0.8705,0.8946,0.912,0.9154,0.9072,0.9331,0.9435,0.9478,0.9487,0.9499,0.9566,0.9408,0.9568,0.9613,0.9639,0.9634,0.9608,0.9637,0.9665,0.9664,0.9685,0.9697,0.9705,0.9318,0.9711,0.9714,0.9703,0.9743,0.9751,0.9722,0.9762,0.973,0.9756,0.9766,0.9758,0.9756,0.9768,0.9778,0.9759,0.9791,0.9774,0.9783,0.9781,0.9771,0.9769,0.9776,0.9775],"test_loss":[2.3084521141052248,1.3466376314163209,0.7309215282440186,0.4412434233188629,0.38023771381378174,0.3285079517841339,0.27678411786556245,0.2635118567943573,0.2704637172698975,0.21428067350387572,0.1817347968816757,0.1728156606554985,0.1653463369846344,0.15750025131702422,0.140806045460701,0.17603716068267822,0.1339282978653908,0.11968710397481919,0.111590356194973,0.10908723027706146,0.11491127043962479,0.1070404346227646,0.10388905736207962,0.09825753642320632,0.09366768839955329,0.09143531982898712,0.08954132647514343,0.19859911236763,0.08630393831133842,0.08627437264919281,0.08774074792861938,0.08023103728294373,0.07711408256292343,0.08063974976539612,0.07330032294988632,0.08432216002941131,0.07530857384204864,0.07123123128116131,0.07252071927785873,0.07160290954113006,0.0710897077202797,0.0662523313999176,0.06986090703010558,0.06314380035400391,0.06693104365468025,0.06486319313049316,0.06446419559717179,0.06999377527236939,0.06781425375938416,0.06443432307243348,0.06510149623155594],"train_accuracy_dist":[0.9870074547390841,0.9781810766721044,0.9783558792924038,0.9872704507512521,0.9952538175815105],"train_accuracy":[0.07553448132434906,0.5738291323517178,0.7750187172448215,0.879128192330089,0.8857000249563264,0.9035022044755012,0.918476000332751,0.9212627901172947,0.9132767656600949,0.9376923716828883,0.9485483736793944,0.9513351634639381,0.9536644205972881,0.9562432409949255,0.9616504450544879,0.9494218451044006,0.9643540470842692,0.9675567756426254,0.9709258797105066,0.9710090674652692,0.9695532817569253,0.9711754429747941,0.9725064470509941,0.974003826636719,0.9752932368355378,0.9761251143831629,0.9766658347891191,0.9423092920722069,0.9770401796855502,0.977497712336744,0.9770401796855502,0.9789119041677065,0.9802845021212877,0.9780800266200815,0.9812411613010564,0.978828716412944,0.980825222527244,0.9812411613010564,0.981490724565344,0.9817818817070127,0.9824473837451128,0.9834040429248815,0.9827801347641627,0.9844438898594127,0.984319108227269,0.9849430163879876,0.9844022959820314,0.9837367939439314,0.9839447633308377,0.9847766408784627,0.9851925796522751],"train_loss_dist":[0.039711778933485854,0.06779034372546738,0.061296039188627645,0.040227084201395216,0.018999151245921886],"train_loss":[2.3103370245736072,1.2314472972637662,0.6560675943775925,0.4170715964375493,0.34691388324794353,0.3006525615898189,0.2554873606744339,0.24000406551047218,0.25137714763286556,0.19710593689448444,0.16946011566560942,0.15872502648020215,0.15162903106165634,0.14250145888575974,0.1289799710096203,0.15396766222640904,0.11962563597876323,0.10827363400296507,0.100925320691083,0.09817528308538656,0.10127036669126922,0.09403751847343425,0.09108300088899297,0.08563704300424207,0.08202090205186348,0.07870939109084259,0.07657580624851502,0.1723586667356034,0.07353998526122593,0.07262434251699434,0.07224013161252901,0.06714469978424537,0.06378818364257191,0.06862257962161517,0.0594039197531437,0.06671302853309119,0.059117277780535805,0.056679124943834557,0.05650371792384168,0.055544146605490806,0.05418952711753342,0.05088215998756108,0.0523244013403052,0.04805402091739405,0.05041125204169154,0.04765709630192682,0.04796715826106026,0.05206938491102716,0.048166154584207525,0.04632961016671128,0.04568073331896628],"valid_accuracy_dist":[0.9821124361158433,0.9633251833740831,0.959234608985025,0.9808013355592654,0.9892739273927392],"valid_accuracy":[0.07481567551452749,0.5744427909596346,0.7713627754613688,0.8806013594860206,0.8791121276996292,0.8952404044769737,0.9127021004464537,0.9145304394296703,0.9043895900645689,0.9313245416477339,0.9414666878010995,0.9449589118602844,0.9441280720663177,0.9449590995605305,0.9534394199745531,0.9424683116308947,0.9556021130072972,0.959758869200468,0.9639148560266095,0.9625858010752868,0.960923208383778,0.9630845582143203,0.9647469598580151,0.9657450807110273,0.9680726738469566,0.9685716138536301,0.9682394452060422,0.9321593602149533,0.969735772610314,0.970567028203202,0.9685714174559964,0.9702340787842666,0.9718972769160322,0.9700665657285392,0.9728947130097841,0.9694033136291504,0.9728949848615313,0.9728948885951593,0.9738927210819441,0.9728949516539671,0.9732273216859265,0.9730610567356207,0.9747241505471436,0.9765527428304717,0.9757220919149872,0.9750564328908906,0.976054198673359,0.973394003678639,0.9740589635895743,0.9742249328215814,0.9748901229160906],"mean_valid_accuracy":[0.07412094686134725,0.5739299040608492,0.7722003813587033,0.8806093029971054,0.8794859692661134,0.8954583966192098,0.9130170947643685,0.9147626086708265,0.904809109706769,0.9315506824591319,0.9415899396535918,0.94516620731394,0.944265884816548,0.9450930930314305,0.9535276514156301,0.9427800907424778,0.9557394884523175,0.9598614681700182,0.9639919926541974,0.9627058559451307,0.9610516209315252,0.9631847265579866,0.9648557964003466,0.9658487571107433,0.9681400989067,0.9686615817169792,0.9683392900119335,0.9325328153238857,0.9698029133899488,0.97064033565914,0.9686334363863145,0.9702895998064502,0.9719704780322476,0.9700517487013005,0.9729532361577808,0.9695007142135428,0.9729691986686813,0.972952997099567,0.9739593362395444,0.9729638574190538,0.9732881210867059,0.9731167908998837,0.9748011935559144,0.976607895403367,0.975803236327366,0.9751163769604755,0.9761186587901408,0.9734783208389644,0.9741282775853147,0.9742793053366343,0.9749494982853912],"std_valid_accuracy":[0.08776619861446815,0.1927553648283078,0.15103624851306596,0.05136125782488425,0.07431726969629553,0.06207014269567164,0.05383217199975533,0.051352855162188286,0.06192866046865834,0.039323311454383,0.029562867384803185,0.02708445859612624,0.0309752159048583,0.029893932887020698,0.024200231291327534,0.042459015258391054,0.025951122878117225,0.02132244013176494,0.015260845598988956,0.020251052053609955,0.02238969945640464,0.020250180416598023,0.017646939854363365,0.01832874198945524,0.016425012827231356,0.015566758435486357,0.017238490702172187,0.04951578189659521,0.01614189599536401,0.015400385986560976,0.01615391471231427,0.013813133576507564,0.013517806261062023,0.01092664530479257,0.011950904405676315,0.01645670038660471,0.013618945410126882,0.013034729872315352,0.012822516111198437,0.013722717663876357,0.01249151838315468,0.012102976951718612,0.01230503614705531,0.008655854961532912,0.012414402715597279,0.011341322284970047,0.010246666537335025,0.01400066724628841,0.012863988407598372,0.011329857738706543,0.011600201635956923],"valid_loss_dist":[0.05831523928823016,0.11290276655358032,0.1283253269415727,0.06119964330244144,0.03236573807305038],"valid_loss":[2.310458116257845,1.2322008898807313,0.6531017618374321,0.41953250612413534,0.35693139214132136,0.3129252273070671,0.2691776917761684,0.25634952184828336,0.27545209180761804,0.21222438695423634,0.18566601101649496,0.17510332096682377,0.17020091600446474,0.16481442968735574,0.14996197268892378,0.17939330318474397,0.1421601189974369,0.12866156164168233,0.12115214386188951,0.11823504541557127,0.12457778137117634,0.11619877653646518,0.11425924754529122,0.10819440215164432,0.10400417474120544,0.10225506825193306,0.1008538280077837,0.2042857939569487,0.09786845508443238,0.09693626654749501,0.09851460220732898,0.09308992391088601,0.08943920499873806,0.0997245052211625,0.085901980870703,0.09611903994211377,0.0861568803303161,0.08497784245741025,0.08559329590071346,0.08468786151729409,0.08357461238425384,0.08071726489552926,0.08300720406082891,0.07437261916866127,0.08000323934393111,0.07835825914805034,0.0762571779434894,0.0831601370642742,0.08091741037884993,0.07952947127484007,0.07878635175936098],