{"test_accuracy":[0.0972,0.5598,0.7094,0.7798,0.8491,0.8834,0.9034,0.9299,0.9386,0.9347,0.9334,0.9491,0.9417,0.9491,0.9548,0.9544,0.9576,0.9575,0.9622,0.9629,0.9634,0.9655,0.9699,0.9714,0.9713,0.9652,0.9708,0.9722,0.9674,0.9694,0.9725,0.9718,0.973,0.974,0.9735,0.9748,0.9748,0.9743,0.9765,0.9758,0.9754,0.9768,0.9756,0.9763,0.975,0.978,0.9756,0.9764,0.9767,0.9782,0.9788],"test_loss":[2.3084521141052248,1.3492926500320435,0.8548139397621155,0.5904467881202697,0.41611403431892396,0.33880294494628904,0.2985342747688293,0.24075079424381257,0.21243298208713532,0.2057876072883606,0.20633200080394745,0.16968464386463164,0.18408184838294983,0.1617290713071823,0.145654017829895,0.1475196265220642,0.13799247007369994,0.13580728359222413,0.12241036729812622,0.117550046646595,0.11405034081935883,0.10793756105899811,0.09941106531620025,0.09501643334627151,0.09396720218658447,0.10460446116924287,0.09306367295980454,0.090010134100914,0.1032991026878357,0.09400018453598022,0.08658886086940766,0.08909851640462875,0.08536820561885834,0.08162454577684403,0.08303381285667419,0.07895103147029876,0.07676431334018707,0.08150661064386368,0.07327319495677947,0.07424365714192391,0.07769490027427674,0.07420934591293335,0.07503602830171585,0.07197926125526428,0.07508759871125222,0.07071792160272598,0.0752134556055069,0.07173609155416488,0.07312125576734543,0.06742206615805627,0.06711553423404694],"train_accuracy_dist":[0.9953527672158851,0.9885907458271709,0.9782251437962202,0.9863157894736843,0.9768881551795295],"train_accuracy":[0.07830847018511554,0.6348669090301283,0.7591826501190924,0.8136726421795997,0.8730516902762108,0.899377376624462,0.9136684634992269,0.9323053779616397,0.9421670636413021,0.9410806067443901,0.9406627387071163,0.9532823534327859,0.9476829217333166,0.9549956123856086,0.9588817851322552,0.9578371150390707,0.9623500898416281,0.9624336634490828,0.9661109021770925,0.9672391458777319,0.9681584555597342,0.9703731561572855,0.973047511595838,0.9748025573523881,0.9756800802306631,0.9717939074840165,0.9760143746604822,0.9771008315573941,0.9736325268480214,0.9761397350716644,0.9776440600058501,0.9778529940244871,0.9784797960803978,0.9796916133884919,0.979148384940036,0.9804019890518574,0.9806527098742217,0.9804855626593122,0.9816973799674062,0.9819063139860432,0.9815302327524967,0.9825749028456814,0.9814048723413146,0.9828256236680456,0.9821570348084075,0.9829509840792278,0.9823659688270444,0.9836195729388659,0.9829091972755004,0.9838702937612303,0.9849985374618695],"train_loss_dist":[0.01708719063822509,0.038997116486252474,0.06767330487046755,0.04453935656265209,0.06556890149544302],"train_loss":[2.3140377109276207,1.2102483751770745,0.7310115354398167,0.5056366762586505,0.3663783305021879,0.30011913331349194,0.26544873665741625,0.22400889014571096,0.19527726809821372,0.18688611965062182,0.18365374959310693,0.15494330851946078,0.16283206975114844,0.1448225261663221,0.1323882409857003,0.1310955505246983,0.1218267731951674,0.11972628482500881,0.10833950566559797,0.10339640677323947,0.09996102360026182,0.09472033072616835,0.08748186811400657,0.08278832313975182,0.08071785510840396,0.08849032208918753,0.07781102860832198,0.07478684009598469,0.08411031826788241,0.07739349370985373,0.07094008677910435,0.07147698239345696,0.06817415697665663,0.06505237487035218,0.06508542823853024,0.06262866189775497,0.06013875025581025,0.06292984173183472,0.05665960739939218,0.056699315490977356,0.05822601629517862,0.055223332535027016,0.055824333945313616,0.05290417242909645,0.05560174646834941,0.052147690118735886,0.05345364306761471,0.05218949710863004,0.05297272090449581,0.04833344194712267,0.04697700059503326],"valid_accuracy_dist":[0.9915540540540541,0.9864864864864865,0.9704190632703369,0.9772727272727273,0.9793729372937293],"valid_accuracy":[0.0718356613952285,0.6464221610596959,0.7655679371619558,0.818871402921822,0.8710036354241295,0.8990743589226836,0.9144485977076638,0.9375099666976096,0.9498741062118687,0.9441902503678501,0.9420176365102159,0.9542164735955563,0.9497046111461301,0.958058603611337,0.960565430168711,0.9598965940539936,0.9635742323859221,0.9642417610982142,0.9684198596668198,0.96925499647491,0.9695889001343321,0.9710931623985155,0.9730987725236145,0.9744353514517586,0.9757715068650002,0.9714262169550548,0.9754375562930822,0.9767737112309984,0.9722625947917949,0.9741002977284907,0.976773784602881,0.9762727262880603,0.977107939729424,0.977108291027814,0.9774426938847615,0.9787789215145158,0.9799487799711006,0.978444381189707,0.9792801161088847,0.9792806510746438,0.978945959589309,0.9792803982144903,0.9794478312717217,0.9802830393456738,0.978612092615828,0.9804499402232116,0.9801158926060898,0.9792812185472461,0.9792801544255213,0.9816198650865154,0.9809512406963061],"mean_valid_accuracy":[0.07251114751114751,0.6484796625857261,0.7667920721160406,0.8197184525484313,0.8716314135364694,0.8995952845689864,0.9147399242596611,0.9374994365844899,0.9499064322604802,0.9444438374137887,0.9423223119779536,0.9543751973273013,0.949914661900799,0.9582627470553875,0.9607396188995969,0.9601056565715644,0.9636801251653143,0.9643956987232329,0.9685064706327022,0.9693539393571224,0.9697116169223872,0.9711808811861591,0.9731233774892809,0.9744673047062566,0.9758387142124236,0.9715847432669047,0.9755088434818964,0.9768768101076691,0.9723634228322859,0.9742141068060185,0.9768655623927373,0.9763659325062548,0.9771989290627376,0.9771845099538787,0.9775025080642896,0.9788608543901243,0.9800143955457603,0.9785431535438146,0.9793676111468809,0.9793313745724215,0.9790375781435806,0.979354438752854,0.9795012429420711,0.9803425038699656,0.9786765669116159,0.980518877300242,0.980181608212973,0.97929722494983,0.9793603750629123,0.9816778390744462,0.9810210536754669],"std_valid_accuracy":[0.08747215756525928,0.1934216127943794,0.11294299730218449,0.0810645168027308,0.0573446579104264,0.04644924587148674,0.033934050347609865,0.023260551096141426,0.01759955762236861,0.02346284258335468,0.026950605502550403,0.016828692282250906,0.02090688371461366,0.02005374689528875,0.01645790519176106,0.018691871232363495,0.012605550712180889,0.014374989503590773,0.010160258091385922,0.01009189771142137,0.011585294533394595,0.009500710044127893,0.008566537037521627,0.007199704799108302,0.008881276970131339,0.013933093685344502,0.007433316633341114,0.00977893400880062,0.0110153171945775,0.010844396687887827,0.009286806995962602,0.00941701197309455,0.009182875654258106,0.007778211576798466,0.007534555778425981,0.0082357413248716,0.008031035064579653,0.010433397367791974,0.008832327329161586,0.007598838678615509,0.008948519672161155,0.007970260181516881,0.006538349526064922,0.007080162524899713,0.007787647198085874,0.007128671972022306,0.007352563521354661,0.006490768445187075,0.008722143463793063,0.006242055995126588,0.007348244576315929],"valid_loss_dist":[0.032959067696906826,0.03933221403811429,0.09060020691538406,0.07057349652252615,0.06456634532598772],"valid_loss":[2.3152331052811443,1.1932062763174014,0.7193332340653811,0.4938239097973525,0.35806029765097314,0.2934369833688454,0.2577467539735297,0.21737181544802706,0.1889500193825932,0.1826451579555692,0.18136658303438907,0.15254494399175927,0.16061744654270793,0.1424745012885732,0.13193850748076308,0.13072827395231404,0.1223313396779389,0.12126219483209819,0.10843641565055138,0.10452435263564316,0.10219259684032143,0.09627499735159474,0.0895072943929253,0.08678560782987783,0.08511907031094156,0.09302250071531336,0.08405965516522547,0.08070800371666761,0.09125376038306479,0.08380697164885233,0.07744734828338933,0.07933881791643871,0.07616857241205856,0.07274325189358254,0.07346031043268283,0.0713060390809782,0.06884802608977746,0.07245694422592976,0.06630844528521206,0.0667345426297696,0.06933991375251893,0.06639565463199378,0.06594669783251579,0.06412867752910072,0.06694647022415331,0.06443009973324722,0.06594298431524918,0.06437672017400664,0.06466676779207559,0.05986359710000358,0.05981120808638909],