{"test_accuracy":[0.0972,0.5459,0.678,0.7176,0.7562,0.7625,0.8089,0.8188,0.8316,0.8493,0.8475,0.8743,0.9067,0.8851,0.9071,0.9108,0.8511,0.9095,0.9254,0.9429,0.9258,0.9317,0.9213,0.939,0.9395,0.9418,0.9429,0.943,0.9412,0.9424,0.9424,0.9475,0.9551,0.9422,0.9492,0.9569,0.9496,0.9599,0.9593,0.9624,0.9594,0.9736,0.9575,0.9598,0.9623,0.9596,0.9602,0.9671,0.9638,0.9649,0.9634],"test_loss":[2.3084521141052248,1.6028374877929688,1.1950662700653076,0.9695976112365723,0.706608975982666,0.6509122931480408,0.49293791394233705,0.4659510372161865,0.44226554288864134,0.39530462446212766,0.4055839322090149,0.34319247736930847,0.26272936940193176,0.3194764601707458,0.2615309787750244,0.25105883305072785,0.4318330716609955,0.253610919713974,0.2152775601863861,0.16859995589256285,0.21861335277557373,0.20420060913562774,0.24376305050849914,0.17974350986480714,0.17428730835914613,0.16762887518405914,0.16412495460510254,0.16814951570034026,0.17147164232730866,0.16745574898719787,0.1675879153728485,0.14941693400144576,0.13011691300868988,0.17296927275657653,0.14604861874580383,0.12609990808963775,0.14680578672885894,0.11932777591943741,0.11855782034397125,0.11116418161392212,0.12047314221858978,0.0863842780828476,0.12548007628321647,0.11824646316766739,0.11076355581283569,0.12107446693181992,0.1172085669517517,0.09972253204584122,0.10662583889961243,0.1051736728310585,0.11112246747016907],"train_accuracy_dist":[0.9901417128773875,0.9533065708852736,0.9821281840591619,0.9912673056443024],"train_accuracy":[0.0965823115053483,0.6389251239238195,0.7702582833289852,0.8154448212888077,0.8478476389251239,0.8512914166449257,0.8801982781111402,0.8856770153926429,0.8948604226454474,0.9061831463605531,0.9055048265066528,0.9192799373858597,0.9370727889381686,0.9267936342290634,0.9376467518914688,0.9401513175058701,0.9109835637881555,0.9417688494651709,0.9504826506652753,0.9597704148186799,0.9485520480041743,0.9547612835898773,0.9470388729454735,0.9602921993216802,0.9603965562222802,0.9542916775371771,0.9622749804330811,0.9627967649360814,0.9618053743803809,0.9625358726845813,0.963944690842682,0.9682233237672841,0.9716149230367858,0.9647273675971824,0.9693712496738847,0.9726584920427863,0.9683276806678842,0.9746934516044874,0.9754761283589878,0.9775632663709888,0.9752674145577876,0.9795460474823898,0.9748499869553874,0.9766240542655883,0.977928515523089,0.975945734411688,0.9763631620140881,0.9807461518392904,0.9794938690320898,0.97996347508479,0.9792851552308897],"train_loss_dist":[0.03212872066841671,0.11968329796453825,0.05099215750003214,0.02986914319967151],"train_loss":[2.306438447649722,1.2840474476927477,0.8221714894686982,0.6398989844642543,0.46738349785544747,0.4297832986105213,0.33414248468637653,0.31599816299358735,0.29308124546543785,0.2633787979139319,0.264474841959516,0.22825202205000425,0.1830107872277895,0.20894121848962308,0.17806267043239854,0.16883639899030728,0.2639689410911538,0.16519377816273126,0.14204047074069592,0.11642676698335026,0.14506692808969912,0.1297395609812935,0.16040433877337984,0.11528391612690266,0.11120550723281365,0.12460348273836662,0.10463561656645033,0.10585853396920973,0.10725723303856409,0.1037926287889605,0.10171090081477956,0.09049970677995725,0.08035941181187838,0.1002769340913351,0.0865140148538376,0.07733348704351634,0.08755838316864051,0.070872685164427,0.06971400418274344,0.06498655481917598,0.06882454346988846,0.06404907310266361,0.07084688566831161,0.06592994385826317,0.06181429644185002,0.06756592721549783,0.0664238702090826,0.05503784578741608,0.05765910253940481,0.05668312086634573,0.057989107238888324],"valid_accuracy_dist":[0.9844006568144499,0.9459459459459459,0.981101068200493,0.9829642248722317],"valid_accuracy":[0.08885706729729977,0.6323903800671724,0.7715488541738705,0.8153586317650001,0.8483217391258979,0.853332371006448,0.8792042477049976,0.8883857751328365,0.8963115640542655,0.9075770276114634,0.9073668595122396,0.9225985325424051,0.9376212544719023,0.9278143621915446,0.9388722225711119,0.9417934336061281,0.9092422328142522,0.9420017655428375,0.9486778222868429,0.960987383215259,0.9484699606342315,0.9536834774234896,0.9457568519297167,0.9591088166917169,0.9582748933625644,0.9534786413161688,0.9616136593921907,0.9603617409645293,0.960152807190524,0.9624483527053056,0.9609869642868727,0.965576914697953,0.9684977624795706,0.9609868975402024,0.9657855925613978,0.9699588754084991,0.9641169658153006,0.9722530269586578,0.9718364755569177,0.9732964156201692,0.9707932513515121,0.9760071643015147,0.9705845471837148,0.9722533902120566,0.9737137209591996,0.9726707337411236,0.970793949459964,0.9755909119709228,0.9747566374279062,0.9741308011965848,0.9737138531681109],"mean_valid_accuracy":[0.0887105593605623,0.6295183968343103,0.7709890525603196,0.8150098556922851,0.8481506651515872,0.8531459671987761,0.8788658152190882,0.888121035701529,0.8960895013000165,0.907458820263267,0.907316377337597,0.9225036335570084,0.9375020176312241,0.9276980900471161,0.9387800231646768,0.9416726180312909,0.9092345020969874,0.9418716411015722,0.9485940524535389,0.9608597341960944,0.9482785302782794,0.9535778021296718,0.9456343668348616,0.9589542813721499,0.9581607742351155,0.953342073843675,0.9614812306765066,0.9602045102583997,0.9600030140231324,0.9622925963255228,0.9608490698459065,0.9654494990173335,0.9683694286964768,0.9608287530823374,0.9656338113651568,0.9698420885290707,0.9639665688238508,0.972146703952789,0.9717260439965052,0.9731929634387855,0.9707010639905536,0.9759570738054776,0.9704501594023709,0.9721193691402599,0.9736086994351951,0.9725225228102296,0.9706767008547146,0.975499714715221,0.9746358078371646,0.9740064574838194,0.9736029739582801],"std_valid_accuracy":[0.08617604210460621,0.21609775035932663,0.11751764641223994,0.10427564901457798,0.09505633413423277,0.09516523681801263,0.0846167265166268,0.08173442398792365,0.07344580417927171,0.061109212709709794,0.05862987837452013,0.049451269637188044,0.037065129795485006,0.04479713762724068,0.0346273440430119,0.03399961338523331,0.05721799895333265,0.03496913017125566,0.02765102773007479,0.019946284819753055,0.02899250358324585,0.02421543658564773,0.029780606605314768,0.023301857560942277,0.021156324072084856,0.02480492851662889,0.021758870890004525,0.023571779878900877,0.02258082114883463,0.023703295786985826,0.021864196060188582,0.019981399335061274,0.01702068865596322,0.02527799307466597,0.020562832207847482,0.016732123555772437,0.020778568230271768,0.014234238130556473,0.017348749162033023,0.01379119204109081,0.017349690558266812,0.003420860752379266,0.017111488160142064,0.01717760701737177,0.01555396867458648,0.01744952486332662,0.018745724890208978,0.011772730081654545,0.014275621536138552,0.014391542270172326,0.016010587040116025],"valid_loss_dist":[0.04234564218407096,0.14247821553333387,0.06350887155706704,0.051623188238432295],"valid_loss":[2.307736495506629,1.2988735607544943,0.8210117781434024,0.636038548855616,0.46191945207128887,0.41990759952503204,0.3258726335237904,0.30601539417700907,0.28393000788935724,0.25602485822790794,0.25746383070396106,0.22131294694013812,0.1768090420716032,0.2044697751148379,0.17223932669203518,0.16454821483776363,0.26330671519855253,0.16286024250976533,0.141139915550816,0.11645995085120806,0.14395558192694988,0.13131182235696479,0.1646077324431991,0.11873569765314805,0.11500623150569868,0.12615133990847655,0.10846852945848147,0.1113015427707988,0.11327409498791403,0.11033678774120044,0.1073997700063141,0.09727763477339584,0.08836469440669709,0.10970206791693561,0.09556992729211432,0.08689606836295297,0.0976815618851314,0.0809805623550453,0.08091505164641294,0.07718148455975912,0.08109179004081103,0.07550323081575863,0.08348025088293182,0.07913264382620802,0.07519397382995449,0.08162199904378646,0.0808927970990088,0.06988348562295643,0.07302433661759186,0.07294408980264915,0.0747227957961259],