{"test_accuracy":[0.0972,0.3731,0.5081,0.5876,0.682,0.7483,0.8062,0.8686,0.8486,0.8873,0.8938,0.9102,0.9158,0.9206,0.9323,0.9342,0.9398,0.9406,0.9363,0.9432,0.9464,0.948,0.9498,0.9575,0.9555,0.9498,0.9547,0.9555,0.9548,0.9577,0.9583,0.9604,0.9542,0.9615,0.9598,0.9584,0.9632,0.9362,0.9625,0.9659,0.9659,0.9688,0.9637,0.9683,0.9689,0.9716,0.969,0.9721,0.9706,0.9708,0.9722],"test_loss":[2.3084521141052248,2.0969213386535643,1.468743363380432,1.0661427985191345,0.7870697271347046,0.6505025356292725,0.5325329223632812,0.39323024344444274,0.43248692274093625,0.34468997592926026,0.325491601228714,0.28898018584251406,0.26999515314102174,0.25557143754959105,0.21894910411834717,0.21811917922496796,0.20397140064239502,0.2003813239336014,0.2118101485490799,0.19255011899471283,0.17977867364883424,0.1744813801765442,0.16329125328063965,0.14513082468509675,0.14867387676239013,0.16039384098052978,0.15065452414751052,0.1490228069782257,0.14673534765243532,0.14112509001493453,0.14239265460968017,0.1333785189509392,0.14698203241825103,0.12956897350549698,0.1347719476699829,0.13162012524604796,0.12087594902515411,0.19750223276615142,0.12672574059963226,0.11270146380662918,0.11320763990879058,0.10525845003128052,0.12092899792194367,0.10544111609458923,0.10318911527395248,0.0967194982290268,0.10327628540992737,0.08914109791517258,0.09719412996768952,0.09593216028213501,0.09099049602746964],"train_accuracy_dist":[0.9923954372623575,0.9888020283118529,0.959531635168447,0.9848074921956296,0.9907368421052631],"train_accuracy":[0.11645039765592298,0.5434072833821683,0.6845123482628714,0.7420678107994977,0.8002930096274592,0.8311845960652993,0.8663876098786103,0.9109250732524069,0.8935119296776894,0.920678107994977,0.9245290916701548,0.9349518627040603,0.9385935537881959,0.9446211804102135,0.9519045625784848,0.9530766010883215,0.9525324403516116,0.9580159062369192,0.955797404771871,0.9594390958560067,0.962955211385517,0.9644202595228129,0.9675177898702386,0.9702385935537882,0.9695269987442444,0.9661364587693596,0.9688572624529092,0.9695688572624529,0.9689828380075345,0.9702804520719966,0.9708664713269151,0.9732942653830055,0.9720803683549603,0.9742570113017999,0.9721222268731687,0.9744244453746337,0.975554625366262,0.9575554625366262,0.975554625366262,0.9780242779405609,0.9776056927584763,0.9799079112599414,0.9764336542486396,0.9804520719966513,0.9801590623691921,0.9817496860611135,0.9806195060694851,0.9816241105064881,0.9806613645876936,0.9812055253244035,0.9831310171619925],"train_loss_dist":[0.024167726766184307,0.03315688726233864,0.12605305883540613,0.04051556617300667,0.029381208424701502],"train_loss":[2.310855447672161,1.4960487022016675,0.9466844379951785,0.6886134557217023,0.5078723306895899,0.4360927066552484,0.36015319081406155,0.2679709554348545,0.29862306046905057,0.2361869216888407,0.22585175886793882,0.20496938499404127,0.1898460538985341,0.17544500166780283,0.1547189155948267,0.1514434286275884,0.1526256385396943,0.13617337621302472,0.14281911527891572,0.12960658527352462,0.12081661954858952,0.11437118321254869,0.10682399421088264,0.09652393233949493,0.09802876641063972,0.1093792271803068,0.0981818429367089,0.09642323635584044,0.0957258909706817,0.09023898602804413,0.09021527268828308,0.08391427976083574,0.08877964056560488,0.08213596634516884,0.08533140720168808,0.07896679159816762,0.07514677666137037,0.13019238892566865,0.07764224903186329,0.06858984163450448,0.06881706997761546,0.06262589797015816,0.07204947157830387,0.06186565249681148,0.060350563126242325,0.05643170829316583,0.059488920792321334,0.05457741291129275,0.05783786810264022,0.05620657310494822,0.05103415202231693],"valid_accuracy_dist":[0.9890202702702703,0.9890202702702703,0.9589153656532456,0.9758735440931781,0.9873737373737373],"valid_accuracy":[0.1072654914421532,0.5422241489798727,0.6844765286969647,0.7430562602000483,0.8028143102523156,0.8334494975938765,0.8704423012222026,0.911954360298657,0.8994010570522292,0.9255137063707429,0.929364404915624,0.9395749594095352,0.9419186272881155,0.9479435319947508,0.953635053813575,0.9548068090976793,0.9531357841345045,0.9596602493031978,0.9534672326788108,0.9596600023049915,0.96217162716116,0.9636776563327466,0.9641800650878238,0.9710429174728724,0.9692020228559959,0.9636779645865875,0.9703729022444421,0.9707079459671479,0.9698720061455377,0.9718793857703262,0.9703736104261247,0.971879953014237,0.9698708134187642,0.9738887376465043,0.9715457186906357,0.9722139114990275,0.9748928188485834,0.9573178875310098,0.9745578394015616,0.9752273694489241,0.9760645371127156,0.9774033461586676,0.9753949456498826,0.9765667366853719,0.9780730475726659,0.9777385324856394,0.9770692143210756,0.9777390532582562,0.9780734346345963,0.9784081260128729,0.9799142959623952],"mean_valid_accuracy":[0.10761930058935051,0.5438818864759795,0.6865518599536949,0.7451667113365141,0.8045615819289218,0.8347877684233774,0.8714450168892711,0.912591782860684,0.900168148915888,0.9260332678782927,0.9298264508208016,0.9399034348721992,0.9422748100884342,0.9482573109915995,0.9539072403524983,0.9550801978368607,0.9532826349922223,0.9599461708684884,0.9537627054043647,0.9599541941304148,0.9623934519580061,0.9639081843384588,0.9643954820679503,0.9712378279404768,0.9693904968507129,0.9639138867974129,0.9705874495481434,0.9709098096126972,0.9700398277383346,0.972088006225586,0.9705539948107201,0.9720579943685573,0.9700801836602617,0.9740529587248611,0.9717020591931723,0.9724035567070303,0.9750500673337867,0.9575911239087137,0.9747392772267263,0.9753922309875943,0.9762224256905985,0.9775513996891302,0.9755502828917428,0.9767143937980478,0.9782121967190728,0.9778663356193086,0.9772002094644137,0.9778586111186733,0.9781969735113514,0.9785348113491892,0.9800406375321403],"std_valid_accuracy":[0.08654619036085087,0.17990880458391262,0.20967327848449724,0.20392400855961898,0.16539905305375976,0.12560615978973194,0.0944231645420196,0.061608468529590524,0.07152962827030555,0.04951881177527948,0.0432818495201741,0.032792141337482254,0.03319567169410067,0.030826170501077905,0.02590165771382966,0.02585013779846109,0.01504707679605765,0.02693877266677832,0.028262247966241025,0.027673818399708963,0.021019863184797375,0.022065290319391175,0.02059695910778722,0.017912651959874213,0.01732304241854676,0.021994682298538407,0.019956884330607445,0.018681093840766404,0.01546597529861305,0.019279039783769505,0.01685689540166783,0.016513163449417362,0.01966237607735819,0.01514356639518349,0.014570264185867966,0.018127787138521086,0.014558227807903784,0.025339038317914318,0.016727729486960677,0.015336050386035572,0.01456070044418036,0.013720585190278415,0.014394029891062634,0.013631337234485948,0.012837085908998867,0.011822109655494335,0.012029175603357055,0.011103276487285605,0.011375246355182314,0.011662952523424745,0.011650611496367749],"valid_loss_dist":[0.03995626658906002,0.038940830105865326,0.13644036443731095,0.08640356453603595,0.051603581819068704],"valid_loss":[2.3117149741993503,1.4947426816440992,0.9469468912589925,0.6852278054946872,0.5075717005236353,0.44110385982607797,0.36067536187297455,0.2706247870975065,0.2978625135097599,0.2384475336932875,0.2285974014978393,0.20865378830085143,0.1967306635332136,0.1827080703870188,0.16270586833275266,0.16001874105180972,0.15754510210563033,0.14527500669028962,0.15268852740338548,0.13899985972888618,0.13278202098365177,0.12493827563304288,0.11803796757456611,0.10895156458957349,0.11015315244906927,0.12431558047149688,0.11134309300325629,0.10996081836474086,0.11023855526099502,0.10443538253364278,0.10515972825920303,0.09929044418046942,0.10470954663754489,0.09836443779331161,0.10181343223935348,0.09605020481866641,0.09176096598026882,0.15118520415848277,0.09629591021064172,0.08657419237163534,0.08760730173020492,0.08174339563584113,0.09094382127608151,0.08087444992158759,0.07920179486438807,0.07578475331069609,0.07957353040252643,0.0732408700774815,0.0776383122681012,0.0760675863117115,0.07107315823527541],