{"test_accuracy":[0.0972,0.2488,0.7792,0.8797,0.8852,0.9263,0.9216,0.9337,0.9449,0.9494,0.9497,0.95,0.9544,0.956,0.9605,0.9633,0.9653,0.9673,0.9643,0.9668,0.9745,0.9709,0.9742,0.9718,0.9761,0.975,0.9779,0.9743,0.9765,0.9778,0.9768,0.9786,0.9726,0.9795,0.9791,0.98,0.9797,0.9812,0.9793,0.9794,0.9802,0.9811,0.9824,0.9811,0.9816,0.9822,0.9828,0.9822,0.9807,0.9832,0.9816],"test_loss":[2.3084521141052248,1.6976926054000854,0.637962784576416,0.4138605010986328,0.36446585021018985,0.26246573095321657,0.26306723370552065,0.22415562224388122,0.18258345732688905,0.17278547369241715,0.16647104341983796,0.15913579819202422,0.15182720173597336,0.14555107505321502,0.13010313351154326,0.12020672662258149,0.11200731047391892,0.10111286261081695,0.11092954070568084,0.10546191239356995,0.08406853890419007,0.09071309810876846,0.08285796356201172,0.0848753909111023,0.07727609856128692,0.07695360246896744,0.07234851385354996,0.0803541008412838,0.07254247142076492,0.06873433082103729,0.07103093186616898,0.06493206613063812,0.08464947979450226,0.06553437901735305,0.06300297799110413,0.059445938593149186,0.061470102924108504,0.056745820239186284,0.06126982917785644,0.05834797306060791,0.05744016752243042,0.05636823588013649,0.055076124507188795,0.05830123428106308,0.05475718802213669,0.05169945300221443,0.05109112348556519,0.051939148861169813,0.058647032511234286,0.05071881473660469,0.055579731702804565],"train_accuracy_dist":[0.9761758061203533,0.9879568983731248,0.9710330138445155,0.9918433931484503,0.9825182101977107,0.9890526315789474,0.977713578208832],"train_accuracy":[0.13528956609725612,0.30456520445211593,0.8050116064519969,0.8811082673650378,0.8886078209630379,0.9241116600202369,0.9228319742872448,0.933783703350991,0.9437235878816738,0.9484256889470865,0.9494672936134754,0.9493482530801738,0.9537229926790072,0.9560442830783882,0.9613713469436344,0.9640795190762455,0.9662817689423249,0.9690494613415868,0.9656568061424915,0.9681268972084995,0.974078923873579,0.9722635557407298,0.9748824474733647,0.9743170049401821,0.977084697339444,0.9766680554728885,0.9757752514731266,0.9765490149395869,0.9781858222724837,0.9789000654722934,0.9789000654722934,0.9804178322718886,0.9751800488066187,0.9800011904053331,0.9814891970716029,0.9822332004047378,0.9824117612046902,0.9827391226712696,0.9824415213380155,0.982917683471222,0.9834533658710791,0.9835128861377299,0.9837212070710076,0.9832450449378013,0.9846735313374204,0.985536575203857,0.9855068150705315,0.9857448961371347,0.9832748050711267,0.9864591393369442,0.9823522409380394],"train_loss_dist":[0.0649499843678611,0.03790395744514848,0.07924432688976883,0.03177316802847055,0.04981781419882169,0.034862721488664025,0.06457279552138644],"train_loss":[2.302418926884522,1.5782622419526964,0.6079150887676155,0.41492151222827284,0.3539603236120561,0.26461438421849787,0.25896123571778246,0.22056270305604553,0.18606740005882422,0.17418674167191747,0.16625977509443474,0.1615869295696589,0.15172215241868542,0.14551607297657926,0.12989430229927512,0.12106875747661315,0.11331477670847011,0.10401404563919163,0.11078932392850237,0.10519438076884745,0.08709289717652792,0.09338063307997407,0.08512004221172076,0.08525890685805508,0.07769544602139324,0.07782770247857125,0.07812204799191841,0.07769679484943125,0.07168570612020368,0.0685194590412274,0.06921816685155338,0.06402881568645084,0.07867242419957746,0.0639939358254818,0.060691072660761125,0.05801956210770793,0.058309769493491516,0.05543573131256746,0.0571760686685275,0.054771286304937015,0.052711955834468145,0.05261702243124275,0.05189429642247347,0.05375056018434568,0.049169403788051104,0.046424539470785155,0.04681452282465332,0.04568713746946528,0.05341450470462499,0.044304752038704966,0.051824323749396425],"valid_accuracy_dist":[0.9753694581280788,0.9847972972972973,0.9778534923339012,0.9837000814995925,0.9758735440931781,0.9831649831649831,0.981023102310231],"valid_accuracy":[0.12907869391222412,0.3030179458175624,0.7994066535474406,0.8755521271234656,0.8835198158200485,0.9213558706772281,0.9177868761253789,0.931232101088666,0.9400365270732928,0.9434862980831193,0.9459846832145424,0.9432490706828452,0.9506247497436334,0.9520523418854138,0.9580014647755398,0.9591914758015935,0.9625227170329876,0.9644265189048078,0.9631174830148709,0.9653779422489105,0.9721597223626133,0.9696607290765519,0.9715646572206765,0.9709698697346736,0.9740632666209827,0.9741818726377609,0.9746580736863029,0.9734684781486197,0.9756100765262313,0.9757288084025371,0.9760860655147124,0.9767998670245279,0.9696616130137582,0.9762049722013068,0.9775136606412548,0.9781087648445554,0.9785845865127252,0.9784652565998633,0.9778705430577317,0.9782273051087628,0.9792984094748087,0.9787032838070867,0.9781081881492837,0.9782275072160591,0.9802501903747661,0.9801311543399629,0.9800121820669547,0.9808449548595567,0.9778701551784035,0.9814397637505043,0.9802497127882912],"mean_valid_accuracy":[0.128761964155662,0.30272831532616384,0.7993969221519424,0.8756196751913851,0.8833810199672877,0.9213078771054278,0.9177954715215189,0.9312694659357316,0.9400869911260775,0.9435104642597024,0.9460195075391938,0.9432941914255039,0.9506591351703946,0.9520850971305997,0.9580715378425133,0.95925839290537,0.962573234476752,0.9644859668632266,0.9631625469992259,0.9654287254474276,0.9722038690138819,0.9696685265667329,0.9715799526307691,0.970995457234969,0.9740945721467871,0.9741930364933404,0.9746952948739095,0.9735180270760588,0.9756484432894545,0.9757357699347934,0.9761233758611187,0.9768301265527496,0.9697251464235536,0.9762677219340213,0.9775496645637494,0.978152436461474,0.9786159279446783,0.978481214442837,0.9779023182718536,0.9782371351070769,0.9793341658171985,0.978732334664685,0.9781181238273166,0.9782697117872058,0.9802863140942272,0.9801598265746087,0.980043119767659,0.9808676814013831,0.9778813064382283,0.9814632482803195,0.9802545655467518],"std_valid_accuracy":[0.0799558536198683,0.11206664953787784,0.04390729019118792,0.024552589031634396,0.013841880414331736,0.009481728912941419,0.00761949367783094,0.01193982131343396,0.014305353525972852,0.009695494794561834,0.007685267284927244,0.0128873711768853,0.00545235682890617,0.006257837695485815,0.006562403624395827,0.008195946727556839,0.006550889095953722,0.008423020448808976,0.0051961152568150955,0.005479412758913654,0.0052051754768462416,0.0038059274226738445,0.004865470159018596,0.00572606266321402,0.004105692146687835,0.0034710111414196208,0.005526535066404879,0.004709522288743093,0.004286574606567146,0.003796794238537646,0.003686412303533276,0.004114814046240202,0.010180520742318821,0.005877049050111616,0.004768084949049242,0.004684017544338286,0.0038426238371182973,0.0041178460080171925,0.0030708563717041933,0.0024789102203148315,0.003662426251046269,0.003100908944136813,0.0032053545014206677,0.003653846432151565,0.00338339734771917,0.0035829139667362363,0.00338019753104085,0.002444954501097182,0.003886760808604679,0.0021950271460500805,0.003593485125893803],"valid_loss_dist":[0.07561522331975755,0.03686902148498071,0.07553413020386607,0.05640428354197046,0.08507644857424071,0.06035324392420074,0.0722979939736352],