{"test_accuracy":[0.0972,0.4684,0.6754,0.7682,0.804,0.8438,0.8583,0.8603,0.8898,0.8984,0.904,0.9124,0.9158,0.9206,0.926,0.9339,0.9363,0.9364,0.9394,0.9441,0.9475,0.9464,0.9521,0.9477,0.9523,0.9502,0.9528,0.9585,0.9591,0.9593,0.9593,0.9589,0.963,0.9625,0.9584,0.9622,0.9638,0.9625,0.9637,0.9661,0.9652,0.9648,0.9657,0.9657,0.967,0.9686,0.967,0.9689,0.9657,0.967,0.9694],"test_loss":[2.3084521141052248,1.6077042266845702,1.019794366836548,0.7514653350830078,0.5867356910705567,0.47295826148986814,0.431686443567276,0.40673576645851134,0.33194149065017703,0.30381116404533387,0.2915140610218048,0.2651909316062927,0.25402186896800993,0.2381392434835434,0.22241468362808228,0.20221623883247375,0.18862517013549804,0.1899207903623581,0.18579256601333619,0.16736680870056153,0.15871521410942077,0.16530282621383666,0.1509260773420334,0.15451918427944183,0.1450020504117012,0.1480751625776291,0.1400119528055191,0.12731625599861146,0.12592877907752992,0.12621381735801696,0.1246491413116455,0.12484083266258239,0.11438366965055466,0.11455981025695801,0.12426849989891052,0.12005279989242554,0.10971756463050843,0.11366370928287506,0.11177645064592362,0.10359286136627198,0.10878628644943238,0.1077425196647644,0.10542609639167785,0.10622652535438537,0.10155229214429855,0.09706756844520568,0.10114781742095948,0.0956466794013977,0.09974123501777649,0.098058323097229,0.09427233512401581],"train_accuracy_dist":[0.9609209970426701,0.9804888067364962,0.9857259380097879,0.9937395659432388,0.9867932315311597],"train_accuracy":[0.07500517705529094,0.5947815282667219,0.7630979498861048,0.835990888382688,0.8673431352246842,0.895713398219093,0.9018016152412508,0.910043487264444,0.9268585628494512,0.9321598674673846,0.9352661006419548,0.9445433837233381,0.9454545454545454,0.9472354524746325,0.9531580037274798,0.9584178919030856,0.95920480430731,0.9598674673845516,0.9598260509422241,0.9648788569061918,0.9661213501760199,0.964754607579209,0.96715676123421,0.9674880927728308,0.9687720024849865,0.9682750051770553,0.970925657486022,0.9727893973907641,0.9734106440256782,0.9731621453717125,0.9737005591219714,0.9729964796024022,0.9762269621039553,0.9762269621039553,0.9727479809484365,0.9736177262373162,0.9769724580658521,0.9766411265272313,0.9769310416235245,0.9787947815282667,0.9780492855663698,0.9783806171049907,0.9790018637399047,0.9787119486436116,0.9799958583557672,0.98012010768275,0.9796645268171464,0.9810726858562849,0.9799544419134396,0.9794574446055084,0.9816110996065438],"train_loss_dist":[0.1116234139143086,0.06039900242866102,0.04844499121725462,0.022134198563077016,0.04289787589698058],"train_loss":[2.3089316172095207,1.245123096177928,0.7315449599549252,0.5237596744877825,0.4113890940591548,0.33450884056599844,0.3109705410627727,0.2843431218881542,0.23830988678682366,0.22202564161814722,0.21083639046251712,0.18697057098279857,0.18037513485295997,0.16996637765826536,0.15681262804524304,0.14248454593358068,0.1383373437392635,0.1353476507060398,0.1363838789045354,0.11837872470615073,0.11445337682746413,0.11884299925048052,0.11112147705460908,0.10762865717541507,0.10435614883868831,0.10482753301399987,0.09655146015050817,0.09012879454267521,0.08893620459145704,0.08810826783182459,0.08691284550158325,0.087889243461474,0.0791591777161711,0.07796416642052907,0.0857464884531056,0.08417915649778429,0.07415056004641984,0.07583948340607148,0.07316532949914126,0.06730056719414367,0.07148945017782002,0.069063796392754,0.06650273108052206,0.06754032540707688,0.06388236721555228,0.06216547530392086,0.06289434276257373,0.05974496008477662,0.06174303742068158,0.062467687289878726,0.056907533954687804],"valid_accuracy_dist":[0.9569256756756757,0.9786535303776683,0.9690301548492257,0.9891485809682805,0.9851485148514851],"valid_accuracy":[0.07433097036672354,0.592165399659191,0.7622312155966074,0.841374667111798,0.8720087313404971,0.8991626386728281,0.9029720911657741,0.9100926643366101,0.9254903373364903,0.9283040518177705,0.9316165962649622,0.9385704148975664,0.9405571196777347,0.9443655097237382,0.9471801850467201,0.9518159576780528,0.9543003889120955,0.9543003236706357,0.9536384731021705,0.9584396199436938,0.9595987850977008,0.9586053922615183,0.9622481800511656,0.9615859552666235,0.9627450583568963,0.962413864755712,0.9647322349730713,0.9680435868784174,0.9678778492931595,0.9667183748190832,0.9688712926028384,0.9696992773223546,0.9711898544636158,0.9715208591023929,0.9695344231065703,0.9675463655828956,0.9720175732822538,0.9716860449572298,0.9716861289669033,0.9740040801935332,0.972845157138724,0.9731763297456538,0.9733418895557865,0.9730109637289385,0.9740042142552099,0.9745006623494532,0.9736730200655099,0.9746661273841242,0.9728451985201789,0.973176492388827,0.9758253787702802],"mean_valid_accuracy":[0.07347748879680242,0.5914244184603684,0.7622355735745747,0.8410596304337499,0.871765863180628,0.8988787781467951,0.9027696580070778,0.9099282560949751,0.9252946417579471,0.928141596047212,0.9314991778983994,0.9384068978559362,0.9403763077179477,0.9441848144239892,0.9470117896574315,0.9516658785883543,0.9542194597919416,0.9542242864129916,0.9535613273016367,0.9583331683552044,0.9595276995777479,0.9585721310878021,0.9622293621798608,0.9615120137328914,0.9626997532347945,0.9623630900118709,0.9646664240850018,0.9680117250257043,0.9678575893933437,0.9666588256110824,0.9688524195013312,0.9696963558272733,0.9711844369514037,0.9714926305154586,0.969537742319423,0.9675605090341666,0.9720053526103388,0.9716576060095024,0.9716323423031081,0.9739547559166718,0.9728261360532505,0.9731356662608045,0.9733042527389735,0.9729818085538369,0.973962212518812,0.9744626603016503,0.973631787977207,0.9746201312910443,0.972804709053723,0.9731383553394494,0.975781291344467],"std_valid_accuracy":[0.08769898556143121,0.1383416820506431,0.10043832890006002,0.07853470329404931,0.07118934197033977,0.059894956678605664,0.056698362761270264,0.05464093584396845,0.04645061531220442,0.037163208401759865,0.036240299835786846,0.035606866342921345,0.03564823091360698,0.03498803407054692,0.032039776346694165,0.0268105319012884,0.022949338139615427,0.022049937027249424,0.0250005547190785,0.023022609644305622,0.019905669655821714,0.017144035532999792,0.015453781172443877,0.02071575735798669,0.017754336190675662,0.018568997879291716,0.020775737913723617,0.015338358116987425,0.013295445619354505,0.015464282536951115,0.013287390379759923,0.011624556948425653,0.014179307405747682,0.0144957069592492,0.01566616600016719,0.009832141712540196,0.013270190521471914,0.012721041068938658,0.014971081774239623,0.013313186744379969,0.011450601203431126,0.013175749774003301,0.013041267387719732,0.01356600231962858,0.01313737226376873,0.011306136503814379,0.012831939888834604,0.011365462995884186,0.014106673758428832,0.01507144339281688,0.011625757191750902],"valid_loss_dist":[0.14219365893183528,0.07406246266977737,0.08477625875037767,0.03644751810246397,0.05497902388324832],"valid_loss":[2.309398702344199,1.2408229405935594,0.7181372104239919,0.5100662879186637,0.4031296735251459,0.32898415185932334,0.3067487513996056,0.28159362542095245,0.2376612353123113,0.22514595877138405,0.21390043801113443,0.1908624087386695,0.18537455187540444,0.17525308307126947,0.16278252143758062,0.14944747278746653,0.1460471875456485,0.1439557549249492,0.14675014592676744,0.12785033196341652,0.1244169715178774,0.130049457251636,0.12331534715143967,0.11926398191981576,0.11638515294255426,0.11763828245484839,0.10870242403297377,0.1031891980262695,0.10254515465616869,0.10209656735807579,0.10198942608930295,0.10384968575660694,0.09464463866210347,0.09377919781640713,0.10353665683396358,0.10172883802950969,0.09136642756419398,0.09453025976531439,0.09142156126354699,0.08562959552605824,0.09092012889085777,0.0878309622257316,0.08568266803353435,0.08787547185446636,0.08407212477518182,0.08228324829541807,0.08411055114517381,0.07990049060777639,0.08258830446503589,0.08465955242952768,0.07830120279641893],