{"test_accuracy":[0.0972,0.329,0.5399,0.6734,0.7312,0.7384,0.7764,0.7971,0.7967,0.7837,0.8312,0.8287,0.8379,0.8318,0.849,0.8491,0.8376,0.8501,0.8591,0.8523,0.8462,0.8393,0.8598,0.8591,0.8641,0.8613,0.8701,0.8667,0.8645,0.8635,0.8663,0.863,0.8585,0.8656,0.8717,0.8696,0.8707,0.874,0.8736,0.8711,0.8719,0.8697,0.874,0.8732,0.8722,0.8729,0.8712,0.8731,0.8773,0.875,0.8757],"test_loss":[2.3084521141052248,2.7875325485229494,1.9205741956710816,1.5583053075790405,1.442132088661194,1.3944244150161744,1.3449473503112792,1.300201866912842,1.3374652276992798,1.3756676879882812,1.287531999206543,1.278325187110901,1.284284089756012,1.3091248699188232,1.288831086921692,1.2881544898986816,1.299103339576721,1.3408621175765991,1.3058053098678588,1.3119101276397704,1.3829335695266725,1.3514808652877808,1.382997560119629,1.335753825378418,1.3799037494659423,1.363043543624878,1.3673699317932129,1.4110804256439209,1.3438806934356688,1.3701345119476318,1.3924499794006349,1.4204617975234985,1.4275488023757934,1.4313229046821594,1.4348243000030518,1.4681884565353394,1.466569425010681,1.4954206287384033,1.5113137313842773,1.5131971225738525,1.5106701778411866,1.5482436824798584,1.5523291494369507,1.5712129055023194,1.5801766441345215,1.579803232383728,1.5985340084075927,1.6203418878555298,1.6143447448730468,1.6319785839080811,1.6405078680038452],"train_accuracy_dist":[0.9916394779771615,0.9801752921535893,0.9890526315789474],"train_accuracy":[0.12508652914301538,0.4919700955281739,0.7258064516129032,0.8275647237989755,0.8639761871798421,0.8729059947390281,0.9017028935345425,0.9192856153952651,0.9224006645438183,0.9037795929669112,0.9424062024089713,0.938322026858646,0.9442752318981033,0.9457289215007615,0.9583967880382113,0.9559047487193687,0.9479440675619548,0.9609580506714661,0.967534265540634,0.9635193133047211,0.9554201855184826,0.947736397618718,0.9699570815450643,0.9689879551432923,0.9732105773224422,0.9718953343486086,0.9793714523051363,0.9761871798421708,0.9723798975494947,0.9727952374359684,0.9759102865845216,0.9732105773224422,0.9708569846324242,0.9768101896718815,0.9815173750519175,0.9798560155060224,0.9817942683095666,0.9844939775716461,0.9831095112834003,0.9826941713969265,0.9838017444275232,0.9809635885366191,0.9837325211131109,0.9845632008860584,0.9838017444275232,0.9840094143707601,0.9830402879689879,0.9844247542572339,0.9871936868337255,0.9860168904887165,0.9869860168904887],"train_loss_dist":[0.02514873524036921,0.0566183038814637,0.03242382120262635],"train_loss":[2.3050274759485636,1.6614344948367632,0.8345708022582371,0.5121199916261692,0.40234059299208624,0.3848013056087045,0.29499730491727305,0.24553399089794484,0.23459919271303414,0.29026203631744085,0.17448683093785083,0.18209424529497467,0.1635316602001721,0.15801104777996086,0.12759044232105063,0.13149554954454143,0.15045129326956763,0.1159515999929076,0.09746871130273033,0.10836800885331709,0.1297656398771477,0.14728037948821632,0.0880671671292433,0.09101183514020358,0.07867906634066221,0.0836904218494397,0.0633927999637071,0.07039113319243616,0.0771374421053137,0.07716913408649177,0.06890179962744991,0.07557405880159178,0.08322261430959564,0.06690132268166156,0.054047716684277394,0.057369872968410264,0.05336953352950591,0.04616147184247548,0.049464583214334744,0.049754848112945955,0.04820688592666374,0.05416952463226125,0.04591236107936406,0.04581825346761375,0.04758547025816635,0.04652084426514193,0.048141402217556806,0.04375355982479669,0.03655950466556949,0.03970182817890904,0.03797988789500345],"valid_accuracy_dist":[0.9779951100244498,0.9766277128547579,0.9797979797979798],"valid_accuracy":[0.12480155062868462,0.4865538836272776,0.7237466147959725,0.8297596854966903,0.8665822435483803,0.878205637730952,0.9011797686513102,0.9188969101838275,0.9213864301257466,0.9025691941971167,0.9415965358693815,0.9407668901180188,0.9460278323803291,0.9451913573566186,0.9582048594993524,0.9540539874197942,0.9479628019017777,0.9593114059166202,0.9642948001454192,0.9618020912342029,0.9548851037099828,0.9490725224718306,0.9659545800231778,0.9656773445610857,0.9689998157612307,0.9670610099028792,0.9714907119291782,0.9703843911787869,0.9687238399876004,0.9670621604620305,0.9712145104886709,0.9689994735567878,0.968169369063416,0.9712144013593608,0.9731526467546489,0.973705632323495,0.9739823073225233,0.9759191913082959,0.9748131979458357,0.9753663074605039,0.9748128705579046,0.9723220909275239,0.975920327050935,0.976473997028667,0.975919984846492,0.9753663074605039,0.9756434337932858,0.9756433172557195,0.9789645509921713,0.9767505406736171,0.9781343225529769],"mean_valid_accuracy":[0.12448497329302473,0.48563718969570613,0.7230849591987347,0.8293293004496681,0.8663207358207039,0.8778743634738345,0.9009071480080619,0.9187177555495167,0.9212058929432901,0.9022764681050769,0.9415131977110445,0.9406799150793148,0.9460115454617973,0.9450710599181359,0.9581803002717786,0.9540114533903421,0.9478807716892653,0.9592805640112819,0.9642804430466699,0.9617452804022242,0.954881851153551,0.9490505814911611,0.9659038586914169,0.9656213830727723,0.9689874862486646,0.9670064645312036,0.9714812996566203,0.9703876121224105,0.9687130287444857,0.9670055643400923,0.9712002659471478,0.968983252143654,0.9681480775071969,0.9711913476415711,0.9731502986428677,0.9737006555603974,0.9739610604628776,0.9758918146382719,0.9748248820207926,0.975361636432179,0.9747981271040622,0.9723019715958232,0.9759134352588804,0.9764722603864314,0.97590920115387,0.975361636432179,0.9756351937452467,0.9756375358455299,0.9789618396893766,0.9767575282009145,0.9781402675590626],"std_valid_accuracy":[0.08626850358773225,0.07315919812591398,0.08669178468922438,0.06713880339079442,0.03189492177003693,0.03554616095179156,0.031028335025094406,0.021117061574707826,0.026165185448407437,0.021702832283823307,0.009708238011972369,0.007786264575399071,0.0013022733123039284,0.020559893477844877,0.005277103967585393,0.003168911351051683,0.008589499538404152,0.007226891213456585,0.002523760326608584,0.007595187493091704,0.0002588959965345304,0.0016864334772320388,0.0050532442304582524,0.0064193190821041,0.0034513511174738033,0.007185100443401736,0.00404816364446048,0.0016207126007121801,0.0008079180618150591,0.004314810744597653,0.0016338636749342532,0.004628702553336084,0.003523416380316452,0.00201515919784679,0.000776866116547035,0.0014717028722174607,0.0017180627466992105,0.0032904888052066403,0.0011387122051169376,0.0014659528880665233,0.0011115924433011315,0.0018599580731164318,0.0008313991929894435,0.0007684791075618392,0.0009348593440694555,0.0014659528880665233,0.0006697596128900963,0.0005753608939155063,0.0010625839960243905,0.000987528208972354,0.001298319723132545],"valid_loss_dist":[0.07590955611813234,0.08082621916506645,0.08906362082821753],"valid_loss":[2.3047046373054982,1.6821910825125623,0.8414294667532185,0.5184817793608677,0.4058399387755684,0.38541073643305335,0.2996792641661474,0.25109261347547607,0.2432652902648458,0.29692501699930435,0.18597706841042702,0.19272115697017347,0.17686262406277908,0.1731028980418791,0.14318739349731271,0.14865420478865485,0.16796580387205823,0.1354290245922107,0.11896922087461306,0.1301921753334388,0.15054936398271443,0.1727083093608423,0.11389423738658899,0.11752850060394683,0.10469947863657769,0.11083618226859883,0.08975431165682948,0.1002995152385385,0.1077200037431872,0.10797966917582333,0.09945823184073357,0.11030007674663214,0.11821298801704577,0.10190329601571742,0.08840381366684764,0.09212601853041082,0.08885642167926422,0.07963656975814584,0.08585980696784519,0.085989800745948,0.08606114775996458,0.0935722292847035,0.08544658045736077,0.08435843630984671,0.08816957864102414,0.08853156783797371,0.09111172469546851,0.08561797096797355,0.07707959104537955,0.08274563227038725,0.08186570015065436],