{"test_accuracy":[0.0972,0.5798,0.7578,0.7829,0.8314,0.837,0.8491,0.8467,0.8381,0.8834,0.8986,0.9027,0.9105,0.906,0.921,0.9269,0.9232,0.9383,0.9329,0.938,0.9419,0.9416,0.9455,0.9442,0.9481,0.9491,0.9558,0.9548,0.9533,0.9544,0.9556,0.9586,0.9596,0.9571,0.9565,0.9594,0.9605,0.9602,0.9658,0.9633,0.963,0.964,0.965,0.9632,0.9629,0.9635,0.967,0.9689,0.9671,0.9655,0.9667],"test_loss":[2.3084521141052248,1.3446557510375976,0.8840998506546021,0.7058290838241578,0.5791288022041321,0.5028920646667481,0.4454739188671112,0.44357171177864074,0.4438244480133057,0.3388068703174591,0.29639536757469176,0.2824457975387573,0.2581729810714722,0.27126863541603086,0.2318984651327133,0.2109150810480118,0.21914518070220948,0.18101869060993195,0.19320752997398377,0.17823132874965666,0.1700696435213089,0.17219426522254944,0.1625632711648941,0.16312505006790162,0.1542295547246933,0.14819123659133912,0.13159700993299484,0.13692923922538758,0.13940089192390442,0.13382825663089754,0.13288664174079895,0.12874879155158997,0.12393823277950287,0.12791730954647065,0.12946527948379516,0.1205884934425354,0.11715804743766785,0.1269174934744835,0.10670557630062104,0.11237325844764709,0.11587112712860108,0.10865395283699035,0.10589745545387268,0.10936464214324951,0.11242876678705216,0.11132764711380005,0.10172382599115372,0.09683307021856308,0.10277156279087067,0.10069925374984741,0.10150341128706931],"train_accuracy_dist":[0.9852133502323617,0.9905505341002465,0.9865814696485623,0.9575856443719413,0.9936029715229054],"train_accuracy":[0.03809206969684368,0.6628269638624361,0.8306649478105377,0.8427662494282031,0.8907971888385245,0.8971597288643074,0.9068906724331517,0.904603484842184,0.8920447457063251,0.9241901276666528,0.9350438724165177,0.938287520272799,0.943984696635755,0.9421549465629808,0.9495571173119308,0.9527175947103589,0.9535077140599659,0.9591633051939951,0.9587058676758016,0.9613673223271094,0.9636545099180771,0.9640287769784173,0.9661496236536782,0.9644862144966108,0.9681457146421591,0.9686447373892794,0.9729280159687279,0.9718052147877074,0.9727616750530211,0.973052771655508,0.9732606978001414,0.9738013057761883,0.9755063001621824,0.9754647149332557,0.9741339876076017,0.9765043456564229,0.97754397637959,0.9761300785960827,0.9795816525969976,0.9787499480184638,0.9782925105002703,0.9803301867176779,0.9801222605730444,0.9794984821391441,0.9798311639705577,0.9801638458019711,0.9817856697301118,0.9821183515615254,0.9819104254168919,0.9822015220193787,0.9826173743086456],"train_loss_dist":[0.04417524973727703,0.0339369493718018,0.044810596307991536,0.12821813889127376,0.022594489854442595],"train_loss":[2.317228707522817,1.110782797308718,0.6334409138048573,0.505430728252868,0.38255522277725307,0.33525651085945346,0.29313591159497515,0.29244746612083217,0.30650262466640776,0.22916451301582935,0.20135626898201736,0.19230581450874792,0.17711568494859237,0.18043280589846744,0.15856513985180828,0.14589932899972172,0.14481762388372002,0.1258345288272736,0.12966773491401595,0.1206815306506405,0.11645583866175165,0.11304016710340856,0.10842848688626769,0.10952893934792905,0.10026880037162678,0.0986275714075607,0.0876584168926799,0.08870337613099848,0.08632863960497447,0.08535591553894031,0.08418936499342153,0.0817010150235914,0.077538378116876,0.07763970358358499,0.08021454266429533,0.07415996315350065,0.07119543378389655,0.07539404307617908,0.06424246733021294,0.06642668150855201,0.06731876012940324,0.06273197484035256,0.061811431624274465,0.06334065879393146,0.06357212913095463,0.06189612310257204,0.05813898219428261,0.056163154255462304,0.05661087029183234,0.056592698425890944,0.05501688786217226],"valid_accuracy_dist":[0.9822635135135135,0.9827444535743632,0.9821124361158433,0.9372453137734311,0.990924092409241],"valid_accuracy":[0.03989014580861172,0.6557982455088405,0.8242573857423053,0.8383852135529137,0.8894412525183827,0.8940977198878068,0.9042408989089589,0.8985877163483047,0.8892772224358885,0.9246876251682654,0.9330001743123135,0.937655752618716,0.941313233733023,0.9383216224200801,0.946632289818041,0.9514540000992181,0.9511229195759747,0.9562750253449296,0.9556108391651655,0.959767606417947,0.9612629288515521,0.9607643350179562,0.9635901645654816,0.9627591759469197,0.963424567831954,0.9639219185042827,0.9687437572079876,0.9682456823515769,0.9685786210280457,0.9682451177536703,0.9685781350717649,0.9694086379210505,0.9712380355705453,0.9699081663183307,0.9690768755859429,0.9707388620716647,0.9717367398775469,0.9700736623704098,0.9738983768089741,0.9720697013716256,0.9719031618430544,0.9730668061197972,0.9738981460199373,0.9724014861029111,0.9733992538615333,0.9733993573075121,0.9743962719161651,0.9752278381080176,0.9747293865051028,0.9747296691092084,0.9748959342577844],"mean_valid_accuracy":[0.03918763473427902,0.6538200310694962,0.8240052080229361,0.8382901181712332,0.8898492087283053,0.8946186440571836,0.9047795032024769,0.899028634285895,0.8900646222056474,0.9250798778062539,0.9334142944267372,0.9380236302722047,0.9416686780130105,0.9386974048187054,0.9469493894818685,0.9517144308705703,0.9514778420966351,0.9564934289399629,0.9558748016183574,0.9600448623013046,0.9614526230717209,0.961006090226088,0.9637731072099603,0.9629529524191207,0.9636249407973836,0.9641289036257333,0.9689171449457833,0.9684287420349627,0.9688038189724324,0.9684005987738905,0.9687355257947242,0.969580798769821,0.9714263406812365,0.9701001070979034,0.969260571889152,0.9708873392861872,0.971871452673839,0.9702274869962574,0.9740366591415404,0.9722594431438807,0.9720776921930373,0.9732190010878975,0.9740174611074371,0.9725385299108339,0.9735350778267463,0.9735358386948418,0.9745334117795442,0.9753725836238643,0.9748933087400597,0.9748710847966633,0.9750579618772784],"std_valid_accuracy":[0.0741570368539895,0.1349280809177189,0.08543344246999154,0.05501743615706963,0.07567644349184714,0.07924150835052211,0.07682437464284539,0.07871818463633759,0.0906484518060659,0.05560502844469692,0.050115970969834785,0.046680534480294585,0.0443912274997333,0.04979475952943458,0.037088617033792265,0.03380157993334018,0.04137944199529239,0.02936237755289518,0.03344919163384042,0.03247672589731892,0.027017487249146325,0.02796788003372861,0.024347290416023286,0.02552031543074155,0.026711719376988945,0.023051309815872546,0.02024927754315481,0.023329014642502588,0.02489356026403962,0.02123061213324062,0.021877332919350314,0.020381848550110777,0.021050819121767796,0.021995660786303627,0.022521894231874236,0.019528872944220448,0.019116189946770397,0.020675959620198452,0.018711944680263087,0.022387901568597466,0.02106613672463582,0.0192109261327074,0.017608466996384676,0.018133539485561144,0.018690641756647572,0.018609016817451914,0.017325548962319224,0.017045808715659853,0.018734618882413557,0.018796248062646907,0.01919530250064864],"valid_loss_dist":[0.06188609818550381,0.04894432312546446,0.06018233482664042,0.1865473761608082,0.02676632968407653],"valid_loss":[2.3176507889429856,1.1093465703421843,0.6299034169434292,0.5032019058593584,0.38167545524759433,0.33557534904034986,0.29398978341194704,0.29658579161380694,0.30994764300455313,0.23284838028951999,0.2052270570858427,0.19753592109167217,0.18348630820078285,0.18819744848901318,0.16590475352245435,0.15349931939650027,0.15346549862607128,0.13465082192172764,0.13964894518436238,0.13059657050217638,0.12751684484237122,0.12359560811745957,0.11970167907760483,0.12035502602129994,0.11243358130823046,0.1109270135648201,0.1003049978773823,0.10199264492649314,0.10016761592601614,0.09954478253152299,0.09963569799414781,0.09727699846273935,0.09304725546708993,0.09355054983032285,0.0966937895881087,0.09091952529352727,0.08920678829517809,0.09446222864893591,0.08194741889571901,0.08438692203562569,0.08596459225716177,0.08122216741580296,0.08139676380016185,0.08301165528175783,0.08431880014876586,0.08279945268776744,0.07809582987052008,0.07717488656517199,0.07726770405193908,0.07862124840111272,0.07727881990009777],