{"test_accuracy":[0.0972,0.5903,0.8075,0.8452,0.8997,0.9236,0.9154,0.9306,0.9391,0.9434,0.9449,0.9474,0.9577,0.9586,0.9628,0.9634,0.9659,0.9653,0.9663,0.9696,0.9703,0.9718,0.9736,0.9747,0.9738,0.9773,0.9775,0.9757,0.9767,0.9701,0.9784,0.9798,0.9799,0.9808,0.9819,0.9805,0.9817,0.9807,0.9825,0.9819,0.9807,0.9819,0.9814,0.9823,0.9832,0.9835,0.9846,0.9838,0.9838,0.9845,0.9833],"test_loss":[2.3084521141052248,1.2560905696868896,0.6417122813224793,0.47927500772476195,0.33697293787002564,0.268470299911499,0.2691355317115784,0.22134044685363768,0.19936727323532105,0.1843809180021286,0.18278678405284882,0.17314373095035554,0.14013201149702073,0.13313414405584334,0.12559847602844237,0.12078022578954696,0.11054785615205764,0.11093872916698456,0.10988987181186675,0.09911416683197022,0.09649589272737503,0.09213227100372315,0.0869196670293808,0.08195081048011779,0.08338076593875884,0.07583359094858169,0.07558212087154388,0.07468012006878853,0.0741857840538025,0.09032431668043137,0.07104329289197922,0.0670438797712326,0.06505251898765564,0.06454094858169555,0.062088704991340636,0.06171568346023559,0.060194984698295595,0.06141380295753479,0.05776650939583779,0.05991142980456352,0.06164415544271469,0.05800416929125786,0.05978814814686775,0.05693338621854782,0.05472234293222428,0.054011981767416,0.053011362159252166,0.0527866782784462,0.05204098205566406,0.051946401131153105,0.05189789837598801],"train_accuracy_dist":[0.9826784959864808,0.9862394742246868,0.9938373048479868,0.9833865814696485,0.984094616639478,0.9867368421052631,0.9867932315311597],"train_accuracy":[0.08132834313550763,0.6267450840610705,0.8170557832828372,0.8491356264480485,0.9030178815422087,0.9234836333392741,0.9156418938988891,0.9335828432246183,0.9404443652349551,0.9447216776569833,0.9448701954494149,0.9488207687280936,0.958355611002198,0.959900196043486,0.9630784768015208,0.9636131408542743,0.9674151963405216,0.9671181607556585,0.9657220935068022,0.970652884215529,0.9703855521891522,0.97249450484168,0.9740687934414543,0.9750193073130161,0.9755539713657696,0.9773064813164617,0.9775738133428384,0.9780787738371057,0.9790886948256401,0.9726430226341116,0.9792966197350442,0.9805441691914691,0.9810491296857363,0.9818511257648667,0.9824451969345928,0.9832174894552368,0.9832174894552368,0.9827719360779421,0.983722449949504,0.9835145250400998,0.9835739321570725,0.9844650389116616,0.9839006713004218,0.9846135567040931,0.9853561456662508,0.9851482207568467,0.9859799203944632,0.9861878453038674,0.9862769559793263,0.9862769559793263,0.9862769559793263],"train_loss_dist":[0.05094002731723603,0.043546885343811355,0.02362503945956048,0.0471912284779409,0.052164000846433405,0.048513866132811494,0.040512019361696405],"train_loss":[2.3103295363455274,1.18926271993988,0.6152660937871708,0.46291245511174023,0.3298847196039538,0.26825777357475705,0.2671149434635879,0.21969210394893124,0.1993045999454367,0.18662365033283368,0.18219616038458436,0.16936022116215776,0.14073332881627218,0.134076496345309,0.1249928180430865,0.12059221599601364,0.1110670313043018,0.11043654848327224,0.11158857305218764,0.09815340749806548,0.095837118574492,0.09130316425424924,0.08608408338559426,0.08107743364365026,0.08076308117574714,0.07503787043793723,0.07446182428737509,0.07231663398379146,0.07078351684590538,0.08467888449936324,0.06730398129925654,0.06377006626445002,0.062288656025666404,0.060988804259400724,0.05834684570079333,0.05692365885841838,0.0557683644910225,0.05731554149294228,0.053332928018836434,0.05410158747761445,0.05494102001990659,0.05202904643157509,0.0529691670783763,0.05021692350372227,0.04789650506105214,0.04769940592531376,0.045837407080089355,0.045247047127084584,0.04463263259994692,0.04439089662549061,0.04373325473654223],"valid_accuracy_dist":[0.9788851351351351,0.9835796387520526,0.9893179950698439,0.9863713798977853,0.9714751426242869,0.9781144781144782,0.9834983498349835],"valid_accuracy":[0.07955650108135799,0.6272039384346899,0.8211448810298869,0.8470410041870322,0.9015499682210121,0.9239949782914507,0.9133040070761105,0.9318336029110612,0.9394341193099601,0.9434706187584322,0.9433523916610074,0.946439757215461,0.9566532658468949,0.9573661450515419,0.9614040438088198,0.9623545682951268,0.9657974612048843,0.9653231069921405,0.9646088206960775,0.9681729605763078,0.9681731916879351,0.9698356939455358,0.9710228281322241,0.9735171131474748,0.9719735591064872,0.9757735993079548,0.9764857573012045,0.9744674581536714,0.9752986593592766,0.9695996076686425,0.9764861926968941,0.9785050496597933,0.9785051794443206,0.9786239623600705,0.9794550477068856,0.9798112768983637,0.9796924880085489,0.9793359903250085,0.9804050075197759,0.9807613704876675,0.9800485307119465,0.9817114464702502,0.9806425312539839,0.9808802089560883,0.9819488021400693,0.9815926062463488,0.9827800617895655,0.9820675710532654,0.9825427517885884,0.9817113194453361,0.981592585790031],"mean_valid_accuracy":[0.07907081234304594,0.6249038233613594,0.8207089076653625,0.8468443656962249,0.9014465923713713,0.923944935953892,0.9133094600914082,0.9318356082162326,0.9394458249974634,0.9434597840932967,0.9433635722429099,0.9463419098067092,0.9566705964514243,0.9574016566109934,0.9614756403955769,0.9624535653058354,0.9658313214531764,0.9653562441502318,0.9646122518031767,0.9681986676361481,0.9682232331650727,0.9698579579111569,0.9710594450209863,0.973557049790359,0.9720089280075982,0.9758125163219414,0.9765076658521953,0.9744905416414219,0.9753410854779337,0.9696747689274892,0.9765172153515179,0.9785428218282288,0.9785241406078498,0.9786580960669407,0.9794947903851507,0.9798314290450342,0.9797126998099445,0.9793727012201751,0.9804153929297464,0.9807809611945598,0.9800925336183584,0.9817250814895939,0.9806659099109707,0.9809021521548541,0.9819751599499474,0.9816124113965048,0.9828016872914889,0.9820842397777657,0.9825629951260338,0.9817388472389439,0.9816060170612236],"std_valid_accuracy":[0.08894430853012554,0.179475857133083,0.04393101094032588,0.06179672391715071,0.03314381700750451,0.0253460872022601,0.012097410986246239,0.023954435030736423,0.020270600195889,0.013538154634429133,0.01690352502112554,0.01901352525975144,0.011749727281862148,0.013081131667600285,0.013119343783582978,0.0138025983861072,0.008469009380259308,0.011622894362072669,0.004639139699468991,0.008699340573342257,0.010730928124486743,0.009679359890903246,0.006472935886819089,0.007880113460690723,0.009948196239294249,0.007694941747870892,0.005861511319570057,0.00959261781460818,0.008085095119210708,0.01576057973591294,0.007651437083914569,0.006973243968717322,0.007806914708456436,0.00732148020755082,0.006067770348290351,0.006734861639905292,0.006402901407255943,0.005302008385050857,0.006364989987018453,0.005997453231795279,0.004874289435163307,0.006110815780638464,0.005653048553928539,0.006499912904856409,0.004797393378522079,0.005591401132072006,0.0050091020007111174,0.005285110323316616,0.005601815197058303,0.005284936083036814,0.005501792606622672],"valid_loss_dist":[0.06258110722174516,0.04956461692287025,0.032071800674438086,0.05585970977413289,0.08536670825762192,0.07770711150936005,0.048072999478517585],