{"test_accuracy":[0.0972,0.403,0.5712,0.7254,0.8002,0.8373,0.8758,0.8941,0.8992,0.9125,0.9126,0.8199,0.9203,0.9258,0.9326,0.8771,0.91,0.9408,0.94,0.942,0.9403,0.9435,0.9426,0.9388,0.9493,0.9482,0.9489,0.9541,0.9555,0.9502,0.9605,0.9541,0.9587,0.9594,0.9587,0.9587,0.9551,0.9607,0.9609,0.9595,0.9641,0.9637,0.965,0.9635,0.9612,0.9641,0.9622,0.9631,0.9626,0.9655,0.9683],"test_loss":[2.3084521141052248,2.0876591945648193,1.102141248703003,0.7297116397857666,0.5538933616638183,0.4634302947998047,0.38397690653800964,0.3371176506519318,0.2967879677295685,0.2866018776416779,0.2658731288433075,0.5276009651184081,0.24517468986511232,0.23466509432792665,0.2133395750284195,0.36788586053848266,0.2849626677274704,0.18492739243507386,0.1905872354030609,0.18435121344327926,0.18740837736129762,0.18080924944877624,0.1781823889017105,0.1917136078596115,0.15369723632335663,0.15743328351974487,0.1550087917804718,0.14306157603263855,0.1405390289068222,0.14930485367774962,0.1289026387453079,0.14523180780410766,0.13184189734458923,0.12862350585460663,0.12758474798202515,0.1302689860343933,0.1361021900653839,0.12118016984462739,0.12335317759513854,0.12510785721540452,0.1156792032957077,0.11656979418992997,0.11103623607158661,0.11962384345531464,0.12229597325325012,0.1142878309726715,0.12103467018604279,0.11594443182945252,0.11734661965370179,0.11067384281158447,0.10278962340354919],"train_accuracy_dist":[0.9873257287705957,0.9548161840213596,0.9951405028523136],"train_accuracy":[0.12883649553571427,0.5471540178571429,0.6963588169642857,0.8019670758928571,0.8528180803571429,0.8767438616071429,0.9033203125,0.9175502232142857,0.9148297991071429,0.9308035714285714,0.9321986607142857,0.869140625,0.9404296875,0.94482421875,0.9483816964285714,0.9091796875,0.93310546875,0.9557756696428571,0.9552873883928571,0.9579380580357143,0.95703125,0.9573102678571429,0.9589146205357143,0.9441266741071429,0.9630301339285714,0.9629603794642857,0.9633091517857143,0.9673549107142857,0.9676339285714286,0.9636579241071429,0.9714704241071429,0.96923828125,0.9693080357142857,0.9716796875,0.9712611607142857,0.9711216517857143,0.9685407366071429,0.9722377232142857,0.9739118303571429,0.9718191964285714,0.9755161830357143,0.9761439732142857,0.9767020089285714,0.9757952008928571,0.9732142857142857,0.9762137276785714,0.9764229910714286,0.97705078125,0.9748883928571429,0.9773995535714286,0.9788643973214286],"train_loss_dist":[0.03703563745370836,0.12680535779110239,0.018722008904310354],"train_loss":[2.3056469482669075,1.5701024053684836,0.8257186272821855,0.5507569852634333,0.42809228023075513,0.3586173379995411,0.3023727345924791,0.2670017753106159,0.2554430282751647,0.2277549083633598,0.212677432563396,0.38650210094160037,0.19365113198260328,0.18436233458253679,0.16796462929336745,0.2715228318816766,0.21234072768805032,0.14538184958759562,0.14558240679902415,0.14143919582628378,0.1409209493857426,0.13604120402357825,0.13310957682084076,0.1732170336882908,0.11604152915580405,0.11704268483611356,0.11344618458523266,0.10499746667197282,0.10202112713679005,0.10729503140594586,0.09352695509200462,0.10274332005038948,0.09338117669358326,0.09037615781289787,0.08881891104218605,0.08971801838171294,0.09405795306266944,0.08526528183678497,0.08287413781895989,0.08357846530335726,0.07675697877987529,0.07607885137057176,0.07216357182837133,0.07698406569462739,0.07698827261947372,0.07332263925737996,0.07519178350594302,0.07125348564519689,0.07294382671222722,0.06695483340484185,0.06147832470248561],"valid_accuracy_dist":[0.9856418918918919,0.9392446633825944,0.9907094594594594],"valid_accuracy":[0.11822991411331832,0.5362567782259198,0.6971628440234271,0.7978310025898957,0.8474666146274155,0.8689385749742453,0.8934770025400617,0.9121605169166137,0.9116034040954032,0.9297276362715822,0.9277765480211426,0.8549953009186785,0.9355844335557661,0.9408821895204741,0.9467385993636973,0.8993330391630037,0.9269395582976626,0.9509213391322936,0.950921599167575,0.9545465977931029,0.9500849530621459,0.9500852180311326,0.9537101626761219,0.9436707489659698,0.9595662585035252,0.9570563201872372,0.9601239357986449,0.961239270944282,0.963470358278747,0.9584509282915936,0.9679316251459354,0.9623547581641235,0.9651433266063753,0.9662587647793839,0.9651432726258371,0.9640278344528286,0.9615180090313226,0.9662583967830256,0.9676528870588949,0.9651433266063753,0.9690471712800207,0.96876843319298,0.9690472841748026,0.9682107950772832,0.9651434934816956,0.968489420269542,0.9668162900002988,0.9679319980759988,0.969326007460728,0.9690472743073923,0.9715568396936167],"mean_valid_accuracy":[0.11770329442743237,0.5396797659728695,0.7006931500465984,0.8002984511605201,0.8492715313836005,0.8704543521353866,0.8945768428527049,0.913093666326425,0.9125620386396248,0.9303429044808356,0.9286000902380213,0.8566292585689137,0.9363257962395893,0.9414705653929792,0.9473198568026154,0.9004575696386041,0.9277476367993609,0.9514406648027337,0.9514956767111938,0.9550534216482491,0.950658940960665,0.9507060940250596,0.9542559801180491,0.9439558092575334,0.9600424007751593,0.9575321935235728,0.960613322682288,0.96169229574402,0.9639366891522064,0.9589555688693618,0.9682761579313303,0.9628105630260801,0.9655630075888696,0.9666655571827985,0.9655551487448039,0.9644525991508749,0.9619502507433543,0.9665948275862069,0.968018202931996,0.9655630075888696,0.9693944252133907,0.9691364702140565,0.9694022840574564,0.9685969836831906,0.9655787252770011,0.9688470798384592,0.9671971848695987,0.9683390286838564,0.9696838155889881,0.9694180017455879,0.9718653382446485],"std_valid_accuracy":[0.08084262818524125,0.2651332959204711,0.26754970395129074,0.18541405237254777,0.13589635309670203,0.11383359461994746,0.08313430466969901,0.07037020225589888,0.07176506160333589,0.047426556204108426,0.062112030876995725,0.12329543195634127,0.05602478002545507,0.045076967560657835,0.0438866856828928,0.08521925913484847,0.06163780282600994,0.03930544828939,0.0432256149383375,0.03823509025393941,0.043302528184618765,0.046636501219654014,0.04108762611862558,0.021331040782689856,0.035687641943415484,0.03585388871640928,0.0367522817110003,0.03404490140651468,0.03491890733540427,0.03779682146822577,0.025983093208092882,0.034221025375760925,0.03147460439450161,0.030490169486746658,0.030919110895041995,0.0319090981842017,0.0325744567595122,0.02542940724275061,0.027451475099063014,0.03147460439450161,0.026075427760001116,0.02757666458062642,0.026585385191491246,0.02891580035402606,0.03257056246092224,0.026917026941242112,0.02868164140694296,0.030473356996910464,0.026928066946714804,0.027798883121499904,0.023158891476131524],"valid_loss_dist":[0.057061648248015226,0.17758918899816442,0.028110906985160465],"valid_loss":[2.3074576883242632,1.607247954659313,0.8375460109071237,0.5626228542929109,0.4341506863648253,0.3678594313667962,0.309065800887251,0.2715858567456009,0.25742519610109765,0.2329558747911169,0.21766871129086282,0.41330713050172274,0.19980914801899669,0.19101389364538718,0.17554427851629176,0.2947088432854453,0.22602175979786204,0.15507388925674517,0.15683343681763998,0.1522680670309287,0.15401538163208048,0.15082282870092265,0.14839682034035187,0.1846266602392848,0.13045845005764214,0.1325725017441349,0.13057232559567797,0.12191531354430145,0.11952498757527555,0.1266617489785731,0.11024120971737107,0.12167201391523105,0.11304954698491695,0.1097877570058163,0.10961271541430813,0.11113142999689447,0.11621823491587394,0.106421638144626,0.10513725597115255,0.10717195270507103,0.09983414809647317,0.09944263914633526,0.09691934871247439,0.1019871026154191,0.10384654038883132,0.09921720303763924,0.10257777471597443,0.09922735750187632,0.10055006329904821,0.0946812128842089,0.08843893183586293],