{"test_accuracy":[0.0972,0.4409,0.5668,0.6986,0.7919,0.8313,0.8553,0.8122,0.8816,0.8957,0.85,0.9156,0.9198,0.927,0.9309,0.9092,0.9344,0.9292,0.9342,0.9456,0.928,0.9357,0.9507,0.9528,0.932,0.9536,0.9547,0.9515,0.9585,0.9575,0.958,0.9582,0.9549,0.9624,0.9605,0.9636,0.9613,0.9633,0.9612,0.9649,0.9609,0.9613,0.9633,0.9635,0.9652,0.9634,0.9647,0.9662,0.9658,0.9654,0.9572],"test_loss":[2.3084521141052248,1.7129316635131835,1.1533408611297606,0.8367750450134277,0.6028531338691712,0.4923543695449829,0.430053334236145,0.5152125906944275,0.34604888734817507,0.31144802494049073,0.4151648813247681,0.2504177628040314,0.23571139147281647,0.21838698239326476,0.20890164935588837,0.26109130330085756,0.20529590265750886,0.21885045714378357,0.19410127720832826,0.16312489080429077,0.22522497551441192,0.1910332588672638,0.1493237022638321,0.14339578231573105,0.2096581093788147,0.1438015912771225,0.137736931681633,0.14876735138893127,0.12897980089187622,0.13007079565525054,0.13071854515075684,0.13079481966495513,0.13913322865962982,0.12121572548151016,0.12490389063358306,0.11605457727909088,0.1211931794643402,0.11590560398101807,0.11942752016782761,0.11655881494283676,0.12503567795753479,0.12475176305770874,0.11845560847520828,0.11733736069202423,0.11317867982387543,0.11715171709060669,0.11449072598218918,0.10770444056987763,0.10795947878360748,0.10928610934019088,0.14171199567317963],"train_accuracy_dist":[0.9956861133935908,0.9475789473684211,0.9810152703260421],"train_accuracy":[0.06422842920353983,0.5751521017699115,0.6840431415929203,0.7800055309734514,0.8422981194690266,0.8738938053097345,0.8884817477876106,0.8199668141592921,0.9098451327433629,0.9206305309734514,0.8751382743362832,0.9379839601769911,0.9416482300884956,0.9459347345132744,0.9474557522123894,0.9269911504424779,0.9516039823008849,0.9460730088495575,0.9543003318584071,0.9626659292035398,0.9489076327433629,0.9543694690265486,0.9663301991150443,0.9684734513274337,0.9507051991150443,0.9689574115044248,0.9704784292035398,0.9678512168141593,0.9718611725663717,0.9735896017699115,0.9734513274336283,0.9730365044247787,0.9715846238938053,0.9760094026548672,0.9753180309734514,0.9775304203539823,0.977253871681416,0.9779452433628318,0.9775995575221239,0.9785674778761062,0.9769081858407079,0.9775304203539823,0.978429203539823,0.9787748893805309,0.9797428097345132,0.9792588495575221,0.9803650442477876,0.9817477876106194,0.9810564159292036,0.981816924778761,0.9749723451327433],"train_loss_dist":[0.015904166696680405,0.15016698724972574,0.057991079548685154],"train_loss":[2.31196488693884,1.3228435910562366,0.8642103506449973,0.6267351868760204,0.4606440377677173,0.3748111293869571,0.327584473663463,0.46310137980411537,0.26337950904771223,0.23455142454590353,0.339060876854341,0.18910530891961755,0.1757264095039181,0.16182200259125207,0.1552345008780949,0.20602630967566893,0.14614923837578203,0.16031972853367968,0.1374046244530782,0.11373588471545681,0.1553329336611488,0.13299556353862965,0.10178564011378922,0.09600267350566533,0.1436399424024157,0.09349723574365448,0.08872592368521687,0.09419608039037629,0.0823545362171923,0.08108433686321462,0.08014715019617626,0.08019240435204608,0.08367497476839782,0.07167913218387362,0.07322343107131599,0.06729733583463801,0.06848058951668343,0.0652466251469007,0.0670531219339196,0.06367330276458813,0.06888952885292866,0.06655291864464051,0.06352412801975615,0.06216892644616701,0.058524358285121224,0.06141901382840593,0.05861549016857825,0.05352662074940065,0.054848569320139796,0.05381900877475458,0.0740970301720524],"valid_accuracy_dist":[0.9868529170090387,0.9436026936026936,0.9727722772277227],"valid_accuracy":[0.06026223704597598,0.5659777307007987,0.683198518966941,0.7835476509487231,0.8523795237654296,0.8827889356966672,0.8932931664294749,0.8230600611222627,0.915408837850968,0.9223198937703503,0.8731090868120734,0.94415833199286,0.9458167021071577,0.9494101050960554,0.9499627368710322,0.9317160997995081,0.9530035991246617,0.9449871563483782,0.9563216127567772,0.959085367423173,0.9483049602434432,0.9532806456346224,0.9618499253133279,0.9635084049057561,0.9494095277429659,0.9651672428950122,0.965720223847606,0.9637854191484782,0.9676552521126006,0.9662730837980554,0.968208458935864,0.966272972015122,0.965167582853418,0.969867290010712,0.9676553662003369,0.9712493442375212,0.9701436058982005,0.9718020901002342,0.9704198146123609,0.9720786456872089,0.9687616795879441,0.9706967078529386,0.9709729027382827,0.9709731401329661,0.9731844888950547,0.972078983340812,0.9715257742127458,0.9737371206700316,0.973460807087346,0.973461019129199,0.967931917177706],"mean_valid_accuracy":[0.0611672278338945,0.5643099871020609,0.6814062671673905,0.7821373893072682,0.8514359858335875,0.8819220870320393,0.892508738685427,0.823135963281346,0.9147952433333355,0.9217575687998819,0.8722479981039281,0.9437769555281101,0.9454516048701557,0.9490736711761197,0.9496482105071641,0.9312778214733735,0.9527501686533121,0.944662118909782,0.9560425891032452,0.9588485188334409,0.9479123503512589,0.9529195364528693,0.9616354267582331,0.9633200583821736,0.9490959892118127,0.9649624074066313,0.9655168885828601,0.9635672117380641,0.9674754177691117,0.9660891680330271,0.96803319517563,0.9660847418622991,0.9649645736964824,0.969692212533588,0.9674742878286734,0.9710795922101112,0.96997948219911,0.9716530016007171,0.9702512134715708,0.9719102308295288,0.9685576359151481,0.9705161651014002,0.9708212330408609,0.9707967487153172,0.9730314353447579,0.9719179532305463,0.9713657319351947,0.9736059746758023,0.9733131488991135,0.973349781796403,0.9677426292798182],"std_valid_accuracy":[0.08650352317545867,0.20144090733245834,0.1927201196778798,0.1438368459014373,0.09321925538844766,0.08346807039413826,0.07493762987678507,0.02255096449042346,0.059116710963377436,0.05422137737694886,0.08113445509531769,0.036628571948698986,0.03480188988974199,0.031797024765086467,0.02971540099245664,0.0414245217479256,0.024445452897729376,0.031598609000113326,0.026850606247524472,0.022435438616964207,0.037099710785434586,0.03398544038855363,0.02044955219661012,0.017981766835300783,0.02952057383244235,0.019353159124741105,0.019248874440887073,0.02096657837163609,0.01705853888838939,0.01758314058462994,0.01703672549688078,0.017826436552608373,0.01954922145540709,0.01701983303526326,0.01726982411005845,0.016192696461286796,0.01598291381850993,0.014346489002987427,0.0159901420762532,0.015972786588147554,0.019570535172215107,0.01741723848183127,0.014912574485845598,0.01705217016691501,0.014697641133754224,0.015909142997493915,0.015387508203398976,0.012615147540581446,0.014090226332610442,0.012431949835380492,0.018011449599899594],"valid_loss_dist":[0.04802424964267721,0.19377150113133068,0.0732139737741782],"valid_loss":[2.3123566747164026,1.3064609967402188,0.8444248982649851,0.6051809416741153,0.44704235063303854,0.36376114971197826,0.319825626462403,0.46797065183327136,0.25697572117383977,0.23192601567291085,0.33758865839798186,0.1904426858757281,0.17846465622861912,0.16747519112810189,0.1612279367662042,0.21409067162093512,0.15638647291931584,0.1700315996359248,0.1490853470374769,0.12745832535797552,0.16949461166638596,0.14448052758508523,0.11732549098275499,0.11232044648521156,0.1565279436121376,0.11254970345388664,0.10774360468416365,0.1159926758856348,0.10571312350599649,0.10313408323714358,0.10202834038057991,0.10261557174057778,0.10779795372479203,0.0961568649272884,0.09887573249678155,0.09212243970318103,0.09535657088598555,0.0908713588530166,0.0940878024107744,0.09156074877181342,0.09734179266148903,0.09538260266635427,0.09104103933770774,0.09110709357981023,0.08829164573767445,0.09590199895782804,0.09072025755053766,0.08495677066720171,0.08745972828321004,0.08566047771613819,0.10432740559624176],