{"test_accuracy":[0.0972,0.5482,0.677,0.7853,0.8462,0.8816,0.9014,0.9023,0.9126,0.939,0.9438,0.9386,0.9436,0.9396,0.9523,0.9563,0.9479,0.9567,0.9548,0.9577,0.9599,0.9629,0.9607,0.961,0.9668,0.9658,0.962,0.9616,0.9672,0.9668,0.9686,0.9684,0.9675,0.9682,0.9665,0.9719,0.9665,0.972,0.9711,0.9698,0.9747,0.9694,0.9724,0.9725,0.9746,0.9754,0.9704,0.9734,0.9702,0.9686,0.9758],"test_loss":[2.3084521141052248,1.317945125579834,0.8155399451255798,0.5444772441864014,0.4228354196071625,0.3367100732803345,0.3037628083705902,0.28257987813949587,0.2575039155960083,0.19984425964355468,0.18761060593128204,0.18680209243297577,0.17832851896286012,0.18057624969482422,0.15013168878555297,0.14070386242866517,0.15545037021636962,0.13468790926933288,0.13844054901599884,0.12826833865642548,0.12114553163051606,0.1180122113108635,0.11803188327550888,0.1175183653831482,0.1020999348282814,0.10301213277578354,0.1112410837650299,0.1125618371963501,0.09916880108118058,0.09731031568050384,0.09154779105186463,0.09188319998979569,0.093804254925251,0.09223848699331283,0.09543672800064087,0.08365327701568603,0.09216338932514191,0.07958663946390152,0.08340075944662094,0.08533494633436203,0.07624329727888107,0.08555684965848923,0.0787782837510109,0.07761649231910706,0.07455547916293144,0.07108889045715332,0.08194399580955505,0.07555552127361298,0.08175595924854279,0.08840406020879746,0.0715388236284256],"train_accuracy_dist":[0.9786649767638361,0.9817210926268227,0.9895633652822151,0.976,0.9857614527445315],"train_accuracy":[0.07788566167238638,0.6290282079183058,0.7345358667447894,0.8184481459780698,0.8659496107809492,0.8958734410312212,0.909391479032393,0.9117770151502469,0.9212773081108228,0.941784548422198,0.9465137691470662,0.9427889846823471,0.9472252448313384,0.944797857202645,0.9561814681510002,0.9590273708880891,0.9522474261320834,0.9602829162132753,0.9590273708880891,0.9612455009625848,0.9632543734828828,0.9656817611115761,0.9655143550682179,0.964049552188834,0.9702017242822466,0.9702435757930862,0.9681510002511091,0.9664769398175274,0.9722942998242237,0.9731313300410145,0.9743031723445217,0.9750983510504729,0.9738428057252867,0.9743031723445217,0.9734661421277309,0.9775257386791664,0.9750564995396334,0.9786138779609944,0.977651293211685,0.9771490750816104,0.9800786808403783,0.9775257386791664,0.9790323930693898,0.9791160960910689,0.9808320080354901,0.9810412655896877,0.9785301749393153,0.9800368293295388,0.9785720264501548,0.9757679752239056,0.9823386624257135],"train_loss_dist":[0.05662263236880101,0.059236035053919514,0.03303039774132042,0.06739347100885291,0.043829022980134844],"train_loss":[2.3125078485452493,1.1942069364175782,0.7124233723105851,0.48344595444804106,0.38002240663980397,0.30861137576187325,0.277694559172064,0.2573466306754817,0.23295709003591533,0.1893416920804205,0.17737956651224296,0.17279170736398589,0.16320711184338868,0.1636977769316585,0.13932906653670632,0.13044644303238195,0.13948276905932117,0.12266859269193539,0.12372641109732731,0.11551663416670967,0.10967790035447825,0.10498925470840989,0.10443925061503634,0.10268404006002597,0.09107512824868466,0.09076510236756097,0.09484348305282538,0.09478731167084008,0.08520245384000852,0.08228579914549525,0.07784866006403969,0.07688844320943108,0.07759979258073073,0.07561963003907844,0.07773726355436308,0.06905878077894062,0.07317352522997293,0.06446399119214649,0.06597493785057965,0.06715482900881813,0.0607917132851563,0.06569220745795562,0.06125730635938028,0.05986081670124386,0.056708346958010775,0.0547027904361005,0.061015013926801656,0.057214555264313176,0.059866212434537235,0.06538679553934842,0.0520659557361983],"valid_accuracy_dist":[0.9788851351351351,0.9737274220032841,0.989778534923339,0.9638047138047138,0.9818481848184818],"valid_accuracy":[0.07362094926157264,0.6256843005568851,0.7352844579151953,0.8291561479366912,0.8721596922784792,0.8974257552955036,0.9121515089690373,0.9123182739250573,0.9213543428309843,0.9412666325886201,0.9479602513152237,0.9421030543828808,0.9484620077312674,0.9427724983629057,0.9548207754463919,0.9563268250818235,0.9526456145521772,0.958502392967423,0.9581674292246617,0.9595060778178879,0.9625177617721071,0.9635221400621736,0.9635218429862665,0.9641912975534177,0.9678723494285036,0.9677053065191622,0.9650277738065681,0.9643584282280445,0.9683746468616619,0.9695459473993094,0.9722230179391633,0.9720557813864035,0.9708844319707777,0.9705497256204402,0.9707171010461397,0.9733944316374712,0.9705497300440405,0.9750675239442137,0.9730595678473476,0.9723901919576923,0.9759041731239381,0.9722230881634356,0.9745656230635389,0.9747330598663101,0.9765736843244456,0.9767408262672966,0.9747332224598835,0.9750678294649707,0.9733943763663098,0.9715537811604782,0.977577633009607],"mean_valid_accuracy":[0.07320932472932709,0.6264584618140603,0.7354306908462308,0.8291801283501758,0.8721844989061396,0.8973484357165427,0.9122227061656927,0.9122705336003317,0.9213479027211852,0.9412653343541948,0.9480438222617666,0.942083824183559,0.948496381455459,0.9427699149391422,0.954869111214774,0.9563962141203335,0.9527034709663607,0.9585961503147367,0.9582226780816757,0.9595736276210001,0.9625528675411754,0.9635975781939484,0.9635623409714359,0.9642262119171635,0.9678967664546473,0.9677680102914085,0.9650541647323084,0.9643884900567328,0.9684492729919658,0.969585718863058,0.9722513776107362,0.9720927021938669,0.9709119188205214,0.9705771705107817,0.9707324301509338,0.9734335363478529,0.9705666007601129,0.9750899641672202,0.9730675427007102,0.9723921916370012,0.975915235258106,0.9722508644161346,0.9745813109394698,0.9747571968863576,0.9766018359349861,0.9767402668497059,0.9747853589716311,0.9751081003349956,0.9734075517867126,0.9715720420197416,0.9776087981369906],"std_valid_accuracy":[0.08626448449647034,0.1723523495888909,0.15359437689899816,0.10332931427733058,0.07329343312964741,0.05971331283880929,0.04516885902557722,0.05037548147117838,0.04492718977586774,0.029193890693236725,0.022811038739866365,0.029210690956569627,0.025697063646564922,0.028796055054427904,0.02223550384061637,0.019417379237425394,0.02448952860131241,0.021987667063971383,0.02177863475577147,0.017766765715221726,0.01888314435302923,0.017199021357170635,0.01872272681187821,0.01892716682108397,0.0155020738263782,0.015051772195675831,0.018789021847132048,0.017536660623075084,0.013666909334592635,0.017030714104977567,0.013357372250861846,0.013625505184367144,0.014645558760072796,0.0143632861678544,0.015515786913631082,0.011295346051721876,0.0152337372004288,0.00907724319900257,0.012702218616256958,0.013196619985916654,0.00816561784377974,0.014366726663775203,0.011205628075713694,0.011672948396984881,0.010002451621609848,0.010542741521419768,0.011910312459777018,0.011165197902952062,0.012496042656929553,0.01478688657771336,0.008640853591641925],"valid_loss_dist":[0.06022184825426823,0.08005301371118902,0.03954128751585187,0.11232738558090094,0.05636068069600429],"valid_loss":[2.3124426627396715,1.1944178930555198,0.7099362297692741,0.47635622994420274,0.37327601409164435,0.30567981701359065,0.27282171059449145,0.2556157927244145,0.23081793328083045,0.1902877244766082,0.17735455986074827,0.17414022833123316,0.16511044829249563,0.16703249334418635,0.14333276734921171,0.13383715805873622,0.14245014024285194,0.12740240433090474,0.12787375286762434,0.12064554343443953,0.11601816247545246,0.11191292847579841,0.1120735032647276,0.11057440096521222,0.09911984488881143,0.09830162345772792,0.10298673031774948,0.10500934494613905,0.09472995273461475,0.09291132735636039,0.08898491000592305,0.08798621894458039,0.08907121220274163,0.08842731062421166,0.08990202893033507,0.08143915073777788,0.0863339166541947,0.0777361086362168,0.08053112159294251,0.08146736053989638,0.07482890592122018,0.08043793815619125,0.07699264469818214,0.07540663450860617,0.07317994714083698,0.07292766240662668,0.0772133955722267,0.07434576655146449,0.07735723278469557,0.08378461325678087,0.06977457263097539],