{"test_accuracy":[0.0972,0.3306,0.5652,0.6438,0.7421,0.7512,0.7903,0.8133,0.8469,0.8606,0.8254,0.8706,0.886,0.8873,0.8866,0.8987,0.911,0.9132,0.9111,0.9134,0.9151,0.9247,0.9246,0.9263,0.9263,0.9449,0.885,0.9373,0.9109,0.9387,0.9447,0.9436,0.9434,0.947,0.9489,0.9478,0.9484,0.954,0.952,0.9542,0.9141,0.9485,0.954,0.955,0.9553,0.957,0.9574,0.9578,0.959,0.8452,0.9387],"test_loss":[2.3084521141052248,2.216928939819336,1.3174447858810425,0.9797296137809753,0.6970473620414734,0.6915229254722596,0.5735514943122864,0.5030149485111236,0.4221355352878571,0.3911149440765381,0.4736744632720947,0.3525400496006012,0.3233477984905243,0.3107895489692688,0.31606978516578677,0.28179122378826144,0.24975216448307036,0.24190106627941133,0.24585242042541505,0.24075132129192353,0.2368718856573105,0.209622332572937,0.21718451976776124,0.20726393735408782,0.2050775602340698,0.16166961724758147,0.3401195230960846,0.1807119493484497,0.25446446995735167,0.17088124532699586,0.1613760747909546,0.16228634502887726,0.1618284170150757,0.15182191817760468,0.1454303786635399,0.14974777731895447,0.151562637257576,0.1363818459033966,0.1414706267118454,0.13594018743038178,0.25809585213661196,0.15070409326553344,0.14025660588741304,0.13160206334590913,0.13397457308769226,0.12689223214387893,0.1252974057197571,0.12658246059417724,0.12322415435314178,0.657833769416809,0.1945940748691559],"train_accuracy_dist":[0.9938373048479868,0.896774193548387,0.9868530884808013,0.9938093272802311],"train_accuracy":[0.048469784060897934,0.4735642897830252,0.708042048573352,0.7738076743824763,0.840453627466211,0.8420071461861115,0.8725078970534929,0.883641447879447,0.9055978457873751,0.9115530008803273,0.8877841644658485,0.9206669773704107,0.9275024597379732,0.9322147998550049,0.9278649474392833,0.9367717881000466,0.9440733260835793,0.94573041271814,0.9461446843767801,0.948371394541971,0.9471285795660505,0.9530837346590026,0.9532390865309927,0.9558282843974937,0.9559836362694837,0.9654601004608773,0.9148153901921184,0.9604888405571954,0.9422608875770286,0.9644762052716068,0.9663404277354876,0.9662886437781575,0.9673243229247579,0.9687224897726684,0.9706384961938791,0.9704831443218891,0.9691367614313086,0.9724509347004298,0.9717259592978096,0.9739008855056703,0.9470250116513904,0.9722437988711097,0.9732794780177101,0.975454404225571,0.9753508363109109,0.9771114908601315,0.9770079229454715,0.9763865154575113,0.9773186266894516,0.902697944176894,0.9679457304127181],"train_loss_dist":[0.021169743222860204,0.305099837985917,0.04116081924042439,0.023286350928569843],"train_loss":[2.312797129984491,1.5936950395728409,0.8517425971364291,0.6319997446015142,0.445075213563454,0.4491385683709772,0.3611898186103603,0.32179239706184176,0.2704487290802652,0.25359056109881684,0.30749276906821377,0.2238843975347831,0.20914550698619586,0.19676791858536669,0.20429905968361878,0.18121674527502352,0.16245527709853327,0.15689259573155956,0.1548437461265469,0.1487971183789751,0.14898252462798758,0.13353966677613585,0.13547146798991988,0.1271929797675397,0.12593793986423749,0.10248588972720778,0.2506482170860115,0.11158304498290993,0.1634012745590794,0.10231097348767056,0.09699437235857296,0.09636861960971307,0.09456621695150341,0.08889658701840529,0.08332953870683842,0.08595306141898372,0.0875956304766823,0.07786080219770977,0.08042821681144217,0.07508219739647039,0.1473824350353068,0.08038857732131945,0.07614993273264309,0.07045487591501107,0.07082863738358616,0.06670478251857455,0.0660226973729831,0.06751062868320308,0.06446236469606617,0.3736008386934546,0.09730968535711138],"valid_accuracy_dist":[0.9876746096959738,0.8826955074875208,0.9808013355592654,0.9867986798679867],"valid_accuracy":[0.04429979688798234,0.4703154215203278,0.7041095492095569,0.7693348810288,0.8403604721925593,0.8401589334030471,0.8741108780220223,0.8863324922491777,0.9095192687992047,0.9151124510360429,0.8921219452475353,0.9223594097414626,0.9271198711778096,0.9304330126237913,0.9298124222624099,0.938302022906853,0.943270697920818,0.9447187538511818,0.9430631326983765,0.9453414580494951,0.9440984657711831,0.9494813269917133,0.949481158220311,0.9511383324396937,0.9501030805534673,0.9612817426813929,0.9076552172394735,0.956728414941619,0.9391302137520977,0.9569355924306026,0.9596268510703445,0.9585917743537624,0.9600409080324241,0.9619044864066226,0.96500993125293,0.963146482123217,0.960869666046265,0.9666659401391927,0.9643894701360344,0.96770179232269,0.9440987242601548,0.9639757592477486,0.9660454811550445,0.9679082381371698,0.9668736805312783,0.968736179024432,0.9689433148537521,0.9677008876112891,0.9693578012089527,0.9026899399763101,0.9596281039882865],"mean_valid_accuracy":[0.04451123475342987,0.469452897019264,0.7033380584607258,0.7686367587624503,0.8398069600072559,0.8396772048296814,0.8736721981073854,0.8859986739745718,0.9092553380170882,0.9148527375965257,0.8917925974652694,0.9221116083664684,0.9268935460399843,0.9302014982199119,0.9295902639894116,0.9381087591131054,0.9430934435405705,0.9445518526202317,0.942885068423256,0.9451568654087024,0.9439305173302144,0.9493268955564758,0.9493227478353926,0.9509757329396508,0.9499411218408457,0.9611669065333077,0.9075286371735074,0.9566060085537416,0.9389597968165702,0.9568090423684439,0.9595053317811197,0.9584638564351579,0.9599195890970345,0.9617851464869628,0.9649029035889101,0.9630347826818635,0.9607509026654888,0.9665717711250061,0.9642760739873252,0.9676011233317507,0.9439156164055034,0.9638565154770874,0.965948872782155,0.9678178221873729,0.9667732819951638,0.968647358434618,0.9688560395698433,0.967609294061103,0.9692634749408637,0.902392116266165,0.9594925331526867],"std_valid_accuracy":[0.0756568422591378,0.17967964744009438,0.18723999007199893,0.15815321733876028,0.12160519112111569,0.1344296821611868,0.09953649234148733,0.10232092991275421,0.07644156402704182,0.07993963269649945,0.0680059610371299,0.07597917191134193,0.06507704811262101,0.06430345997631222,0.06595613947839163,0.061475552913228954,0.05479578521002517,0.0490822548477831,0.053809059400302825,0.05608475141127901,0.05236745284937618,0.04597715257569115,0.04700784028405966,0.04886341887979794,0.04826538061213586,0.03231755741790977,0.07676530815276654,0.04223205891831512,0.057133580085912246,0.0418879891024078,0.038229279569977605,0.03958963529300184,0.03799677879388182,0.037628625068635166,0.03413314698112045,0.034984421042193695,0.03889851546171487,0.030732605279134084,0.036615717981436584,0.03229111436486302,0.05354338198424692,0.03877022552541024,0.03416025045648019,0.029517874242105512,0.03370370984119813,0.028123184462226922,0.028215541094098972,0.028983847460052982,0.028978356125842267,0.09153126029671715,0.04441762965801965],"valid_loss_dist":[0.034070328502451286,0.37831679170024574,0.06758510821400979,0.04393058287428551],"valid_loss":[2.3131879672803417,1.6050563035638796,0.8511815606646512,0.6302728678110358,0.4427915824331707,0.45116285034613096,0.35868268817758925,0.3274874350998538,0.2751130514950202,0.25853219537115396,0.3042685714879484,0.23184593968771844,0.21799386681311028,0.20755191476280635,0.21485869792007273,0.19241603540928545,0.17613756275177953,0.17185901161233072,0.170362313257991,0.16539455280674772,0.1669648722409126,0.15242508411627836,0.15463143595502424,0.14659925248801473,0.14712163806411707,0.12428393922096712,0.2766402752882777,0.13474241223581146,0.18885441541931625,0.12716682652299702,0.12180118736491283,0.12244044330388786,0.12103979046178925,0.11589448115052711,0.11131623510292402,0.11500838594629363,0.11620487376463937,0.10752779498333401,0.10984490750663227,0.10561355278483366,0.1848377765300477,0.11201429596427352,0.10691983729606495,0.1028755847860884,0.10435059246226756,0.10000462198692338,0.10006468434607944,0.10116008195405135,0.09767446895540896,0.4008694253696031,0.1305174245994478],