{"test_accuracy":[0.0972,0.4119,0.6619,0.7296,0.8075,0.8338,0.9009,0.8664,0.8986,0.9208,0.9241,0.9092,0.9365,0.934,0.9419,0.9451,0.9505,0.9482,0.9566,0.9513,0.9531,0.9566,0.9603,0.9592,0.9608,0.962,0.9619,0.9623,0.9641,0.9648,0.9668,0.9689,0.9692,0.9669,0.9676,0.9704,0.9688,0.9723,0.9704,0.9734,0.975,0.9739,0.974,0.9721,0.9738,0.974,0.9761,0.9757,0.9759,0.9767,0.9751],"test_loss":[2.3084521141052248,1.6690994981765748,0.890275062084198,0.6965059829711914,0.4999482741355896,0.43022675700187685,0.3101566058635712,0.36396718969345093,0.2856469096183777,0.24040913667678834,0.23042057514190672,0.26102404437065124,0.1952162220954895,0.19670938091278076,0.17741892299652098,0.16755749003887177,0.15565695548057557,0.15477029418945312,0.13319907283782959,0.14334408979415894,0.13789136793613435,0.12931912825107575,0.12130225429534912,0.1226877106666565,0.11615438890457154,0.11185678638219833,0.11288612368106841,0.11225450184345245,0.10786441650390625,0.10145106110572814,0.09721566183567047,0.09308531358242035,0.08913527199029922,0.09386892035007477,0.09200384378433228,0.08718193041086197,0.08811487684249877,0.0813235768198967,0.0841277956366539,0.07797299430966377,0.07429282606840133,0.07594858548641205,0.07501011356115342,0.08005527174472808,0.07493983561992645,0.07391007306575775,0.0705676261305809,0.07165662944316864,0.07009625532627106,0.06880988157987594,0.06932452571392059],"train_accuracy_dist":[0.9899363318956664,0.9729558419607015,0.98746918652424,0.982108626198083,0.9765497553017944,0.9924874791318865,0.9905076351630211],"train_accuracy":[0.08128875307799567,0.5093007387189604,0.7479455306019521,0.8088527605541875,0.8627288100394577,0.8815379594742931,0.920461625181713,0.9006734506185659,0.9238437119886077,0.9352063369626487,0.9382027472038449,0.9314089061619248,0.9489720236152728,0.9489720236152728,0.9548758418132732,0.9566262200729819,0.9603939834455751,0.9594149583172634,0.9665054736404901,0.9638947399649924,0.9653484439433946,0.9672768267718872,0.9701248998724301,0.9693238793129023,0.9719049455602694,0.9725576289791438,0.9730619752573649,0.9730619752573649,0.9742190049544605,0.9757617112172545,0.9765627317767823,0.9782834426083603,0.9784317797490135,0.9778384311864005,0.9786987866021895,0.9797668140148931,0.9800338208680689,0.9807755065713353,0.9807458391432047,0.9814281899902098,0.9826742219716973,0.9825555522591747,0.9828522265404812,0.9818435339840389,0.9826742219716973,0.9825852196873053,0.9841575933782301,0.9837719168125315,0.9839499213813154,0.9843059305188833,0.9846026048001899],"train_loss_dist":[0.0372060624938814,0.07905892338292834,0.03933218286518886,0.058978953157750945,0.07151482132723826,0.025409539091791056,0.02972824606480207],"train_loss":[2.3074773429964877,1.376543078859462,0.6951586027178559,0.5292299749470544,0.3883467145083117,0.3334440322350871,0.25448258677817187,0.2856335969178782,0.2242764172558932,0.19892960888143996,0.18791104387179722,0.2026609007020364,0.15610213997877245,0.15419717245775375,0.14150485594414539,0.13463455324933243,0.12521544802798765,0.12421668741620948,0.10985427935273326,0.11387706205806294,0.11065050065614683,0.10190146165413176,0.09627845670707282,0.09565951396832549,0.0913992189826903,0.08818497479100758,0.08876096836237403,0.08629299873897792,0.08182457306805493,0.07895366136872907,0.07466619430055649,0.07215248668078346,0.06889440556427509,0.07095924375864068,0.06907734546742861,0.06544666734632408,0.06571337173680697,0.0621916039168771,0.06208335768613672,0.05914689296538281,0.05679877134613651,0.05637668467324037,0.055264740805454814,0.05798431666635394,0.0546806348775031,0.05375868224467826,0.0507074915323346,0.05125750850336934,0.05018525333300847,0.050433076534289946,0.048662050300061065],"valid_accuracy_dist":[0.9876847290640394,0.9755067567567568,0.9852095316351684,0.9727427597955707,0.9559902200488998,0.9858096828046744,0.9867986798679867],"valid_accuracy":[0.07814981750086722,0.5022818456801862,0.7490128800786372,0.8095059494155611,0.8646613185760205,0.8820979744258072,0.920765460267231,0.8995356595524102,0.9230206929475875,0.9352371423272559,0.9378474926522877,0.928120814606093,0.9466242691503676,0.9459123694724694,0.9525551472375686,0.9549281110292682,0.9587234599276115,0.9578934843647678,0.9638228192907347,0.9616894271754524,0.9631125430107171,0.9644164480598137,0.9679750592441239,0.9671449263199194,0.9695170890624863,0.969991150658755,0.969635187048591,0.9690424180947526,0.9709398100142138,0.9717704715371681,0.9727190621126629,0.974023466677039,0.975328432651261,0.9733126108745179,0.9742613346563418,0.9755653352715902,0.9743797254408336,0.9756841070957967,0.9756842337919945,0.9763958809689439,0.9779377625879748,0.9768703410321458,0.9775817656963085,0.9760401628358446,0.9772262921771544,0.9774634323472725,0.9788863309691714,0.9778191766092257,0.9785305646919019,0.9792421200334676,0.9785308726538349],"mean_valid_accuracy":[0.07782792483137713,0.5007880134141299,0.7486465626494929,0.8093472514333221,0.8646906928765368,0.8822032120185445,0.9205853500514819,0.8996588979143822,0.9230504288180681,0.9352561458519951,0.9378349270952305,0.9282083110678219,0.9467094254314625,0.9459570485388381,0.9525356387584795,0.9549972420944342,0.9587776613547762,0.957946946513389,0.9637874439224167,0.9617240425295692,0.9631350363329771,0.9644021710070521,0.9680297507244465,0.9671653259460238,0.9695451392437661,0.9700322125042559,0.9696298219073617,0.969055310382612,0.9709579056777143,0.9717818899723463,0.9727431135942302,0.9740169553434735,0.9753370283916286,0.9733290131779809,0.9742679888418752,0.975563988399294,0.9743638079154454,0.9756697353649777,0.9756699880757435,0.9763821017485499,0.9779630703384309,0.9768555635325082,0.9775764047440382,0.976032143419187,0.977229648671056,0.9774725388520987,0.9788679298517727,0.9778193850748951,0.9785169252732278,0.9792221211459795,0.9785346228532995],"std_valid_accuracy":[0.0877713060237052,0.1890386304932735,0.12980849722951074,0.10272332105818426,0.0722710511811254,0.06606927947648648,0.035791038967414646,0.053650290154918144,0.042675694408169575,0.030131793170262253,0.03101632625826349,0.04010292804744282,0.028940657711211053,0.028831336315263835,0.02507373776752186,0.024681253457389172,0.022016381352490365,0.023349536947523227,0.015120140243094219,0.02273901412572395,0.020255278543847722,0.019625446996481947,0.01765471614631485,0.019379998858337688,0.01800152483920283,0.016769078343467168,0.016135677724832657,0.017826633854716837,0.015646056568088824,0.015514925963763956,0.014482546151215633,0.012270852860825836,0.012483709983171927,0.015606104189640957,0.014322871966058496,0.011980584205786269,0.01356956267116325,0.011575632904611896,0.012216881263162883,0.010900841992977806,0.009862339534586253,0.011496155777365524,0.010497103906486883,0.012598198874768202,0.011415795910563305,0.010856613249415734,0.008891028109611503,0.01027607717967731,0.008935892983305879,0.007657741291306903,0.01069354768832452],"valid_loss_dist":[0.04082580964418957,0.07861880494936092,0.045626884122779356,0.08110168312868227,0.11047641366428734,0.043675266287113865,0.04196637156404088],