{"test_accuracy":[0.0972,0.2762,0.3784,0.5116,0.5698,0.5624,0.5893,0.6387,0.62,0.6434,0.6345,0.6388,0.6528,0.6606,0.6728,0.6651,0.6647,0.668,0.6663,0.6732,0.6651,0.6777,0.6674,0.6545,0.6718,0.6392,0.6591,0.6775,0.6786,0.6786,0.6761,0.6786,0.6769,0.679,0.6711,0.6795,0.6635,0.6677,0.6817,0.6814,0.6835,0.68,0.6817,0.6814,0.6813,0.6786,0.6677,0.6816,0.6149,0.6801,0.6827],"test_loss":[2.3084521141052248,4.2380496070861815,3.8418900604248045,2.9780404693603515,2.8679786006927492,3.1012245876312257,2.989333957672119,2.912407981872559,2.914313975906372,2.8082441688537596,2.9311466232299805,2.9332178188323974,2.9454267219543455,2.919859608459473,2.8297544574737548,2.9644165870666503,3.096836603164673,3.088472018432617,3.0900085334777834,2.969920835494995,3.1262696025848387,3.07391403503418,3.3018954627990724,3.2296822620391845,3.280905313873291,3.639045115661621,3.709883783721924,3.234328042602539,3.254747409439087,3.2853620376586914,3.3725524021148683,3.4197087047576904,3.4665298278808594,3.4725311515808106,3.723377014923096,3.592527550506592,3.49769776802063,3.6607512073516846,3.60189252243042,3.6589487522125244,3.6360544036865234,3.717406927871704,3.713838035202026,3.7891952117919923,3.8042126853942873,3.846231056213379,4.262562950897217,3.883182781982422,5.0398939529418945,3.9537755989074705,3.9218331756591795],"train_accuracy_dist":[0.9898022892819979,0.9922105263157894],"train_accuracy":[0.19152276295133439,0.5501831501831502,0.6517006802721088,0.8093144950287807,0.8655154369440083,0.847723704866562,0.8714809000523286,0.9319727891156463,0.9210884353741496,0.941287284144427,0.9340659340659341,0.9386708529565673,0.9553113553113554,0.9605442176870749,0.972370486656201,0.9677655677655678,0.969440083725798,0.9720565149136577,0.9690214547357404,0.9749869178440607,0.9710099424385139,0.9826268969126112,0.9714285714285714,0.9574045002616431,0.9757195185766614,0.9453689167974882,0.9596023024594453,0.9827315541601256,0.9832548403976975,0.9827315541601256,0.9823129251700681,0.9844060701203559,0.9827315541601256,0.9844060701203559,0.9768707482993197,0.9845107273678703,0.9489272632129775,0.9735217163788592,0.9879644165358451,0.9888016745159602,0.9909994767137624,0.9862899005756148,0.9875457875457876,0.9886970172684458,0.9878597592883307,0.9870225013082156,0.9616954474097331,0.9893249607535322,0.9120879120879121,0.9873364730507588,0.9909994767137624],"train_loss_dist":[0.026120088584372207,0.019519407217439853],"train_loss":[2.301064803624016,1.941910729315941,1.318093924894188,0.5442441075276105,0.3831386205727115,0.41639374141166624,0.3609777183323116,0.2135552573381825,0.2173303222419204,0.16159391968366302,0.17997742476168882,0.16575080360622696,0.1305399247235119,0.11331672182356357,0.08316366248327921,0.09517124740476074,0.0973205264499835,0.08538554289277345,0.08930164093062991,0.06980267997064994,0.08387844515199253,0.054182954724197735,0.084423155260766,0.1178429034774931,0.06981541379888541,0.1515330738028826,0.11833961640802869,0.049591828486967436,0.047763869200683526,0.048645897545134875,0.04942110705085602,0.043321273468477695,0.04741053963240874,0.04139210445848296,0.06390292555452454,0.04153558537130079,0.16300554386706081,0.07004622960826729,0.030772867654550146,0.03135543870659226,0.02386144217784058,0.03533590653650989,0.03119217865266518,0.029370558134381025,0.030045323241511792,0.03345883206480433,0.1089081714262144,0.026194467631030744,0.31756235258171284,0.031152472796707114,0.022838745152354553],"valid_accuracy_dist":[0.9758735440931781,0.9831649831649831],"valid_accuracy":[0.17949831233247762,0.564017752196185,0.657739361883249,0.8054444433099057,0.8652773274435585,0.8460225474725118,0.8631785171282834,0.9192452410501694,0.9138091804283073,0.9405869289396742,0.9271977146155104,0.9326372609392972,0.9460257101093803,0.9560677271239034,0.9686200358492572,0.9623435839266598,0.9585778488004937,0.9640168850215597,0.9623435839266598,0.9665278568693514,0.961924706041654,0.972803798689228,0.9644354228380849,0.9485360868373309,0.9686196107636564,0.9397484930327019,0.9439326809582732,0.9715484402910123,0.9736408743222783,0.9728043087919486,0.971130072508727,0.973222251488633,0.9719668930904175,0.9748961477033737,0.9627609315035034,0.9728038837063478,0.9326358156482552,0.9619264063840564,0.9757330533021841,0.9748960626862536,0.9778249772307296,0.9744778649382088,0.9774065244313244,0.9748960626862536,0.9761514210844693,0.9753140053829381,0.9556485091704172,0.9757325431994633,0.8995853559675762,0.9736405342537979,0.9794982783256296],"mean_valid_accuracy":[0.17952122444634924,0.5640753065877857,0.6576700168630285,0.805734129985378,0.8655810741917231,0.8458776618094421,0.8630992397631333,0.9191534031384281,0.9139026146097693,0.9406523639052757,0.9272578810848362,0.9327096533835302,0.9460600178154255,0.9561120074847196,0.9686647394634084,0.9623712163229634,0.9586029457077709,0.9640253057474355,0.9623712163229634,0.9665652644022029,0.96192583068623,0.9728293752836182,0.9644510832114825,0.9485656621679917,0.9686402292475504,0.9397223762864362,0.9439115223225041,0.9715667490209919,0.9736809302117122,0.9728587875426478,0.9711507756432881,0.9732502507044937,0.9719876244418674,0.9749386544311669,0.9627283651826082,0.9728342773267898,0.9326263186496131,0.9620238715496618,0.9757804052729178,0.9749337523879953,0.9778651742046085,0.9745275830966347,0.9774442987837331,0.9749337523879953,0.9761963786506216,0.9753252155498412,0.9556470136752999,0.9757509930138881,0.899798736113212,0.9736613220390259,0.9795192636290806],"std_valid_accuracy":[0.003980459055334257,0.009998767486288307,0.012047121240132852,0.050326476075228166,0.05276909415844522,0.025170591102371465,0.013772640436533923,0.01595474993977486,0.0162320655249108,0.01136783811492631,0.010452556625601572,0.012576541902665049,0.0059601842047765086,0.007692706319994136,0.007766236967568063,0.004800500848753719,0.004360017255191917,0.0014629097407799496,0.004800500848753719,0.006498708661770214,0.00019538143498210037,0.004443351989109057,0.0027206339602345864,0.005138041535712068,0.0035819929746718215,0.0045371911012510036,0.003675832086813824,0.003180725726482758,0.006958800428018386,0.009464444780584558,0.003596699104186585,0.0048642274099844895,0.003601601147358191,0.007384577892065425,0.005657658111901054,0.005280200787688316,0.0016498876731821377,0.01693235740656701,0.008226328733816235,0.006547729093486165,0.0069833106438763615,0.008637400068348455,0.006562435223000929,0.006547729093486165,0.007810355356112408,0.0019475117228860972,0.0002598082880945207,0.003205235942340734,0.03706995075547487,0.0036114052337014035,0.0036457195359025363],"valid_loss_dist":[0.0932544332722856,0.06528814234190718],"valid_loss":[2.3004054755202965,1.9023048275807841,1.3205371595587911,0.5592519599899599,0.40809907397677625,0.43760478362128746,0.3901786131577206,0.2595824876460589,0.24872136530409059,0.19008284542657009,0.20994788804646505,0.19907091286120884,0.16344748318787433,0.14422901455964718,0.11134577189690938,0.12840461247640916,0.13417010345017416,0.12092918910551677,0.1255399717210006,0.10392357484496777,0.12319536923706956,0.09175041067169377,0.12846401770390023,0.15866407674642677,0.11307183975431596,0.2072350028074407,0.17686815787589125,0.09205159645897902,0.08999923723337162,0.09243657370520925,0.0953374071611388,0.09048413218975196,0.09563296442834732,0.08759777768122111,0.11968455555219729,0.09306887621853906,0.2039009882923263,0.1236221547526472,0.08169947153417578,0.08418563602817017,0.07405734424880697,0.08905945271189764,0.08408085423705429,0.0848117803072977,0.0853534864856946,0.0904569626967609,0.18396768771016334,0.08298934360847299,0.4130885729959793,0.09033415917098239,0.07935177687047529],