{"test_accuracy":[0.0972,0.4461,0.6397,0.7271,0.7825,0.8259,0.8529,0.8544,0.8831,0.8909,0.9011,0.9014,0.9171,0.8943,0.9237,0.9317,0.908,0.9353,0.9343,0.9387,0.9462,0.9465,0.9461,0.9463,0.9525,0.8974,0.9553,0.9511,0.95,0.9553,0.9558,0.9483,0.9551,0.9538,0.9558,0.9627,0.9591,0.9366,0.9648,0.9607,0.9613,0.961,0.9637,0.9644,0.9649,0.9608,0.9653,0.9653,0.9639,0.9618,0.9656],"test_loss":[2.3084521141052248,1.6775112655639648,1.1873714931488037,0.7760077662467957,0.6094993412971497,0.503965793132782,0.4167075640678406,0.3972346437454224,0.3274162694454193,0.3054802312374115,0.27225071716308596,0.2750337921380997,0.23995490202903746,0.2955406238555908,0.21987243571281434,0.2013308436870575,0.26234207310676577,0.18987835659980773,0.18713184287548065,0.17971376321315766,0.16786943695545198,0.1634221825838089,0.163339816403389,0.15940884685516357,0.14502382984161377,0.26743151450157165,0.13493447079658508,0.15091786477565766,0.14529735161066054,0.13314277172088623,0.13181122856140137,0.14799911143779754,0.1325995126962662,0.13908872652053833,0.13249765601158142,0.1090057956457138,0.12128080772161484,0.17294817575216292,0.10692852799892426,0.11763400402069092,0.11145727396011353,0.11386957309246064,0.1079771238565445,0.10216652498245239,0.10266246567964554,0.11806947724819183,0.10329052134752273,0.10488440535068512,0.10590158035755158,0.11291040326356888,0.10392015838623046],"train_accuracy_dist":[0.9695817490494296,0.9646744711439721,0.9906283280085197,0.9750260145681582,0.9911267024349979],"train_accuracy":[0.07728923963422273,0.5558895987306359,0.7310952440602948,0.809678900997954,0.8510584993110359,0.8798279677648336,0.9055075368491378,0.8983673639817946,0.9244227316380642,0.9273456094200175,0.9367823291160382,0.9284730051359138,0.945342185477473,0.9235876237003633,0.9498517683410581,0.9526076245354712,0.9334836527621195,0.9574930059710217,0.9574512505741367,0.9573259843834816,0.9599565743872396,0.9634640277255835,0.9616267902626414,0.9628376967723078,0.966512171698192,0.9411248903920831,0.9688504739237547,0.9658023299511462,0.9696020710676855,0.9717315963088229,0.9717315963088229,0.9685581861455593,0.9719403732932481,0.9699361142427658,0.970103135830306,0.9767422439350286,0.9740281431375005,0.96475844502902,0.9777026180633847,0.9751555388533968,0.9764917115537183,0.9767422439350286,0.9777443734602698,0.9792893231450165,0.9800409202889473,0.9761994237755229,0.979665121716982,0.9790387907637063,0.9794981001294417,0.9774938410789594,0.9781619274291202],"train_loss_dist":[0.08087051649749859,0.10369555195068574,0.027681861776775254,0.06874779743781075,0.027625586437019147],"train_loss":[2.3116197728618926,1.335052152088955,0.8514652731555594,0.5466507208377684,0.42409622337958613,0.36080733613483273,0.2871330028627007,0.29141281079815906,0.2293950297416583,0.21810818994023853,0.1934418562385771,0.2075578433537046,0.16883092363032076,0.21780308814649865,0.15368865947593174,0.14205518709202838,0.1905552018675691,0.13059495733338058,0.12699839209640662,0.12626063847048152,0.11891902762586236,0.10938527580061157,0.111878121016237,0.10717132390544078,0.09886380574162795,0.1624227547176956,0.09167224151651303,0.09921506599229252,0.09021970597928569,0.08537337638682274,0.08469413077059984,0.09006030513468707,0.08257954765819432,0.08684466513154306,0.0871570995295651,0.06882711729787104,0.07525367957651348,0.10197920632033407,0.066574011177672,0.07191394356674109,0.0672142329750265,0.06875037863364342,0.06533076789494079,0.06159737000115179,0.06071324143876065,0.06788785636000053,0.0587097949417727,0.06089479618293716,0.058912568780049496,0.06553390460597346,0.061877646964444546],"valid_accuracy_dist":[0.9738175675675675,0.9532019704433498,0.985519591141397,0.9608985024958403,0.9876237623762376],"valid_accuracy":[0.07227605923950259,0.5537684673413014,0.7290655621988323,0.8140365950612755,0.8525994357105207,0.8818117451904445,0.9033468160856093,0.8943317223378578,0.9182030642177529,0.9210412360832931,0.9305564661227829,0.9238777894681818,0.9397377716788533,0.9183699967538625,0.9445787756114065,0.9495862483349804,0.9288870978076935,0.9509220893972979,0.9535930154616811,0.9512556641659967,0.9555956743792381,0.9587677075877954,0.9559295368098216,0.9559297650664762,0.9611044988465458,0.9353993568680132,0.9626072335149777,0.9602697698887788,0.9636088245015714,0.965611817349826,0.9652776714167969,0.9619398521937759,0.9654449356341106,0.9631079109882411,0.9606040561960226,0.9712875154311696,0.9669473057733189,0.9579335483428557,0.9722890946580782,0.9684496708855255,0.9697850069540186,0.9699522339698827,0.971120625743535,0.9732908041422059,0.9736245651942407,0.9684496613875995,0.9724562383791093,0.9706199347504025,0.9714546994371602,0.9692845960289621,0.9721219798876845],"mean_valid_accuracy":[0.07161714110719337,0.5539620347999996,0.7295513742441087,0.8144890943842897,0.8531552188683434,0.8821799859236353,0.9038185237489154,0.8946741553234385,0.9185750710903102,0.9213687711870795,0.9308714596024243,0.924076144411383,0.9400166196828945,0.9185890283227973,0.9448191588914071,0.9497768966264161,0.9291923902744074,0.9511467404568921,0.9538085737323433,0.95145257010712,0.9557482205930208,0.9589559359889058,0.9560957051747628,0.9561224715483604,0.9612534729619597,0.9359478302244437,0.9627781257122336,0.9604257699855461,0.9638104362687123,0.96577444763336,0.9654282589153222,0.9621598508706468,0.9656038737510568,0.9632855016770236,0.9607711440142783,0.9714101219682387,0.9670944492705292,0.9582454271373205,0.9723974384813925,0.9685823684016412,0.969918476363041,0.9701010831441425,0.9712584384967362,0.9734117348213468,0.9737453813928083,0.9685965735687324,0.9726037059598618,0.97077072991172,0.9716022143423471,0.969437898424401,0.9722122788048784],"std_valid_accuracy":[0.08426440592338175,0.12084573619206297,0.13817250450516533,0.10295619477422092,0.08748887985042073,0.06797560853912404,0.06144689443089897,0.057635070166504015,0.046327000949640186,0.04753962940120937,0.04213463446879854,0.03412900279140443,0.03697148925626737,0.04578855666669139,0.03382860106578948,0.027645998645060222,0.04046215785012535,0.030708979597309692,0.02925285405290849,0.026909742203306084,0.022816725609986356,0.02504637164608147,0.022606606732480168,0.025547370796853493,0.021676112427458413,0.05788113341881792,0.022797276132017902,0.021860789516777328,0.02443270936432383,0.020836029583256803,0.020072333934564653,0.027129872714117143,0.021268304271732315,0.022434349493022098,0.022992303330771957,0.01588176090427553,0.018426933711055395,0.03223547644093593,0.015620697985392474,0.017908883206950884,0.01715965061858241,0.01799856263984864,0.016326353626077428,0.014931026790209627,0.015247696844088495,0.019110379655862868,0.016839225092967654,0.018340616132838352,0.01766867998042605,0.019419404590815873,0.01346527903814034],"valid_loss_dist":[0.08147849021731196,0.14996484290251785,0.0421404868580109,0.14050633316478395,0.04475605212422487],"valid_loss":[2.31178609757363,1.3349208241947161,0.8578746498514878,0.5569840092905834,0.4361583412208042,0.37992096045362983,0.30149860973191517,0.30844311225322224,0.24394370964926326,0.23691626335438593,0.21031866824361586,0.2264305178087077,0.18731593006599234,0.23715303399122004,0.17264758936568433,0.1614123518689956,0.2125910122128878,0.15100600087758012,0.1467643361389218,0.14638882641103268,0.14043871102651195,0.1304715677171535,0.13448344459541228,0.12934760585038613,0.1215206741010948,0.18421259903749104,0.11359265678564112,0.12297900356443145,0.11323871770306772,0.10947532759581201,0.10920653415234455,0.11545572082248635,0.10828957535498841,0.1125756988125032,0.1135358012191599,0.0943498080634478,0.10177850338870557,0.12955541011471206,0.09413716391116267,0.09975543239829497,0.09402187568651899,0.09682514776781251,0.09220741076653043,0.08961485709995566,0.0899217052136672,0.0985952096576775,0.08742441471461015,0.09103585726636508,0.08929798634661498,0.0977662608453192,0.09210273239092472],