{"test_accuracy":[0.0972,0.5485,0.8297,0.8832,0.906,0.8986,0.9294,0.9397,0.9431,0.9502,0.9529,0.9535,0.9608,0.9613,0.9528,0.966,0.9676,0.9661,0.9672,0.9712,0.971,0.9742,0.9751,0.9752,0.9771,0.976,0.9696,0.9756,0.9771,0.9785,0.9791,0.9784,0.9786,0.979,0.981,0.9817,0.9801,0.9799,0.9809,0.9808,0.9816,0.9816,0.9831,0.9823,0.9827,0.9828,0.9829,0.9823,0.9824,0.9827,0.9851],"test_loss":[2.3084521141052248,1.2639694082260131,0.6130445927619934,0.4057737193584442,0.32151748390197754,0.3251524214744568,0.23031135540008546,0.20370653018951415,0.18468276994228364,0.16533781864643096,0.15270047919750213,0.14775560259819032,0.13263695763349534,0.12592488527297974,0.144385223031044,0.11081132444143295,0.10590675829648971,0.10640275793075561,0.10549516328573227,0.09525473504066467,0.09183178814649581,0.08380346117019653,0.08205370156764984,0.08081176633834838,0.07509548605680466,0.07667513628005981,0.08901429935693742,0.07649327635765076,0.06960330852270126,0.0687522846698761,0.06426683204174041,0.0669392150402069,0.06429431972503662,0.06969104114174843,0.059516224259138106,0.058000749897956845,0.06066823667287827,0.05974104266166687,0.05580124453306198,0.05690073934197426,0.05556746846437454,0.05507551707029343,0.052398279404640195,0.05192643076777458,0.052787700802087785,0.0513255833864212,0.05290928563475609,0.05021394388079643,0.05455227065682411,0.052881372481584546,0.04871959624886513],"train_accuracy_dist":[0.986480777355302,0.9835695214623126,0.9871117684343967,0.9847986852917009,0.987220447284345,0.9875130072840791,0.9867368421052631,0.9855550969872059],"train_accuracy":[0.09668407310704961,0.5979895561357702,0.8462924281984334,0.8880939947780678,0.9100261096605744,0.9001566579634465,0.9307310704960835,0.9405221932114882,0.9455091383812011,0.9497911227154047,0.9540208877284595,0.9549086161879895,0.960443864229765,0.9611488250652741,0.9545169712793734,0.9656657963446476,0.9679634464751958,0.9675718015665796,0.969425587467363,0.9718798955613577,0.9724804177545692,0.9740208877284595,0.9753524804177546,0.9759530026109661,0.9769451697127938,0.9767885117493472,0.9716971279373369,0.9772845953002611,0.9791383812010443,0.9788772845953002,0.9809399477806788,0.9803394255874673,0.9810966057441253,0.977911227154047,0.9829503916449086,0.9836814621409922,0.9824281984334203,0.9832114882506527,0.9842819843342037,0.9835248041775457,0.9840731070496084,0.9842297650130548,0.9850391644908616,0.9854830287206267,0.9848041775456919,0.9856919060052219,0.9848041775456919,0.985509138381201,0.9851697127937337,0.9855613577023499,0.9861096605744125],"train_loss_dist":[0.037265737168412194,0.05140232678573953,0.04302512496212384,0.043977657971244026,0.03718537844170016,0.038429008644078076,0.046188191064878516,0.04515657430338653],"train_loss":[2.309762229079055,1.2081191087002543,0.579334185876672,0.39588553388459563,0.3123060566229702,0.31656132522124225,0.2335724317813511,0.2029763752190936,0.18439059582103637,0.16762874765044405,0.1537647350242376,0.1479957959711474,0.13586061105871325,0.12697304536834086,0.14255751940117803,0.11217143283947796,0.10648341082552006,0.10627092099133344,0.10294885053476878,0.09407609911134598,0.09138881153181468,0.08524248074710991,0.08162301893956356,0.0798683721912592,0.07549234513105829,0.07550217256494664,0.08801166696459366,0.07364450896980712,0.06827728447059349,0.06998892751777686,0.06344149377206754,0.06418330617107976,0.06165600959328307,0.07030441466689732,0.05730681996763375,0.055997147360335134,0.057041974966864126,0.05525295174853297,0.05216074388488816,0.052332641937363866,0.05112567948926405,0.05018191594713156,0.048237555345165356,0.04710537354294065,0.04818261130525689,0.04600340543825462,0.046778241802133406,0.04554944472961303,0.04769523357899553,0.04556053234677635,0.042868785620776464],"valid_accuracy_dist":[0.9864864864864865,0.9786535303776683,0.9856418918918919,0.9876746096959738,0.9872231686541738,0.9742096505823628,0.9814814814814815,0.985973597359736],"valid_accuracy":[0.08966175750216232,0.6008971204191086,0.8426758634749085,0.8907011028910827,0.9094913471722392,0.9049000949390131,0.9322507646514238,0.9414361890084508,0.9482209237267811,0.9513532136168619,0.955424375266797,0.9564684555948998,0.9623134577054788,0.9634625386310567,0.9557374928895935,0.9661768544811943,0.9685776690229672,0.967116471133242,0.9682639639505313,0.9718141153325411,0.9713966911054456,0.9737972451204013,0.9753630031267414,0.9760942147714515,0.9769294390484682,0.9761986344040191,0.9702493208421523,0.9743196772127926,0.9777646485317619,0.977033240104619,0.9795390585124155,0.9783907995698659,0.9790173263748306,0.9769295273663902,0.9813139651056964,0.9815227126704369,0.9798525676081633,0.9799566993614449,0.9819402721456678,0.9816269999628555,0.9817314623791982,0.9816271530285899,0.9829840339601947,0.9822535065829548,0.9816270073576281,0.9824624010509002,0.9826711059630331,0.983088693671723,0.981522429793851,0.982566573675436,0.9834018114486199],"mean_valid_accuracy":[0.08965788308916575,0.6016257750184888,0.843020014759879,0.8907325993847537,0.9095602430230363,0.9049707731782288,0.9322459684820769,0.9414584112848978,0.9483101800511181,0.9513864155451114,0.9554741177518097,0.956518664370068,0.9624361996960772,0.9635325598035681,0.9558010668603616,0.9662459350082713,0.9686717833575956,0.9671941816982865,0.968362363696385,0.9718904589497005,0.9714622900600614,0.9738393100118758,0.9754432872132963,0.9761489770303406,0.9769789289178348,0.9762450890388898,0.9702681612736663,0.974362180984528,0.9778002412037634,0.9771064049443716,0.9795806377804932,0.9784333838696548,0.9790447180544323,0.976973665740636,0.9813558038151751,0.981565616628642,0.979890738711769,0.9800024600313653,0.9819843881307788,0.9816705980042302,0.9817747653624982,0.9816668502156488,0.983011120318062,0.9822812014386829,0.9816487046989147,0.9824996927856664,0.9827058378453323,0.9831036974311377,0.9815683769693597,0.982613642281499,0.9834180520662218],"std_valid_accuracy":[0.08758856082685228,0.09739073832232334,0.04337642040743813,0.02498033358501115,0.023166854399469382,0.029926217323066474,0.023015129279571254,0.014883033643237356,0.013353652668937692,0.015818617143589304,0.012605272745550504,0.011859563582330937,0.011366079798221566,0.011558975849608064,0.012163413299298802,0.01072743618864478,0.010838345159129183,0.0117417521162432,0.011641093853028266,0.009955160269511099,0.011018960736431396,0.006708631788198414,0.007676004386759867,0.007282439754558781,0.007150980375986059,0.006970760525343991,0.012912397983959288,0.008219570053100702,0.0067098550798978486,0.006165899285745213,0.005333056044935349,0.00652190550760754,0.006173284125612434,0.007679409558441583,0.006322643481232957,0.005650091422165161,0.007002174663217389,0.0066737122857409145,0.005991289218147028,0.005416976288886405,0.006028485019958754,0.005905014992999507,0.004476630229529296,0.005150782730359015,0.003952019745247564,0.006303417575699497,0.005996697558545829,0.004913812195354631,0.0050234651544631866,0.00599380092923089,0.0045378187305483925],"valid_loss_dist":[0.04695827262224378,0.0622881156666134,0.04436708709879501,0.04285672092129191,0.03990417668751395,0.0781658175068221,0.062069858139010795,0.054119165384336664],