{"test_accuracy":[0.0972,0.3812,0.5039,0.5945,0.6726,0.7402,0.7777,0.7875,0.7995,0.8291,0.832,0.8423,0.8642,0.8723,0.875,0.8806,0.8885,0.8892,0.8987,0.8866,0.9012,0.9066,0.9098,0.9057,0.9185,0.9094,0.9168,0.929,0.924,0.9209,0.9304,0.9197,0.9284,0.9294,0.9289,0.9257,0.9377,0.9417,0.9393,0.9427,0.9326,0.946,0.9427,0.949,0.9507,0.9477,0.9484,0.9462,0.9502,0.9483,0.9493],"test_loss":[2.3084521141052248,2.4148498374938967,1.752886510848999,1.2680068462371825,0.9774384809494019,0.7219169147491455,0.6202254964828491,0.56658053855896,0.5207717105865478,0.4536266206741333,0.43141745109558105,0.4064754726886749,0.363070717382431,0.34115087327957155,0.33484196338653566,0.32261624631881713,0.2959293677330017,0.3020964731693268,0.2705598098754883,0.30512677450180054,0.2673808888435364,0.2574533137083054,0.2455839250087738,0.25307620372772216,0.22529858326911925,0.2487821183681488,0.23174417424201965,0.20149224243164063,0.21266035721302032,0.21608981142044068,0.19713842055797576,0.22223957560062407,0.19863683919906616,0.20151114130020142,0.19871229298114776,0.2090684688091278,0.17904022307395934,0.1662529738664627,0.17404102284908296,0.16555550968647004,0.19057323398590087,0.15630277194976808,0.1634955633163452,0.1489329065322876,0.1450050172805786,0.1544146118402481,0.15009999902248383,0.1587224264860153,0.14627125654220582,0.15175187106132507,0.14803001613616942],"train_accuracy_dist":[0.9961977186311787,0.9936615254595395,0.9337593184238552,0.9671696574225123],"train_accuracy":[0.09608727577887338,0.5757893632644498,0.6964754012378055,0.7604112031889226,0.808035245987622,0.8450645127452009,0.8689289835308927,0.8752229098919543,0.8859225847057589,0.8996118745410678,0.8994020769956992,0.9075841812650792,0.9182314066925417,0.9238434910311549,0.9258365677121577,0.9286163851882933,0.9342809189132487,0.9331270324137207,0.9420434280918913,0.9355921535718033,0.9433546627504458,0.9457148851358439,0.9478653099758733,0.9474457148851358,0.951589216406168,0.9478653099758733,0.9524808559739851,0.9583551872443092,0.9573061995174657,0.9561523130179377,0.9604531626979964,0.955365572222805,0.9595090737438372,0.960033567607259,0.9605580614706808,0.9581453896989405,0.9645966642190287,0.9665897409000315,0.9658030001048987,0.9664323927410049,0.9631280814014476,0.9690024126717718,0.9685303681946921,0.971100388125459,0.9729361166474352,0.9704709954893528,0.9706283436483794,0.9709430399664324,0.9726214203293821,0.970838141193748,0.9727263191020665],"train_loss_dist":[0.01527260373184008,0.022414778324995978,0.1855165795713695,0.10022415317971788],"train_loss":[2.313141808984513,1.5300697320864132,1.033806780501489,0.749757933762633,0.5828943416205831,0.447593787165106,0.3782427909541834,0.34602742010939913,0.3149069297132994,0.2787701072737764,0.26801844357429755,0.24907531986964795,0.22757709382296695,0.21153919769672397,0.20670416803054958,0.19752023839258415,0.18337776401923003,0.18563350101314086,0.16759074488993733,0.1815596644665124,0.16306621958846987,0.15579106098399087,0.14747199560084262,0.15077552621716983,0.13609780035041555,0.14641640298109554,0.13713957172297087,0.1211791515180744,0.12588898429300663,0.12643365105044507,0.11659366168807826,0.128371852633934,0.11585759102878491,0.11632849338629445,0.11432840915405211,0.12141689882139607,0.10369503485015626,0.09768865444723523,0.1004679883417685,0.09695232557848942,0.10612602634157106,0.0897529077877661,0.0936031964623461,0.08479215366766639,0.08167916383995995,0.08578903664397419,0.08459648732732926,0.08727879043530563,0.0803790871964643,0.08341328088976861,0.08081869506764151],"valid_accuracy_dist":[0.9907094594594594,0.9890202702702703,0.9293015332197615,0.9494702526487367],"valid_accuracy":[0.09392170928525433,0.5988913459383488,0.7171400429395529,0.7770986718742153,0.8217604622264757,0.8576153233964675,0.8800519591297455,0.8842446932173852,0.896827639611553,0.9066811501717611,0.9018593587535351,0.9110853362327366,0.9177955085948959,0.9261847780627117,0.9263925096214018,0.9322664628403546,0.9312170786155616,0.9352038374192418,0.9381372257169623,0.9343628372637466,0.9408640133987166,0.9410738863669066,0.9450574489958429,0.9452672018654141,0.9507214076386696,0.945688866511253,0.9500920230989387,0.9534470585453011,0.95072087052627,0.950511282431115,0.9549143123331244,0.949463231634873,0.9538669875079525,0.9568034390850123,0.9557543342781849,0.9513506848765678,0.9588988209161545,0.9603672674423666,0.9591105243741963,0.9603673879183146,0.9557559121513429,0.9641416644449986,0.9603686688763103,0.9654008244916286,0.9664492483805129,0.9637224991648278,0.9635142802472758,0.9641417522872762,0.966449204459374,0.9641423519499992,0.9645612261474067],"mean_valid_accuracy":[0.09290346233676769,0.601907473250242,0.7189521808650596,0.7778487366235731,0.8222535223765333,0.857822078613072,0.880213137942854,0.8843103165701366,0.8969607880634224,0.9066531753090608,0.9018911535258096,0.911066279952151,0.9177722155552024,0.926229518250689,0.9262970926547625,0.9323334051178171,0.9312114758792314,0.9353828558065673,0.9381285601309315,0.9343968965190455,0.9408950750487454,0.9411246201130781,0.9450604437174186,0.9452733909065157,0.9508578074026989,0.9458444525641339,0.9502079690871171,0.9535415384499347,0.9508062152365439,0.9506080673822338,0.9549641842378235,0.9495985206838002,0.953995027451655,0.9569762880990145,0.9558895586569479,0.9514744499678096,0.9589475919162228,0.9604418193207995,0.9592873099690599,0.9604566186555865,0.9559813352297684,0.9642106867752529,0.9605299988127229,0.9655249572356038,0.9665676996845085,0.9638067858936397,0.9636838167369144,0.9642142838561498,0.9665659011440602,0.9642454755605728,0.964625378899557],"std_valid_accuracy":[0.08875868115658389,0.21963741421235422,0.19096004357845758,0.15575564779746165,0.1303106458362608,0.10525979857357581,0.09551070855393447,0.09453138639227528,0.08567132208073515,0.0821893392470033,0.08168888830439275,0.07804527557189676,0.07266188926615408,0.06302124972691409,0.06636285455603201,0.05768210124859748,0.05883507376657553,0.0536929011982126,0.05365432367826044,0.058961337541761624,0.050084848762669346,0.049823037712178296,0.048990997737027545,0.0486748039598875,0.039506663929438905,0.043250268421218485,0.040955460282608686,0.037708695939859815,0.03946648888419884,0.0403984793626241,0.03794997147438311,0.04086349408454738,0.036703871191964395,0.03308403537746481,0.0354829769365972,0.03769248274436148,0.03316549949204273,0.030134314524525644,0.029372547715727004,0.03078712369505757,0.0326507974655564,0.028422921288190208,0.027770895912271935,0.024083786738588117,0.023904515217781884,0.02770221634688144,0.025367339618211894,0.027451227016165605,0.02436195504891455,0.026069536303608143,0.026234242455866197],"valid_loss_dist":[0.029800719858424085,0.031568509249671084,0.18851544744822196,0.14467878594763803],"valid_loss":[2.314305967103445,1.4593024798109249,0.972979353406536,0.7040669090106753,0.5473081330736114,0.4254554137140124,0.3590626201442766,0.33171189873682305,0.302221648875124,0.26968856369270616,0.2604233270016875,0.2428404182816767,0.2253580201067243,0.20862946490153012,0.20504087303681157,0.19658565229182295,0.1849374144734096,0.18700439659961493,0.17070497344833352,0.18345445464355017,0.16757910053278996,0.16138466308615143,0.15303902224266291,0.15672194886467825,0.14392283860478033,0.15334708952313036,0.14596037076022278,0.1304793323188082,0.13624511750252657,0.13659895345804365,0.12816220935285935,0.14094277537814123,0.1279978444516662,0.12705436885022311,0.12652560978530797,0.13532458275385362,0.11753958006571134,0.1111472854138852,0.11447934021623139,0.11370004601444222,0.12294697830216648,0.10598349749819236,0.1098486855885972,0.1015939004094368,0.09772234760766868,0.10287189598472388,0.1025018352478727,0.10469190064447521,0.09775062152846405,0.1021846781631252,0.09887103504380006],