{"test_accuracy":[0.0972,0.4191,0.6398,0.744,0.8232,0.8589,0.8931,0.8926,0.9125,0.878,0.9271,0.9079,0.9389,0.9441,0.9467,0.9488,0.9541,0.952,0.9581,0.9595,0.9547,0.9631,0.9621,0.9631,0.9657,0.9672,0.9634,0.9683,0.9716,0.9711,0.9698,0.9749,0.9724,0.9725,0.9684,0.9717,0.975,0.9747,0.9655,0.9762,0.9761,0.9776,0.9442,0.9764,0.9626,0.9631,0.9743,0.9802,0.975,0.9773,0.9788],"test_loss":[2.3084521141052248,1.6909560354232789,0.9624456219673156,0.6935016100883484,0.5034161628723145,0.4058152411937714,0.3206401490688324,0.3129809268474579,0.26333941707611086,0.3535320996761322,0.22478091678619386,0.2890054993152618,0.18882554395198822,0.17274718453884125,0.16251469795703888,0.1577198938369751,0.14276495575904846,0.14556116700172425,0.1293460466146469,0.12610705718994142,0.13828364824056624,0.10998525114059449,0.12374334946870803,0.11151650235652924,0.10428811786174774,0.11084076815843583,0.11441688854694367,0.09833628350496292,0.0906146976351738,0.0909712275981903,0.09227301969528198,0.08192382559776307,0.08720419064760208,0.0878553968667984,0.10219246764183045,0.09075879430770874,0.07794435134530067,0.07845444946289062,0.10547031444311142,0.07513424962162972,0.07534933294653892,0.07035406972169876,0.1632670095682144,0.07497323809862137,0.11254177141189575,0.10798579295873642,0.07945940670967103,0.06215121525526047,0.0781795870900154,0.07008512864112854,0.06575956761240959],"train_accuracy_dist":[0.9907578558225508,0.9960969597370584,0.9787721123829345,0.9862270450751253,0.9808421052631578,0.9818406933553446],"train_accuracy":[0.09533356377462841,0.5377808503283789,0.7255789837538887,0.802938126512271,0.8631870031109575,0.8906671275492568,0.9124783961285863,0.9142412720359488,0.9265814033874871,0.8918078119599032,0.9397165572070515,0.915001728309713,0.9482889733840304,0.9528862772208779,0.955893536121673,0.9584860006913238,0.9621845834773591,0.9612512962322848,0.9657794676806084,0.9664707915658486,0.9638437608019357,0.9711372277912201,0.9668855858969927,0.970584168683028,0.9726581403387488,0.9720013826477705,0.967749740753543,0.9748703767715174,0.9777393708952644,0.9768752160387142,0.97646042170757,0.9798824749395092,0.9785343933632907,0.9780159004493605,0.9720359488420325,0.9768406498444522,0.9806774974075354,0.9807120636017974,0.9680262703076391,0.9825095057034221,0.9819218804009678,0.9831662633944003,0.9601106118216385,0.9826477704804701,0.970722433460076,0.9726927065330108,0.9808848945731075,0.9862080884894573,0.9816107846526098,0.9843415139993087,0.9857932941583132],"train_loss_dist":[0.028464585527376757,0.017531040940363337,0.0665678617904015,0.04646336926592013,0.05848222079716231,0.055106780228477543],"train_loss":[2.306241976889285,1.353121168257825,0.7629926082082904,0.5465603883749385,0.40261565834191115,0.32803736334899036,0.270477252338446,0.25489134159991167,0.21985086285754796,0.3047404217261099,0.1861789068344284,0.25370264294297484,0.1571098417785396,0.14486792525215375,0.13450637223103076,0.12800655491673282,0.11772127040696317,0.11905058453968867,0.10744591180403835,0.10429853921015082,0.11057494728160572,0.09126982930835209,0.10115549408859997,0.09015553094526496,0.08472104884563043,0.08867592156639034,0.09724331933282628,0.07834373469127427,0.07276531719843121,0.07298999759865969,0.07181944660365973,0.06510139247779198,0.06698620436803882,0.06741331035327301,0.08527746815253738,0.06878717604636982,0.059383908136867856,0.05965564886215563,0.09236758321477309,0.05545198466259223,0.055428573534387106,0.052229049679367055,0.11974534118645257,0.05400093263906877,0.08082733517535214,0.0772751191770674,0.05631238030397867,0.04465714753552308,0.05372255325441001,0.04848265848793746,0.04532610513063871],"valid_accuracy_dist":[0.9876847290640394,0.9909613804437141,0.9642262895174709,0.9824707846410684,0.9747474747474747,0.9785478547854786],"valid_accuracy":[0.08899357783785479,0.5392096371714299,0.7304857823385316,0.8030489729769229,0.864001772667635,0.889986011522321,0.909751103694456,0.9118230647361202,0.9260591272416282,0.8861162935000678,0.9357332896854937,0.9163849596733962,0.9459614742492827,0.9503839553130439,0.9548066495039106,0.955496962618023,0.9606114637735326,0.9572942614741388,0.9629605840645067,0.9642046818012213,0.9625461450197702,0.9673827311030662,0.9657251340107492,0.9662771288409813,0.9695945422102497,0.9676601437728526,0.9650327599800917,0.9709765504567042,0.9726347128434553,0.9720822983921517,0.9713912292843737,0.975813517772503,0.9736022002256473,0.9724965432092498,0.9679368472320182,0.9724970015139104,0.9767811114586277,0.9762283435449071,0.9647567780252275,0.97733382772757,0.9774721205840713,0.9781630707314095,0.9541131840735084,0.9767812346809235,0.9648952681199316,0.9664154557527528,0.9756752815323686,0.9803743303292709,0.976090191638291,0.9784395721489572,0.9798215581156304],"mean_valid_accuracy":[0.08926707529060766,0.5374627127416225,0.7294395119866895,0.8023810111170068,0.8635917807471833,0.8896593056032863,0.9095148707928251,0.9115407653676936,0.9258397444845295,0.8857927822096004,0.9355482374391343,0.9161959943976884,0.9457659589988836,0.9502294719796486,0.9546562199473314,0.9553737924671123,0.9605020578548434,0.9571632181127664,0.9628583340703458,0.964103083699073,0.9624220866660536,0.9672985537866866,0.9656320808185113,0.9661837331283238,0.9694919599347239,0.9675869607709059,0.9649904888358748,0.9708964616701034,0.9725827492899741,0.9719940664884398,0.971314505017498,0.9757547962973784,0.9735348058262331,0.9724202945849935,0.9678419676049179,0.9724238928938029,0.9767209236676285,0.9761572095952449,0.9647765700362015,0.9772750405226397,0.9774179672695084,0.978106543984144,0.9539317742404743,0.9767100836121608,0.9647572820897704,0.9663009525700396,0.9756157305151988,0.9803265456533379,0.9760291227008006,0.9783816773523101,0.9797730855332077],"std_valid_accuracy":[0.08848490111335872,0.23641898953344398,0.14161084185918293,0.10096527887875936,0.0715660136556342,0.05844262059496458,0.04352064098694873,0.046050687876328524,0.037600001337589804,0.06537207718028294,0.029980121588250037,0.03567875985891831,0.02937346363998605,0.02437089880730408,0.024057054964101102,0.02206277073086903,0.02137550450650096,0.021947791027098675,0.017536573230860265,0.018619395718336616,0.022042448832399534,0.014970820542221833,0.018187789484161162,0.01589141366792743,0.01600842815790549,0.01698617723224862,0.010881444835370945,0.014521536480055462,0.011082140074344436,0.0141154951009335,0.014193636112119674,0.009599110924729775,0.01204055161647188,0.012983371981179334,0.01672425123316818,0.014252948602618255,0.01065280167561091,0.012167868154638965,0.009294624581653853,0.01057719638397292,0.010666080501317721,0.009683541188497888,0.024425582264367578,0.012327310430381305,0.02102016298878355,0.018867947742132535,0.012232440782190943,0.007996285160635509,0.013151514877462675,0.010795687719436375,0.008789296969892337],"valid_loss_dist":[0.03667880135339078,0.02697092748645788,0.11635978547189875,0.06416491538485224,0.09513324120329687,0.0714579248929968],