{"test_accuracy":[0.0972,0.216,0.6891,0.6762,0.5681,0.6661,0.6313,0.6469,0.7302,0.7363,0.7546,0.745,0.7461,0.7469,0.7548,0.7588,0.7541,0.7039,0.7647,0.7617,0.7672,0.7678,0.7726,0.7682,0.7741,0.7628,0.7136,0.7695,0.7755,0.7781,0.7761,0.7737,0.772,0.7784,0.7774,0.7776,0.5529,0.7776,0.7774,0.7749,0.7763,0.7806,0.7801,0.7798,0.7818,0.7765,0.7708,0.7802,0.7351,0.7808,0.779],"test_loss":[2.3084521141052248,2.7010937313079832,1.931287060546875,1.9895437505722047,2.4551163356781007,2.197905645942688,2.425497299194336,2.429405241012573,2.1354124816894533,2.1662497467041018,2.1841445182800294,2.2183695278167725,2.2197662662506104,2.2570687397003173,2.292984587478638,2.3051190757751465,2.3266474433898927,2.4860200592041015,2.3337845500946046,2.359675988006592,2.389813409423828,2.4209614650726317,2.4392327270507814,2.4676220741271973,2.5034333145141603,2.7219097137451174,2.9376898223876955,2.564533755874634,2.59590954284668,2.60786162109375,2.6335744903564455,2.6918736824035645,2.6938768833160402,2.716357361984253,2.7486413845062256,2.773752786254883,4.279161664581299,2.5827018032073976,2.598331548690796,2.6723744132995604,2.714801543045044,2.7637436126708983,2.806676768875122,2.8223028190612793,2.87927566986084,2.9412970500946045,3.023152480316162,2.928500282287598,3.5358781127929686,2.9938832874298096,3.032133604812622],"train_accuracy_dist":[0.9791883454734651,0.9874122988031366],"train_accuracy":[0.0944979794839913,0.3614133250440369,0.8725520671433012,0.8598072738576313,0.7067661382240182,0.8556626256346492,0.8144233758159776,0.8423997513211067,0.9257071806030464,0.9325458501709667,0.9510931509688115,0.9441508651953165,0.9445653300176148,0.9471557351569786,0.9529582426691534,0.9596932960314993,0.9534763236970262,0.8953476323697026,0.9638379442544814,0.9606258418816703,0.9674645114495907,0.9672572790384416,0.9696404517666563,0.9673608952440161,0.9733706351673401,0.9580354367423065,0.9163817221013366,0.9692259869443581,0.9747176458398094,0.9781369806237695,0.9756501916899804,0.9725417055227438,0.9711946948502745,0.979173142679515,0.9787586778572168,0.9764791213345767,0.7385763133354056,0.9790695264739405,0.9784478292404932,0.9777225158014714,0.9787586778572168,0.9842503367526682,0.9826960936690499,0.9825924774634753,0.98611542845301,0.9797948399129623,0.9735778675784893,0.9837322557247954,0.9261216454253445,0.9860118122474355,0.9833177909024972],"train_loss_dist":[0.05039544548533089,0.034486087486516874],"train_loss":[2.306858660136958,1.4817980321846207,0.47731684078985936,0.4093104221205454,0.8441011578774109,0.4238405256626606,0.5511334467435696,0.5121721316929149,0.22245035870879837,0.20632271554177073,0.15141316537486002,0.16897259877112453,0.16431328620938807,0.15797568582991914,0.1434598361046348,0.12183026594394798,0.13351208844242682,0.29132927812920767,0.10690746366446555,0.11088012138026673,0.09391174626148448,0.09546111099658983,0.08087889829218393,0.08921503739026393,0.07536577399765663,0.12042387818168598,0.27554006313316665,0.08324069423004081,0.06744821515247348,0.059136535938002756,0.061155481571058525,0.06925143065177497,0.07229125339380757,0.0538907657971766,0.05467472849667548,0.05743786053865787,1.4325333738028108,0.059590965277814406,0.055800133557402896,0.058466281913434726,0.05498345875762285,0.04227005364783452,0.044443469759377525,0.04346934492089825,0.036322656772631634,0.05263694467312709,0.07548723222693438,0.04073431551955936,0.22509961733143882,0.035831655265359835,0.042406972906090114],"valid_accuracy_dist":[0.9559068219633944,0.9851485148514851],"valid_accuracy":[0.08739751090082137,0.3674453369635757,0.8740702704755432,0.860819702446324,0.7083784094098264,0.8537777587004196,0.804067580373455,0.843008221916296,0.9084551694315461,0.9188112010081539,0.9399369446202064,0.9291671449591012,0.92833855728218,0.9316524698615625,0.9428367386124493,0.949878594732693,0.9395230012843878,0.8831876265684743,0.9560915126733734,0.9519495381710329,0.9602341005553378,0.9585770128271556,0.961476543942417,0.9598201572195191,0.9643765131859808,0.9478044091449137,0.9018261175135341,0.9594058633810584,0.9643762503089994,0.9660332504115207,0.9664472813729997,0.9652048379859205,0.9614769820707196,0.969347162990903,0.9668618380884418,0.9668616628371208,0.7353059316478777,0.9668618380884418,0.9676901628883817,0.9652046627345996,0.9685187505653028,0.9722465188548433,0.9701757506678244,0.9701754877908428,0.9718321373907222,0.9668617504627816,0.9569196622219923,0.9689326939011215,0.9183907733734564,0.9718322250163827,0.9705897816293034],"mean_valid_accuracy":[0.08777038269550749,0.3672282993690384,0.8739765407489168,0.8605075149777872,0.7079544268902764,0.8534531281747143,0.8037491145121167,0.8426446846015716,0.9082758109421591,0.9186408241489706,0.939807416681768,0.9290092694793606,0.9281841869711098,0.9315016776220051,0.9427055018313811,0.9497633207580325,0.9393811469333289,0.8829391882615882,0.9560097856707468,0.9518466197701301,0.9601489267063146,0.9584953295662345,0.961403711086583,0.9597226569578754,0.9642949319890393,0.9478070103183364,0.9016888793704662,0.95931011570375,0.9643052283597744,0.9659622576234329,0.9663850952482935,0.9651303108680253,0.9613865504686908,0.9692797482743283,0.9667873401316838,0.9667942043788406,0.7348313866328396,0.9667873401316838,0.9676227190106699,0.965137175115182,0.9684478015189206,0.9721949940418335,0.970104830782579,0.9701151271533144,0.9717858849112865,0.9667907722552622,0.9568520287968897,0.9688740712673597,0.9184685315453343,0.9717824527877081,0.9705276684074398],"std_valid_accuracy":[0.08777038269550749,0.05108853231412991,0.022063063211479217,0.0734858843621467,0.09980134868728135,0.07641485862396558,0.07496375677501194,0.0855731371806066,0.04221923856279136,0.04010505043848811,0.03048961302120229,0.0371623476823556,0.036337265174104794,0.0354950220479619,0.03089185790459248,0.027134369010944404,0.033391130294393834,0.05847995365260317,0.01923773908172849,0.024225987490596013,0.020049093095665604,0.019227442710993192,0.017144143698895664,0.0229506103688572,0.019203417845944315,0.0006122908463891408,0.032304519969467815,0.022538069114731774,0.016717873950456597,0.01671100970329975,0.014638007061937464,0.017542956458707404,0.021286716858041843,0.015868766577156856,0.017536092211550558,0.015879062947892097,0.11170326683250686,0.017536092211550558,0.015875630824313702,0.015885927195048943,0.01670071333256451,0.012128438301400812,0.016693849085407664,0.014208305189919945,0.010887382415446178,0.016707577579721355,0.01592024843083306,0.013799196059372965,0.01830351504368405,0.011715897047275436,0.014620846444045377],"valid_loss_dist":[0.1585671757650058,0.060636008201357554],"valid_loss":[2.30761664178685,1.4878609465362498,0.4905853166961548,0.4316770529738942,0.8825118159918575,0.45328391278217595,0.5889141117422347,0.5620905362212931,0.26473980773510947,0.24819846759489494,0.18879790223709195,0.21156391935601726,0.2075152049795036,0.20427071734125937,0.1899670266101782,0.16776864564019944,0.18293946247673365,0.3498748060694323,0.1527256247861442,0.1601593968841498,0.13847103505881928,0.1453113301571187,0.12808485466046782,0.1361506071559011,0.12450224219908099,0.1714998705864617,0.34573978221456414,0.138106825289017,0.12205613531877176,0.11040613833789031,0.11452894494098365,0.12594567924327632,0.12793530842692596,0.11002178462977112,0.11045958443871239,0.1158852941448949,1.449915610383878,0.10440009563376786,0.11230532432644667,0.11411791112045805,0.113689913234292,0.10091360404369587,0.10654280930097854,0.10533997370242504,0.09871384488050287,0.11364332037741777,0.15174898003617052,0.10594311852795608,0.3029967341541151,0.101425285844883,0.10939357323537785],