{"test_accuracy":[0.0972,0.5298,0.7152,0.771,0.8198,0.8449,0.8397,0.8856,0.9156,0.9015,0.9286,0.952,0.939,0.9435,0.9429,0.9516,0.9499,0.958,0.9448,0.9618,0.9614,0.9636,0.9664,0.9704,0.9649,0.9679,0.9492,0.9711,0.972,0.9696,0.9734,0.9721,0.9793,0.9711,0.9758,0.9767,0.9742,0.9751,0.9768,0.975,0.9786,0.9773,0.9777,0.979,0.9781,0.9798,0.9803,0.9789,0.9786,0.9784,0.9732],"test_loss":[2.3084521141052248,1.6515105945587158,0.9564976172447205,0.6885102039337159,0.5411999539375305,0.4347698777198791,0.49518323373794554,0.3058325689792633,0.24479030747413635,0.2656099368095398,0.21262737288475037,0.15920451781749725,0.18345540554523468,0.1723091782093048,0.17132908766269683,0.15187478466033935,0.15034474204778672,0.13384116632938384,0.15852407375574112,0.12294575486183167,0.12281810148954392,0.11555662078857422,0.10377423973083497,0.09790713576078415,0.10938058013916016,0.10148211307525634,0.14241448049545288,0.09121393671035767,0.09101292388439179,0.09229820449352265,0.08410713558197022,0.08541697590351105,0.06876027793884278,0.09496238431930543,0.07775397862195968,0.07683159772157669,0.08046511729359626,0.07789708594083786,0.07420918539762497,0.0769361633181572,0.068406818151474,0.07476526274085045,0.07144554942846298,0.06835017585754395,0.06872361631393432,0.06453216651678086,0.062696753013134,0.06602620507478714,0.06661535581350327,0.06539952546358109,0.07849519580602646],"train_accuracy_dist":[0.9904942965779467,0.9877456158884429,0.9574774034511093,0.9922512234910277,0.9592091571279917,0.9808013355592654,0.9930526315789474],"train_accuracy":[0.10924194604894896,0.6131423807538855,0.7929494432203894,0.8257011850175668,0.8706306199011493,0.8884952063359733,0.8875424283927827,0.9164830584171977,0.9350026796879652,0.9280652652891086,0.9436967784195796,0.9579884475674388,0.9523313285297446,0.9554874054665634,0.9546239504555469,0.9595664860358483,0.95989400345382,0.9647174417912225,0.9579586732567141,0.9681712618352886,0.9682605847674627,0.9693920085750015,0.9724289882689215,0.9749002560590723,0.9711486929077592,0.9734115405228368,0.96090633001846,0.9761210027987852,0.9765973917703805,0.9759125826237123,0.9780265586851664,0.9777288155779194,0.9810337640683618,0.9767760376347288,0.9803489549216936,0.9807062466503901,0.9795152742214017,0.980110760435896,0.9812719585541595,0.980110760435896,0.982939319954743,0.9814803787292324,0.9822247364973501,0.9828797713332936,0.9833263859941642,0.9840409694515572,0.9844280354909783,0.9839814208301078,0.9840409694515572,0.9842493896266301,0.9800809861251712],"train_loss_dist":[0.028040297381559415,0.03761663547145018,0.11264132530158331,0.029178668749419937,0.11085127637363994,0.05512044791486705,0.023997720265662985],"train_loss":[2.3094261659729978,1.341554891035242,0.7150646249157445,0.5308735835728264,0.4031988584431984,0.32983536345071507,0.3557022144594386,0.24054157526367567,0.19983808123755895,0.20801369744532516,0.172696474256552,0.1427377087965795,0.15009915065544965,0.141168224829323,0.1387750509176229,0.12586441977912452,0.12296990919892602,0.11160372072690042,0.12426853227193779,0.10159626825583568,0.10019945592120293,0.09505565667387729,0.08735177233135932,0.08223563576909002,0.0881335163019912,0.08289714135941237,0.11386927651832725,0.07455052750249797,0.07384029242941538,0.07386090248629724,0.068769935005064,0.06902993594114981,0.06269798624167162,0.07407273917561495,0.06309775154934377,0.0617932687594334,0.06360383869971746,0.06153941960132517,0.05860962421343086,0.06023065341401503,0.053507703944476355,0.057913565015938195,0.05504617677745414,0.05401170965780356,0.052546890500600955,0.04969622274949585,0.0482562865668389,0.04956507900266027,0.04936511101846608,0.04833282090775979,0.056957637326600995],"valid_accuracy_dist":[0.9881756756756757,0.9881756756756757,0.9589153656532456,0.9837000814995925,0.9625623960066556,0.986644407345576,0.9873737373737373],"valid_accuracy":[0.10402616549461148,0.6040113849557598,0.7965258657729399,0.8287995577069188,0.8708237874265335,0.8898750251738603,0.889279504443577,0.9171382957844912,0.9323779674572285,0.927139428029041,0.9445212966315526,0.9589277681799698,0.9509502600740498,0.955474577892354,0.95583132596368,0.9607126487327055,0.9592843399285638,0.9648797845818364,0.9569023570248202,0.968808011284239,0.9665464000844282,0.9701175327107897,0.9715468458652918,0.9749993788497172,0.9714268175566599,0.9739269728745492,0.9605934897954963,0.9772610428417955,0.977618205512052,0.9758322223728537,0.9780944256726756,0.9783324670491055,0.9792849504899095,0.9749994015346655,0.9791659738089867,0.979999139421804,0.9795230249460591,0.9795230235110818,0.9799991666591685,0.9790466646802537,0.9813090862387833,0.979760596264126,0.9807134267277968,0.9811895448645555,0.9815468345365571,0.9821420543682873,0.9824993128032277,0.9821421980320373,0.9816657874383399,0.9822611516111861,0.9792848772295855],"mean_valid_accuracy":[0.10400710561773475,0.6040251099271946,0.796868496720781,0.8292695393442758,0.8711920119032264,0.8902419184640683,0.8897108600053824,0.917430173826493,0.9326130318448091,0.9273969268504253,0.9447201530445276,0.9590225405009972,0.9511205284102243,0.9556173918082085,0.9559878949302798,0.9608495750795722,0.9594417151492663,0.9649986191196043,0.9570773031763725,0.9689167600799752,0.9666743638814884,0.9702361741189284,0.9716481589086277,0.9750864976983701,0.971533956912206,0.97400809233021,0.9607768586184552,0.977339022995219,0.9776957690929073,0.9759210325685493,0.9781648498536263,0.9784114495928252,0.9793332789818593,0.9750921159886629,0.9792402016508633,0.9800629577880915,0.9795888614817935,0.9795898824452284,0.9800583403624882,0.9791046392692644,0.9813588441833507,0.9798279562913869,0.9807766401973881,0.9812444285423652,0.9816089100722264,0.9821830574052399,0.9825560051217438,0.9821998188778299,0.9817171950368481,0.982307888848497,0.9793639056043083],"std_valid_accuracy":[0.08846456958812106,0.14611249220049555,0.10085011821132982,0.08206224452057984,0.08073763168554565,0.0795972804343074,0.08116853299367158,0.06003577960810047,0.04397958996701052,0.05059509811260135,0.03540792461407514,0.013157868734356783,0.027628778681057013,0.026390140637037228,0.029187663581070278,0.023661583607447273,0.026513379093791218,0.019265421704952684,0.03224425650802166,0.016641548998486605,0.020350658790873583,0.017521817929637043,0.014273789467835562,0.012440078804833245,0.01750629609818243,0.01389836763821858,0.028393447545245466,0.011938170897977496,0.010514613625540594,0.013217415546175998,0.01043611848133991,0.010714380874155861,0.006065194025510506,0.013951154836193679,0.009878985989234897,0.009305314989175648,0.010714229874031086,0.010211396681932938,0.008726462554107176,0.009720967162087549,0.007471405294506711,0.009256047611784923,0.009213017446525263,0.008273279620365094,0.008708846217557669,0.0072891864308520645,0.007523651017414931,0.008537736389794279,0.008229113589077106,0.007972363699333044,0.011902542504172994],"valid_loss_dist":[0.04289434930762729,0.03522256515114694,0.13803483037646913,0.047529118780741966,0.14355217180712251,0.05481185534120054,0.04770712957087189],