{"test_accuracy":[0.0972,0.6328,0.8337,0.8958,0.9281,0.9295,0.9378,0.9456,0.9517,0.955,0.9561,0.9619,0.9634,0.9655,0.9621,0.969,0.9701,0.9709,0.9725,0.97,0.973,0.9744,0.9739,0.977,0.9761,0.976,0.9773,0.9771,0.9793,0.9797,0.9796,0.9782,0.9807,0.9812,0.9799,0.981,0.9804,0.9766,0.9719,0.9832,0.9818,0.9826,0.9832,0.9738,0.9828,0.9836,0.9842,0.9834,0.9835,0.9842,0.9849],"test_loss":[2.3084521141052248,1.2574421375274658,0.6023412269592285,0.390217609500885,0.2831669183254242,0.2604389919757843,0.22415493841171263,0.1973392813205719,0.17439135661125182,0.1595046635389328,0.1480086718559265,0.1324314239501953,0.12629499683380127,0.11830000371932983,0.13021063737869262,0.10700517519712448,0.1017526672899723,0.10332397147417069,0.09290732689499855,0.0980377571105957,0.08934699298143386,0.08381023298501969,0.0844734332561493,0.07452580732107163,0.0774977588891983,0.08032558757662774,0.07521793851852417,0.07362763046622277,0.06814925934672356,0.0652553169965744,0.06543747507333755,0.06867733705043792,0.06206255031824112,0.060252801644802095,0.061336737048625946,0.05800325810313225,0.059442755872011185,0.0702144586622715,0.08492609851360321,0.05253041074872017,0.055359306049346926,0.05235298520028591,0.05012311525344849,0.0732333443403244,0.049861847531795504,0.04857536482810974,0.05022057086229324,0.05106331318020821,0.05047158999443054,0.04830883403420448,0.0464537518620491],"train_accuracy_dist":[0.9907035706739912,0.982108626198083,0.9891924959216966,0.9850156087408949,0.9853923205342237,0.988,0.9853487412298804],"train_accuracy":[0.1092020879940343,0.6572408650260999,0.841282624906786,0.8924683072334079,0.9247427293064877,0.9278448918717375,0.9381357196122296,0.9441014168530947,0.9490231170768083,0.9538255033557047,0.956331096196868,0.9604175988068605,0.9629231916480239,0.9649813571961223,0.9611633109619687,0.968351976137211,0.9702311707680835,0.9675466070096943,0.9717225950782997,0.9701715137956749,0.9735421327367636,0.9750633855331842,0.9740492170022371,0.9764354958985831,0.9762266964951529,0.975958240119314,0.9767934377330351,0.9776882923191648,0.9794780014914243,0.9800447427293065,0.9803131991051454,0.9787024608501118,0.9812378821774795,0.9812677106636838,0.9817151379567487,0.9824011931394482,0.9819537658463833,0.9791498881431767,0.9736614466815809,0.9839522744220731,0.9837434750186428,0.9842207307979121,0.9846681580909769,0.9745264727815064,0.9851155853840418,0.9854138702460851,0.9854436987322893,0.9852050708426547,0.9854436987322893,0.9862192393736018,0.9865473527218493],"train_loss_dist":[0.03063018080287867,0.05157690520801991,0.03975181666857656,0.04763996584746021,0.038990407908500134,0.040334843649675975,0.04386530064732094],"train_loss":[2.3076911788516576,1.2079865379070365,0.5825888141236316,0.38911192887625884,0.28650937823152295,0.2594018251526098,0.224044917804105,0.19737346106994338,0.17847990888432724,0.16138782664300078,0.15120776404925995,0.1376149277987985,0.12913966516131434,0.1210690978313897,0.12972481121786222,0.1091225369060155,0.10346430991675586,0.10858250278554507,0.09482425520239617,0.099073408819085,0.08971543087299683,0.0854736259919685,0.08408670829435412,0.07703844791612992,0.07814358214081711,0.07915635390369684,0.07543324875507135,0.07217287160645085,0.06813411405900359,0.06471984594510306,0.0645275432004758,0.06712410571313367,0.06073634405703041,0.05918919993299188,0.059179814292130456,0.05642793069677643,0.05693755599109652,0.06572091992591673,0.08095110356718813,0.0510878756860692,0.051743054505184814,0.04958928996640119,0.04835549919447243,0.07418879485581456,0.046706419022535764,0.045428405688113016,0.04552951339979522,0.04687832289988607,0.045486747149314166,0.04300415164230587,0.041819029067914536],"valid_accuracy_dist":[0.9881756756756757,0.9838160136286201,0.9788101059494703,0.9733777038269551,0.9841402337228714,0.9831649831649831,0.9851485148514851],"valid_accuracy":[0.10445412200823981,0.6575894280739426,0.8448401385760458,0.8923086474629791,0.924272023874119,0.9291608001358843,0.9382246595536156,0.9431143043523875,0.9502710653504401,0.9533712408632814,0.9564715470229345,0.9602878662239392,0.9629117075352729,0.9638657026903785,0.9611222568225496,0.967323909414833,0.9692319835617337,0.9663692764501629,0.9716167795447538,0.9706623324775061,0.9723324452259132,0.9734056799304608,0.973286044573618,0.9753140345644168,0.9751942499894217,0.973882787351014,0.9750749120270907,0.9765061597241673,0.9780566223434137,0.9785338048591052,0.9779372145128983,0.9772213768937175,0.9787722020567231,0.9784142887713271,0.9787720066292386,0.9797264986326021,0.97877198457635,0.9766254265342281,0.9678012236485741,0.9797262138258083,0.9800841182022904,0.9806804679663778,0.9812767286320384,0.9709028078557418,0.9807997774160735,0.9812768154151079,0.9811573237013822,0.981157813741753,0.9809185042383582,0.9816341956900999,0.9823498778949451],"mean_valid_accuracy":[0.1042545847834422,0.6580026018627464,0.8449248128688172,0.8923357411665417,0.9244061369696235,0.9292698653969262,0.9383501943563877,0.943234187651772,0.9503769788392217,0.9534826183702476,0.9565774739539421,0.9603356585087125,0.9630048192468147,0.9639486337010081,0.9612432010317368,0.9673833437802646,0.9693076889195176,0.9663858948082066,0.9716776068446418,0.9707030398758925,0.9723962365896497,0.9734594002624534,0.9733428754147105,0.9753637490325487,0.9752466833163764,0.9739443258004246,0.9751242163893681,0.9765566413393613,0.9781059055025968,0.9785811869759955,0.9779763140945347,0.9772635152219341,0.9788282581681417,0.9784576069820278,0.9788248722959373,0.9797691831489671,0.978819783369628,0.9766752660366624,0.9678605411234162,0.9797473623709586,0.9801284616364649,0.9807197511221257,0.9812918990512335,0.9709772475265442,0.9808435175137491,0.9813141545940018,0.9812002294986518,0.9812150287526619,0.9809465831294083,0.98165281089159,0.9823761758314371],"std_valid_accuracy":[0.08818469550386548,0.09629945601202239,0.04648783835487403,0.027244082595265194,0.021725587763951844,0.018602692973499382,0.018189700081912598,0.017212149475591035,0.018739803846617987,0.015760684122081474,0.013700954111963025,0.012995941337121581,0.013324321151417459,0.013166814407788646,0.011457821990503977,0.010724095276645996,0.010957912045269235,0.010180378757080381,0.00883590266926439,0.007726753302414319,0.00822302345705911,0.008000420365236401,0.006704778778407231,0.008046509316919744,0.006340108802691672,0.0063894905292143376,0.00746171396319584,0.006013814588762622,0.0057154342417823426,0.005767386144565285,0.005529354959724041,0.006226857281228362,0.006937337573078174,0.006541230873958455,0.006482375497802196,0.00663759277038231,0.006718128621195791,0.006578113575919314,0.008872544185950798,0.005991119441416118,0.006415407970939584,0.0061444103924123495,0.0068464052935473365,0.014381106563189642,0.005672960447353635,0.005885270503568679,0.006265503807907639,0.005890163720759042,0.005332328345104304,0.004396347153657646,0.004485160692134927],"valid_loss_dist":[0.030208614680009918,0.051855364259097605,0.0657475655556891,0.08877305753417498,0.0477937546392315,0.06416566451691617,0.05125465416795153],