{"test_accuracy":[0.0972,0.4249,0.7586,0.8252,0.8653,0.8813,0.897,0.8592,0.9269,0.9281,0.9427,0.9468,0.9469,0.9539,0.9477,0.9578,0.9497,0.9612,0.9602,0.9609,0.9636,0.9646,0.966,0.9673,0.9657,0.9646,0.9572,0.9705,0.9697,0.9708,0.9701,0.9711,0.9723,0.9721,0.9731,0.969,0.9727,0.973,0.973,0.9739,0.9742,0.9736,0.9736,0.9755,0.9738,0.9748,0.9774,0.9764,0.9763,0.9754,0.9751],"test_loss":[2.3084521141052248,1.4697078063964844,0.7175893834114074,0.5234003670692444,0.40799112267494203,0.36717035341262816,0.31847342133522033,0.4184212281227112,0.2329492034435272,0.2301758173942566,0.18998527519702912,0.17642035012245177,0.17570389168262482,0.150965571975708,0.16752862923145295,0.13652354283332824,0.16266320929527284,0.1275243852853775,0.12563610503673553,0.11897318303585053,0.11667963628768921,0.11134724032878876,0.10889697294235229,0.10415573749542237,0.10851510682106018,0.10552148207426071,0.12667933650016786,0.08980254508256912,0.09247459288835526,0.08962104578018189,0.09372072170972824,0.08909178037643432,0.08414014368057252,0.08562853820323944,0.08048026176691055,0.09098171494007111,0.07984393198490143,0.07803497524261474,0.0807582337975502,0.07947428556680679,0.07531300785541535,0.07914939527511597,0.07808540340662003,0.07344775028824806,0.0768250763297081,0.07387121992111206,0.06855791103243827,0.0690183777332306,0.06912070240974426,0.07192101910114289,0.0720402280330658],"train_accuracy_dist":[0.9879594423320659,0.979716881470526,0.9821281840591619,0.9750260145681582,0.9845575959933222,0.9925711927362774],"train_accuracy":[0.065362429633748,0.4838418236152617,0.7967892139829036,0.8563485996247133,0.8897421641531725,0.89902008478699,0.9107651678365418,0.8812634651469873,0.9368267426506359,0.9385294322051567,0.9487108207658628,0.9529501702689555,0.9516644659114601,0.9589964556258253,0.9543748696921259,0.9632358051289179,0.9572937660713045,0.9657029675446521,0.967058169434985,0.9670929182014039,0.9696990756828132,0.9703593022447703,0.9719229967336159,0.9730697060254361,0.970567794843283,0.9716797553686845,0.9631315588296615,0.9768225727986657,0.9760580999374522,0.9774827993606227,0.9765098339008965,0.9768920703315033,0.9794982278129126,0.9785252623531865,0.9798109667106818,0.9755368684411704,0.9801932031412884,0.9800889568420321,0.9805406908054765,0.981270414900271,0.9820001389950657,0.9809229272360831,0.9817916463965529,0.9829036069219542,0.9822086315935784,0.9826256167906039,0.9825561192577663,0.984293557578706,0.9840155674473556,0.9838418236152616,0.9836680797831677],"train_loss_dist":[0.03473058837907799,0.0621908920453639,0.05720510042671209,0.07282750212299588,0.04963522654443432,0.024838012172692554],"train_loss":[2.314247018534195,1.32071468561517,0.617284770741457,0.4449184417964867,0.34765525690787147,0.3148375424660058,0.27711482841486035,0.3457662936822238,0.20152685600342302,0.19577194557792077,0.16572592242805545,0.15393454416218308,0.1528183809400073,0.13253115574557503,0.14703023456054132,0.11988712835556498,0.13442767376570897,0.10975783601257218,0.10686610685127457,0.1037851846469137,0.09727842187946091,0.09390798016328387,0.09091148509450639,0.08681395936950723,0.09374514372099083,0.08837075757578744,0.10862917332844046,0.07393524603124282,0.07560218592802892,0.07239950718823529,0.07458451156869435,0.0717823634564771,0.06619972354648376,0.06720948539362569,0.0637237458933911,0.07368697508952363,0.06184463769695067,0.06102466449996903,0.06095606982213481,0.059398512727955655,0.056749222266416384,0.05854339805749527,0.05734809743487335,0.05370556241036884,0.05520302424856777,0.05363554290122805,0.05206258414887046,0.04919691440071405,0.049163844654852684,0.050088759489314495,0.05022557810151121],"valid_accuracy_dist":[0.987331081081081,0.9780405405405406,0.9761709120788825,0.9600665557404326,0.9816360601001669,0.9900990099009901],"valid_accuracy":[0.05917505017444031,0.48616675613809723,0.8028407090166594,0.8600866699649002,0.8946838564732118,0.9006563537077868,0.9162211489066121,0.8893943238476716,0.9402549746777157,0.9403942273260727,0.9515094047022692,0.9551222011714505,0.9556770017647609,0.9602621409265283,0.9538699458795217,0.9623465212293871,0.9563694973354536,0.9665140438815397,0.9672091645969749,0.9684608540537645,0.9695712135899544,0.9694325961759743,0.9710998978493309,0.9726282619484168,0.972072516624884,0.9708226161529929,0.9634588154754978,0.9761018898596306,0.975685341011541,0.9759626879975716,0.9762412665700239,0.976657871553476,0.9772130591781203,0.9767965170351373,0.9774916350760403,0.9749906592069195,0.9781858272962043,0.9780472431487647,0.9795749588661202,0.9780468562676363,0.9801308483708764,0.9776301659128555,0.9797142767290672,0.979853003664137,0.9790193881280617,0.9794366081516009,0.9790186449578129,0.9806865937695118,0.9811040206269864,0.9802703437191383,0.9788807706765303],"mean_valid_accuracy":[0.05951649884462892,0.4864487980951057,0.803065643453333,0.860101181588794,0.8946478329047776,0.9006934692987484,0.9161294200361176,0.8894604613813941,0.9402543993629848,0.9404012709356492,0.9515255628832855,0.9551362219072916,0.9557481642497291,0.9602902496451408,0.9539796800103185,0.9623673162188705,0.9564257742451717,0.9665491845075632,0.9672398793701066,0.9684519832217737,0.9695968444709697,0.9694486635885822,0.9711197049415184,0.9726459574359354,0.97207614623244,0.9708011715078335,0.9634340371940384,0.9761100798465997,0.9756858294262392,0.9759856620580032,0.9762381345106182,0.9766556248923445,0.9772408201410041,0.976802597731076,0.9774948355965978,0.9749786845805565,0.9781947164934347,0.9780375387480366,0.9796008311481139,0.9780673436462631,0.9801573022771798,0.9776358053743043,0.9797220110230741,0.9798757067431848,0.9790312141545606,0.9794419703902598,0.9790855420666426,0.9807210084136795,0.9811094017129823,0.9802762580722174,0.9788906932403489],"std_valid_accuracy":[0.08209842249380962,0.12672373023523667,0.08682251769258084,0.06759564506139379,0.04857924436463382,0.042678568954696565,0.03909912496279576,0.04630679265314845,0.022130706945216797,0.024629848178721277,0.01970407678034597,0.0195314259061541,0.017135548843694656,0.015578861368332187,0.019521835533782613,0.014500558535491884,0.01687790358257348,0.012350218862627646,0.012352755201876618,0.01414960557583708,0.011906864351149283,0.013098135873641713,0.011943052388483495,0.01171619174332267,0.012489198431068674,0.012193849392200754,0.01636480283615073,0.00958532792327498,0.011272046443100309,0.009956241136138543,0.011691605998887978,0.010819628211257589,0.008879203268455692,0.010012550018259809,0.010106260483601408,0.011089319064976653,0.008716437477252845,0.008931908186740405,0.009256033042597013,0.009631657963895037,0.008692065662565994,0.009285637605099203,0.008111299857118812,0.00876458660094615,0.008431345428258095,0.009124099629453474,0.010254853621523901,0.008434594837963537,0.008620381458845342,0.008877620111400265,0.009720010890401861],"valid_loss_dist":[0.04470112446594883,0.06079287686057993,0.06606576064618376,0.13563124148698893,0.05760508569234202,0.03456043305410312],