{"test_accuracy":[0.0972,0.3097,0.7377,0.7968,0.8808,0.9009,0.9088,0.9318,0.8895,0.9438,0.9512,0.9495,0.9554,0.9512,0.958,0.954,0.9628,0.9632,0.9638,0.9651,0.9682,0.9701,0.9421,0.9706,0.9723,0.972,0.9699,0.9704,0.974,0.9754,0.9756,0.9745,0.9741,0.9679,0.9764,0.9745,0.9767,0.9765,0.9777,0.9781,0.9777,0.9758,0.9759,0.9768,0.9803,0.9792,0.9785,0.9786,0.9799,0.9801,0.981],"test_loss":[2.3084521141052248,1.7724849008560182,0.8201778599739075,0.5535646114349365,0.389900044631958,0.3303582119464874,0.30031486430168153,0.2347489601135254,0.3359754573106766,0.1917426910161972,0.16762298209667206,0.17253314551115037,0.15398375812768936,0.15957001736164092,0.1418324166059494,0.1473163319349289,0.12648179298639298,0.12418718543052673,0.12000725557804108,0.11775317602157592,0.1055236310839653,0.10205057860612869,0.1850211047887802,0.09906969494819641,0.09486977535486221,0.08622343657016754,0.09991025094985961,0.09137735884189606,0.0888031655907631,0.08436424052119255,0.08138396209478378,0.08607807939052582,0.08718487733602524,0.10336000154018402,0.07704517512321472,0.07860559560060501,0.07673211822509765,0.07527740927934647,0.06959235892295837,0.06724951531887055,0.06918849858045578,0.07450225890874862,0.07647386426925659,0.07483391485214233,0.05742908981442452,0.0652198263168335,0.06538854026198387,0.06948943972587586,0.06037075017690659,0.05932441822886467,0.056416986280679704],"train_accuracy_dist":[0.9870609981515711,0.9864779209803507,0.9858480749219563,0.9847662771285476,0.9949473684210526],"train_accuracy":[0.15340932815566413,0.40235500438431665,0.7747296338051693,0.8241262683201804,0.8925633638147731,0.9094742995532172,0.9155288321015491,0.9359472211783373,0.9028769468453798,0.9486408618313917,0.9554052361267694,0.9536097540607124,0.9583698693056077,0.9552799699361142,0.9605411499436303,0.9598730635934695,0.9649672220134452,0.9658858407449162,0.9668044594763873,0.967347279635893,0.970896488371122,0.9729007474216043,0.9472211783373001,0.9733183013904547,0.9749885172658566,0.975322560440937,0.9726084596434089,0.9725249488496388,0.9771597979038791,0.9783707044135455,0.9799156540982922,0.9783707044135455,0.9771597979038791,0.9712305315462023,0.9807925174328782,0.9794981001294417,0.9812935821954988,0.9817946469581194,0.9835901290241764,0.9839659275961418,0.984091193786797,0.9813353375923838,0.9825462441020502,0.981502359179924,0.9871810931562904,0.985009812518268,0.9844252369618773,0.9825044887051652,0.9869305607749802,0.9874316255376008,0.9878074241095661],"train_loss_dist":[0.044914557103700375,0.03884507943485495,0.045921630542202004,0.046333094819360265,0.024097415508408295],"train_loss":[2.3007033093945557,1.546350907481007,0.7175594999813188,0.49084946565565535,0.3520835150201075,0.2971542352631852,0.2698509183965191,0.21347666921020872,0.2948091055942311,0.1736405816774905,0.1542679236926407,0.1561936001271623,0.1397816540898224,0.14382052416592192,0.12897216155176208,0.12910797654284512,0.11283395951740169,0.1101340226945093,0.10770935751178866,0.10493953173728202,0.0945897320212875,0.08953692277153702,0.16763535057356266,0.08706947291253021,0.08232173256106608,0.08012813300577513,0.0871176658118673,0.0839302549082278,0.0753258927966554,0.07136466517273561,0.06744384583910351,0.07122286741832058,0.0723661590284958,0.0892281189938568,0.06250499347950866,0.0645098442710988,0.0610868257994908,0.05998469033089181,0.054306159618817455,0.05298940076863444,0.053304797466745546,0.058176931052904765,0.057221980224377855,0.05663991998216121,0.0430905465930271,0.04806780301386307,0.048214510313880646,0.05241735299003961,0.042511214336455105,0.04148362725466033,0.04007211525732515],"valid_accuracy_dist":[0.9802955665024631,0.9864864864864865,0.9775374376039934,0.9816360601001669,0.9848484848484849],"valid_accuracy":[0.14222126935663754,0.3906445257867309,0.7719521967831844,0.8243780868807387,0.889481972982982,0.9036726487363996,0.9121859430654253,0.9338907493823484,0.8973286883521056,0.9470800850851584,0.9514206545994159,0.9517532078675061,0.9545920192720206,0.9525879446788929,0.9582646102608046,0.9557607630072426,0.96227101230457,0.9629391872868339,0.9649420854892685,0.9637733035729462,0.9684479901674513,0.9704512654028848,0.9408997340272395,0.9709524041265808,0.972454570450851,0.9719533158505774,0.9707853493319729,0.9697842253929134,0.9737898550578413,0.9757930728986086,0.9759598851846528,0.9746245097605779,0.9751253615559076,0.9682808989306829,0.97696156399757,0.9746250398540516,0.9774627695661033,0.9776293665880577,0.9803010187119041,0.9789651515956558,0.9786312565021686,0.9772955705151389,0.9769620531671028,0.9772960244625557,0.9814693652727585,0.9791322118557557,0.9792994122757158,0.9789660731778052,0.9816361782153462,0.9811352222052154,0.982136930333564],"mean_valid_accuracy":[0.14225562548386433,0.3913194387727333,0.772296233051312,0.8247791796841065,0.8894894158517292,0.9037212642077265,0.9121783620838235,0.9339157925107703,0.897377613691439,0.9471130378182085,0.951464509565254,0.951785244705262,0.9546223222859377,0.9526008466092794,0.958299401153287,0.9557665497213282,0.9622909662476105,0.9629883965531641,0.9649955868978963,0.9637916544011482,0.9684684419003107,0.9704853242690483,0.9410463271046673,0.9709803061860123,0.9725107246708606,0.9719776896666158,0.9708116682195957,0.9697588849888303,0.9738178262981189,0.9758141115451633,0.9759827426660159,0.9746536946880637,0.9751606631726839,0.9683018707645943,0.9769815283161722,0.9746392614683371,0.9774792086911381,0.977656235380875,0.9803217420106035,0.978999121938703,0.9786504614212864,0.9773178287924683,0.9769791280580893,0.9773169527024572,0.9814954614318563,0.9791604389606399,0.9793196331207075,0.9790302280526266,0.9816616390550743,0.9811541150133554,0.982160807108319],"std_valid_accuracy":[0.0699539260527344,0.10795237026161424,0.06595376687591273,0.0534850103186197,0.019788237843982294,0.015457656951404743,0.01556164927374831,0.015317058050987526,0.02069007864831912,0.012242623299263677,0.011799038708152609,0.008053207253993189,0.009027735827853224,0.007176618906711104,0.008667966891478272,0.015318443929772548,0.007445290765088108,0.009551862290525326,0.008992875550669391,0.007421521058818356,0.006619364635623139,0.006966943940795374,0.018886462054949833,0.007259692235792104,0.007539344641127228,0.004945202671239947,0.007170342346543898,0.009631608823015034,0.0052113536169597005,0.00392828360055247,0.004441866707340948,0.0049113205804077985,0.004931587781208935,0.0049601696787144045,0.005189948676580628,0.005340760791216559,0.003925707372938828,0.004133682252988697,0.004583886856725552,0.004703105863341738,0.0034444688715924367,0.004054602017329381,0.004475589405239945,0.00503775888759315,0.0038761671279788123,0.00400911999354832,0.004325112471622935,0.009749400217142379,0.003978112609973715,0.003624792193761355,0.003195782884725224],"valid_loss_dist":[0.06072765839559887,0.05283173052845774,0.09778208202510427,0.06169306420299764,0.0595406783299414],"valid_loss":[2.30140018141444,1.5818101380118224,0.7348854690446196,0.5067845080771841,0.3688207189602423,0.3129598182335837,0.28623188113555065,0.22786202311030967,0.31532582162168943,0.18516899869215322,0.16492688514427767,0.16777763188768732,0.15184751894780324,0.1569252413851723,0.14088945220743385,0.1463284257576674,0.12588142566949406,0.12246598892928653,0.11974321098482991,0.1173383158084916,0.10773583370916602,0.10342150788063388,0.1849452226090359,0.101126220943888,0.09749082704998731,0.09507751605972227,0.10333627850857467,0.09912695412124206,0.09141738049548753,0.08899749314045577,0.08547153751844894,0.0899595194653807,0.09161509371422209,0.11148657050939396,0.08247882939922895,0.08644569788502715,0.08232632979088676,0.08181299964089338,0.07693881888790464,0.07508472515328296,0.07660700468410979,0.08235761319259591,0.08102365716800726,0.07956463422993247,0.06596400756196623,0.07323053493933784,0.07375834608572965,0.077098234354744,0.06882616908474112,0.06791254402062526,0.06655934858148456],