{"test_accuracy":[0.0972,0.454,0.5846,0.6463,0.6699,0.7108,0.7115,0.6537,0.7332,0.7374,0.7043,0.7448,0.7525,0.7548,0.751,0.7602,0.7549,0.758,0.7604,0.7689,0.7701,0.7689,0.7715,0.7706,0.7709,0.7719,0.7747,0.7708,0.7763,0.7742,0.7747,0.7767,0.776,0.7775,0.7779,0.7795,0.7794,0.7796,0.7815,0.7808,0.7796,0.7829,0.7802,0.7797,0.7818,0.7807,0.7811,0.7825,0.783,0.7818,0.7819],"test_loss":[2.3084521141052248,2.656487378692627,2.3270895816802977,2.134777849960327,2.1774272411346436,2.08096162109375,2.17307299118042,2.3749836380004883,2.1969295127868653,2.209807600784302,2.3287009197235107,2.2840114253997803,2.2933018478393556,2.311082083129883,2.359763617324829,2.3740762153625488,2.511244672012329,2.4256956817626953,2.4164626888275147,2.429292583274841,2.472902403640747,2.411778401565552,2.4495992137908935,2.507504075241089,2.5060283226013182,2.498381575393677,2.485995422744751,2.5552749420166014,2.531245936203003,2.589552439880371,2.582127360153198,2.5864570945739747,2.601659848022461,2.6133551284790038,2.612123217391968,2.64090583152771,2.655283920288086,2.6508024002075197,2.706733786392212,2.7299990230560303,2.728827782058716,2.7354107639312746,2.750969622039795,2.768721975326538,2.7861859951019285,2.77154602355957,2.8189478481292727,2.842613238143921,2.840900696563721,2.8657468799591066,2.886837453079224],"train_accuracy_dist":[0.9960969597370584,0.9761419249592169,0.9896822121337185],"train_accuracy":[0.06013134491722534,0.6656177315638254,0.8198796004925435,0.8709125735394719,0.8899986318237789,0.916062388835682,0.9187987412778766,0.8473115337255438,0.9373375290737447,0.9426734163360241,0.9090846901080859,0.9521138322615953,0.9574497195238747,0.9584074428786428,0.9547817758927349,0.965864003283623,0.9616910658092762,0.9597072102886852,0.9670953618826105,0.9731837460664934,0.9737994253659872,0.9722944315227802,0.9753044192091942,0.9753044192091942,0.9767410042413462,0.9767410042413462,0.9795457654945957,0.9762621425639623,0.9809823505267479,0.9795457654945957,0.9802982624161992,0.9820084826925708,0.9811191681488576,0.9819400738815159,0.9822821179367902,0.9844711998905459,0.984402791079491,0.9843343822684362,0.9865234642221918,0.9857025584895335,0.9854973320563689,0.9876180051990696,0.9850868791900397,0.9857709673005883,0.9874811875769599,0.9867970994664113,0.9865234642221918,0.9887125461759475,0.9887809549870024,0.9878916404432891,0.9872759611437953],"train_loss_dist":[0.015228535193297936,0.06740152988990018,0.034046247154105265],"train_loss":[2.3082286824539398,1.0538264570916005,0.555601962456088,0.38514445473988285,0.3311046390812184,0.25399340529956577,0.24393187136065536,0.389470987964841,0.18811196987060372,0.17484543187410467,0.2508391415368256,0.14923472849496464,0.13208412158536526,0.12879204219478574,0.13822254149646143,0.1086861837687416,0.11790825276629088,0.12411125223965924,0.10132293058040694,0.08708015733452906,0.08346885975456904,0.08875423099884894,0.07942241726002039,0.0784367681760634,0.076552337300828,0.0745658200305021,0.06812696327031156,0.07240484021721288,0.061099762598276625,0.06487030481400022,0.06343165209792367,0.05954118090468811,0.05802847137517961,0.05520374860926976,0.05633660416067959,0.049042084857919326,0.05016266478752858,0.049789872083174314,0.04376318093192024,0.04566139570312626,0.04638071954841571,0.04000669745235253,0.04627590281217332,0.04415831074678249,0.03984101695099172,0.04281613306368053,0.042238159753501474,0.03667392433204449,0.0373800195365449,0.038013083686985104,0.03896960771718696],"valid_accuracy_dist":[0.9860312243221035,0.9576202118989405,0.9801980198019802],"valid_accuracy":[0.06288481350040917,0.6583767143629654,0.8156685826819453,0.8695514909091697,0.8906098464750216,0.9143994610966422,0.9157680723007787,0.8356054321865455,0.932452437974667,0.9362802009510798,0.9034669418404702,0.9433920301212991,0.9513210949927852,0.9532351898324442,0.9502265429757287,0.9556973481213745,0.9515949560086582,0.9535069391381435,0.9592534912381825,0.9641742285901207,0.9647207226779952,0.9644469717879043,0.9649940220247789,0.9647204996663863,0.9655412897531731,0.9660880013325671,0.9688240151172813,0.9677299312038,0.9699158854749407,0.9674557342904913,0.9690967638351541,0.9710106467033829,0.9712852841198204,0.9721039624964337,0.971011089966556,0.9742919238720549,0.9731987237248757,0.9734722460832683,0.9753864676089774,0.9742923726553177,0.9745664539227551,0.9751118301925399,0.9740190760685786,0.9742935950791,0.9748391943604937,0.9748397532695388,0.9756605488764148,0.9756598770815431,0.9759338482231984,0.9762071503300268,0.9745662281511014],"mean_valid_accuracy":[0.06248302091822874,0.6581837418723882,0.8157440759897089,0.86972017096316,0.8908143637551159,0.9145377925758092,0.9159297134347058,0.8354411308579172,0.9326042295682959,0.936421020289604,0.9037832349712721,0.9435335384014442,0.9514151945377178,0.953341544624314,0.9503375728278659,0.9558032881176146,0.9516868322191524,0.9535807455558967,0.9593527951578089,0.96425853462026,0.9647917786537098,0.9645235031666854,0.9650645739024886,0.9647895463997384,0.9656168611619607,0.9661613217190794,0.968903687163512,0.9677945928828136,0.9699635060954027,0.9675218528878461,0.9691596714402401,0.9710658207334696,0.9713520095060778,0.9721468875184485,0.9710747773762617,0.9743358910167816,0.9732492021565156,0.9735242296592658,0.9754269891311798,0.9743358633898761,0.974614225460131,0.9751408003585716,0.9740585760062487,0.9743548789889928,0.9748836861414051,0.9748870207089096,0.9757053512014346,0.9757031465743685,0.9759781464502133,0.9762464495641433,0.9746164853410081],"std_valid_accuracy":[0.08836433560060089,0.06885237008255018,0.07698588377622859,0.06617396082912508,0.05768689206511528,0.03717785344874139,0.04095988944169404,0.03352677377593437,0.03906913491134072,0.034803753615355135,0.07029587690317997,0.035358822437591454,0.025088840570800564,0.02482749774142724,0.025507477042971138,0.025667940975098204,0.0258385119038091,0.018351756514548307,0.025940979088994277,0.019151157659288223,0.016768399083686887,0.016987588653524135,0.016304448573792884,0.01615051024667046,0.01723575910636241,0.01642801636577109,0.01846567288908139,0.01728444893556603,0.01111939431756613,0.015881411497509327,0.015382375938399162,0.013126298330895538,0.016403260951856,0.010474765338729689,0.014799755205949524,0.01014431054959566,0.012503301754754644,0.012625307339861398,0.010830525262261298,0.011008400722875702,0.012580985294946893,0.007488415065825351,0.011358394436120672,0.015027601874300366,0.0106169456376129,0.012027306003046682,0.012438592865157265,0.010748534022725837,0.011852576484025806,0.011061863475078194,0.01225184481160681],"valid_loss_dist":[0.04039660401966793,0.12787304653466575,0.05842627809927015],"valid_loss":[2.3093576099013013,1.0671653381635549,0.5652328019555063,0.39260757975653765,0.3399104434984768,0.26454790162113895,0.25594599298127557,0.4157834737507131,0.20322045776483388,0.19151046000655983,0.2689539388515298,0.16702596208801412,0.15097928803860425,0.1485862638175742,0.158719346128981,0.1291062205725226,0.14539907189000534,0.1461863941468295,0.12384123449996692,0.11004357141787087,0.10871494617307775,0.11077436636452129,0.1033409289466423,0.10525385810224276,0.10231466777123754,0.10105326255255218,0.0927366505115764,0.10094464664322966,0.0879866365430717,0.09598585806045595,0.09301056853843612,0.08847889859642856,0.08715158421332614,0.08490338009648647,0.08732647528562094,0.07711023422251032,0.08209933804707853,0.08054398236883213,0.0748607741112628,0.07891137807501497,0.07922723823561453,0.07172901672522958,0.07937970994447073,0.07645023067563986,0.07344140232558212,0.07750737763506195,0.07791717887057999,0.07056448732370946,0.07178957044081019,0.07378672934769465,0.0757199228514713],