{"test_accuracy":[0.0972,0.2855,0.4106,0.5118,0.5704,0.579,0.6104,0.6288,0.631,0.6172,0.6413,0.6415,0.6217,0.6473,0.6532,0.6563,0.6575,0.6567,0.662,0.6612,0.6498,0.6606,0.6592,0.6634,0.6608,0.6611,0.666,0.6635,0.6646,0.663,0.6655,0.6667,0.6664,0.667,0.6653,0.6611,0.6685,0.6662,0.6686,0.6669,0.6678,0.6682,0.6672,0.6678,0.6686,0.6697,0.6688,0.668,0.6686,0.6698,0.6291],"test_loss":[2.3084521141052248,4.01980429763794,3.5565575832366942,3.1933386157989503,3.1848795566558836,3.2649067924499513,3.3090152168273925,3.1806462772369386,3.289378352355957,3.419441151046753,3.3830983219146726,3.5034362281799316,3.441131158065796,3.5270246269226075,3.5069250549316404,3.571680187988281,3.638072023010254,3.7081511394500732,3.6637106048583985,3.693763024902344,3.8485546295166015,3.6852914112091066,3.8517135360717774,3.8372257541656496,3.862115697860718,3.948222666168213,3.87156443901062,3.9882139892578126,4.045112260437012,4.155313054275513,4.066261655426025,3.7318430992126466,3.90696651763916,3.954456667327881,4.115277001953125,4.280236813354493,4.087547801971436,4.247097393417358,4.267635573577881,4.358616883850098,4.379610958862305,4.344278775024414,4.42994139175415,4.527210643768311,4.502564025878907,4.555471408843994,4.573939450836182,4.6661739227294925,4.638410809326172,4.737467359161377,4.931945700073242],"train_accuracy_dist":[0.9807732938939362,0.9211238293444329],"train_accuracy":[0.19238834137135669,0.5872300272593834,0.7129377227930384,0.81463619207381,0.875340742293982,0.8837282449150765,0.9196896624030195,0.9400293562591738,0.9428601383937932,0.927133570979241,0.9535542042356888,0.9531348291046341,0.9306982595932061,0.961417487942965,0.9688613965191865,0.9710631159572237,0.9738938980918431,0.9722163975676242,0.9787167120989725,0.9784021807506815,0.9668693646466765,0.9779828056196268,0.9773537429230447,0.9797651499266093,0.9791360872300272,0.9785070245334452,0.9856364017613756,0.9827007758439924,0.9827007758439924,0.9820717131474104,0.9849024952820298,0.9859509331096666,0.9861606206751939,0.9865799958062487,0.9854267141958482,0.9802893688404277,0.9892010903753408,0.9858460893269029,0.9892010903753408,0.9876284336338855,0.988467183895995,0.9895156217236318,0.9878381211994128,0.9879429649821766,0.9900398406374502,0.9908785908995597,0.9889914028098133,0.9901446844202139,0.991402809813378,0.9906689033340323,0.9507234221010694],"train_loss_dist":[0.0550546175990149,0.30452402786087174],"train_loss":[2.298819890985151,1.536680436379306,0.7882044798961898,0.4895913840577547,0.3391608395124537,0.3137904998953174,0.23568106508306247,0.17753013217316704,0.1687650473670818,0.2022566748464675,0.13761025467216906,0.13826020455667873,0.18192207366759286,0.11289299005971787,0.09386531000030843,0.08843033463637717,0.08063468387911694,0.08348313149656107,0.06566236462716687,0.0666084970504008,0.09562737144011138,0.06657790928113558,0.06864518769636897,0.05828478674406862,0.05977214843973683,0.06285362347763623,0.043739232032339724,0.05131595918717725,0.049888675771130285,0.05200426181839632,0.0451117568987393,0.04175578121585675,0.04044906779480045,0.03831034329360319,0.04091855374524793,0.05485024389748954,0.02916736683447377,0.03942277720406992,0.029280506316779437,0.034193495517367334,0.030755927702257733,0.02752652074650522,0.03102980847971373,0.031545633065923784,0.025929016958860438,0.02491270286954969,0.030472588858573624,0.02774032172378841,0.023642562135458806,0.02468767226746895,0.18073091412954773],"valid_accuracy_dist":[0.9755067567567568,0.9001663893510815],"valid_accuracy":[0.17560771133118055,0.5796311869996104,0.6953060637347322,0.8063703741835803,0.8683988516529358,0.8734282250800021,0.9098909765573885,0.9312656077535759,0.9321038227345902,0.9174348835395242,0.9438390154633195,0.945515493163051,0.9186921682186976,0.95515501517149,0.9639563659584757,0.9614416891902972,0.9647945888957736,0.962279935996447,0.9685666219496798,0.9706621454787191,0.9564123356539406,0.9694048329525524,0.9677284069686655,0.972757728679887,0.9719194858518792,0.96940484886512,0.9777870384566827,0.9727577127673191,0.9715003723941591,0.9727577326580289,0.9735959237701917,0.9786252613939808,0.9773679249989625,0.9777870464129664,0.976948839388236,0.970243032020999,0.9794634843312789,0.975691479124366,0.980720820726297,0.9794635002438464,0.9794634922875628,0.9794634843312789,0.9773679210208206,0.9786252892409741,0.9803017192030028,0.9798826097234247,0.9761106164509377,0.9777870464129664,0.9803017112467189,0.9777870583473921,0.937552210165829],"mean_valid_accuracy":[0.17560822053334535,0.5796230662859199,0.6951273496874579,0.8065618395017313,0.868625489049782,0.8735981978234475,0.9099775992714845,0.9314388743985249,0.932289792912713,0.9176801333363314,0.9439117518100463,0.9455377018033009,0.9190165883437513,0.9552442157215453,0.9640302480100733,0.9615280838242569,0.9648685186850745,0.9623284109816972,0.9685933073256285,0.9707427373296758,0.956523755452624,0.96945054975941,0.9677423888114405,0.972797308539821,0.9719906574627872,0.9694252540810362,0.977871200026982,0.9728226042181949,0.9715746840850834,0.9727909846202276,0.9736798466519765,0.9787094707019832,0.9774552266492782,0.9778585521877952,0.9769949858344201,0.9703267639519719,0.9795477413769843,0.975778685299276,0.9808019854296892,0.9795224456986105,0.9795350935377973,0.9795477413769843,0.9774615505688717,0.9786652032648289,0.980367040293205,0.9799447429959077,0.976156715159419,0.9778585521877952,0.980379688132392,0.9778395804290148,0.9378365730539191],"std_valid_accuracy":[6.745514233034988e-5,0.0010757689886226052,0.023674646984755132,0.025363836173944332,0.030023159598866755,0.02251666704141747,0.01147510343121827,0.022953017493366923,0.024635882762962635,0.03248878558258761,0.009635545487250985,0.0029420279264288918,0.04297665489949182,0.011816595089265636,0.009787319557494234,0.011444889148716109,0.009793643477087721,0.006421589018302809,0.0035350710527499163,0.010676181589243161,0.014760028331159747,0.006056206997346769,0.0018522057831542038,0.005243232000719522,0.009428261456131681,0.002703124297342263,0.011149070243288206,0.008596314700724028,0.009844234833835508,0.004404961325718382,0.011117450645320825,0.011155394162881693,0.011565043620992033,0.009472528893285925,0.0061131222736879876,0.011092154966946986,0.011161718082475125,0.011552395781805058,0.010752068624364786,0.007808635382470619,0.0094851767324729,0.011161718082475125,0.012403314295993173,0.005287499437873822,0.008653229977065247,0.008230932679767933,0.0061067983540945,0.009472528893285925,0.010329771327067472,0.00695771686828256,0.037670183702837645],"valid_loss_dist":[0.09177404964292371,0.45559202910659713],"valid_loss":[2.3012577066702202,1.5778479545858384,0.8261606560803695,0.5236551875880952,0.37516266247721514,0.3534178975585469,0.27342993602865423,0.2136993705870108,0.2059478194124141,0.2422528023003381,0.1736944826643435,0.17546795149496688,0.2277089175726635,0.1512077613386154,0.1270339336970167,0.1265657663704411,0.11803073323629455,0.1197531753651227,0.10196667916669806,0.10208021579783769,0.1333095111871371,0.1048402344816466,0.10895929050756517,0.09601081286048263,0.09831590936306109,0.0979967147054311,0.0836065587540605,0.09332234555144431,0.09247205986810374,0.09604474727363548,0.08681931356940843,0.0821538836588611,0.08419242618073136,0.07982141435547899,0.08701489895715148,0.10434173099786942,0.07346694711004012,0.08640541095275366,0.07691931240833895,0.08453831901413876,0.08022641429624149,0.07592123372525536,0.08290133380418756,0.08532956492454055,0.07651416069893031,0.07915243800222384,0.08572160120370509,0.08308329764287167,0.07818113022367669,0.08409933277963562,0.2750562252901192],