{"test_accuracy":[0.0972,0.8026,0.899,0.9176,0.9266,0.9361,0.9424,0.9471,0.9531,0.9568,0.9595,0.9623,0.965,0.9667,0.9696,0.9706,0.9723,0.9735,0.9751,0.9728,0.9753,0.9764,0.9781,0.978,0.9786,0.9768,0.9796,0.9798,0.9712,0.9781,0.981,0.9787,0.982,0.9825,0.9824,0.9806,0.9828,0.9818,0.9826,0.9827,0.9825,0.9832,0.924,0.9843,0.9802,0.9794,0.9817,0.9843,0.9835,0.9844,0.9843],"test_loss":[2.3084521141052248,1.104010242652893,0.5004039596557617,0.3456469561100006,0.27934976305961606,0.2320588974714279,0.20753832559585572,0.18509716663360595,0.16550090651512145,0.15128515474796295,0.1421703129529953,0.1295863627910614,0.12112628313302994,0.1151488499879837,0.10659883655309677,0.10300794323682785,0.09573767700195313,0.09174533836841584,0.0865035656452179,0.09435344157218933,0.08229186408519745,0.07771764557361603,0.07610152330398559,0.07273529133796693,0.0705749103307724,0.07305530405044555,0.06672990487217903,0.06637433012723923,0.08975074344873428,0.06799704634547234,0.06206460161209106,0.07151248168945312,0.05929637959003448,0.057860190641880034,0.05707001089453697,0.057951541209220886,0.05497939960360527,0.057966393411159514,0.054500021654367445,0.05388922972083092,0.05342869375348091,0.05326474381685257,0.22770723834037782,0.05160192033648491,0.0610723037481308,0.06266378234028816,0.052696375799179074,0.04936890442371369,0.04920979796051979,0.04867986868023872,0.04757643093466759],"train_accuracy_dist":[0.9892268694550064,0.9860340932429656,0.9870967741935484,0.9908180300500835,0.9896842105263158,0.9863805200165084],"train_accuracy":[0.09622864286706487,0.7951104320044451,0.8924503403250451,0.9126267537157938,0.9210306987081539,0.9344353382414224,0.9393318516460619,0.9446103625503542,0.9508959577719127,0.9559313793582442,0.9569731907209335,0.9608626198083067,0.9634324211696069,0.9653424086678706,0.967426031393249,0.9692665648006668,0.9706556466175857,0.9724614529795805,0.9742672593415752,0.9710723711626614,0.9752048895679956,0.9769065147937214,0.9765245172940686,0.9782261425197945,0.9787817752465621,0.9787817752465621,0.980205584108904,0.980344492290596,0.9725656341158494,0.9796499513821364,0.9812473954715932,0.9785386859286012,0.9829142936518961,0.9834699263786637,0.9836782886512015,0.9831573829698569,0.9851368245589666,0.9834351993332408,0.984442283650507,0.9856924572857342,0.9854493679677733,0.9850326434226976,0.923808862341992,0.985796638422003,0.9812821225170163,0.9809001250173636,0.9857271843311571,0.9872551743297681,0.987185720238922,0.9880191693290735,0.9881928045561884],"train_loss_dist":[0.0357236646691807,0.04430435752218008,0.04399354205264261,0.03524470517103979,0.03821070098876953,0.03922853042693287],"train_loss":[2.309140956050771,1.123480571179046,0.5184447382368351,0.3614993109752659,0.2954445442841738,0.24241234982265403,0.2170076396268165,0.19475902473275356,0.1742930239254583,0.15810848711774422,0.14956127811786796,0.13647215568323007,0.12656502661457333,0.12056369831052559,0.11188433669245662,0.10772300335761159,0.10088407161814676,0.095654129422606,0.09053691290784692,0.09688020665972187,0.0855372709847375,0.0808022187528287,0.07843754995717267,0.07478273975241018,0.07220653251394607,0.0735053015621344,0.06789885679665336,0.06679956514697771,0.09117403278764581,0.0684682303149026,0.06147788714626288,0.07104446002723219,0.05701899912986081,0.05575690608187539,0.05521839573383766,0.05521089000442919,0.0518299081936015,0.054228815561941056,0.050188519260162365,0.04847900233100694,0.04856805671644227,0.04786884594572327,0.2311027334328492,0.04585520036550657,0.05644261708516994,0.05728874308859084,0.04537665987717706,0.04200658357620306,0.041451117114577524,0.040107955651727506,0.03947484477731416],"valid_accuracy_dist":[0.9864864864864865,0.9802955665024631,0.9758735440931781,0.9874791318864775,0.9797979797979798,0.985973597359736],"valid_accuracy":[0.08996310078109397,0.7963200618759353,0.8928090940024112,0.9144710611121933,0.9209980544849122,0.9336316197069378,0.9404362870515698,0.9433517384252761,0.9490448785649989,0.9543210407157815,0.9529320632918301,0.9607077340422956,0.9645951329457377,0.963623636711234,0.9675107852702888,0.9670941589921014,0.9693156041242446,0.9701484339232033,0.970981354992451,0.9687605773200686,0.9720923479033625,0.9741750194215486,0.9738974090569839,0.9748691124456647,0.9759798846868966,0.9761189606808317,0.9758408635896734,0.975979999420062,0.970147120064613,0.9761187058386502,0.9777846821826607,0.9765360603361322,0.9791733577980944,0.9790344215846738,0.9791732961536898,0.9786178434176934,0.9795898167045077,0.9793125823352853,0.9798676060154566,0.9805617454373804,0.9801451623402452,0.9805617136140604,0.9171045497510482,0.9812560273615945,0.9762575819160696,0.9754244225708765,0.9797284843093711,0.9813947866997113,0.9822278118525452,0.9825056256379574,0.9826443595131589],"mean_valid_accuracy":[0.08983013835367072,0.7968690470066494,0.8928224679381781,0.9144238514537139,0.920924233778508,0.9336187868582245,0.9404480959027822,0.9433121802075025,0.9490367850399087,0.9543332193030843,0.9529113599247264,0.9607038509195069,0.9646050110781319,0.963648086020635,0.9675287461631147,0.9670927004577616,0.9693465372907007,0.9701457158303312,0.9709940540331341,0.9687901730027738,0.9720736394767059,0.974207528704185,0.9739239342714766,0.9748740772157968,0.9759873827188049,0.9761429937486157,0.9758423689778627,0.975990765844318,0.9701717784934715,0.976125075215491,0.9777884711786854,0.9765596859233345,0.9791824030622066,0.9790421309389402,0.9791898346401059,0.9786233648551397,0.9796100239642054,0.9793240984124255,0.9798838534078653,0.9805731516130948,0.9801616626355005,0.9805774559040167,0.9169499296362842,0.9812644193342196,0.9762162538027513,0.9753845739013608,0.9797125068190927,0.9814117861624266,0.9822293194472249,0.9825105520959586,0.9826510510210537],"std_valid_accuracy":[0.08792404073641166,0.07935379612917313,0.01048067979887309,0.020431591110697707,0.0275777729805529,0.015322543250854529,0.01933336340478789,0.018798841726263043,0.01788808887997388,0.01585923496843237,0.015047026601477284,0.014046045170070754,0.01073682589932659,0.013056611279039985,0.009910675266578267,0.009511118495947449,0.008211355762689049,0.0071350791284470385,0.006569164045435846,0.010627233950173098,0.008634865023712558,0.007835514182269751,0.0075877512652623375,0.006199373753003745,0.006824348977405236,0.007163923427575659,0.00589187193632976,0.006122842001090596,0.002760125511018194,0.00754235883958112,0.005282726236567889,0.010514241348685019,0.0058303595682226905,0.0052820209981537854,0.00569474007680214,0.004913039152202176,0.0057237105981115,0.008390004361105858,0.005948495016570696,0.005934152389666828,0.005093774970017844,0.005493491582472527,0.018613813379847077,0.006538921390402361,0.009067009911851888,0.009242546117253458,0.006101326992870101,0.005169659314041241,0.00446651245712991,0.00529843489811201,0.004256038202834444],"valid_loss_dist":[0.0477472549757442,0.057047626239129866,0.08926116951590965,0.04242797824670755,0.06987224443994387,0.052914773283077546],