{"test_accuracy":[0.0972,0.4568,0.6729,0.845,0.8818,0.9001,0.9184,0.9314,0.9368,0.9447,0.9493,0.9534,0.9545,0.955,0.9499,0.9622,0.9635,0.9615,0.9644,0.9691,0.9701,0.9651,0.972,0.9648,0.9707,0.9756,0.9697,0.9737,0.9756,0.9745,0.9765,0.9733,0.9755,0.9769,0.9789,0.9771,0.9744,0.9762,0.9767,0.9784,0.9756,0.9792,0.975,0.978,0.9786,0.9799,0.9662,0.9801,0.9818,0.9812,0.9773],"test_loss":[2.3084521141052248,1.4877523681640625,0.8990147363662719,0.5149025388717652,0.39206046323776245,0.33164024004936216,0.2796045256614685,0.23869536237716674,0.21557715711593628,0.19150092165470123,0.17014952466487884,0.15674586641788482,0.15182243900299072,0.15096983318328858,0.1588179028749466,0.12722785602807998,0.12122534644603729,0.12420287997722626,0.11893070578575134,0.10012041606903076,0.09745048574209213,0.10773404258489609,0.09208416194915771,0.107839839220047,0.0941980479001999,0.0792790458202362,0.09420035864114762,0.08445245860219001,0.07972515486478805,0.08355547951459885,0.07639880114793778,0.08205101389884949,0.07844224331378936,0.07379370650053024,0.06929378942251205,0.07243297238349915,0.07728042211532593,0.07210819599628449,0.07278098200559616,0.06908477146625519,0.07367643416523934,0.06747774044275284,0.07576335185170173,0.06832021805644035,0.06466041725873947,0.06256125890016556,0.10102852334976196,0.06058755259513855,0.05729021810293198,0.05740105708241463,0.0668292091012001],"train_accuracy_dist":[0.9917599830974012,0.9853035143769968,0.9755301794453507,0.9858480749219563,0.9751578947368421,0.9822534048699959],"train_accuracy":[0.12682281697003445,0.5540667525145303,0.7331987610065082,0.8637803222775207,0.8919012981589114,0.9065534402951311,0.9238854279051961,0.9349528416802979,0.9405213517558209,0.9482824626735809,0.9528764834858873,0.9557999512755369,0.9569484564786135,0.9586190095012703,0.9530156962377754,0.9644311418925974,0.9663453172310583,0.9665889395468625,0.9677026415619671,0.9709741412313367,0.9726794974419657,0.9711829603591688,0.9740020185849024,0.9709741412313367,0.9721226464344134,0.9775171405700762,0.9744544600285386,0.9769254863745519,0.9783176138934326,0.9775867469460202,0.9803013956078377,0.9782132043295166,0.9792572999686772,0.980823443427418,0.9820763581944106,0.9807538370514739,0.9799881669160895,0.9810322625552501,0.98085824661539,0.9823895868861587,0.9797445446002854,0.9830508474576272,0.9811714753071381,0.982668012389935,0.9841297462847597,0.9848606132321721,0.9709045348553927,0.9849998259840601,0.9860439216232206,0.9860439216232206,0.9825984060139908],"train_loss_dist":[0.027878449297064005,0.044924516905261815,0.0727844780727273,0.040398510956398286,0.07131722615267101,0.05460372997822222],"train_loss":[2.305679931545367,1.293765783523603,0.759857799233062,0.45640462385630237,0.35550221413455885,0.3090579839792742,0.256443808416836,0.22027631880504092,0.20043918260407242,0.17880326937716193,0.1607313440750325,0.1503231380680267,0.1436719071238396,0.14046114796259632,0.15241354581822894,0.1197705903508891,0.11357055026028519,0.11347317992455881,0.10977380162029313,0.09554376358541225,0.09419306258455795,0.09714354327356214,0.0869349054543603,0.09416536339514417,0.0922311247761643,0.07519534684506841,0.0835918370608776,0.0760404565970403,0.07247283717414682,0.07380480135107122,0.06779211029808134,0.07199689157127451,0.06813495416185514,0.06426743493150504,0.0608623075169864,0.06302134019081508,0.06413353256745362,0.06066538554434468,0.06153130163190173,0.05782974281965788,0.06300406340727857,0.05536376977074832,0.06055532756142539,0.055773937305806924,0.0522496299655769,0.04967899902649212,0.08794558103317969,0.04868522913912849,0.046074708981003645,0.045433497415954774,0.05211031680322308],"valid_accuracy_dist":[0.9898648648648649,0.9829642248722317,0.967400162999185,0.9775374376039934,0.9688552188552189,0.9826732673267327],"valid_accuracy":[0.12145701598601746,0.5641967648505769,0.7399378606967503,0.8665645872488719,0.8941120213042271,0.903714030719001,0.9243077046885341,0.9348826694807996,0.9407268070120908,0.9483793468744317,0.9522755956272455,0.9577018069986565,0.956310214624342,0.9578406823506972,0.9514389689872094,0.9638238488990145,0.9652153070464012,0.9657718635627716,0.9660498581677689,0.9693903165113952,0.9706412390279222,0.9706420815666119,0.9725896787535533,0.969528760639095,0.9675805110586584,0.9762077622421708,0.9710591848517383,0.9732852357967895,0.9749551199830127,0.9737028141617772,0.9757899367226988,0.9732851461452942,0.9750939575866139,0.9764855893162337,0.9767636776572028,0.9757896803817714,0.9757904287092763,0.9770426001957613,0.9767637347462927,0.9778767423778705,0.9757897320933047,0.9785727108822001,0.9762076438720597,0.9787117556615182,0.9794074954862025,0.9796858949959565,0.9693885034233902,0.9803814925033464,0.9814946775577802,0.9814947035061413,0.9781555066036738],"mean_valid_accuracy":[0.12121298664356515,0.5649142696780558,0.7402705044086678,0.8668558494023508,0.8942095863643159,0.9038271646616519,0.9244299579615912,0.9350012251375831,0.9408363335839258,0.9484817390190288,0.9523859555140396,0.9577984020089735,0.9563783577593075,0.9579233530825864,0.9514719320576543,0.9639036510667639,0.9652991358043987,0.9658547665261196,0.9661315566164492,0.9695031480023858,0.9706928920340289,0.9707362324293832,0.9726610246750794,0.9696125739211704,0.967647847592103,0.9762964316516246,0.9711229289796766,0.9733411126980785,0.9750129960738231,0.9737605422273479,0.9758465766351475,0.973340030793734,0.9751512454942058,0.9765506015875545,0.9768139797013209,0.9758445421515302,0.9758871979252485,0.9771328846426353,0.9768210205776405,0.9779270425756379,0.9758538483617173,0.9786352568592008,0.9762983274868539,0.9787723744838951,0.9794653894910302,0.9797499889504047,0.9694138848469013,0.9804422947931334,0.9815469888718639,0.981551960954842,0.9782158627537044],"std_valid_accuracy":[0.08402094293933567,0.18691661035647755,0.09817224682295912,0.03312540411216244,0.024718231866700132,0.018736920130226455,0.015612306932255461,0.014323823549866102,0.014087275557678894,0.014311055447888507,0.013246813593033575,0.010120607159825821,0.010400173220065341,0.010506710316709059,0.01247926253862486,0.01038862605002568,0.01004987488766966,0.009812335737243553,0.009332963556138463,0.009165615154312176,0.006569659242590444,0.009388422243104289,0.007320892700153524,0.009457487008435003,0.009157956237811982,0.006939491175068114,0.006914658392645536,0.006320038099906883,0.006589537657552673,0.006271086102343802,0.005757614911034106,0.007401770811206817,0.007330764880575623,0.006374275436064139,0.005407469025260267,0.006420085358601213,0.009260093878692331,0.0073398438896994265,0.006022343519587073,0.006374388332974958,0.006800163272446276,0.006558656473407386,0.008072295886438338,0.005599531906883305,0.006645424732730292,0.005972462611520129,0.008425035206446739,0.006419026395955387,0.005863832207589094,0.0063978134778805455,0.007991411270650374],"valid_loss_dist":[0.03009684061681902,0.0494043728181207,0.11029207260752463,0.08390752188303506,0.09411876420380692,0.06507784128189087],