{"test_accuracy":[0.0972,0.4082,0.6813,0.7701,0.8133,0.8637,0.8969,0.9003,0.9003,0.9248,0.9197,0.8481,0.9231,0.9432,0.9363,0.9458,0.9449,0.9407,0.945,0.9526,0.946,0.9486,0.9583,0.9538,0.9503,0.9525,0.9565,0.9571,0.9599,0.961,0.9614,0.9607,0.9626,0.9614,0.9632,0.9619,0.959,0.9619,0.9652,0.9648,0.9654,0.9615,0.9633,0.9686,0.9665,0.9676,0.9645,0.966,0.9658,0.9673,0.9679],"test_loss":[2.3084521141052248,1.7937102451324463,0.8773569546699523,0.6580287276268005,0.4873894822120666,0.4164271194934845,0.33636223826408385,0.31627697172164915,0.3038157502651215,0.25089191946983336,0.2572478681087494,0.44253090720176697,0.2604463308811188,0.20187828900814056,0.21084221229553224,0.18424042720794678,0.18274463515281678,0.19007330837249756,0.1779335270166397,0.1628776085615158,0.1700399343729019,0.16661445989608764,0.1417264753818512,0.154121830368042,0.15704963290691376,0.1569761904835701,0.14435136744976043,0.14292743997573853,0.13603697805404663,0.13232826972007752,0.128856667470932,0.12859036695957185,0.12575091712474823,0.12865105352401734,0.12278510092496872,0.1244332377910614,0.12698782477378845,0.12245924730300903,0.11614560174942017,0.11267113611698151,0.1142757907152176,0.12496781151294709,0.1213978070139885,0.10377134802341462,0.10965697249174118,0.10611860194206238,0.11175662467479706,0.10840056264400483,0.10945362142324448,0.10555642759799957,0.10419533216953278],"train_accuracy_dist":[0.9797211660329531,0.9607722324912713,0.9858440735263047,0.9912353923205343],"train_accuracy":[0.09744876620660811,0.4949289000418235,0.7718005018820577,0.8331242158092849,0.8573818485989126,0.8976369719782518,0.9191760769552488,0.9249268088665831,0.9224696779590129,0.9421790046005856,0.9418653283145128,0.8775616896695944,0.9380489335006273,0.9557193642827269,0.9535759096612296,0.9578628189042242,0.9577059807611877,0.9577059807611877,0.9601631116687579,0.963456712672522,0.9629861982434128,0.9632998745294856,0.9664366373902133,0.9651819322459222,0.9642409033877039,0.9652342116269343,0.9672731074864074,0.9684755332496863,0.9709849435382685,0.9706189878711836,0.9717691342534505,0.97323295692179,0.97323295692179,0.9724487662066081,0.9740694270179842,0.9728670012547052,0.9734420744458385,0.9748013383521539,0.9757946465913844,0.9769447929736512,0.9758469259723965,0.9743831033040569,0.9749058971141782,0.9789836888331243,0.9781994981179423,0.9795064826432455,0.9778335424508574,0.9777289836888331,0.9781472187369301,0.9803429527394396,0.979297365119197],"train_loss_dist":[0.0652258837423246,0.11472217359136913,0.04145710860388289,0.026095325658984096],"train_loss":[2.309180244660088,1.448408707739518,0.6748918382531177,0.4927449205392502,0.3986237386669239,0.3181818584428141,0.2619692666096973,0.23882498766405844,0.23343441884891478,0.19551641547944146,0.1902646490441661,0.3547851836214575,0.20845133120397402,0.15282716382246594,0.154506071757748,0.13980905179363579,0.13684846390940839,0.13599787960362603,0.12973850099887935,0.1199100158568386,0.11994231660141046,0.1183153215103593,0.10997300217978248,0.11075857922860154,0.11124160938355986,0.10788277577879923,0.10049623408012438,0.10009841307832551,0.09505031002503915,0.09313234650938519,0.08929862609111312,0.0867179828348898,0.08550715294036748,0.08678730154610213,0.08205705996570055,0.08411583578972039,0.08136616091410244,0.07881650596109013,0.07583579028610316,0.07298076125301985,0.07376076932879658,0.0781442914801774,0.07609332087268607,0.06531384360066228,0.0682170064442112,0.06483953582011522,0.06732048059742397,0.06743693306289585,0.06705433635977115,0.061985973717854366,0.06214067819074501],"valid_accuracy_dist":[0.9771959459459459,0.9507389162561576,0.9839527027027027,0.988313856427379],"valid_accuracy":[0.08923797828986467,0.5054648505800861,0.7692428213888,0.8382250365712054,0.8672788671101985,0.9013475823514748,0.9251730321528704,0.9249658237293376,0.9241311857345041,0.9471198750615367,0.9441947569937299,0.8741619538137597,0.9404278310917027,0.9586159487258504,0.95652580340344,0.9609149866651733,0.960079223047101,0.9584078756931629,0.9609151043390229,0.9646771153458408,0.961333618889702,0.9625873896035709,0.9684385231926118,0.9680216491154532,0.9644684613393036,0.9644691639022144,0.9667677826964199,0.9671857051801509,0.9692752432097916,0.968230689422835,0.9701114777407746,0.969693444978593,0.970529488316759,0.9690664419478087,0.9705294441618765,0.9684393580026583,0.9703204810711613,0.970738454887662,0.9724105232930081,0.9728283609471617,0.9726194237403433,0.9688573868496289,0.9705293963092944,0.9759634644108479,0.9728286515428424,0.9753366673636787,0.9726196186308597,0.9740826686975094,0.9745007749786581,0.9761726554538636,0.9749185243230464],"mean_valid_accuracy":[0.0889035142262504,0.5062783971840373,0.7702186851743764,0.8388602149512935,0.8673346594212369,0.9017420190972736,0.9253826933306203,0.925351245992059,0.9245979407118122,0.9473012226289959,0.9445273103714256,0.8749201059323714,0.9405722973167457,0.9587516905968816,0.9567704243384976,0.9611087314241098,0.9602616693160919,0.958700642646767,0.9611347754697303,0.9648362099897705,0.9615992908045754,0.9628072413659743,0.9684507409212917,0.96816935351616,0.9646579586259945,0.9647271798153656,0.9669781262477064,0.9673355880814614,0.9693822391044054,0.9683628197656606,0.9702504102311971,0.9698600511125698,0.9706810691749671,0.969232499299673,0.9706835366883904,0.9685956267341012,0.9705077528380375,0.9709241560022854,0.9725199981688886,0.9729447629796092,0.9727277201979112,0.9690675446092161,0.9706894308214395,0.9760825220440923,0.9729742336448556,0.9754760792499697,0.972766511615833,0.9742067198446545,0.9746231230089024,0.9763147797115148,0.9750503553330463],"std_valid_accuracy":[0.0859647015805444,0.1376425087024791,0.11098310126219695,0.08638915658890087,0.06274786083832791,0.05874539749643913,0.03900539501118607,0.048437327472322336,0.05518158900396631,0.026745826628656554,0.03973412770212593,0.06767212045385902,0.022879533098999965,0.023861831725131153,0.028927919994449533,0.024994965039440306,0.024326930768435964,0.03338511923536849,0.02576200031395659,0.021199493039848288,0.029087798546521448,0.02563060818542449,0.013057422440207758,0.020132703894750716,0.02304958140385677,0.028438593489054333,0.023596494990860768,0.01913786517147005,0.016778605352085765,0.018797181247377306,0.01771910504033878,0.019393117471538542,0.017790692591560388,0.01958690335553222,0.017498280702774503,0.018647568942782376,0.02010722520772487,0.01990745704675289,0.014498906375889676,0.014629110522124686,0.013926795121749356,0.02211537811614487,0.018070188265935448,0.013354920265806928,0.01619128862755266,0.01527759380380183,0.016940046515296934,0.01515118530784502,0.014624979947883678,0.015238943466534823,0.014584425588935862],"valid_loss_dist":[0.08194459491484873,0.13866281533867658,0.05055683096115653,0.03941177687481767],"valid_loss":[2.3103460100380198,1.4355306013842573,0.6755308737213809,0.482747977485798,0.3805932608102969,0.30391437160621,0.2484529925426664,0.2290990898761296,0.22575362826166478,0.18660999232198994,0.18316551657550786,0.35469640899531857,0.20204405735984127,0.1475611052206579,0.1511605122243511,0.13678635674935744,0.1347938388748524,0.13545613430793696,0.12979414234793213,0.1197576220130592,0.12215955796369757,0.12020001554688861,0.1104858847214905,0.11341074447254551,0.11499527563101529,0.11267368847303853,0.10627825650872394,0.10574495597895567,0.09971157316979608,0.09830761938735945,0.09639839046097634,0.09537174398058512,0.09441033792778483,0.09510207349253338,0.09109698757652965,0.09391054539586204,0.09261447996847938,0.08999954498056573,0.08616034492559727,0.08339387233869446,0.08538626833322804,0.09141252904247511,0.08876937818112227,0.07794310579483613,0.08224918121629446,0.07838613843731372,0.08224003275423954,0.0815011530920237,0.08114696365240341,0.0775392776301926,0.07796014616970881],