{"test_accuracy":[0.0972,0.4164,0.5493,0.7968,0.8125,0.8751,0.9061,0.9218,0.9308,0.9314,0.9426,0.9464,0.9451,0.9584,0.9505,0.956,0.9587,0.963,0.9679,0.9667,0.9703,0.9693,0.9732,0.9701,0.9677,0.9722,0.9743,0.9768,0.9732,0.9774,0.9756,0.9762,0.9754,0.9767,0.9734,0.9774,0.9788,0.9807,0.9768,0.9776,0.9772,0.98,0.9797,0.9806,0.98,0.9791,0.9781,0.9795,0.982,0.9803,0.9817],"test_loss":[2.3084521141052248,1.73314776096344,1.0570980895996094,0.6146696083068848,0.5465967357635498,0.3900568258285522,0.3026814924240112,0.2647902379512787,0.23458147184848785,0.21743970763683318,0.19062181866168976,0.18085538296699524,0.18127265033721923,0.14171785168647766,0.15927888560295106,0.14643116681575774,0.13477508670091629,0.12463737325668335,0.10892638365030288,0.11254980573654175,0.1010474359035492,0.10292710878849029,0.09228952254056931,0.09824129165410996,0.10405165849924088,0.09139836212396622,0.08424348176121711,0.07611667132377624,0.08804921044111252,0.071475472676754,0.07794351562261581,0.07620737754106521,0.07808610773086548,0.07485529317855835,0.08304515043497085,0.07246558398008346,0.06831796835064888,0.06382990700006486,0.07389746794700623,0.07060516057014465,0.07056888505220413,0.06316291723251342,0.06352911375761032,0.059743762648105624,0.060787375354766846,0.06353653262853623,0.06610078452825546,0.06115069114565849,0.05508636137247085,0.05942883086204529,0.05587658480405808],"train_accuracy_dist":[0.9894381073088298,0.9743273772848634,0.9888020283118529,0.974653887113951,0.9893964110929854,0.986888657648283,0.9922105263157894],"train_accuracy":[0.13627948641385487,0.5366079426694536,0.6623768289041505,0.8361600477754554,0.8428784711854285,0.8926843833980292,0.9148402508211406,0.9266945356822932,0.9360406091370559,0.9366378023290535,0.9461033144222156,0.9502836667661989,0.9502836667661989,0.9604359510301582,0.9535383696625859,0.9596595998805614,0.961272021498955,0.9644670050761421,0.9694535682293222,0.9671842340997313,0.9715437444013139,0.9710659898477157,0.9734846222753061,0.9726485518065094,0.9715736040609138,0.9745595700209018,0.9763212899372947,0.978501045088086,0.9751269035532995,0.9780232905344879,0.9785906240668857,0.978501045088086,0.9783218871304867,0.9786802030456853,0.9773066587040907,0.9796954314720813,0.9806509405792774,0.9815467303672738,0.9798745894296805,0.9800238877276799,0.980770379217677,0.9823828008360704,0.9829202747088683,0.9834278889220663,0.9834577485816661,0.9828605553896685,0.9825320991340699,0.9835473275604658,0.9848014332636608,0.9839056434756643,0.9851000298596596],"train_loss_dist":[0.03297056367618465,0.07729979456129028,0.033058128764582514,0.07271457094385728,0.04187621493469833,0.042947719737298155,0.02768187463714888],"train_loss":[2.305339342959072,1.4195939870423864,0.835804768724917,0.5107309389297696,0.4573417593219737,0.33680265991856495,0.27397958415992296,0.23920940911215466,0.2139911523538762,0.2009262838864476,0.17819685005063118,0.1682960846893785,0.16659458571759647,0.13535287550609656,0.14920438774837758,0.1352888507744596,0.12642854846286466,0.11722939416330122,0.10413729386316836,0.10868500965269476,0.0961873277165296,0.09681648246490109,0.0913161995680822,0.09151042861272753,0.0947718895475663,0.08502567286441026,0.07912138581685288,0.07316283617022946,0.08132833656225054,0.07355152318945445,0.07212779686626888,0.07066359692513187,0.0707086930897395,0.0687243682121823,0.07398687473702124,0.06504704077158287,0.062399892406257255,0.0592650296860095,0.06485486347567558,0.06355738783303608,0.06229351530567359,0.05617146322080433,0.05561470937417087,0.05399951287527188,0.05268917065263951,0.054725639700831746,0.05554937192923802,0.05172178610101471,0.04725879292893976,0.049939028702444925,0.04698501158823813],"valid_accuracy_dist":[0.9856418918918919,0.9720853858784894,0.9907094594594594,0.9787052810902896,0.9812550937245313,0.9742096505823628,0.9882154882154882],"valid_accuracy":[0.12998792224788888,0.5365873167187832,0.6564349240224815,0.8307244568205581,0.8378880870289356,0.8890994734852279,0.9122584895355165,0.9286133581704467,0.9350600004877493,0.936014275005584,0.9448484862295441,0.9483104396963296,0.9492659122967005,0.9597706674182059,0.9511753406126365,0.9613225934369324,0.9612031986656348,0.964306903641537,0.9682465149386278,0.9663364854408754,0.9712308199872046,0.9706342799849287,0.9708732767675596,0.9720666125081886,0.9706346216960738,0.9730216493085675,0.9748123592139415,0.9762448010872227,0.9727828258546727,0.9745740619843055,0.9752897775539415,0.9756477191893772,0.9751705202424751,0.9758864277656422,0.9751702869288261,0.9768416277484796,0.977558057169706,0.9781548408903747,0.9767221654281657,0.9769607564319446,0.9783934592795293,0.9793485498295412,0.978751609009832,0.9798258426702984,0.9797064694044668,0.979228897988144,0.9782740006433209,0.9795871536828596,0.9817359642738823,0.9804227778942465,0.9814970900596011],"mean_valid_accuracy":[0.12924458963828747,0.5376550475298064,0.6570953026672737,0.8308599530959618,0.8381332195092118,0.8892201886036878,0.912360160324262,0.9286883509425581,0.9351674986059929,0.9360699501234843,0.9449115809644605,0.9483766207574533,0.9493589035501112,0.95983896658632,0.9512700280625204,0.9614010729513403,0.9612886174881191,0.9643720634832015,0.968318115869479,0.9664153987672709,0.9712955052529058,0.970731321406536,0.9709482637356076,0.9721435589543796,0.9707495508107121,0.9731002433516445,0.9748943194950723,0.9763278967375386,0.9728507536965058,0.9746491585204072,0.9753530641083447,0.9757081278771549,0.9752602557063385,0.9759404503512725,0.9752330528064411,0.9769153884118026,0.9776385158939712,0.9782136356770837,0.9767919131593372,0.97701154066707,0.9784642462786259,0.9794186128009859,0.9788140419282342,0.9798756252801729,0.9797729164765829,0.9792792596524489,0.978338631523633,0.9796555153283862,0.9817930139934482,0.9804878932342959,0.9815460358346445],"std_valid_accuracy":[0.07918363771658776,0.19599007105948468,0.18597989997293443,0.06522685601027754,0.06341206446864127,0.042564295834634794,0.03192794957497153,0.021655551039606008,0.02127673651618676,0.025174523936623377,0.015322594271267953,0.015040309708245842,0.013964246937993028,0.012424278186345887,0.02400773550663041,0.013176213232572653,0.015304653796721144,0.011894380668464825,0.009640253647462635,0.013179373932508865,0.00910721528806954,0.010198169686174504,0.006546968190739928,0.009223298829206129,0.009917200309560616,0.009165746671180674,0.008346071467228114,0.008489070656217783,0.008433505233167262,0.00533858389329633,0.007700329802536444,0.008339785006503472,0.008430255022145535,0.008017790830747945,0.007516812589375638,0.00776116112031272,0.007383790351699395,0.005834913785976178,0.008435410974372472,0.008011174685392529,0.007645588192703119,0.007646711683274708,0.006602918330053768,0.00566111677696329,0.007861522314393904,0.007041096728794423,0.007398820449920394,0.007724175988455815,0.005975691108304689,0.007993300845096822,0.006510507391041647],"valid_loss_dist":[0.043225556511331246,0.08838735760628492,0.034992717508528684,0.06478906553904994,0.06374853341016666,0.07831307587379624,0.04873160459728353],