{"test_accuracy":[0.0972,0.6354,0.7597,0.8789,0.9129,0.9211,0.9097,0.9424,0.9452,0.9471,0.9521,0.9604,0.9618,0.9644,0.9629,0.9665,0.9683,0.9716,0.9707,0.9727,0.9714,0.9745,0.9747,0.9764,0.9759,0.9741,0.9758,0.9776,0.9766,0.9789,0.9793,0.979,0.9781,0.9789,0.9792,0.9792,0.98,0.9766,0.9688,0.9813,0.9808,0.9822,0.9823,0.9718,0.9821,0.9817,0.9826,0.9812,0.9813,0.9821,0.9824],"test_loss":[2.3084521141052248,1.2244297904968262,0.714144939994812,0.41320914726257324,0.3125749740600586,0.2784308397293091,0.27299535365104677,0.20385038781166076,0.19012890310287475,0.17599983501434327,0.1632199875831604,0.13997953609228134,0.13279549880027772,0.12073754041194916,0.12352369052171708,0.11198459967374802,0.1059619071483612,0.09754837404489518,0.09928158409595489,0.09438114502429962,0.09016057530641555,0.08387949953079224,0.08144626884460449,0.07688987078666687,0.07910626389980316,0.08200316455364227,0.07691579440832139,0.07211034818291664,0.07258232517838478,0.06781670861244202,0.06604768089056015,0.06682057899832726,0.06748557990789414,0.06384712953567505,0.06408726799488068,0.06292745997905731,0.06087247314453125,0.07076586112976074,0.0932794637799263,0.056724562507867816,0.059932120788097384,0.05554281020760536,0.05598004617094993,0.08366122143268585,0.0531254842042923,0.053178946828842166,0.053091864228248596,0.055337977665662764,0.05519806102514267,0.0529081968665123,0.05102103610634804],"train_accuracy_dist":[0.9928179129700042,0.989435875765899,0.9839769926047658,0.9831425598335067,0.9853923205342237,0.987578947368421,0.9853487412298804],"train_accuracy":[0.08354211405392507,0.6801181102362205,0.7844189930804104,0.8828740157480315,0.9143700787401575,0.9204545454545454,0.9163982343116202,0.9430028632784538,0.9452099737532809,0.9490575041756144,0.9524874731567645,0.9606299212598425,0.9626580768313052,0.9654020520162252,0.964924838940587,0.9671916010498688,0.9691601049868767,0.9697864471486519,0.9705320925793367,0.9726497256024815,0.973604151753758,0.9753937007874016,0.975960391314722,0.9772727272727273,0.9770937723693629,0.9772429014554999,0.9771534240038177,0.9792114053925077,0.9795991410164638,0.9808816511572417,0.9813290384156526,0.9808518253400144,0.9810606060606061,0.9816272965879265,0.9819852063946553,0.9822238129324744,0.9825817227392031,0.9804342638988308,0.9745585779050346,0.984251968503937,0.9840133619661179,0.9849677881173944,0.9849976139346218,0.9737831066571224,0.9858327368169888,0.9857432593653066,0.9864590789787641,0.9856537819136244,0.985922214268671,0.9863397757098544,0.9867871629682653],"train_loss_dist":[0.023587753844770465,0.03783445318103366,0.04840570787119395,0.048691597153722434,0.04407752049971801,0.04350813435880761,0.04603567277129357],"train_loss":[2.3126872428289547,1.1652695526284695,0.6558250716359199,0.394213669237609,0.30015540116497025,0.26693373089342903,0.25623736922182294,0.19782121264758187,0.18599937615089032,0.17078799507895137,0.1590023312246126,0.1388876826127498,0.12982966280443425,0.11924266480122751,0.1191635521489214,0.10973690678477749,0.10373461217757476,0.10137301538160914,0.09715909241454018,0.09220963459865478,0.08751797880717395,0.08266773342451139,0.07907937409398903,0.07571739579496034,0.07535874573611642,0.07689413738680771,0.07309511319279273,0.0679959908022897,0.06797919948815329,0.06348777505413829,0.06201060340777342,0.06186035039262018,0.06208258959296064,0.058929371448872385,0.05800287299652823,0.05640942008701,0.05499478773318588,0.061733072877385345,0.0802530032605692,0.05067519923332973,0.05145620470908783,0.048439042359826975,0.04860766790718359,0.07826418912474202,0.04550767850799789,0.04520797164987598,0.044205047499185794,0.04623097317874168,0.04493082495449825,0.042835000027785536,0.04179518583083565],"valid_accuracy_dist":[0.9915540540540541,0.987331081081081,0.9794576828266228,0.9725457570715474,0.9849749582637729,0.9772727272727273,0.9867986798679867],"valid_accuracy":[0.07678873152448819,0.6838276811878288,0.7906978081556835,0.8876600362161382,0.9183079793282426,0.924987265850579,0.9177108659315417,0.9456181385969382,0.9494359074948816,0.9525356824695428,0.9556363197595765,0.9620768581297529,0.9644613933717164,0.9657729097242941,0.9675615775505515,0.9697086448819238,0.9713780845670031,0.9705433908482973,0.972331676748545,0.9736428230249746,0.9747172823039375,0.9754324765386772,0.9763865790738258,0.9766253686317197,0.9763866290515417,0.9755519244365586,0.9769826450411615,0.9785330605116508,0.9787716216801974,0.9788909995914484,0.9799641328972682,0.979129429001772,0.979010409767126,0.9796069475508447,0.9793680639880015,0.9794873170450975,0.9799639281460212,0.9782942064237425,0.9712595239624757,0.9806799036969371,0.9810378360272652,0.981872611064842,0.9811570404402075,0.9705455488576533,0.9819918937342762,0.9822304737800402,0.9825882074213355,0.9822305303375918,0.9825879584325125,0.9828265639760383,0.9828265664090656],"mean_valid_accuracy":[0.07722866808135101,0.6849374450078282,0.7914267669582731,0.8878415077273972,0.918392290561972,0.92505176098405,0.9180132173398611,0.9456848737159733,0.9494432395733066,0.9525975210536198,0.9556905150733953,0.962094774256044,0.9645085339662912,0.9658140309008427,0.9676259726186757,0.9697429027556262,0.9714357590197257,0.9705825242779795,0.9724139616930826,0.9737181321814283,0.9747645820484282,0.9754854002881223,0.9764372241220111,0.9766516440831918,0.9764367261352026,0.9756115029742682,0.9770391696746908,0.9785926392960699,0.9788190188592346,0.9789335518047292,0.9800027502500702,0.979180992273917,0.9790341964619739,0.9796321854202399,0.9794097667542021,0.9795281551810284,0.9800208513065496,0.9783585505947789,0.9712631979201838,0.9807117639012871,0.9810703052925985,0.9819019338654914,0.9811897214017683,0.9704610099282343,0.9820078166057249,0.9822485224162726,0.9826100852778354,0.9822359351917365,0.9826147180230914,0.9828518685527158,0.9828478486339705],"std_valid_accuracy":[0.08751912876360583,0.12378783142070528,0.09287852149015656,0.045558536977436205,0.024831179564857652,0.03101458318343905,0.0385293956682613,0.018277878665243365,0.021061505233296144,0.017333124868401942,0.0168309373696527,0.016019820027421992,0.0136557988995439,0.011214185346967318,0.010917191788932863,0.009610332926619307,0.010445060362802005,0.009989877348773596,0.011034122911917034,0.01058901293367405,0.008872019728430313,0.008543050562844528,0.00892527944914754,0.007096978535619903,0.008773918540405165,0.00963814661796174,0.009123142640307554,0.008846682091355421,0.007968344410959548,0.007875278833507084,0.006175388403669728,0.008506914685848117,0.006827215435909644,0.008118430229364917,0.007761462808254011,0.007532953352022351,0.008091251322138475,0.008669322103996409,0.012743313669330986,0.00640162185102312,0.006892791256993977,0.007036561330636555,0.006983643432392287,0.017108628319649724,0.006202224584265448,0.006720082399393407,0.006870337585538853,0.006612542642849022,0.007343404356757497,0.007023474835142081,0.006149789099320415],"valid_loss_dist":[0.03510423095242397,0.03667960532412336,0.05769910859885329,0.09106788673932462,0.046584039578254716,0.06552206813310733,0.05223698534145214],