{"test_accuracy":[0.0972,0.3965,0.6382,0.6488,0.6807,0.7386,0.7752,0.8151,0.8441,0.8535,0.7435,0.8891,0.8933,0.8874,0.898,0.9218,0.9208,0.9059,0.9343,0.9282,0.9338,0.9432,0.9396,0.9438,0.9469,0.9465,0.9459,0.9513,0.9531,0.9552,0.9548,0.9549,0.9566,0.9605,0.9586,0.96,0.9621,0.9629,0.9652,0.9625,0.9647,0.965,0.9663,0.9654,0.9647,0.9693,0.9685,0.968,0.9667,0.9698,0.9639],"test_loss":[2.3084521141052248,1.941353809928894,1.2839957872390748,1.0088342131614685,0.9059799194335938,0.6981782850265503,0.5868517376899719,0.5091808689594268,0.4260915153026581,0.4064866166114807,0.7386100929260254,0.3191531754970551,0.3026035959482193,0.31776882863044736,0.29339019451141357,0.23296790478229523,0.23366811485290528,0.2683946378707886,0.1969705521583557,0.21248163304328918,0.19543427851200104,0.17349373462200166,0.18340039212703704,0.16552107269763947,0.15786942369937898,0.15787768601179122,0.1595186311006546,0.1460272536277771,0.14147030720710754,0.13576259719133377,0.13662149661779405,0.13371388387680053,0.13018718042373656,0.12169302434921264,0.1264851355910301,0.11982923713922501,0.11539843294620514,0.11362774531841278,0.11187336468696595,0.11078706154823303,0.10618287193775176,0.10689255125522613,0.1038978487253189,0.10553636574745179,0.10488396166563034,0.09560707613229752,0.09841514518260956,0.09823995382785797,0.10085658445358277,0.0922511857509613,0.11010602691173553],"train_accuracy_dist":[0.9952752670501233,0.9822593800978793,0.963579604578564,0.9684891485809682],"train_accuracy":[0.09313852031596882,0.5379730497186226,0.7677216170168827,0.7756208374206206,0.7969435696215602,0.8385048273013579,0.8562651659868863,0.8836284784965667,0.9046930662398678,0.9058805307450049,0.8172853528834736,0.9283907274510816,0.9342247921937116,0.9300944808714957,0.9356704011564871,0.9493520574113273,0.9506944085910476,0.9342764210852393,0.9584903712117301,0.9562186999845114,0.9596262068253395,0.965357013784914,0.9628271981000568,0.9655635293510249,0.9679900872528266,0.9691259228664361,0.9600908668490887,0.9710361918529609,0.9718622541174041,0.9732562341886519,0.9720171407919872,0.9731529764055966,0.9735660075378182,0.9754246476328153,0.9742371831276783,0.9768186277040632,0.9767153699210078,0.977696318860034,0.9748567298260107,0.9786772677990604,0.9793484433889205,0.9797098456296144,0.9807424234601683,0.9805875367855852,0.9803810212194745,0.9820847746398885,0.9819298879653053,0.980639165677113,0.981310341266973,0.9832206102534978,0.9774898032939233],"train_loss_dist":[0.01481276714979941,0.052769761137530624,0.10441267101654277,0.08645259794189854],"train_loss":[2.307141961504367,1.3735860034402594,0.8111407575304984,0.6423627713966261,0.5716261646111076,0.44696832907957496,0.3864334816177257,0.32800019725813295,0.27235527098489676,0.26796435113967226,0.5241762535875722,0.20880877484586072,0.1932630550849665,0.2011022068045826,0.18881592198662436,0.15304658408117341,0.1496668359064417,0.1868828495467132,0.13041850367727448,0.13430333842449685,0.12494182019288726,0.11215886787542519,0.11641851785251392,0.10769897526718329,0.10141565309657341,0.0989304676992768,0.11640794205781911,0.0918721456481304,0.08877806870016859,0.08495125234876373,0.08571881017903919,0.08251058685049631,0.08148224923233284,0.07596708434581068,0.0784160764839365,0.07301131033710914,0.070865169421013,0.06915501692506917,0.07618527425970154,0.06689625126551792,0.06303080267359103,0.06278442347954907,0.061171971682517395,0.06108742223290815,0.060522671328294295,0.05491307162902789,0.05614444884107173,0.05750846433891251,0.05635824927688876,0.051877206217481625,0.06437478407123443],"valid_accuracy_dist":[0.9909613804437141,0.9698451507742462,0.9492512479201332,0.9599332220367279],"valid_accuracy":[0.09162701127847635,0.5326295030281043,0.7656865473862918,0.7693918120463715,0.7964385217611677,0.8397979389311334,0.8505256927413396,0.8781978950461381,0.896775210126983,0.8988438134341901,0.817077589419791,0.9242367285839282,0.9285719302789015,0.9238247467596541,0.9285754962806362,0.9450884183433403,0.9448813084436072,0.9248655532998885,0.95128089265489,0.9483903689703804,0.9523119451995097,0.9554101441673275,0.9533462271271739,0.9541728232696989,0.9589198779314799,0.9595386619868453,0.9512843982010841,0.9597457718865783,0.9626352857150191,0.9634609219551847,0.9613970943206191,0.962428820102618,0.9626343153108288,0.9646994210182271,0.9647008568985738,0.9665573484239666,0.9657318699913148,0.9677964313188004,0.964288993429935,0.9667644083699903,0.9690350197874306,0.9684149287091852,0.9692422585446302,0.9680031651479655,0.9694477537528411,0.9698595462641082,0.9692418614704,0.968622988009447,0.9704799739610434,0.9723372570794507,0.9675911438718129],"mean_valid_accuracy":[0.09137350044210144,0.53146254287853,0.7644417318817267,0.7682165811175306,0.7953443321092063,0.8389412454588332,0.8497899838420928,0.8775844500521051,0.8962475924348627,0.8983957257954341,0.8163267902994513,0.9238934993600276,0.9282427046106273,0.9234871619765541,0.9282841601068194,0.9448864503824558,0.9446567421560681,0.9247081305383864,0.951121171715597,0.9481888111585055,0.9521224327919333,0.9552697245016113,0.9531911226549291,0.9540373522608057,0.9587856845215221,0.9593988005360321,0.951192200747501,0.9596219928354366,0.9625149865782313,0.963340132108924,0.9612775347819682,0.9623148142916438,0.9624994052524813,0.9645842236830804,0.9646201376536193,0.966444903503614,0.965633450839817,0.9677122669548749,0.9642623509913439,0.9666791347353303,0.9689267515598751,0.9683012217656409,0.9691473803421614,0.9679018094577924,0.9693450031569653,0.9697606718488276,0.9691605736429497,0.968583580524579,0.9704058398414772,0.9722500155761771,0.9674977502937053],"std_valid_accuracy":[0.09022404889362297,0.15829750689466188,0.14572229917558982,0.12717599401916857,0.1233738671724412,0.10416210506790424,0.0825406218935047,0.07391421985658976,0.06327092054581035,0.05414997996107471,0.08329679280543759,0.04074000746604934,0.0393325217574134,0.041900244285634734,0.04035858023596544,0.026192600289579832,0.028238687515655284,0.04111038708547936,0.02029994663054444,0.024694451054786844,0.022783154036691955,0.01839442722387089,0.020923082954402122,0.02093449398802147,0.01863126802824705,0.018344622436833956,0.02032914488319513,0.01736023643538389,0.016003927859863768,0.0159680793578832,0.01628781120030214,0.014795553021920942,0.016137466899110796,0.014906701716874709,0.013678346941704687,0.014122283768555753,0.013128302817157461,0.011696317833004065,0.01147045880880141,0.01220025819544239,0.01440513822289142,0.013676751295248557,0.014377645615674313,0.014182508082854357,0.013440420386753358,0.01155061089274017,0.012329765797097622,0.008963021846107345,0.01054508629437251,0.011142397580763592,0.015380256544120346],"valid_loss_dist":[0.028373356458586362,0.0924031663239731,0.17202586855448027,0.12776021840974366],"valid_loss":[2.3073880949730303,1.3904381548389353,0.8256408025406566,0.655262517137185,0.5866009457675173,0.464043426705498,0.4045380037093148,0.3485836897902738,0.2940115217765674,0.2905062074356234,0.5402847673465185,0.23165589624899585,0.21732885201213767,0.2255362813368659,0.21452423009489355,0.17763143004615845,0.174340276624106,0.21840440141939224,0.15643042596071294,0.16184082096387806,0.1522136769488361,0.1390942494622926,0.14523122609101458,0.13677672807801788,0.13010395528530969,0.12709873600351423,0.15021771567077985,0.12277199340273105,0.11805823317368323,0.11554661084403209,0.11732774995259743,0.11491842171958391,0.1133656252800526,0.10795394010542574,0.11066623909431053,0.10662426292231635,0.10477008312203051,0.10267352448514257,0.11215351953657443,0.10122158644147024,0.09752441441960388,0.09802572865551121,0.09711719257263153,0.09730031680672303,0.0972816645981531,0.09228525648572566,0.09506607563941952,0.09643718998039753,0.09460124916329257,0.09005033495402151,0.10481067127455894],