{"test_accuracy":[0.0972,0.5618,0.7399,0.7914,0.8209,0.8359,0.8369,0.8463,0.8574,0.863,0.8688,0.8809,0.8791,0.8897,0.9079,0.9019,0.9112,0.9179,0.9249,0.9221,0.9236,0.926,0.9307,0.9363,0.9338,0.936,0.9445,0.9487,0.9404,0.9424,0.9513,0.9418,0.9488,0.9552,0.9498,0.9457,0.9495,0.9522,0.9601,0.9601,0.9539,0.9633,0.9547,0.957,0.9523,0.9553,0.9567,0.9566,0.9602,0.9656,0.9609],"test_loss":[2.3084521141052248,1.4872718793869018,0.9879226640701294,0.8028490871429443,0.6533725396156311,0.5569999524116516,0.4951365873336792,0.45113874101638796,0.3728141001701355,0.356635594701767,0.36453375573158264,0.28820285878181456,0.296885499382019,0.26403626735210417,0.22578920710086822,0.23560950117111207,0.22120388424396514,0.2103074606180191,0.19221136603355407,0.19763205139636994,0.19308783235549926,0.18775492067337035,0.17874632675647736,0.16732088057994843,0.1717623641014099,0.16576720750331878,0.15358688259124756,0.13954718108177186,0.15867412259578706,0.15649383728504182,0.13580348711013793,0.15931945812702178,0.1411370378255844,0.12405028762817383,0.13756899180412294,0.14686994831562042,0.13772651953697204,0.12933423767089844,0.11384203317165374,0.1137969653248787,0.12737197313308715,0.10963236906528473,0.12331599892377854,0.12176609838008881,0.1311118198156357,0.12417051346302033,0.1243223783493042,0.12119959194660186,0.1115824793934822,0.10048988089561463,0.10873105218410492],"train_accuracy_dist":[0.9904942965779467,0.992047308319739,0.991652754590985,0.9863157894736843,0.9385059843169624],"train_accuracy":[0.07612586364771498,0.6676933322234246,0.8161574960459502,0.8584033963206527,0.8854990427037376,0.8975276783484558,0.8997752434862233,0.9072671272787813,0.9167984683259802,0.921293598601515,0.92774494297844,0.9325314242903521,0.9318654790643469,0.9411470906517939,0.9466827603429618,0.9458503288104554,0.9484724881378507,0.9515108632314992,0.9552151835511529,0.9540081578290186,0.956505452426538,0.9577540997252976,0.9596686922500625,0.9622908515774578,0.9620827436943311,0.9644551735619745,0.9671189544659952,0.9709481395155248,0.9664113876633647,0.9675351702322484,0.9720303005077833,0.967743278115375,0.9710730042454008,0.9744443519520519,0.9722384083909098,0.9706567884791476,0.9726130025805377,0.9747773245650545,0.9763173229001915,0.9768167818196953,0.9747773245650545,0.9784400233080829,0.9754432697910597,0.9768584033963207,0.975484891367685,0.9754016482144343,0.9755681345209356,0.9765254307833181,0.9789811038042121,0.9803962374094731,0.9797302921834679],"train_loss_dist":[0.029208103288476558,0.03143862187011596,0.02525789081702049,0.04047775299141282,0.1565804689372319],"train_loss":[2.313025592080582,1.1541902266413626,0.6528670686915545,0.5021376894627405,0.4006898749344039,0.3452549777893384,0.30992096302303496,0.27912551282218856,0.2381022013956429,0.2249583561216218,0.21569376841186236,0.18546363108389127,0.18514823857011084,0.16300399847744823,0.14884021540972392,0.1487848503285802,0.1402335919320092,0.13515104384872526,0.12396216558950396,0.1235111774395276,0.11970040956874141,0.11607222765197883,0.11157705162883717,0.10467890448651822,0.10350025559093377,0.09992425661779984,0.0954289267370368,0.08697408358248992,0.09382205464527002,0.09284145864480135,0.0830896332342738,0.09135141197496198,0.08392337206768163,0.07456520691354002,0.07951494959809992,0.08410153108090224,0.07836280186881305,0.07272748697965731,0.06770230028342618,0.06687226379666225,0.07077193402934162,0.06397892915185029,0.06859109059167198,0.06654589740773587,0.06972491102922491,0.06877686017760624,0.06834179356228753,0.06571939250726114,0.059311363992433135,0.05561238724307624,0.05679431676487536],"valid_accuracy_dist":[0.9864864864864865,0.9796251018744906,0.989983305509182,0.9789562289562289,0.9389438943894389],"valid_accuracy":[0.07570450527034134,0.6696622247362518,0.8147866633985104,0.8595529240387917,0.886343142657941,0.8978251028715803,0.9006550790935358,0.9066452778990602,0.9141333033153872,0.9206224779287112,0.9271117498664695,0.9292754711408554,0.9301082638439834,0.9377617140818494,0.9439197932222902,0.9414233778255403,0.9465827087575741,0.9499111456731045,0.9522406477747654,0.9509091674077232,0.9514082162584706,0.9522403038501523,0.9535718397734055,0.9575655967084288,0.9562339801822792,0.9595626002184441,0.9625584464434269,0.9677167169146381,0.9618925694426572,0.9617260158412111,0.9672176010606989,0.9612264930403485,0.966218886895865,0.9705458080163352,0.9662191535761375,0.9648878169281511,0.96788312325678,0.9697132419651806,0.9722099144233799,0.9720434235358891,0.9703787799525091,0.973041945308049,0.9712114151045487,0.9713774242840716,0.9678826587603971,0.9695468533631001,0.9712116774793734,0.9717103889024983,0.9735405809844189,0.9750385395145073,0.9747054327134288],"mean_valid_accuracy":[0.07536665965149052,0.6694763974078395,0.8150137829350328,0.8599325796000405,0.886648438385437,0.8981545674916281,0.9010081975347927,0.9070045028851297,0.9144934837524199,0.9209827336505618,0.9274327168334533,0.9295319254568927,0.9304571679569131,0.9380317562033855,0.9441096432145336,0.9416633856298645,0.9468447206050297,0.9501249151521931,0.952440278330803,0.951125064093388,0.951621297732369,0.9524437042346046,0.9537805468585289,0.9577360294780165,0.9564180070185628,0.9597432877617553,0.9627381435426263,0.9678435718375364,0.9620891737600402,0.9619169667786297,0.9673453208819094,0.9614145056677795,0.9663669757567078,0.9706732366235109,0.9663821921971447,0.9650476769261219,0.9680396399305083,0.9698475453857693,0.9723242381496137,0.9721722452498238,0.9705078701066835,0.9731277811814711,0.9713305387426647,0.9714870517414862,0.9680067531984425,0.9696167464677157,0.9713482080056088,0.9718322578793164,0.9736347667470229,0.9751325456350965,0.9747990034431654],"std_valid_accuracy":[0.08991889274945997,0.09243745555941726,0.07607873100570628,0.07134320805397791,0.06781842268677123,0.06816933800671783,0.06920120251111787,0.06974647836447757,0.07057027424723995,0.07021720520605107,0.07226980545723949,0.061679055243622084,0.06439909596463207,0.061451023696782,0.04387633605316461,0.051141221492126986,0.047357601799590615,0.04246782588744624,0.03977847505233707,0.043016585931562185,0.04392130546756541,0.0412329435576258,0.037938048552338254,0.03372166920241079,0.03706316250620757,0.0343666093553034,0.028612056842627034,0.022391686031243172,0.033463952244310625,0.032491106110681976,0.02192777043168677,0.03409756555070319,0.026670490217007115,0.020450381199757547,0.026917155850377975,0.02707236287456813,0.02619940831656546,0.02423022186916144,0.017166843569185315,0.019406064858653514,0.025783796140779327,0.01502698293891359,0.02103923433111914,0.020668661069030956,0.024969583314200506,0.018489924415170195,0.02018997966087417,0.02055970535732767,0.019079042034902738,0.01669402249180646,0.018402841543684923],"valid_loss_dist":[0.05124174089900948,0.061105199528595444,0.03323367033433636,0.08245462409976355,0.16227341701488684],"valid_loss":[2.3131230343516553,1.1528645292046078,0.6537896289000054,0.5001545347947148,0.4004475827621078,0.3436879471137935,0.31011955882642755,0.2807807528652482,0.23957940465841265,0.2266551226659711,0.22036104254279945,0.18973911627286244,0.18912602592879443,0.16881708861783123,0.15462683447379422,0.15536325126034903,0.14675846537863982,0.14226636176940904,0.1324557782830553,0.13330058799663252,0.1293909893278412,0.126073922377161,0.12291078921750992,0.11689631408031072,0.11522580864023706,0.11184613325457625,0.10848783137935387,0.09982312222644454,0.1064820636711482,0.10586886128050059,0.09834244646304212,0.10556971732816212,0.09820955495912298,0.08959955455195279,0.09560619019090166,0.09962196238723754,0.09469099018490808,0.08925232299117755,0.08569307012393454,0.08474748952920884,0.08903145303787825,0.0828344763012478,0.08814655810406405,0.08577120800010501,0.08999757742108613,0.09201265863225803,0.0872996527696408,0.08460722334976836,0.07995308912052257,0.07673771352776917,0.0782290223705278],