{"test_accuracy":[0.0972,0.2668,0.5098,0.594,0.63,0.7468,0.7413,0.8042,0.827,0.8378,0.8372,0.8538,0.8467,0.844,0.859,0.8672,0.8654,0.8558,0.8759,0.8714,0.8824,0.8785,0.8731,0.8755,0.8822,0.8801,0.8809,0.8824,0.8801,0.8839,0.8813,0.8805,0.89,0.885,0.8872,0.8866,0.8904,0.8883,0.8914,0.8873,0.8902,0.8903,0.8895,0.8895,0.8881,0.889,0.8925,0.8903,0.8901,0.8901,0.8928],"test_loss":[2.3084521141052248,3.0557063175201415,2.3371428981781004,1.8330275581359863,1.73722514629364,1.3992007276535035,1.4117338474273682,1.3295247829437256,1.262620471763611,1.231153000640869,1.2786421998977662,1.1887525470733642,1.294049393081665,1.3201598138809205,1.2268876502990722,1.1773933116912843,1.2054215826034547,1.2806350639343262,1.1839156818389893,1.2385670915603637,1.162177691078186,1.217398805618286,1.279748295211792,1.282839468574524,1.2350614974975587,1.1869722489356995,1.249707578086853,1.2890856537818909,1.2812275682449341,1.2915022090911865,1.3089362241744995,1.3546063278198242,1.2060407499313355,1.2742348453521728,1.2731945121765136,1.3295218134880067,1.2269033666610718,1.3139084297180175,1.3064043697357177,1.3534674484252929,1.3024387050628663,1.3325079711914063,1.3561642137527465,1.3716243726730346,1.3960406637191773,1.4064771949768067,1.3749416414260864,1.392579432106018,1.3822607955932618,1.4115284549713134,1.3309939496994019],"train_accuracy_dist":[0.9905524748408298,0.9942903752039152,0.9875130072840791,0.9850526315789474],"train_accuracy":[0.18636175496688742,0.43449917218543044,0.6837748344370861,0.7685223509933775,0.7901490066225165,0.8692570364238411,0.8604097682119205,0.9125103476821192,0.9265831953642384,0.9349648178807947,0.9332574503311258,0.9499172185430463,0.9429842715231788,0.941380380794702,0.9554014900662252,0.9599027317880795,0.9587127483443708,0.9516763245033113,0.968646523178808,0.9665769867549668,0.9738721026490066,0.9712851821192053,0.9680774006622517,0.9698365066225165,0.9756829470198676,0.9706125827814569,0.9751138245033113,0.9753725165562914,0.9741825331125827,0.9794081125827815,0.9743377483443708,0.9738721026490066,0.9820985099337748,0.9792011589403974,0.9819950331125827,0.9815811258278145,0.9858236754966887,0.9817363410596026,0.9851510761589404,0.9815811258278145,0.9835989238410596,0.9840645695364238,0.9840645695364238,0.9845819536423841,0.9828745860927153,0.9845302152317881,0.9874275662251656,0.984323261589404,0.9849441225165563,0.9853580298013245,0.9893936258278145],"train_loss_dist":[0.03434183384896451,0.024557812842821512,0.037035362031717825,0.04290422946528385],"train_loss":[2.2943531024880364,1.799743355985805,1.0495176045594132,0.6815819845824743,0.5759807138315198,0.3713461940256965,0.37236920533245366,0.27007627572605253,0.22760609566428336,0.2040962911417572,0.20690655920790224,0.1621228856734611,0.18147271742738957,0.1835668652668435,0.1405442345915177,0.1282326275458103,0.1284263169752212,0.1468710124620625,0.10022153147374471,0.10626161077317307,0.08415789648871992,0.09179191204753168,0.10115643140832148,0.09330211828733773,0.07794494470153528,0.08774962937513317,0.07822294336695854,0.0758762052814655,0.07867794522332545,0.06689789468138818,0.07585007566338041,0.07853700626072542,0.05627333151507315,0.06463208746138824,0.05704947572763522,0.05963321229684265,0.04595625869962942,0.05597246395592078,0.04666145547121202,0.05405586435488851,0.04751999272638392,0.04823366575373263,0.04733628922740355,0.0465384133710196,0.04915462385509194,0.04733230338342463,0.039221192147588166,0.044685786063220066,0.0437501204168865,0.04178465080400466,0.0346332733709803],"valid_accuracy_dist":[0.9827586206896551,0.9828850855745721,0.978369384359401,0.9772727272727273],"valid_accuracy":[0.18014457836289943,0.42357748929340827,0.6686545592754263,0.7617267655859948,0.7807554202489055,0.8680402204392283,0.8610089458710748,0.9075459474855436,0.922024408888768,0.9305043321357259,0.9261612350476837,0.9437421072563444,0.9344350757530241,0.9329869446711444,0.9468447039384466,0.9549109764659537,0.9544974783925987,0.9425034202379793,0.9627708306089549,0.9617365768748566,0.9685619865947603,0.9644254805029462,0.9623571746987871,0.9633914716665057,0.9683554463127727,0.9635979671203911,0.9669074678769891,0.9671143723587569,0.9667006408718729,0.9716646982873272,0.9675279834408231,0.9669077083811706,0.974560495913933,0.9704237030989905,0.9731124353198706,0.9708373917595263,0.978076486747367,0.9731124351162345,0.977249190193728,0.9737329120435605,0.9751803692399917,0.9741463996336637,0.9749737853344159,0.9749736634369345,0.9735259640400219,0.9751806896125477,0.9780762471422442,0.9747670018510706,0.9745600992692384,0.9768352966801913,0.9803513312390318],"mean_valid_accuracy":[0.18013683521890692,0.4237228074680243,0.6679116690673532,0.7611081032956124,0.7801719986002382,0.8676818431359506,0.8607520671440745,0.9073114865026944,0.9218209719914962,0.9303227460384647,0.9260141833844278,0.9436329962716286,0.9343443166562122,0.9328316735864627,0.9467257515110867,0.954814284353604,0.9544446830902403,0.9425204175500821,0.9627310063264349,0.9616919163371758,0.9685281847942817,0.9643828487938036,0.962330584789477,0.9633545786966209,0.9683445020005745,0.9635514665979603,0.9668754988719126,0.967088283315464,0.9666692988690717,0.9716483637985067,0.9675019099600541,0.9669000839187241,0.9745823431814086,0.970414489971797,0.9730964595408513,0.9708300779093619,0.9780873986505381,0.9731057058363226,0.9772619660173492,0.9737242015563732,0.9751342282488382,0.9741240653024592,0.9749462034590619,0.974934331535041,0.9735024519690172,0.9751682341980847,0.9780591359432325,0.9747489686000257,0.9745242056877503,0.9768166801566263,0.9803214544740888],"std_valid_accuracy":[0.005542864043580321,0.07708752391989451,0.09460117405557637,0.09381823539982179,0.08670992711153856,0.04232727129423184,0.05479956554972921,0.02319435618144519,0.018798048077867013,0.018571408350663215,0.018581046443029867,0.011880912155783263,0.012163795919073466,0.013499815474512449,0.010085921336850618,0.009068991891106402,0.011743114965093166,0.011731271165174612,0.007299544606423417,0.007947262140732485,0.007475020347810492,0.00740903322050906,0.009523668389748432,0.0042503398744029005,0.006410139547540589,0.00885439102562302,0.00779747274217208,0.005907998073712722,0.007262603160189953,0.004257436140629826,0.007513055248865125,0.006521053804499722,0.008102154679677029,0.007566688985605765,0.004946531325845078,0.005260029215164775,0.0036280974325635113,0.008203386653350212,0.007184906984355997,0.007562956550611953,0.007203169597829882,0.0075670939596933886,0.004344317656270361,0.00467032433609667,0.006086389379229214,0.005395586348082901,0.003497324935054462,0.006946321750777328,0.006167479119940158,0.004544131866203717,0.0025306767307699497],"valid_loss_dist":[0.05003357679569369,0.05443641309305333,0.08342725942267752,0.07798724827240613],"valid_loss":[2.2944376335053156,1.8192973240093515,1.0615916301620434,0.6878093807763072,0.5886187706986947,0.3840647440345093,0.3855428359651842,0.2863016146690294,0.24553035926506803,0.2214049114770862,0.22499673410330018,0.1809133894875244,0.20133375923005675,0.20284939637728822,0.16063612513987774,0.14846615749020678,0.14997513860111977,0.1728237286033529,0.12129327010522477,0.12827526684620905,0.10550585490723427,0.11484359424639645,0.12582217272429388,0.11799632448287918,0.10157752477349771,0.11396374998279155,0.10336431687824686,0.1014375508221788,0.10468364493224361,0.09321626547246396,0.10398192660153538,0.10813816651001824,0.0827392027478871,0.0931571238850666,0.08543572128356304,0.09036491969362721,0.07339931866300495,0.08539885803516253,0.07417983000513242,0.0849502258569768,0.079032021417991,0.08000848474924432,0.07968771377457973,0.07912063920165584,0.08277732968701852,0.08169339468766239,0.07195331154520583,0.07898478401616979,0.07874874179578424,0.07673115966816009,0.06632228197674155],