{"test_accuracy":[0.0972,0.1437,0.5687,0.6454,0.6804,0.7632,0.7518,0.7988,0.8115,0.8159,0.8456,0.8496,0.8449,0.8593,0.8887,0.8832,0.8924,0.893,0.9022,0.9081,0.9077,0.9156,0.9114,0.9016,0.921,0.9198,0.9295,0.9229,0.9225,0.9339,0.9257,0.9296,0.9275,0.9299,0.9412,0.938,0.9433,0.9375,0.9381,0.9472,0.9478,0.9472,0.9469,0.9469,0.9431,0.9467,0.9528,0.9429,0.946,0.9486,0.9491],"test_loss":[2.3084521141052248,3.3965363956451418,1.6062212823867799,1.1398345808029176,0.9752898330688476,0.6597962835311889,0.6908150036811829,0.5280868091583252,0.4885170010566711,0.4835353503704071,0.40585250101089476,0.3972436454772949,0.42459804763793946,0.38935148277282716,0.2883806303501129,0.31229177355766297,0.2926616218328476,0.2888604947566986,0.263139456987381,0.260501030254364,0.23985520992279052,0.22915401957035064,0.24711877369880678,0.26626446719169616,0.21893868236541747,0.21964473009109498,0.19829538946151734,0.21628324565887452,0.21237301995754243,0.1946087708711624,0.20961619234085083,0.19897932941913604,0.19209370212554933,0.20899771270751955,0.17258993718624116,0.1707411111354828,0.16041349420547485,0.1738031928062439,0.17502756843566894,0.15337933473587037,0.1533240816116333,0.15563917329311372,0.1565420432806015,0.15660545500516893,0.16049210212230683,0.15111485986709594,0.13636176116466522,0.16501147899627686,0.15710225324630736,0.14923484499454498,0.14989877181053163],"train_accuracy_dist":[0.9336619429040871,0.9748573843228396,0.9938825448613376,0.9911578947368421],"train_accuracy":[0.18783755712505193,0.2677606979642709,0.7086622351474865,0.7730577482343166,0.8026589115081014,0.8542791857083506,0.8437370170336519,0.8764540922309929,0.883153302866639,0.883672621520565,0.9013813876194433,0.9043934358122144,0.9020565018695471,0.9092750311591192,0.9293207312006647,0.9266722060656418,0.9337349397590361,0.9334752804320732,0.9406938097216452,0.9426672206065642,0.9458350643955131,0.9488990444536768,0.9451080182800167,0.9397590361445783,0.9533651848774408,0.9506647278770254,0.9585064395513087,0.9539364353967594,0.9548192771084337,0.9605317823016203,0.9564291649356045,0.9588699626090569,0.9600643955130869,0.9587141670128791,0.966088491898629,0.9667116742833403,0.9670232654756958,0.965828832571666,0.9658807644370586,0.9701911092646448,0.9707104279185709,0.9712297465724968,0.9709700872455339,0.9711778147071043,0.9693082675529705,0.9708662235147486,0.9749688408807644,0.9685292895720814,0.9706584960531782,0.9730992937266306,0.9733070211882011],"train_loss_dist":[0.18333552149463958,0.07546723935735004,0.024632072680877432,0.028039026139598144],"train_loss":[2.2942878345409072,2.495110885478869,1.0218212651201042,0.7285446326237127,0.6125956080083189,0.42359046737992717,0.44960437961910144,0.34324768098016273,0.3212723704569559,0.3191349050800088,0.2691043628867999,0.26101868517625665,0.27601397535165884,0.26048799357630426,0.19031585457200423,0.20488204468872767,0.18596844980202995,0.18457844778260826,0.16568159005025462,0.1629965260042954,0.14806502868971191,0.14295746687096267,0.15510403086196461,0.16723898726878791,0.13519304759698286,0.13904734574858832,0.12176167401382611,0.13337452562644267,0.13031304990319442,0.11945339190449812,0.1269076371601832,0.12027397832597594,0.11155117253684309,0.12443016537112668,0.10173786857823551,0.0962791677102397,0.09490060135350714,0.09820080385630464,0.09867610191660545,0.08701263762423153,0.08555221558105677,0.08675959078389199,0.08675536060232575,0.08569286364789605,0.08766906232448116,0.08489731814241014,0.07237749103904405,0.08957465916468077,0.08368841204080324,0.07822841067466069,0.07809660140350291],"valid_accuracy_dist":[0.9121510673234812,0.9721283783783784,0.9771801140994295,0.9806397306397306],"valid_accuracy":[0.18019495252738194,0.25077822484842577,0.701883922161321,0.766034184989177,0.7915699210918203,0.8480372310326116,0.8355810699872281,0.8687980540419581,0.8744028179300988,0.8744028013693402,0.8922564734513412,0.894124798635493,0.8912188546800643,0.8988993720746506,0.9223581228419336,0.9202823662793191,0.9252646002878709,0.9277558142420509,0.9333610629042837,0.9352294956699267,0.938135836149414,0.9395891084292499,0.9381357744502026,0.9300393338725094,0.9424953356272536,0.9373050284719913,0.94872320264114,0.9431181527238658,0.9422874766776671,0.9495537792752109,0.9449863435536732,0.9481005235719921,0.9489309366094943,0.9483085149917856,0.9553664408075719,0.9555740238608231,0.9576500165958429,0.954328401668676,0.9539131234685797,0.9566117713657488,0.9588954382381906,0.9588954382381906,0.9588957353501216,0.9576500312883226,0.9578574432560305,0.957442246862148,0.9632551300806074,0.9564044294093506,0.9578575370474622,0.959933557441897,0.960348834739573],"mean_valid_accuracy":[0.1801705627900721,0.2503554563298683,0.701369542630424,0.7658746029759751,0.7915186809053789,0.8480398662244628,0.8355174324474974,0.868989648654227,0.8745304699706204,0.8745525853148788,0.8924565781241546,0.8943495162945989,0.8914445612585788,0.8990031509014416,0.9225785928312855,0.9204053706427557,0.9254603059667978,0.9279602304866301,0.9335492947837238,0.9354076627520056,0.9383710991540748,0.9398226800980574,0.9383275844386575,0.9302032308234357,0.9426850823306382,0.9374990044279101,0.948898648060423,0.9433413938705705,0.9424796604991941,0.9497094670489883,0.945173801518255,0.9482969729102012,0.9491732496077092,0.9485002619270123,0.9555294508621062,0.955765637230891,0.9578203988594396,0.9545016727497653,0.9540822585168287,0.9567725989059561,0.9590599085543126,0.9590599085543126,0.9590674755375507,0.9577968223272424,0.9580314195037607,0.9576098774910795,0.9634226289526485,0.9565748670271897,0.9580167481733011,0.9601017307168243,0.960524822610255],"std_valid_accuracy":[0.005515136073424211,0.039382808576932646,0.12936132716837223,0.12101039945306423,0.11545486582846938,0.09459607272922343,0.0964910310948895,0.0855621776949566,0.08186908911677163,0.08114173933970249,0.07041439199297427,0.07042941819916775,0.0717298936698891,0.06068306370281915,0.056910074352381906,0.04815490353376587,0.05385887183450251,0.051373403286913914,0.04702362848191802,0.044851890524054666,0.0471721664741907,0.04455210238413271,0.04325504565505392,0.04799596133570429,0.03903877512597205,0.04135770924183115,0.033562366786658186,0.040899203929414644,0.03996537839756372,0.030619637476906467,0.038221567454658746,0.03455936696191625,0.04016380030257907,0.0341365697953695,0.029228582239415563,0.032548668282317554,0.028469653438251332,0.031469567220336725,0.032737579132938704,0.028708809546358734,0.028623660681237395,0.028623660681237395,0.02788213128639847,0.026781053606177437,0.030930070332000827,0.02870621657638556,0.02684478285262554,0.03029074972313019,0.02865587685795947,0.02833650681420526,0.028092129532274076],"valid_loss_dist":[0.22440626639842204,0.09039201909625852,0.06494693598347946,0.0688046367606932],"valid_loss":[2.295619562549059,2.562271698158629,1.0575378017910464,0.7585102080488559,0.6437244124533805,0.4435620076146076,0.47384892669539713,0.362736247382669,0.3402932093975231,0.3392850221377605,0.2888218572087938,0.28204954970499296,0.30014977606483007,0.2814887965841784,0.2065236348900599,0.22580313872395974,0.20698386248895473,0.20582457749070573,0.18679106452567076,0.18631232455549218,0.16914081609606446,0.16492190086226538,0.17992398100498702,0.19251894564278382,0.15968602158042924,0.16547288499808308,0.14710911594711823,0.16067853345078742,0.15776233963612019,0.1471093423074034,0.15591268125093344,0.15062385597354716,0.1391231370597255,0.15774393941936976,0.13098523591244504,0.12475532581644634,0.12298654150745206,0.12855321129924727,0.12999491693843765,0.11703155147379411,0.11556926947932118,0.11784536107703733,0.11822865093715437,0.11764425928649823,0.1204328184097845,0.11834575805936955,0.10200235949660129,0.12424444657948353,0.11805851953995956,0.11251669643369473,0.1124730648189024],