{"test_accuracy":[0.0972,0.3752,0.6393,0.7248,0.7999,0.8491,0.8716,0.8876,0.8977,0.9077,0.9134,0.9154,0.9257,0.9316,0.9329,0.9322,0.9396,0.9375,0.9425,0.942,0.9437,0.9473,0.9414,0.9499,0.9525,0.9508,0.9561,0.9555,0.9494,0.9557,0.9574,0.9587,0.9585,0.9607,0.9595,0.9612,0.962,0.9611,0.9615,0.9589,0.958,0.9648,0.9632,0.9655,0.9647,0.9683,0.9672,0.9659,0.9681,0.8794,0.9647],"test_loss":[2.3084521141052248,1.6962783004760742,1.092192657661438,0.8061190079689026,0.5756545173645019,0.4398435758113861,0.3821187274932861,0.34535323133468626,0.31355257201194764,0.2814772569179535,0.25985768852233887,0.2548877662658691,0.23023354363441467,0.21375221266746522,0.2070594865322113,0.2024117889404297,0.18639896323680877,0.19113312470912933,0.1718481600522995,0.1751214139699936,0.16696674816608428,0.15637824099063874,0.17860979299545288,0.15184599206447602,0.143850226855278,0.14644358092546464,0.13180570361614227,0.13271862115859986,0.1443129192829132,0.12985106546878813,0.1253906483769417,0.12028541613817215,0.12289571621418,0.11602041363716126,0.1185070256114006,0.11521138703823089,0.11124581470489502,0.1137074576973915,0.11233280364274979,0.12037080289125443,0.1255217031478882,0.10374248011112214,0.10614633721113205,0.10311926275491715,0.10498679609298706,0.09522432079315185,0.0963352748990059,0.0999302550792694,0.09414942253828049,0.43468451194763186,0.10524084849357605],"train_accuracy_dist":[0.979294316501162,0.9696149843912591,0.9732888146911519,0.9911267024349979],"train_accuracy":[0.09668335419274092,0.4744993742177722,0.7313308302044222,0.810805173133083,0.8654568210262829,0.89549436795995,0.9006570713391739,0.9189612015018773,0.9265227367542762,0.9348143512724238,0.9364309553608677,0.9396641635377555,0.9471214017521903,0.952909887359199,0.9539007092198581,0.9541614518147684,0.9600020859407593,0.9573425114726741,0.9609407592824364,0.9608364622444723,0.9637567793074676,0.9659991656236963,0.9615665415102211,0.9664685022945348,0.9688673341677096,0.9692845223195661,0.9721526908635795,0.9723091364205256,0.9674071756362119,0.9730392156862745,0.9740300375469336,0.9749687108886108,0.9752816020025031,0.9759073842302879,0.9755944931163955,0.9759595327492699,0.9770025031289111,0.976846057571965,0.97773258239466,0.9759595327492699,0.9725177304964538,0.9792448894451398,0.9800792657488527,0.9796620775969962,0.9797142261159784,0.9814872757613684,0.9796620775969962,0.9815915727993325,0.9822173550271173,0.9012828535669587,0.9783583646224447],"train_loss_dist":[0.05705794318959498,0.08174756069926392,0.0796885309314887,0.025450571896404556],"train_loss":[2.3080718374073284,1.36606047618598,0.7977903484365668,0.5638176742280628,0.4046101889351183,0.3165240532628847,0.301306350686629,0.2512501843924827,0.22989045330399044,0.20182161364342255,0.19017561237239555,0.18171046532047108,0.16482494526741265,0.14948210469107107,0.14331416243164302,0.13997556350178764,0.12773955348781188,0.13174438089890733,0.11894736847924561,0.12047913272911352,0.11166027780159109,0.10375298466144886,0.12092388926006303,0.10068732600357627,0.09623650250168464,0.09395246063566949,0.08527851462928353,0.08586811612958138,0.0948427876853491,0.08331103287567297,0.07872168927557975,0.07569789507457016,0.07514192020477052,0.07193174490061716,0.07327990328798263,0.07029475434226733,0.06863473312487117,0.06906414013060683,0.06682308022821423,0.07068920878535716,0.08081922544151682,0.06149580560495994,0.060016001465419154,0.05861200972894983,0.05905212755934722,0.05413312764902835,0.05881643755490432,0.05585806461266356,0.05261590738318826,0.3642251677502259,0.06091224373748365],"valid_accuracy_dist":[0.9797297297297297,0.9550748752079867,0.9716193656093489,0.9867986798679867],"valid_accuracy":[0.08797175378998749,0.4710231567125862,0.7379139731562229,0.8171437620189606,0.8698908271631322,0.8942871882381185,0.9003328545019063,0.9163885369467301,0.9226432359199002,0.9322353620759577,0.9324443206607064,0.9357798955568595,0.9424526017105846,0.9489154000343298,0.9526684998272249,0.9507915855599411,0.9572555532943495,0.9551706656422446,0.9593406790892341,0.9574647322135935,0.9591323494485131,0.9635102001898556,0.9595491772180095,0.9653865176794749,0.9653870361492068,0.9655941445328236,0.9689313033852669,0.9676809203816139,0.9628858813193513,0.9678893420120913,0.9695567432080393,0.9693491082708341,0.9693481491321111,0.9716429444451326,0.9703920746930786,0.9714346124875859,0.9724771524298548,0.9712256259698389,0.9716423757695303,0.9708089145038281,0.9676828605938038,0.9733109541218711,0.974144631595608,0.9731018813813984,0.9739359053866081,0.9758131219155887,0.9743541086500888,0.9737275755768233,0.9743534478156661,0.903891229657887,0.9733115346696627],"mean_valid_accuracy":[0.0884301536723488,0.4710965740383648,0.7380066095264292,0.8171627217080999,0.8699957963241081,0.8943331814183266,0.9003978690288085,0.9163866642094489,0.9227009592789304,0.9322605244231519,0.9324391859772276,0.9358060942850952,0.9424737990512974,0.9489502113212084,0.9526728406859593,0.9508009203780032,0.9572867446250721,0.9551865170850258,0.9593526148899463,0.9574595065421462,0.9591363180559301,0.9635395145259579,0.9595746953159927,0.9653904367412737,0.9653990571585087,0.965617625244399,0.9689527240070953,0.9676883967421762,0.962870518673642,0.967897618204965,0.9695686440922683,0.9693567841002746,0.969359962957043,0.9716541636653246,0.9704065136959948,0.9714463901349939,0.9724804239422518,0.9712387876204448,0.9716594258612135,0.9708232385253328,0.9676445767989308,0.9733298965584323,0.9741691888488492,0.973122564207665,0.973962975227047,0.9758404109977019,0.9743564708201597,0.9737493590649752,0.9743714890592204,0.9036117627491903,0.973305662603763],"std_valid_accuracy":[0.08718257553783369,0.11777774664491096,0.1246577178647942,0.11061808437221177,0.07977511818348863,0.06472138455927004,0.0385829215272175,0.03962738990078322,0.04111587757634058,0.03570886909914926,0.03529321459935888,0.03261075872357169,0.031686357108750965,0.02766865392876937,0.0255502280052269,0.02619922226147725,0.024705488595704036,0.02435607141957999,0.02141269885173699,0.024913200363318455,0.022793698146669837,0.02214956718715567,0.024018798681262183,0.01895410425155596,0.018036685867772406,0.018978848385359817,0.016245501018113558,0.017713312373978163,0.01719283806183007,0.014670643010810216,0.015055010123030253,0.015626391812007763,0.01523807615801149,0.015828599384974724,0.01617631092644493,0.014107933816913613,0.013364376276462421,0.014017088717187045,0.0155274749736831,0.01631213934924427,0.018101251971902328,0.01404505269379638,0.013185655485442996,0.01264329168232304,0.01364628936560966,0.012616352428797127,0.012147527619906085,0.013073981449363862,0.011487813671958757,0.07470663419727307,0.0118166763511883],"valid_loss_dist":[0.05797183040428806,0.16647747962328044,0.09410584904564442,0.038632955955396786],"valid_loss":[2.3094948398085076,1.3680995818948425,0.7962267366131309,0.564986852973892,0.410947686265283,0.32373140022523733,0.306216389292838,0.26274278249818656,0.23992740132297363,0.2128085119086736,0.20233498852236562,0.1943348731070614,0.17755062766542146,0.1627490408413045,0.15774113911828314,0.15449349908269885,0.14214704939661954,0.14638699549134024,0.13425344271178422,0.13615195371953426,0.1293679744047799,0.12131023615997319,0.1366008564992828,0.1180040216545286,0.11471878355666497,0.11404978441534093,0.10545452590165193,0.10640047013154935,0.11836570368095953,0.10510910464202403,0.10084097765632663,0.09842945921233974,0.09852510927929925,0.09462470456852477,0.09645044754734404,0.09501037129112577,0.092997680906286,0.09358562815961684,0.0921522915340953,0.09738229028190935,0.10855125141251191,0.08833509058501722,0.08778271787637289,0.08667436786105723,0.08794159340137812,0.08282540720851168,0.0867019828696265,0.08477057837370221,0.08173377511346266,0.37673128430029534,0.08930306091363885],