{"test_accuracy":[0.0972,0.3127,0.7121,0.8604,0.8684,0.8905,0.914,0.9237,0.8865,0.9394,0.9452,0.9398,0.9522,0.9371,0.9517,0.9479,0.9592,0.9617,0.9678,0.9639,0.9664,0.9684,0.9412,0.9683,0.9691,0.9658,0.9702,0.9621,0.9746,0.9754,0.9749,0.9746,0.9745,0.9693,0.9775,0.9759,0.9759,0.9741,0.9779,0.9776,0.9781,0.9769,0.9788,0.9797,0.9797,0.9802,0.9797,0.9801,0.9797,0.9809,0.9809],"test_loss":[2.3084521141052248,1.6065330575942993,0.8093943298339844,0.46623057503700255,0.39511807637214663,0.3392345193862915,0.27628867812156677,0.24431344175338746,0.33468645453453066,0.19640271816253663,0.17760091819763182,0.185283527469635,0.1514521999001503,0.19023801944255828,0.1504169272661209,0.15967601237297058,0.12849875462055207,0.1219454731464386,0.10740982284545898,0.11315842237472534,0.10297160186767577,0.10028339413404465,0.17046819698810578,0.09845237798690797,0.09618050429821014,0.10415998650789261,0.09143229970932007,0.11740758059024811,0.07994823143482208,0.07957853797078132,0.07826808125972748,0.08047202658653259,0.08102932515144348,0.09214709050655365,0.07155834481716156,0.07111005358695983,0.07507070198059082,0.08029285252690316,0.06697492498159409,0.06842108167409897,0.0677531602025032,0.071089723777771,0.06777493855953216,0.06523143060207368,0.06124769313335419,0.06220784697532654,0.06437177256345748,0.06023157384395599,0.06169494872093201,0.060132970494031907,0.05878805999159813],"train_accuracy_dist":[0.9837749024440336,0.9877456158884429,0.9929240374609781,0.984421052631579,0.9830788278992983],"train_accuracy":[0.1524392784235304,0.4019497562804649,0.7551556055493064,0.8744740240803233,0.881389826271716,0.8997625296837896,0.9208015664708578,0.9310086239220098,0.8958880139982502,0.9445902595508895,0.9500895721368162,0.9481314835645545,0.9570886972461775,0.9471732700079156,0.9559638378536016,0.9540474107403242,0.9642544681914761,0.9658792650918635,0.96992042661334,0.9685872599258426,0.9707119943340415,0.9718785151856018,0.9504645252676749,0.9723367912344291,0.9735449735449735,0.9689622130567013,0.9750447860684082,0.9630879473399159,0.978710994459026,0.9786693330000417,0.9787943173769945,0.9790859475898847,0.9785443486230888,0.973753280839895,0.9813773278340208,0.9807107444902721,0.9802941299004291,0.9792525934258218,0.9827104945215182,0.9823772028496438,0.982835478898471,0.9822105570137066,0.9835020622422197,0.9844602757988585,0.98496021330667,0.9845435987168271,0.9839186768320627,0.9857101195683873,0.9855851351914344,0.9859600883222931,0.986376702912136],"train_loss_dist":[0.04740090209598242,0.036231067964518686,0.02900060127401079,0.049557068198919293,0.04968451437345478],"train_loss":[2.2997331584497664,1.43440090331595,0.7255243607716219,0.429262543426863,0.3567196459753913,0.30900662470443974,0.2541722920398307,0.22485434909487786,0.3028794769105358,0.18297171059752068,0.16723152582771464,0.16942211841095917,0.141810152621171,0.17189468802094326,0.14157918556566781,0.14351640777086677,0.11763565554803289,0.112255088912953,0.10036469694171574,0.10382084897023829,0.09557831181847333,0.09154552465150075,0.15360770915287938,0.0893197309157354,0.08628532737282442,0.09656955164501838,0.08088010347411467,0.1123182788688044,0.07025823295870702,0.07007425524201566,0.06793168167601608,0.06831130986864932,0.0689291174039732,0.08148278084703124,0.05993874267532702,0.059421381519962506,0.06116510261274977,0.0653058580485554,0.05446395163617111,0.05453861923820425,0.05385867877599622,0.05587395112276318,0.05254756432148147,0.05194365996492608,0.04720405797024275,0.04866602205974516,0.04966147338742341,0.04536212004129228,0.04548498551245134,0.04364391197229492,0.04240268952637819],"valid_accuracy_dist":[0.9786535303776683,0.9839527027027027,0.9758735440931781,0.9772727272727273,0.9801980198019802],"valid_accuracy":[0.14140137398750624,0.39439669436347263,0.7449999095536765,0.8692527524328972,0.8757482315578794,0.8945695680426508,0.912557754028857,0.9257156672206128,0.8875741781107177,0.9373744954134557,0.94270435431853,0.9413721000980708,0.9506989712061212,0.9372082372100319,0.9503659944568758,0.9450361312662875,0.9586939424707513,0.9611923733127183,0.9653563703996119,0.9641903686497482,0.966522233108099,0.9665221686604792,0.9457023466306845,0.9683543697112761,0.9693536445049561,0.964690076778742,0.971685283878986,0.95669552783222,0.9745168443911756,0.9748499268366152,0.9755161363435587,0.9743501585918133,0.9746833131509797,0.9688540306791016,0.9763489808024243,0.9768486471337385,0.9761824683084407,0.9738505004016962,0.9765154970561759,0.9780145087684128,0.977348305108989,0.9766819922538268,0.9770153144712018,0.9778480914814509,0.9795135542779836,0.9785141344582969,0.9773484259173302,0.979347173013218,0.9781811139519336,0.9786808072280638,0.9791805032360259],"mean_valid_accuracy":[0.14175479075932346,0.39526723199299113,0.7449824493120129,0.8693203143536966,0.8756479912277706,0.8945390276642169,0.9125701962866387,0.9257110168567948,0.8875807875117522,0.9373742880175093,0.942698040070456,0.9413501437612165,0.9507188638903683,0.9371940424739043,0.9503743850900547,0.9449835944379684,0.9587204461334631,0.9612364633229411,0.9654033977167927,0.9642371420673517,0.9665610131519523,0.9665585761210925,0.9458391283326814,0.9683932713622406,0.9694087520158208,0.9646436424408078,0.9717088757493315,0.9566452235453919,0.9745280212602159,0.9748683815122355,0.9755204894460221,0.9743752823975932,0.9747069235986187,0.9688930185930144,0.9763594753716417,0.9768450838367528,0.9761999958559097,0.9738688678334192,0.9765084936176462,0.9780110849206313,0.9773518422301619,0.9766978731697401,0.9770407000968483,0.9778742726305973,0.9795179328970811,0.9785145008570325,0.9773852140583941,0.9793751497224257,0.9781905928074875,0.9786925345671715,0.9791901048496513],"std_valid_accuracy":[0.07095449155388829,0.1252252026204541,0.03582926089219451,0.021843799578832344,0.02158821416326516,0.010715391330100351,0.01159983648139222,0.01607127619469017,0.0077954551368566325,0.010210279496619413,0.010557608322890637,0.009267711289398012,0.009176124434210165,0.010819916731430594,0.011408512790721278,0.020240168579557943,0.009115183991709321,0.007603615500752725,0.005442192778308507,0.006315038237464634,0.007234717177541557,0.004966221421502126,0.014366956157243677,0.005141947188933438,0.006402875877386269,0.008765496229263599,0.00375817904273672,0.007354407908982508,0.004838979444299267,0.003001826058630828,0.002997421793754689,0.004207769206491257,0.003437527214815198,0.004456060877117971,0.0026963481201607606,0.003477132604165503,0.003845892760419364,0.005244930788652453,0.003908557880109721,0.0037216952546995545,0.002472315543424412,0.003373615366035837,0.0033193343339818254,0.002600653464353328,0.003270586400956404,0.0026559279439985176,0.00450684422631723,0.004462670643247772,0.0033513838981343055,0.0028959733235644834,0.0027807213110583903],"valid_loss_dist":[0.06984330924175838,0.040154256430026646,0.07724389985526064,0.07862897385350782,0.06869239588775257],"valid_loss":[2.3009014860429624,1.4596949090627198,0.7493328637287636,0.4503650534920527,0.3812860465865159,0.33394859170970237,0.2770127302376902,0.24737549541922413,0.32868928918390594,0.2027322552344448,0.1847235813053171,0.18966445377138783,0.15913533830569487,0.19344395879674334,0.15963284393953067,0.165907108166208,0.1351015659678715,0.129030052986896,0.1149881509141004,0.11929408747832129,0.11139475689140736,0.10762024705819448,0.17342514139144563,0.10556289163824038,0.10350841873453472,0.11412212161384054,0.09915938460804441,0.13238848295684966,0.08692899341337454,0.0882593264127471,0.08615450449395798,0.08750726503029645,0.08891563660431973,0.10342083740805463,0.07932585590803964,0.07971549215954822,0.08182317937217479,0.0872336707989367,0.07682522980747276,0.07680548494822688,0.07672024980023145,0.07969892708713874,0.07499454384606412,0.07336889895579565,0.06964948620158734,0.07391072107685091,0.07426737250575315,0.06960406151968555,0.07055731518591524,0.06810833646808041,0.06697683970596076],