{"test_accuracy":[0.0972,0.4593,0.7506,0.8343,0.9116,0.9236,0.9324,0.9365,0.9031,0.9472,0.9486,0.9569,0.9573,0.9529,0.961,0.959,0.9675,0.9664,0.9707,0.97,0.9723,0.9727,0.9738,0.9735,0.9745,0.9758,0.9766,0.9563,0.9762,0.977,0.9773,0.9772,0.9781,0.9757,0.9782,0.9787,0.9789,0.9771,0.9793,0.9801,0.9787,0.9794,0.9799,0.9787,0.9799,0.9817,0.9776,0.9797,0.9807,0.9808,0.9821],"test_loss":[2.3084521141052248,1.397517315673828,0.7781463647842407,0.4951836545467377,0.313896887588501,0.26329428944587707,0.22842712581157684,0.2091377081632614,0.28730724716186523,0.17528684775829315,0.16910527927875518,0.14600200011730194,0.13845403289794922,0.14866900372505187,0.12892321326732636,0.12955554730892183,0.11074064276218415,0.11578345401287078,0.0999402792930603,0.10090161038637162,0.09110550041198731,0.09265110930800438,0.0878851280093193,0.08819073100090027,0.0851967679977417,0.08117949385643006,0.07813008628487587,0.1290305062532425,0.0747185122847557,0.07143544516563416,0.07194275978803634,0.07285990934371948,0.06951930156946182,0.07743900618553162,0.0693902662396431,0.06377708854675293,0.06671779226064682,0.07222334135174752,0.06412057828903198,0.06295332587361335,0.06468331022262573,0.06594310979843139,0.05854360346794128,0.0635451122879982,0.06141666626930237,0.05694383859634399,0.06536387205123902,0.06355354520082473,0.05940507473945618,0.05912514258623123,0.055770816361904146],"train_accuracy_dist":[0.9866892034650327,0.9862366474938373,0.9912591050988554,0.9831578947368421,0.9847296739579035],"train_accuracy":[0.11515707024414631,0.5165402883093075,0.7771852345637863,0.8323889675860345,0.9135488709274228,0.9265477876843596,0.9340471627364386,0.93892175652029,0.8968419298391801,0.949170902424798,0.9502958086826098,0.9591700691609033,0.9610865761186568,0.9567119406716107,0.9632530622448129,0.9619198400133322,0.9677943504707941,0.9683359720023331,0.9712523956336971,0.9716690275810349,0.973293892175652,0.9749187567702692,0.9743354720439963,0.9752937255228731,0.97658528455962,0.9777935172068994,0.9792100658278476,0.9536288642613115,0.9796266977751854,0.9802516456961919,0.980793267227731,0.9805849512540622,0.9812515623698025,0.9787101074910424,0.980793267227731,0.98354303808016,0.9832930589117573,0.9816265311224065,0.9830014165486209,0.98354303808016,0.9837513540538289,0.9835013748854262,0.9857095242063162,0.9830847429380885,0.9851262394800433,0.9855428714273811,0.9816265311224065,0.9832097325222898,0.9859595033747188,0.9855428714273811,0.9864177985167902],"train_loss_dist":[0.03998039999200291,0.04495789115864327,0.02932634014562625,0.04847806658399732,0.043749073665593705],"train_loss":[2.3067412794694215,1.295701376567949,0.7166768632218914,0.4881005559516106,0.3046019882952091,0.2562042456463261,0.22402084621662657,0.20705503640165132,0.30039971421464423,0.170036945169508,0.16304826218305493,0.14125965537254875,0.13431049437144083,0.14052901412795338,0.12369712634647988,0.12510610223418672,0.10659804321892553,0.10847202605605821,0.09492057342566199,0.09437838477493773,0.08703067843791332,0.08516434899892705,0.08202335328166659,0.08007793503409673,0.07760855588578039,0.07308121735667618,0.06986074669165702,0.1347579817671685,0.06697016864029152,0.06333492768503295,0.06268647209066876,0.06196416177894833,0.059565336757856614,0.06749112334289573,0.05933880233207019,0.05361729596484086,0.05452523094253255,0.058036404077167605,0.052492082762167894,0.05131381439862549,0.05083485361293881,0.05106618797237223,0.04628241224045724,0.05054195120706552,0.04709290506998952,0.04503138649486376,0.052783751225772724,0.04980757493538471,0.04390699431756784,0.04346671999267549,0.041299647486860006],"valid_accuracy_dist":[0.9847972972972973,0.9819227608874281,0.980865224625624,0.9772727272727273,0.9843234323432343],"valid_accuracy":[0.10609863125197054,0.5168836805145144,0.7747768933924838,0.8337461619274281,0.9120440447985987,0.9248701426340227,0.9330335863244332,0.938197670886337,0.8913907769495981,0.9490248340285649,0.9505243108948063,0.9573535317524261,0.9606859006896328,0.9540217416405176,0.9610181916630592,0.9591870372939003,0.9688481929259805,0.9705139668056151,0.9711804139028745,0.9703474344410082,0.9741792700237318,0.9731795473975131,0.9738462040778247,0.9740123271212688,0.9733455753415394,0.9750119303950647,0.9766778687749755,0.951361467366772,0.978510774722548,0.9780106395854058,0.9795100630725466,0.9781771531461293,0.9785104606118544,0.9756783747145,0.9786768698040265,0.9801765717275905,0.980342838923727,0.978343284420821,0.9793436575281677,0.9801765393287474,0.9803432273412154,0.9803429059589546,0.9818425138121603,0.9806760408239249,0.9803430174071368,0.9808430797854866,0.9791762633397249,0.9801760450969307,0.9818421924298992,0.9815094118649758,0.9818423389765437],"mean_valid_accuracy":[0.10694362491367485,0.518161097615875,0.7747218690499416,0.8342225022715164,0.912045529215915,0.9248906321814566,0.93302670645886,0.9381677317936739,0.8912942504444075,0.9490341365292391,0.9504949468740025,0.9573955794692282,0.960683726161937,0.9540394757903403,0.9610537278266374,0.9591692179700649,0.9688652355200057,0.9705786198303995,0.9712203089554305,0.9703803847387938,0.9741867543305801,0.9732208762195176,0.9738650160756734,0.9740535201564569,0.9734025810711099,0.9750486952229377,0.9767088781604446,0.9512527209089392,0.9785209221264795,0.9780320161992627,0.9795281128685813,0.9781997783997756,0.9785271918388126,0.9756970516813688,0.9786953966552948,0.9801846459983616,0.9803629418113697,0.9783769005734726,0.979347837021036,0.9801796937800178,0.9803426594679735,0.9803643315817061,0.9818331001704301,0.9806949356319388,0.9803476824654747,0.9808389895295659,0.9792234944198729,0.9802034101404585,0.9818547722841628,0.9815095183695044,0.9818362884852622],"std_valid_accuracy":[0.08736667172067014,0.17866728765752485,0.047271304103772456,0.05146922695227372,0.007697233148490512,0.007144559402984083,0.0073520022781348926,0.0101298893825186,0.019777751102603738,0.007694084188636149,0.007390529192110463,0.006112260714208045,0.00603562832859526,0.00854907843481808,0.006874265066511785,0.0069627186539664996,0.004076686752949292,0.006250943642774599,0.0041749639582450105,0.003506183044527636,0.0025080099995360996,0.004443419975611032,0.0018135173743831137,0.0039717035243427125,0.005700113412826181,0.003868345088750258,0.0032896588301718297,0.016834285863013453,0.001643546845282063,0.0037931070028472285,0.002235195642018657,0.003473157810539828,0.0032094528785139706,0.0026511255082759828,0.00406152834632092,0.00308286954547041,0.002936030313402338,0.00440790049461537,0.0018835718068740074,0.0011667593284403126,0.0014521618883180235,0.002732245039550895,0.002008666866075718,0.00324354639623013,0.002944565912813991,0.002135777415840664,0.00551118524083582,0.0056314041583319365,0.0023631386393111143,0.002253108190222704,0.0027103502058436054],"valid_loss_dist":[0.04085995599224761,0.051914862299685414,0.07871346491793428,0.07286217409853983,0.05374573924803104],"valid_loss":[2.3079460032018426,1.2915936211709758,0.7126238374505242,0.48911674865317556,0.3087902408384429,0.2612785008088527,0.2285498047723774,0.2144552502961115,0.30822838888620163,0.17512964546709142,0.16740440986611893,0.14802526815740452,0.1398999035833728,0.14710636650403452,0.13005305142942408,0.13349530009481395,0.11352758673885,0.11627347677171389,0.10235322028653057,0.10190435503831471,0.09375350269940902,0.09448592418898281,0.08950891058928115,0.08915007646072265,0.08783410397205885,0.08381135694812575,0.08144925906941676,0.14334750651915318,0.07785624920211297,0.07519462468767057,0.07453557444001907,0.0754306905610839,0.07290997546706894,0.0810072445192798,0.07245930058033362,0.06765024406333238,0.07006526431147729,0.07417431333777198,0.06833009348762449,0.06657825132890074,0.0674249459816797,0.06862560450735587,0.06276663618705532,0.06601399191252817,0.06443488859343544,0.06295543500069944,0.06988026509833208,0.067737966379194,0.06183208664727175,0.061021318164298864,0.059614911244099386],