{"test_accuracy":[0.0972,0.2898,0.4775,0.5434,0.5678,0.573,0.609,0.6036,0.6181,0.6151,0.6255,0.6425,0.6251,0.6498,0.6476,0.6503,0.649,0.6559,0.6514,0.6404,0.6515,0.6535,0.6598,0.605,0.6593,0.6116,0.6637,0.6662,0.665,0.6675,0.664,0.6661,0.6652,0.6649,0.6665,0.6689,0.6673,0.6673,0.6682,0.6679,0.6692,0.6687,0.6675,0.6702,0.6686,0.6682,0.667,0.6671,0.6719,0.6388,0.6672],"test_loss":[2.3084521141052248,3.9627967018127443,3.1080416999816896,3.0129469161987306,2.9859856483459475,3.0955876728057863,3.0210444454193115,3.0439784889221193,3.108180252456665,3.044216774368286,3.095972241592407,3.1007857360839846,3.123812794494629,3.101197508621216,3.096209592056274,3.1941419891357423,3.1467261585235597,3.210492434692383,3.280991563796997,3.389048119354248,3.4354946868896485,3.34418433303833,3.29902956199646,3.6096891296386717,3.4516553215026855,3.6370511596679687,3.502456303405762,3.547062712097168,3.5986528568267824,3.684168806838989,3.6878768280029295,3.6711134735107422,3.748341213989258,3.727114919281006,3.764884421157837,3.8562227752685545,3.9693247695922853,4.011559246826172,3.9579987289428713,4.00843614654541,4.0001962375640865,4.048112417221069,4.103775635910035,4.111860929107666,4.137362010955811,4.229954114532471,4.2373882637023925,4.280717274475098,4.2899090148925785,4.390345191955566,3.5209328521728516],"train_accuracy_dist":[0.9809885931558935,0.9926315789473684],"train_accuracy":[0.09911429776465626,0.5908899198650358,0.7832138338253901,0.8484816533108394,0.8760016870518769,0.8854913538591311,0.9204976803036693,0.916490932096162,0.9295655841417123,0.9298819063686208,0.9390552509489667,0.9559257697174188,0.941269506537326,0.9638338253901307,0.9629902994517081,0.9669970476592156,0.965520877266976,0.9714255588359342,0.969738506959089,0.9584563475326866,0.9685786587937579,0.9704765921552088,0.9780683256010122,0.9211303247574862,0.9766975959510755,0.9329396878954028,0.9813369886123998,0.9841838886545762,0.9824968367777309,0.9856600590468156,0.9807043441585829,0.9841838886545762,0.9833403627161535,0.9819696330662168,0.9848165331083931,0.9874525516659637,0.9866090257275412,0.9865035849852383,0.9876634331505694,0.9874525516659637,0.9891396035428089,0.9882960776043863,0.9870307886967524,0.9895613665120202,0.9890341628005062,0.9875579924082666,0.9870307886967524,0.9882960776043863,0.9929354702657107,0.9599325179249262,0.9868199072121467],"train_loss_dist":[0.04860375549472683,0.024373184378994137],"train_loss":[2.3194334882062884,1.5090843433320196,0.5747021047601917,0.40984088778872874,0.348671602522809,0.3175600399634397,0.22714375645135937,0.23015288374799558,0.19690975255852558,0.19588851735768867,0.17261405591784224,0.1265886756283153,0.16310079868699065,0.1039459658248522,0.10781173961404404,0.097207813548456,0.09930188816240296,0.08302769447173663,0.08985537663573506,0.11926380785921363,0.08707683361384849,0.0809733625532818,0.06232775129827202,0.21603279864358177,0.0631172777656725,0.17629568742290422,0.05212596867811713,0.044398843791164565,0.04745229927863013,0.04149799205273239,0.04890390857504245,0.041607836847445324,0.04242523730379376,0.04572815702342751,0.040644308169168517,0.03231530189918742,0.036702041384201925,0.03517591099375376,0.032996498714489855,0.031970486171364484,0.028871444315943774,0.02932496121069177,0.03356555508719133,0.026875509574886793,0.0286364850931055,0.030135569882271587,0.03246850739631885,0.030434516481253882,0.021355943202631462,0.11134174935761658,0.03646803082162157],"valid_accuracy_dist":[0.9771959459459459,0.9831649831649831],"valid_accuracy":[0.09359196962001685,0.5973861727894837,0.7921585183684509,0.8503372500169737,0.8815345488360568,0.8840640543969834,0.9173692931073785,0.9182124616276873,0.9295952678359891,0.9258009963013126,0.9359190521279303,0.9527824627136628,0.9409780656485632,0.9624789180883656,0.9624789156895861,0.9612141599106487,0.9620573302300421,0.969645869701226,0.9616357453701928,0.9565767150581047,0.9645868447863915,0.968802698182443,0.9742833055583476,0.9207419563941073,0.9734401334398697,0.9304384207642327,0.9780775722954657,0.9801854965947121,0.9801854971944071,0.9797639129342524,0.9780775692969914,0.9814502517739548,0.9806070820542563,0.9789207390166901,0.9806070814545613,0.9835581784719807,0.9818718378331938,0.9814502523736496,0.981871837233499,0.9822934238924329,0.9831365936121313,0.9827150087522821,0.9822934226930432,0.9827150093519769,0.9831365936121313,0.980607083253646,0.9797639111351679,0.9801854977941018,0.9839797645312196,0.9519392732040348,0.9801854995931862],"mean_valid_accuracy":[0.09344003094003094,0.5973843161343162,0.7921529484029484,0.8503802097552098,0.8815847097097097,0.8841270247520248,0.9174060424060424,0.9182534807534808,0.9296199608699609,0.9258377695877695,0.9359274046774047,0.9527809059059059,0.9410063472563472,0.9624852124852126,0.9624908999909,0.9612268518518519,0.9620700245700247,0.9696429383929384,0.9616477272727273,0.9566085972335973,0.9645910114660114,0.9688026094276094,0.9742825211575211,0.9208213895713895,0.973443614068614,0.9305043680043681,0.9780760874510874,0.9801875739375739,0.9801861520611521,0.9797624328874328,0.9780831968331969,0.981453043953044,0.9806084493584494,0.9789277914277914,0.9806098712348712,0.9835588429338429,0.9818724974974975,0.9814516220766221,0.9818739193739194,0.982291951041951,0.9831365456365456,0.9827142483392484,0.9822947947947949,0.9827128264628264,0.9831365456365456,0.9806056056056056,0.9797666985166986,0.9801847301847302,0.9839782964782965,0.9519832332332332,0.9801804645554646],"std_valid_accuracy":[0.09006165256165256,0.0011005323505323683,0.0033015970515970494,0.025464384839384846,0.029732857857857842,0.03732567795067798,0.021783146783146745,0.02431408681408681,0.014636795886795895,0.0217973655473655,0.004950973700973693,0.000922797797797803,0.016763923013923043,0.0037310037310037125,0.0071036946036946436,0.00752314814814814,0.007524570024570021,0.001737532987532986,0.007102272727272707,0.01889815952315954,0.0024697993447993505,5.2609427609429105e-5,0.00046495358995357616,0.047084015834015835,0.0020631426881427273,0.039090226590226596,0.0008801415051414851,0.0012313449813450283,0.0003881722631722817,0.0008772977522977787,0.003335722085722137,0.0016550641550641676,0.0008104695604695955,0.004180316680316709,0.0016536422786422866,0.00039385976885980556,0.0003910160160159881,0.000811891436891421,0.0012341887341887348,0.0008730321230320803,2.843752843750824e-5,0.00045073482573482204,0.0008133133133133019,0.0012939075439075132,2.843752843750824e-5,0.0008758758758758978,0.0016522204022204057,0.00045500045500046493,0.0008701883701883739,0.02605730730730732,0.002984518609518594],"valid_loss_dist":[0.07403529656899942,0.05578477185859223],"valid_loss":[2.318736534426983,1.5062314587350836,0.5772005567938479,0.4126062036583153,0.3516389330794605,0.32474878616014946,0.23622157566074492,0.2391209220510344,0.20813180321838037,0.20652071519634932,0.18390703269694664,0.14096996815439425,0.17422988402691317,0.11690905647416958,0.11982479280533517,0.1120873088043221,0.11365215309853889,0.09873442178576507,0.10578759057664895,0.1341254281675792,0.10494183196476393,0.09744944506177496,0.08209448702297287,0.23191000332193468,0.0834079215978108,0.20089236406280406,0.07420105605610662,0.06774923287921406,0.06978070525788797,0.06740115212120722,0.07198933660609859,0.06662316578992257,0.0678729558856063,0.06990284174007734,0.06758409213660255,0.06143584485572319,0.06522234822985615,0.06489328271489145,0.06265079023738905,0.06254019718504956,0.059540920125611255,0.06020651167112169,0.06411809292142862,0.06014447993529033,0.061198889109347586,0.06303988482621099,0.06501522673081432,0.06411000509101564,0.05764174302217956,0.1419571047774723,0.06489463942281277],