{"test_accuracy":[0.0972,0.6021,0.7442,0.8105,0.836,0.8449,0.8516,0.8636,0.863,0.8664,0.8657,0.8738,0.8689,0.8855,0.8894,0.8884,0.898,0.9147,0.9148,0.9166,0.9168,0.9159,0.9206,0.9259,0.9282,0.9265,0.9516,0.9334,0.9316,0.9341,0.9357,0.9313,0.9348,0.9251,0.9382,0.9634,0.9429,0.941,0.9459,0.9453,0.9481,0.9613,0.9531,0.9511,0.9502,0.9518,0.9529,0.9519,0.9514,0.9512,0.958],"test_loss":[2.3084521141052248,1.469624574279785,1.0702320394515992,0.8542082294464112,0.6970361232757568,0.6011838237762451,0.5347377241134643,0.34532116565704346,0.3943020326137543,0.37935401310920713,0.3824998259067535,0.3472644392967224,0.4214193359375,0.29986320152282714,0.28968573126792907,0.30297885682582854,0.2723045907974243,0.22898036725521087,0.22839144093990327,0.22300847675800323,0.21923747832775117,0.2262596411705017,0.21327061941623687,0.19954058756828308,0.19228786432743072,0.19699186508655547,0.14066762602329255,0.17803235230445863,0.1831572371006012,0.17476509997844697,0.17182018501758575,0.18105656349658966,0.17499391844272613,0.20810519495010377,0.166795561170578,0.11210233511924744,0.1537242848753929,0.16005801134109496,0.14946038563251496,0.15055477628707886,0.1449452138185501,0.11633803371191025,0.1329569088578224,0.13929989570379256,0.13975485026836396,0.1384045367717743,0.13424598877429963,0.13839810738563538,0.13620795063972474,0.13925616347789765,0.12459102050065994],"train_accuracy_dist":[0.9915504858470638,0.9860553560109867,0.9338537387017255,0.9926590538336052,0.9874791318864775,0.9930526315789474],"train_accuracy":[0.09586185330600049,0.6938605329905145,0.829123380007644,0.8814843125673187,0.9027483409193565,0.9116778430214377,0.9167158889545186,0.921997150898162,0.9290851603488413,0.9319690073312255,0.932212223341788,0.9387790556269762,0.9362079149438866,0.9450679267572357,0.9463187519544144,0.947083145130468,0.950766130433272,0.956394843820576,0.9573329627184601,0.9585142976269067,0.9597303776797192,0.96007782912338,0.9620235572078802,0.96379555957055,0.9654285813557555,0.9652548556339252,0.9739411417254439,0.9692505472360238,0.9690420763698273,0.971196275320524,0.9715437267641847,0.9699801952677113,0.9718216879191133,0.9672353288627914,0.971717452486015,0.9797783259789444,0.9748097703345957,0.9739411417254439,0.9756436537993816,0.9757131440881137,0.9764775372641673,0.9795351099683819,0.9782842847712032,0.9773809110176853,0.9783885202043014,0.9773461658733192,0.9784927556373997,0.9781105590493728,0.9783537750599354,0.9782147944824711,0.9806469545880964],"train_loss_dist":[0.02945599722922679,0.042190741908183796,0.18654824321938032,0.03178055262038117,0.031392371117173135,0.02628317578293775],"train_loss":[2.311180632820446,1.1505436905188946,0.6653091189930137,0.4814002984617431,0.38285458822236035,0.3277132006329139,0.2894866843263086,0.23798376244286476,0.22010896040617825,0.2073541511282377,0.20701073051520988,0.1858441382742343,0.20737803109979858,0.16030017154566387,0.15468658160603754,0.15771477205372642,0.14267089588527554,0.12734770291398786,0.1232027352772119,0.12066068375840851,0.11657564346138,0.11632800336616142,0.11107693424272402,0.10705267737763026,0.10163551770205802,0.10118562672793967,0.08287131586368203,0.09321308896188371,0.09305542354109529,0.08767148069080835,0.08711489144875646,0.08938797744226784,0.0854554254647608,0.09581169220081259,0.08352135445372899,0.06527216334888306,0.07599276879923433,0.07835537302935063,0.07345991415327566,0.07286527547772394,0.07001932317998803,0.06173859528752216,0.06534413836566617,0.06685487617127317,0.06585278494810944,0.06633670307969752,0.06429617772732014,0.06572185798838519,0.06403168624590636,0.06381469734980225,0.05831553725511046],"valid_accuracy_dist":[0.9856418918918919,0.9881756756756757,0.9178307313064914,0.9812550937245313,0.988313856427379,0.9848484848484849],"valid_accuracy":[0.09208677310024649,0.6951771989639473,0.831465800831728,0.8856503196381132,0.9053817899397256,0.9170514822659999,0.9223305507721467,0.9213567664188629,0.9321933742931132,0.9344173945182348,0.9359448558967448,0.9415016697741039,0.9387225523928769,0.945530895915735,0.9467816540396577,0.946087068456576,0.9501162020954169,0.954007285789856,0.9558131357278045,0.9565077829299695,0.9562304464139582,0.9565080356444053,0.9577584531720623,0.9609544665283197,0.9617879348439965,0.9603988163154201,0.9695714720185278,0.9637336922740578,0.9633166544753144,0.9652620638722825,0.9655395938615275,0.9642889445401023,0.9662343543322969,0.9631765548932605,0.9662349952281616,0.9755461404662485,0.9687355438201831,0.9670683334682068,0.9697089274600266,0.9702646738941303,0.9709592246347183,0.9748508607931123,0.9723489545159854,0.9710982760466123,0.9717929776286461,0.971515561500845,0.9719323565054323,0.9722099449881864,0.9717929189375237,0.9716538798665504,0.9741555009153468],"mean_valid_accuracy":[0.09208482898885471,0.6948738283814162,0.8317465217677599,0.8860918339001937,0.9058646504683886,0.9175174045992023,0.9227886896491581,0.9218278273555697,0.9326531279992921,0.934888298704187,0.9363603629300439,0.9419331093119386,0.9391612648973156,0.9459867620699577,0.9471909245735817,0.9464991635526095,0.9505139916707908,0.9543477194718514,0.9561600590329288,0.956841569759217,0.956574727716161,0.9568997589024404,0.9580997699179629,0.9612417566570484,0.9620977472823169,0.960725393843667,0.9697761595298661,0.964015557185211,0.9636255540599574,0.9655575157743054,0.9658360372588728,0.9645968651847698,0.9665257070058422,0.9635023876226049,0.9664955371567093,0.975695063250486,0.9689985288821786,0.9673231604408558,0.9699456095501283,0.9705043816697744,0.971208210498603,0.9750208773040775,0.9725573839739106,0.9713172109742881,0.9720046557376915,0.971725301536976,0.9721459538253242,0.9724233042597502,0.9720128166736236,0.9718748669669482,0.9743442889790757],"std_valid_accuracy":[0.09019603829643143,0.08183764657669393,0.073865720487347,0.06850518538716097,0.06286151743747062,0.06327504167044691,0.06386663470859794,0.060885601204318546,0.06529952830744969,0.06419565901343706,0.06300748400567505,0.06352489381087524,0.06520042555510186,0.06170767117678627,0.059259634808147985,0.05938728615860489,0.057082368729596364,0.049168714010895696,0.04999168659280672,0.04876727600215885,0.04804963164251134,0.050170624339196224,0.04793954590326508,0.04189328833155806,0.04304101680308858,0.04440454850283263,0.02559249385372225,0.039160855563684024,0.04123918585869617,0.039206441404798884,0.03959224505377381,0.04197431135563637,0.03953154300379627,0.04546546489529811,0.03584822624501122,0.018461483154561836,0.035457640403360885,0.03579777764403225,0.031534813280314926,0.03142364000198221,0.031784891665989766,0.021365667929064858,0.02787794788510638,0.029873369085122222,0.02907205963900248,0.027916099495478495,0.028137250359762837,0.028539431990638166,0.030200305984194414,0.030115047682579145,0.02538362811644705],"valid_loss_dist":[0.04853513212622823,0.043080092181225084,0.23962342283621907,0.05747555195678029,0.039194306119256506,0.05319638453699924],"valid_loss":[2.3119508665000543,1.1510767641040804,0.6584681849555272,0.47460891619475704,0.37846795479723105,0.3251448875069762,0.28780563209927146,0.23666895924430442,0.2220391585398648,0.21142464771842268,0.21147412173452146,0.19131627133071644,0.21395670216436877,0.1675139170498043,0.1630127031820938,0.16689307495149236,0.15323398157960916,0.1371151255703302,0.13437807060535917,0.13213874339550552,0.12914017291942548,0.12925170986392134,0.1243077368256298,0.1197747178142731,0.11541084871298292,0.11626425544117276,0.09685186745932538,0.10936155813875961,0.10923406036643575,0.10448807434775931,0.10394010074106269,0.1066788527682471,0.10360579513973724,0.11467359492368592,0.10233308532004963,0.08161558100038402,0.09495233371848785,0.09839375289806114,0.09326603985417858,0.09331759397712393,0.09019243221655554,0.08027538841120022,0.08567596065428,0.08772249376989184,0.08721055490007974,0.08778700551010736,0.08617643016363953,0.08820407689456908,0.08654022880411243,0.08658540945395596,0.08069602384963313],