{"test_accuracy":[0.0972,0.595,0.8009,0.8615,0.8929,0.9041,0.913,0.9272,0.9318,0.9393,0.9461,0.9446,0.9494,0.9538,0.9546,0.9542,0.958,0.9585,0.9621,0.9584,0.962,0.9657,0.965,0.9655,0.9657,0.9668,0.9653,0.9695,0.962,0.9702,0.9709,0.9702,0.9708,0.9714,0.9729,0.9723,0.9732,0.9729,0.974,0.9745,0.9742,0.9755,0.9629,0.9766,0.976,0.9764,0.975,0.9756,0.9776,0.9769,0.9764],"test_loss":[2.3084521141052248,1.3340142240524293,0.653289199924469,0.4598920430183411,0.37850603675842287,0.321506507396698,0.29224427676200865,0.2469652168750763,0.23281805262565614,0.21104854800701142,0.18921454083919526,0.18859787940979003,0.17714078550338744,0.16588783366680146,0.15735971994400025,0.15361533910036088,0.1453103380918503,0.1439330538034439,0.13114623878002166,0.1431080424785614,0.127666290807724,0.11564675662517547,0.12057055950164795,0.11477651598453521,0.11314541521072388,0.10929980208873749,0.1099373403787613,0.10235547240972519,0.12976819378137588,0.09480620365142822,0.0949133252620697,0.09791508055925369,0.09273661004304885,0.09320142432451248,0.08691475327014923,0.08758153474330901,0.08678481838703156,0.08768960040807725,0.08459866468906403,0.08210502880811692,0.08152219378948211,0.07904602502584457,0.11362608538866042,0.07646660957336426,0.07724812492132187,0.0725787624835968,0.07545361498594284,0.07343614511489868,0.0704916467666626,0.06980915131568909,0.07141129832863807],"train_accuracy_dist":[0.9858470637938318,0.9739166153214213,0.989013310796535,0.96975505857295,0.984910277324633,0.9895659432387313],"train_accuracy":[0.09576356737563964,0.6572910502314896,0.8238938977268772,0.876457687889442,0.8975180144115292,0.9108852299230689,0.9197618964737007,0.9325373342151982,0.9368190204337383,0.9445121314442859,0.9500469941170328,0.9478539353221708,0.9521704319977722,0.9554426149615345,0.9579489678699481,0.9574616214710899,0.9599331639224423,0.9603856998642393,0.9639015560274307,0.9595850593518293,0.9646673860827792,0.9671389285341316,0.9668952553347026,0.9676262749329899,0.9680091899606642,0.9697497128137292,0.9692275559578097,0.9717687193232847,0.9639015560274307,0.9731263271486754,0.9735092421763498,0.9727434121210011,0.9749712813729244,0.9745187454311275,0.9757719218853343,0.975737111428273,0.9761200264559474,0.9759111637135796,0.9775472551954607,0.9779997911372577,0.9778605493090125,0.9792529675914645,0.9656072684234344,0.9802624708462422,0.9796706930762001,0.9812023531868973,0.9797055035332614,0.9809934904445295,0.9817941309569395,0.9824903400981655,0.9821770459846138],"train_loss_dist":[0.04711477976901449,0.08705303509497599,0.03753390196713186,0.08241925833705134,0.05577989019222594,0.029334101253787742],"train_loss":[2.3091650799927796,1.199639513939759,0.5889226425020645,0.41074779201143985,0.347731167100738,0.28976341019640905,0.2662472525042812,0.22574644376482197,0.21175786026988497,0.19206241444834765,0.17446984590120718,0.17278682297379588,0.16129459649335828,0.15217520079698382,0.14339910195812644,0.1403118573417324,0.13313861277976155,0.13056428624150995,0.11973078561435231,0.13003139044156703,0.11572942650547004,0.10641022377787546,0.10803522291540182,0.10458923825425426,0.10240420054433098,0.09827878367415538,0.0987816814872795,0.09081483749361476,0.1170528417278557,0.08716127372441451,0.08526417380670544,0.08822379928324338,0.08044856956633407,0.080740432070145,0.07635069045961125,0.07638379620142344,0.0747004063694224,0.07542755332750678,0.07176368348550738,0.06904829533940365,0.06896821973710432,0.06646670281454445,0.10328472873061334,0.06379899829270763,0.06388112475309897,0.059728940786194,0.06319877288167815,0.05945956375268734,0.05777630746152179,0.05577173530246253,0.05658866452875938],"valid_accuracy_dist":[0.9847972972972973,0.9679802955665024,0.9890202702702703,0.9718909710391823,0.973920130399348,0.9874791318864775],"valid_accuracy":[0.09225429532304015,0.6644514074342912,0.8220019748456986,0.8779433341429148,0.8993789315286268,0.911208149657259,0.9209494738516575,0.9311100307324296,0.9365377277258222,0.9447492437138747,0.9493421615291693,0.9482285100526814,0.9524032806636765,0.9546304883760666,0.9583874279639478,0.9576916093270079,0.9607536066184686,0.9610313817915945,0.9647896778339236,0.9581090811170048,0.9647892588406216,0.9685477327974047,0.9670159772889302,0.9674338488806177,0.9674336097007058,0.9689647237165385,0.9668766312771071,0.9695211784473523,0.9632576667317745,0.9732795893378241,0.9717482640415513,0.9706356025840664,0.97425314163536,0.9727222838360446,0.9742531218327223,0.9739751443718577,0.9746706739811694,0.9735574246696189,0.9748097404583896,0.9767579569117328,0.9757837479951654,0.9771757591424683,0.9642312366780186,0.9764796477499101,0.9767580701428232,0.9795416436344402,0.9742542751008836,0.9778711708449819,0.9788456094887461,0.9794022850061859,0.9791238845760176],"mean_valid_accuracy":[0.09136230869966971,0.6647644604045078,0.8224510061419799,0.8779976457849331,0.8995029540405861,0.9113920534099248,0.9210288520586428,0.9312556352642035,0.9367205925079151,0.9448812173972366,0.9494979293826913,0.9483877612834593,0.952509490663414,0.9547397344467665,0.9584727962316482,0.9578034974595773,0.9608596070807044,0.9611079945292795,0.9649027417943636,0.9582682794905734,0.9648824480007384,0.9686794918999749,0.9670959956845331,0.9675253181955994,0.9675277095833758,0.9690649927262416,0.9669371922335972,0.9695999601832033,0.963346276792218,0.973412831771756,0.9718505207007347,0.9707299405101227,0.9743499397361227,0.9728283545581653,0.9743354210749567,0.9740831558718636,0.9747552650111452,0.9736574531914092,0.9748935510264242,0.9768169780393544,0.9758554448557716,0.9772566680627728,0.9643651495423029,0.9765392942333001,0.9768231101779156,0.9795944499171282,0.9744059476411526,0.9779300634804895,0.9788953607777432,0.9794556934457389,0.9791813494098461],"std_valid_accuracy":[0.0878027154548981,0.10500282382081616,0.06890217925011871,0.061118870471497555,0.04705227692796462,0.04682698832667329,0.034531616867432974,0.029867274565494345,0.028986654445983653,0.024555908971498154,0.023066623490403372,0.0269068914273144,0.022161798739258026,0.01914102670389117,0.018709890710043493,0.020097085306077376,0.016701949179797025,0.018212010158104572,0.016671682854757435,0.018993699674861732,0.01770685028407973,0.01294599135871159,0.014586077552036836,0.014009234315982505,0.016502513707864885,0.013677520531753268,0.015993775995151702,0.01383654860080235,0.01193584633084513,0.011361322560227871,0.011826482595203011,0.011767538687262113,0.01241116896295671,0.013024793657096054,0.01087569653949882,0.011165311432345308,0.011304173332289922,0.012635061477009348,0.011187815167165176,0.009515142962076433,0.010864022760246101,0.009753037110372528,0.012942094663916982,0.00878245034971543,0.009379169952487746,0.007701500622482958,0.011638792261802876,0.008962100492672712,0.006883224419117443,0.006978920788521338,0.008200508905621866],"valid_loss_dist":[0.05448275688733604,0.09777842413126346,0.04104291607399244,0.08332380014622434,0.08841970099019343,0.041820977704105075],