{"test_accuracy":[0.0972,0.3412,0.5181,0.5519,0.6172,0.6129,0.6872,0.6728,0.7139,0.7434,0.7993,0.7781,0.8026,0.7968,0.7907,0.8058,0.8055,0.8108,0.8281,0.8292,0.8314,0.8331,0.825,0.8368,0.8416,0.8415,0.7616,0.8383,0.8364,0.847,0.8478,0.8486,0.8459,0.8524,0.8573,0.8614,0.8495,0.8553,0.8555,0.855,0.8575,0.8532,0.8569,0.8622,0.862,0.862,0.8589,0.8631,0.8628,0.866,0.8604],"test_loss":[2.3084521141052248,3.2900370185852053,2.1956380695343016,1.8402035978317262,1.5532441104888917,1.6906466529846191,1.4131772609710693,1.562615102005005,1.4269199792861937,1.3519841934204102,1.2087334367752076,1.3117935411453248,1.2154440324783324,1.2689807176589967,1.3150900838851929,1.2715543264389038,1.2850539076805114,1.2793465656280518,1.2223920106887818,1.2414540969848633,1.2385367168426513,1.2369014953613282,1.2901933521270752,1.249814262199402,1.2342827602386475,1.2456523562431336,1.6772722621917724,1.2747822843551635,1.3068012393951416,1.2554593215942382,1.2581329536437988,1.243791456413269,1.268410619544983,1.2464211248397827,1.2308502911567687,1.2158660148620606,1.302993196105957,1.2673482692718505,1.2846523065567017,1.2963676753997804,1.290338864326477,1.32695366230011,1.3122127603530884,1.2852477645874023,1.3037761667251586,1.3005688343048096,1.310464143562317,1.3049715141296387,1.3229698623657227,1.3097318172454835,1.3634915901184081],"train_accuracy_dist":[0.9774034511092852,0.9776357827476039,0.9935308848080133,0.9653322327692943],"train_accuracy":[0.0022394666944429978,0.5504400812457685,0.7555856465809072,0.7912608718295923,0.8404770584865372,0.8424040414561742,0.8771938961512421,0.8749023488359982,0.8942763397739701,0.9106296547054841,0.9330764022707151,0.9265663246705901,0.9396385604916411,0.939013593042029,0.933440966616322,0.9447424613301391,0.9444299776053331,0.9461486380917661,0.954741940523931,0.9568251653559711,0.956877245976772,0.9577626165303891,0.953960731211916,0.961564501848862,0.963856049164106,0.963751887922504,0.92500390604656,0.9623457111608771,0.962033227436071,0.968022498828186,0.968959950002604,0.968959950002604,0.968491224415395,0.9725014322170721,0.974376334565908,0.976355398156346,0.970001562418624,0.973907608978699,0.974168012082704,0.974324253945107,0.975730430706734,0.9739596895995001,0.976511640018749,0.9795323160252071,0.9790635904379981,0.979011509817197,0.9780740586427791,0.979271912921202,0.97968855788761,0.9819801052028541,0.978438622988386],"train_loss_dist":[0.05595435733212833,0.06788756667107693,0.022275650870670658,0.08729319311939779],"train_loss":[2.3196556899430982,1.7611043685786731,0.8579237489524989,0.6166063445346144,0.43160399280049627,0.4597612439757256,0.3380801419446036,0.35540235231310235,0.29466840137287287,0.24873633366637873,0.19453758457962234,0.20669165462244612,0.17145348315710549,0.175177311678118,0.18626115827530998,0.16000687836216215,0.159478563962613,0.15374043842764126,0.12911969222449293,0.12427204012914247,0.12299681593928385,0.11835430465876501,0.13043231459764335,0.10973298181954054,0.10184271439454387,0.10165313870691799,0.24785034215162832,0.10455440946920956,0.106293811386426,0.0886792117778966,0.08664375941170782,0.08442283228806491,0.08742166126466941,0.07668194896154717,0.07035955773550771,0.06562586102830043,0.08091733349248255,0.07161895551428088,0.07010969461061316,0.07025425964030776,0.06683591063189716,0.07166046749911614,0.0657864331424587,0.05711182832724104,0.05760965284786028,0.05753346941140932,0.05970793735092552,0.05557705516303233,0.05533717884025619,0.05009472033375719,0.058376421532334896],"valid_accuracy_dist":[0.9778142974527527,0.9667802385008518,0.9874791318864775,0.9661716171617162],"valid_accuracy":[0.001874636178712654,0.5452965228157908,0.7490141087180934,0.7835917593555294,0.8392053731838346,0.8410798901862654,0.8727365156611612,0.8687811580843685,0.8875255294518982,0.9052302624252855,0.9306446765624976,0.9243927841284247,0.9395968209754341,0.9356401133685494,0.93272435816948,0.941263930399557,0.9408470303900494,0.942512612190923,0.9535519211343864,0.9539692675425219,0.9545934503905438,0.9577176749202504,0.9520944372265245,0.9591759877913897,0.9620920478123495,0.9631340123401113,0.9220987109787647,0.961258674719671,0.9575096962035204,0.9664666009329534,0.9672991118276911,0.9673000211690749,0.9654252131071254,0.9708403417808155,0.9739643999907974,0.9743810310484255,0.967716660571971,0.9725064032149806,0.9716733683252643,0.9716736317136315,0.9727147201346728,0.9712570283271549,0.9725066471310564,0.9750059984980375,0.97458931751521,0.9754225215064075,0.9735479601422896,0.9747976732330774,0.9750060927849238,0.9775053110668432,0.9745899107612717],"mean_valid_accuracy":[0.0019037265402587502,0.5442749990228357,0.7486497481973788,0.7835265610423886,0.8392070595586001,0.8410753871079267,0.8726724398933045,0.8686754566389688,0.8874857922533621,0.9050831314248174,0.930278788271095,0.9242693507707564,0.9396497283164995,0.9355124354249145,0.9326901129291951,0.9412365738423571,0.9408140692854785,0.9425006126060657,0.9535216917781564,0.953877561326445,0.9545484863667228,0.9576958264111145,0.9520793604415512,0.9590727202417884,0.9620709132468106,0.9630585534729537,0.9224276222554889,0.9612488992897731,0.9574837554545734,0.9664277671415883,0.9672757141948044,0.9672313144653563,0.9653423146897219,0.9707518232119448,0.9738757149716903,0.9743477903216717,0.9676770778946024,0.9724177518606779,0.9716109753506452,0.9715800318258629,0.9726483182277155,0.97117586204443,0.9724862123916798,0.9749705757638563,0.9745246516995588,0.975347191841823,0.9735059360908094,0.9747695792810454,0.9749238686068425,0.9774373199580924,0.9745613212504495],"std_valid_accuracy":[0.002115051633569312,0.08598401152223381,0.06428935025985671,0.06988198643993816,0.0647225787379137,0.0672304950746465,0.053962886332029274,0.05863352734996754,0.04834867615834853,0.045177285208327214,0.04128807817632753,0.03074079503990279,0.02193836340891087,0.02698716544094133,0.02483349618691308,0.023314417923402168,0.0240395200206337,0.021418485471684928,0.01613221103785452,0.019827496901862005,0.017757725550461796,0.016102315525931835,0.016450867069412966,0.017354727220305236,0.011655402555881387,0.013311252498403078,0.042562124129320554,0.014525568569849401,0.015124565636925215,0.012273533975996018,0.01021893447816408,0.01189716693453858,0.01327562034471609,0.011565122643315507,0.011004730578223355,0.007218643262205964,0.011780403768907408,0.011294245574246648,0.011010580840626095,0.012197579165776762,0.0097393930534399,0.011871861228439876,0.008931228791755494,0.007867037953248867,0.009125291555234803,0.009178512644746532,0.008386944825919129,0.006494890448599598,0.009379419061501129,0.00825535021927506,0.008780433777063988],"valid_loss_dist":[0.06466935823871253,0.10287157234178897,0.04451844603047148,0.10782369449980582],"valid_loss":[2.319773716720525,1.7975618667073185,0.8716081739670657,0.6234867908239864,0.43512960237035964,0.46609081869070157,0.34135429938906087,0.36223019948507623,0.2992309103767047,0.2527696084399282,0.19378883937646707,0.20957055109013623,0.17152599006667638,0.1783853719050033,0.1900019728615047,0.16322265101701558,0.1638375381640114,0.15928670300442485,0.1339589264568728,0.13050336975358492,0.12900199112523927,0.12477117577118398,0.1382117274974683,0.11781846202234036,0.11012038586943092,0.11106788661241057,0.2629678955015315,0.11404268708211197,0.116963421592417,0.09994480684191072,0.09860580498310134,0.09796882729050459,0.10146008258971059,0.09119987198878615,0.08577754141475526,0.08142611724978983,0.09705134543052459,0.08882610843993057,0.08706918759492932,0.08874676855158617,0.0849285000160589,0.0906102189344539,0.08382984659872801,0.0762356843230808,0.0774517200514242,0.07801163117503605,0.08053829545565,0.0768595132924301,0.07768929670475185,0.07198570284207857,0.07987284438179418],