{"test_accuracy":[0.0972,0.449,0.7485,0.8152,0.8336,0.8375,0.8489,0.8618,0.8691,0.8783,0.8856,0.8981,0.9072,0.9216,0.9176,0.9272,0.9346,0.9331,0.9286,0.9389,0.9421,0.9409,0.9427,0.9486,0.9464,0.9451,0.9509,0.9517,0.952,0.9551,0.955,0.9559,0.9561,0.9578,0.9597,0.9615,0.9588,0.9589,0.9561,0.9603,0.961,0.9598,0.9601,0.9616,0.9607,0.964,0.9636,0.962,0.9652,0.9699,0.9631],"test_loss":[2.3084521141052248,1.6790983060836793,0.8697120746612549,0.6338712133407592,0.5190705184936524,0.45607600111961366,0.4020561173915863,0.3471822766780853,0.327571186208725,0.3074691492557526,0.28688976912498476,0.26541921861171724,0.24807183413505554,0.2240329422712326,0.22605771696567536,0.21513814117908478,0.19361304593086243,0.1918560316324234,0.19449612674713135,0.18258267307281495,0.17555151660442353,0.17555584707260133,0.16513773818016053,0.158304261302948,0.16052262914180757,0.16091597805023194,0.15064701540470124,0.14717029466629028,0.15452040638923645,0.1388078209400177,0.13909797208309174,0.137784918653965,0.13621682925224304,0.13252473378181456,0.12049426176548005,0.12581773829460144,0.1268088215827942,0.12408036134243011,0.13757231085300445,0.12308865766525269,0.12018394227027893,0.12410066509246827,0.12263906469345093,0.11849000713825227,0.11912139774560929,0.11247374722957611,0.11386716136932373,0.1160411717414856,0.10828086574077606,0.09583044819831849,0.11299820308685303],"train_accuracy_dist":[0.9881706801858893,0.9416718011912097,0.989435875765899,0.9885225375626043,0.9922105263157894],"train_accuracy":[0.11659267945389061,0.5604740765558255,0.8196666387469638,0.8764134349610521,0.8934584136024792,0.8988189965658765,0.909456403383868,0.9180835915905855,0.9230672585643689,0.92717145489572,0.933369628947148,0.9391490074545606,0.9435882402211241,0.949618896054946,0.9486975458581121,0.9525085853086523,0.9573247340648295,0.9559008292151772,0.9560683474327833,0.9593349526761036,0.9613032917329759,0.9618058463857945,0.9637323058882653,0.9653656085099255,0.9655750062819332,0.9662869587067594,0.9673339475667979,0.9690928888516627,0.9684646955356395,0.9724013736493844,0.9726526509757936,0.9729458078566044,0.9723594940949828,0.9737833989446353,0.9749141469134769,0.9757936175559092,0.974620990032666,0.9755423402294999,0.9748722673590753,0.9767149677527431,0.9772594019599632,0.9769662450791523,0.9768406064159477,0.9784739090376079,0.9783901499288048,0.9794790183432448,0.9789764636904263,0.9776781975039786,0.9804841276488818,0.9825781053689588,0.9798140547784572],"train_loss_dist":[0.04490643383696656,0.16042957858741588,0.03672943480301805,0.03523454024691215,0.028172151027149275],"train_loss":[2.3079980147904373,1.333092007977308,0.6395155670170768,0.4370777470620795,0.3530163091836498,0.31282236187182355,0.2711669628336228,0.23772476508992532,0.22040903937707784,0.20788114121216048,0.1895797976654387,0.17802734167601897,0.16599343612834416,0.15456971891903978,0.15145397647689215,0.14478739891714543,0.13036868871144489,0.12972963128754697,0.12740698512617055,0.12242380529548497,0.11568572016955371,0.11331146027974268,0.10720346080747264,0.10451829257925978,0.10300351581785465,0.10144830627917784,0.09872689483972319,0.09412250945405257,0.09955109971971635,0.08736639663583945,0.08572265787176656,0.08584760405096399,0.08464300293818307,0.0818198271342566,0.07560850118834281,0.07633691246008412,0.07714923574430917,0.07426192874947114,0.0788229850393632,0.07310496065951275,0.0706676406164444,0.07149095093961379,0.07113915116765901,0.06681142426092393,0.0663456823681505,0.0639758206400323,0.06365416705876244,0.06706359722478444,0.05914712636375464,0.05468913242476741,0.061572188838729135],"valid_accuracy_dist":[0.9839527027027027,0.9302134646962233,0.987331081081081,0.9841402337228714,0.9831649831649831],"valid_accuracy":[0.10798965764978341,0.5577686483984411,0.8173191149716396,0.8804503058151633,0.8955212791299193,0.9000420891924054,0.909418026240998,0.9182942836441603,0.9238193872260887,0.9275021476052002,0.9328610933101504,0.9392228013018304,0.9419017522889558,0.9501052297601061,0.9485986104211637,0.9524495012887335,0.9563005462682991,0.9556305783206592,0.9559656045747069,0.9588112337559239,0.9598161718913922,0.9599839194585911,0.9629978863842509,0.9636671842236462,0.9640023119619744,0.9646718225691694,0.9653416416144913,0.9663460442097935,0.9643361934070216,0.9691921805008877,0.9700295890466343,0.9693594985777082,0.9698620797154001,0.9713688778800383,0.9718714681422925,0.9722058810383785,0.9700295716863233,0.9723735743410379,0.9696946265542269,0.9730429842823646,0.9730432350813957,0.9727084343964043,0.9725407774177508,0.9735456776962305,0.9740479877124558,0.9750522037866415,0.9747179042233319,0.9715362333374675,0.975219757375493,0.9772286379779371,0.9735452354045956],"mean_valid_accuracy":[0.10782314808133701,0.558845665264769,0.8183550797213656,0.8813057149828925,0.896346194674227,0.9008272091118503,0.9101524278334768,0.9190140405700822,0.9245194736189066,0.9281090145364654,0.9335075857955226,0.939801234675954,0.942433604850852,0.9504825909170794,0.9490477316807839,0.9528318021453132,0.9566552680805603,0.9559844101684669,0.9563391019888199,0.959144011259966,0.9601387928574763,0.9603312190839535,0.9633378135126739,0.963956138226114,0.9643136045746719,0.9649887807244177,0.9656105447938821,0.9666302480986436,0.9645912208448187,0.9694624410170436,0.970311949452471,0.9696139039703745,0.9701308586249724,0.9716211308048998,0.9721213967788719,0.9724435873599709,0.9702830888632656,0.9726104298110083,0.9699708015683637,0.9732773128490126,0.9732680807705274,0.9729471301477087,0.9727799867051349,0.9737803201186856,0.9742823615690032,0.9752579540966074,0.9749177028072168,0.9717681794433277,0.975424899004788,0.9773878857524012,0.9737604930735724],"std_valid_accuracy":[0.08569570651501626,0.11670001606406413,0.09860984385483633,0.08652078802619663,0.0857895551479964,0.08163199301012887,0.075498501775963,0.07774234067932197,0.07429481991156131,0.06459529332919557,0.0689725284696092,0.060442848787702404,0.05657873782793692,0.04089621806230532,0.047311424354823876,0.04115889681157694,0.038085969806769746,0.03788642102252235,0.039457412073545105,0.03420107191575174,0.033981685600851956,0.03665913899173794,0.03566115320056842,0.03060058222149856,0.03287746060689521,0.03267434519543085,0.029064454369985723,0.02937232768815736,0.026299469264927284,0.027505688158232802,0.02875477309740228,0.025891817129638943,0.027400792837424682,0.025642765687948054,0.02589459013731276,0.02424867975275512,0.02621744350548239,0.024559201294155373,0.02813348088438509,0.023674807230381772,0.02318256602703887,0.0247358133178645,0.024196124033883087,0.024308468284567446,0.02413095237830962,0.02096756038832163,0.02173931448036255,0.023707293524464768,0.021026931344379714,0.016253026195148634,0.021820032659542337],"valid_loss_dist":[0.06130040895093132,0.1877304907698545,0.042887166947931855,0.04571327758029427,0.06524432919643543],"valid_loss":[2.3086840519418104,1.3508264759524957,0.649314709329878,0.4395660828310141,0.35294307058061436,0.31350709964259377,0.2717947900815172,0.23605640607561748,0.21934498609868588,0.2078945045378965,0.18891783929482595,0.17717756081626412,0.16737638192988577,0.15581800942168067,0.15386239229586182,0.14787374331503222,0.13389470344165244,0.13278045241313882,0.13236162067232035,0.12786341084103922,0.12105288941102088,0.1197157807289437,0.11463736655641799,0.11214761350213161,0.11116407140453388,0.11053222555248471,0.10736439345353546,0.10334082508350373,0.11029164016179364,0.09835986487657876,0.09738748499268836,0.09812158855175324,0.09620417051697762,0.09461112063695137,0.08808208137806765,0.09019488724940637,0.09184919715550008,0.08927488743509848,0.09470266200989624,0.08840197400280929,0.08676036840506231,0.08762766066118294,0.08751249494292487,0.08358400616013917,0.08352185197496322,0.08139417284353939,0.0812761922071098,0.08443452612108057,0.07758632299811637,0.07233455075182936,0.08108758884933957],