{"test_accuracy":[0.0972,0.5625,0.6644,0.7179,0.7414,0.7753,0.809,0.8315,0.8382,0.844,0.8461,0.8628,0.8659,0.8662,0.8777,0.8791,0.8887,0.8951,0.8984,0.8999,0.9064,0.9118,0.9313,0.9309,0.9273,0.9131,0.9236,0.9213,0.9258,0.918,0.9268,0.9315,0.9356,0.9367,0.933,0.9383,0.9321,0.9373,0.9366,0.9411,0.9381,0.9398,0.9418,0.9451,0.9422,0.9435,0.9437,0.9538,0.9434,0.9455,0.9464],"test_loss":[2.3084521141052248,1.7468385557174682,1.4156041849136352,1.122522036743164,0.9404191158294678,0.7613159202575683,0.6512819032669067,0.4803619391441345,0.4796252384185791,0.4603506420135498,0.45476258835792543,0.37746493434906003,0.3773347810268402,0.36942129230499265,0.33459278202056886,0.3342172830581665,0.302253484416008,0.28841070375442507,0.28447027344703674,0.2781261679649353,0.2578134806156158,0.24702453603744506,0.19161482315063477,0.18515928144454957,0.2003006995201111,0.2414810791015625,0.21348264541625978,0.22007113418579102,0.20644033582210541,0.22822427368164064,0.2024115803718567,0.1876131628036499,0.1796537710428238,0.17379390006065368,0.1873269233226776,0.1723850804567337,0.1898165225982666,0.17437207593917847,0.17712211632728578,0.1633071869134903,0.17428567841053008,0.16941543440818788,0.164974849319458,0.15457828888893127,0.16149884660243988,0.15766562163829803,0.15740473668575286,0.13311831378936767,0.15960313251018524,0.15386713242530822,0.15357438740730286],"train_accuracy_dist":[0.9913392479932404,0.9869004859497148,0.9098192276088742,0.9944942903752039,0.9962105263157894],"train_accuracy":[0.11430238859477261,0.6874817624744675,0.7906957355454584,0.8338405102338572,0.8557672266455458,0.877402142648714,0.8940764517070324,0.9080828713160198,0.9118345908541415,0.9157530534828463,0.9197548876568428,0.9274250698236692,0.9298011588644796,0.9318437617241235,0.9373462837133686,0.9380132560757014,0.9432239776564258,0.9464337821501522,0.9475176122389428,0.9482262703739214,0.952394847638501,0.954020592771687,0.9639834924340323,0.9656509233398641,0.9633582058443453,0.95627162449456,0.9622326899829088,0.9613156029847013,0.9645254074784276,0.9608987452582434,0.9654424944766351,0.9676935261995081,0.9686522989703614,0.9706949018300054,0.9686106131977156,0.9704447871941306,0.9686522989703614,0.971403559964984,0.9712785026470465,0.972612447371712,0.9722372754178998,0.9720288465546709,0.972404018508483,0.9749468506398766,0.9734878485972738,0.9749051648672308,0.974863479094585,0.9776147400892076,0.9743632498228355,0.9757388803201468,0.9755304514569177],"train_loss_dist":[0.02769694714183338,0.03672872666374224,0.2518451457495756,0.02479224821908147,0.017810950431384538],"train_loss":[2.3094687086569126,1.2111168282203653,0.812089086723107,0.6133321244986281,0.5086563442546393,0.4152549531695454,0.3561841695506912,0.274717417038706,0.2696502617375103,0.255316451620507,0.24583312368970878,0.21135529867897554,0.2056407842547058,0.19961964052535916,0.1800317241812941,0.17940901460671038,0.16317051529674384,0.1541540434112634,0.15162536602063073,0.14727195091115425,0.1364596180075531,0.1328162880995408,0.10838090085610327,0.10450639179446718,0.10924603574701916,0.1232647607396103,0.11199200006910848,0.11324489014882819,0.10603005223684649,0.11373339573626341,0.10307322799686747,0.09594405376702514,0.09294142693894886,0.08900844798726906,0.09384142184451684,0.08826778253897645,0.09454407296868877,0.08659458988904394,0.08745436594520674,0.0811567269939229,0.084527439507649,0.08267195971531337,0.08140871832841005,0.0758957883624256,0.07850194877837618,0.07532988880901934,0.07540914057185807,0.06673690330885804,0.07539437244929231,0.07269401618220621,0.07241318022399089],"valid_accuracy_dist":[0.9864864864864865,0.9907094594594594,0.8997534921939194,0.9877750611246944,0.9865319865319865],"valid_accuracy":[0.10998163394048081,0.6874746962410824,0.7948044225749212,0.8373023699104636,0.8593029090306884,0.8834733566268272,0.8959762756155409,0.909978326734546,0.9134791863939238,0.917813969053055,0.9203140551974338,0.9293165536179315,0.9309824943777161,0.9309822232991015,0.9376496840550634,0.937149906598105,0.9401509874214719,0.9443182862083485,0.9446518336451882,0.9468184265905362,0.9496527784181765,0.9498197670134549,0.9596573591548819,0.9606571834877964,0.9583229210499448,0.9523198022470841,0.9566556011763975,0.9574884066418289,0.9596557598219533,0.9568203074512055,0.9596554575227818,0.9623229604000162,0.9658241381130386,0.9664909844511791,0.9653236114774912,0.9659911372903287,0.9638229340071661,0.965657234027773,0.9658241784930784,0.9671577859480823,0.9664909396099416,0.9668241988424668,0.968158314906738,0.9696587914765171,0.9671579558651597,0.969658308678257,0.9696583483470329,0.973660399124747,0.9673246639852526,0.9693250684759622,0.969991693460798],"mean_valid_accuracy":[0.11000096006208475,0.6879900626061624,0.7952825632618119,0.8381087617752815,0.8601505155535343,0.8842678052840773,0.8966706455192839,0.9106617583260743,0.9141531250181147,0.9184123748444556,0.9209406425968154,0.929916095711907,0.9315348168446869,0.9315304318882147,0.9381866092501439,0.937678886466513,0.9406782403764341,0.9448086268395237,0.9451520175119532,0.9472966003818029,0.9501109824227667,0.950259274436301,0.9599766456493338,0.9609958770455167,0.9586905571405666,0.9527552712405063,0.9570309537685802,0.957891393035782,0.960029695698579,0.9572372670630115,0.9600170856289353,0.9626676978830806,0.9661516404407455,0.9667866550070172,0.9656400950250259,0.9662818063532121,0.9641434908380436,0.9659689739510453,0.9661405715747302,0.9674512618166775,0.966811666868874,0.9671126533770253,0.9684281322779358,0.9699209202590147,0.9674462841588405,0.9699268335667439,0.9699174709524346,0.9739022633853127,0.9676146343271906,0.9695855528485116,0.9702512971593092],"std_valid_accuracy":[0.08852380399331376,0.12702133471502544,0.12986597343888076,0.13258398011177772,0.13099257980677334,0.11551814461659027,0.10178448207945774,0.09474710837703806,0.09062341037240634,0.08376110949580379,0.08419098427762792,0.07477878605666505,0.07547218599708053,0.07633300056757975,0.0734611090228641,0.07238061924549455,0.06899590571989668,0.06526286234479255,0.06505204042230908,0.06405352766545906,0.06052729199803545,0.058542195281692654,0.040851827364734146,0.0418048133485284,0.04596902910761805,0.058157442980270195,0.04839690193713847,0.05090817247912413,0.047839427833923955,0.05627300505372371,0.048225963327566894,0.04504440792604151,0.04066179737020661,0.038901874145901544,0.04199170766551776,0.03823912732965171,0.04454196183919087,0.04094452793755898,0.04022584105486255,0.038790741304381884,0.040155207530223586,0.03905559864391352,0.03601843270606472,0.03427924072143912,0.03758895023485577,0.035939487433487065,0.03550219579755159,0.028207393586078253,0.03766076366595884,0.03534334538248785,0.03528229423405132],"valid_loss_dist":[0.04814505405925416,0.03793561136400377,0.31048980534027715,0.04766229892600428,0.04203621038433277],"valid_loss":[2.3105453628814243,1.214192262865603,0.8131855714142975,0.6126036658965193,0.5093663116989975,0.4181536662943561,0.3585132703988838,0.2804036418106206,0.27680982326797415,0.26182965818631765,0.25388116037085867,0.22110585475918904,0.21672363820300403,0.21151218649632936,0.1930227364156049,0.1925366526536073,0.17766032081291455,0.16871282181695238,0.16654964657693752,0.16288484506515033,0.15341238597986318,0.14834159979986625,0.12355020579578586,0.12114624595823087,0.12607437161595478,0.14258895718836945,0.13036636967601772,0.13223778335414751,0.12583741637763962,0.1348352715172688,0.12389049594998945,0.1165118632732718,0.11306817263880882,0.10922073187677403,0.11481863880513116,0.1098231634107711,0.11683207205972099,0.10884916361119557,0.10991484521262666,0.10328987406777569,0.10804510581741247,0.10639791019313835,0.10396939730143126,0.09883588431893703,0.10247799601825161,0.10050055609927804,0.10014624988173612,0.08912603293096848,0.10040220171376306,0.09799875217727433,0.09805911960304782],