{"test_accuracy":[0.0972,0.6167,0.8084,0.8257,0.8954,0.8834,0.9182,0.9396,0.9462,0.9542,0.9552,0.9559,0.9614,0.9651,0.9653,0.9699,0.9592,0.9715,0.9676,0.9703,0.9726,0.9744,0.9757,0.9773,0.9765,0.978,0.9784,0.9775,0.972,0.9799,0.9766,0.9722,0.9803,0.9803,0.9813,0.9755,0.9821,0.9821,0.9817,0.9821,0.9831,0.9824,0.9832,0.9826,0.9832,0.9833,0.9833,0.9846,0.9841,0.9796,0.9838],"test_loss":[2.3084521141052248,1.3288940828323363,0.6315459780693055,0.48945481266975405,0.32163145976066587,0.3120439133167267,0.24611731934547423,0.20171748485565186,0.1831400884628296,0.16053877048492432,0.14879824758768082,0.14911151280403137,0.1322403508424759,0.11933082159757614,0.11980763363838196,0.10572529414892197,0.12641792173385621,0.09660884246826172,0.10630632576942443,0.09789206590652466,0.08947072843313217,0.08523719602823257,0.08168190214633941,0.07633508007526398,0.07884244400262833,0.07449829070568084,0.07307267611026765,0.07263855410814285,0.08910915549993514,0.0653372071325779,0.07677904475927352,0.0844398565709591,0.0647128693819046,0.06033583911657334,0.06220135049819946,0.08036333466768265,0.05828440552949905,0.0571542939722538,0.05827127919793129,0.05635420885086059,0.053472613739967347,0.05609522135257721,0.05309836603403091,0.054647242730855944,0.05171593278646469,0.051488633167743686,0.04744547669291496,0.048238090419769286,0.04823088295459747,0.06383437086343766,0.04975700935125351],"train_accuracy_dist":[0.9928179129700042,0.989647158250581,0.9808956450287593,0.991231647634584,0.9777315296566077,0.9860183639398998,0.9894736842105263,0.979983491539414],"train_accuracy":[0.09551935886761033,0.6585917985012489,0.8328216069941715,0.8498907160699417,0.9039602414654455,0.9022689425478768,0.9264935470441299,0.9415330974188176,0.9471794338051623,0.9510564113238967,0.9558180682764363,0.9569629475437136,0.9612302248126561,0.9644306827643631,0.9646128226477935,0.9691923397169026,0.9619067443796836,0.9712999583680266,0.9679433805162365,0.9709096586178185,0.9729652373022482,0.9743963363863447,0.9756192756036636,0.9769462947543713,0.9758274354704413,0.9777789342214821,0.9781171940049959,0.9778309741881765,0.973563696919234,0.9806931723563697,0.977024354704413,0.9745264363030808,0.9805890924229809,0.9825666111573689,0.9812916319733556,0.9783253538717736,0.9826706910907577,0.9829048709408826,0.9822543713572023,0.9826706910907577,0.9842058701082431,0.9837375104079933,0.984309950041632,0.983945670274771,0.9848303497085762,0.985298709408826,0.9864696086594504,0.9863395087427144,0.9863134887593672,0.9819161115736886,0.9859492089925063],"train_loss_dist":[0.024195592879562827,0.034219727576953296,0.05939356128370654,0.03285291742952769,0.06043541783100608,0.04106295221362369,0.0345416724909293,0.06064948689898232],"train_loss":[2.310095329442489,1.2270461746695436,0.5792748287272059,0.442674079623002,0.3053720859081006,0.2863690672348487,0.23308167756177628,0.1959887473451611,0.1790209837136891,0.16410874936079836,0.14859739956767806,0.14420163556103666,0.1303016197178311,0.11895734788330395,0.11854392265203835,0.1056897716517626,0.12001389843860732,0.09694339508104675,0.103832156225348,0.09558636958433236,0.08835862444203461,0.08417008607977881,0.0805059821896649,0.07564148088865956,0.07742602402421116,0.07271982922077606,0.07134038813946866,0.07046235659185698,0.08316161068977182,0.06362352435516141,0.07323105300142338,0.07720375328005247,0.061512920202115094,0.05795316388964309,0.05885838307878413,0.07239343160051902,0.055279800091225725,0.05413839651533805,0.05490354107542884,0.0525196529768809,0.049544360237114664,0.05122917421509339,0.048974824299474404,0.04922255248497849,0.046948367689653214,0.046512810156958254,0.043369855572030235,0.04314041875047279,0.043318252643720745,0.055003816364150804,0.04350251556637982],"valid_accuracy_dist":[0.9923986486486487,0.9898648648648649,0.9753492193919474,0.9845150774246129,0.9717138103161398,0.9874791318864775,0.9831649831649831,0.9843234323432343],"valid_accuracy":[0.0909092109258436,0.658744959242976,0.8369694445698729,0.8552838047025046,0.9039725542440162,0.9024116823639697,0.9263413770452439,0.9428847517438275,0.9475662661197997,0.9520412451014939,0.9570334250239001,0.9583862283274452,0.9620272803503906,0.9671249939761738,0.9649403911377629,0.9696222605905802,0.9618181705174995,0.9705581167858042,0.9680602627954388,0.9701415619510511,0.9729505986129631,0.9737830409131122,0.9737832960504704,0.976799762275435,0.9750314344359531,0.9769037575602101,0.9774238568549658,0.9764876968828295,0.9724294293047108,0.9787762726930138,0.9752390943030456,0.9748224610366022,0.9792964748126629,0.9801286408763645,0.9797127117804317,0.975551399362178,0.980024758552792,0.9808570508478687,0.9811690984570968,0.980752670246314,0.9818976993362721,0.9810649300482382,0.9821055128766005,0.9814810810008816,0.9828337052073,0.9826255901324978,0.9826261475518794,0.9830420332297436,0.9843944720071509,0.9796081113925578,0.9835620688368143],"mean_valid_accuracy":[0.0910062174155179,0.6589207726882619,0.8374005452479214,0.8557140461467516,0.9042306617772887,0.9027373240599197,0.9265611381367183,0.9430120182880385,0.9477049689773492,0.9520460080461577,0.9571086222567449,0.9585069349800104,0.9621219355812639,0.9672006857039188,0.9650309109404408,0.9696910293559151,0.9619487734592278,0.9706292851451627,0.9681572862151782,0.9702308635939777,0.973017591101748,0.9738545755371455,0.9738590990188507,0.9768593366596894,0.975100610901185,0.97696448937052,0.9774801621372868,0.976549289988274,0.9725064073117651,0.9788221662244154,0.9752981571990238,0.9749118692279859,0.979350204437938,0.9801725713016259,0.979757340372143,0.9756373700463079,0.980065049751376,0.9808976752188141,0.981205491898786,0.9807945314450989,0.9819299478482205,0.9811090861259879,0.9821421990605805,0.98151563419308,0.9828719785392044,0.982659604379763,0.9826584067415814,0.9830822220843358,0.9844235857866546,0.9796706828252606,0.9836011460051135],"std_valid_accuracy":[0.08961525663460358,0.09308811984339543,0.08204202323781773,0.08055735461149663,0.046017311013643154,0.05473756324473872,0.035207176563984796,0.0217516853178826,0.021681932421455906,0.016228418905981194,0.013027703226613781,0.018880310824467512,0.014703614595280684,0.010637279534537998,0.012655470923698606,0.011098317137385523,0.020072512935025953,0.010311667292394435,0.012187246625697855,0.013105309685512854,0.010417034851181447,0.01081652588534735,0.010708999480886324,0.008169031729798984,0.009343364524651848,0.008588844725628467,0.008350764088599983,0.009118444385403233,0.011968396660506931,0.0075037968050822475,0.011914218614848501,0.012877109580879332,0.007645016312549126,0.0063013501567565225,0.007400376422157533,0.010197701822463073,0.007033784607644734,0.00650740613734519,0.0061351300105693014,0.006990816760255913,0.00673108858599601,0.007511375966802227,0.006037630247184295,0.006205718743149257,0.006184852760056791,0.005748747522045209,0.006696016534387673,0.006302942698988253,0.0046938748239434515,0.010130402336041757,0.006544265142487297],"valid_loss_dist":[0.0361029979949062,0.030228117732582865,0.07495791450351011,0.050678978494225035,0.09746150051347428,0.044341206594132425,0.06055970131247132,0.0634030605060826],