{"test_accuracy":[0.0972,0.3824,0.7521,0.8153,0.8841,0.9055,0.9255,0.9279,0.9416,0.9399,0.94,0.9489,0.9504,0.9559,0.9594,0.9574,0.9616,0.9632,0.966,0.9687,0.9681,0.9687,0.9711,0.9705,0.9677,0.9707,0.9722,0.968,0.9747,0.9733,0.9752,0.9754,0.9749,0.9732,0.9765,0.9736,0.9773,0.9774,0.9759,0.9775,0.9788,0.9768,0.9781,0.9792,0.9785,0.9777,0.9774,0.9745,0.9798,0.981,0.9802],"test_loss":[2.3084521141052248,1.6627836406707763,0.8119262364387512,0.5336149027824402,0.37971987624168396,0.3088567931652069,0.2553821738958359,0.23663878302574157,0.19336979858875275,0.1942148889064789,0.1881614597797394,0.17154624147415162,0.1597251321196556,0.14324515135288238,0.13442729387283325,0.13489371433258057,0.1255711917281151,0.12168034315109252,0.11597631435394287,0.1010122330069542,0.10279571453332902,0.10046415946483613,0.09654179433584213,0.09195767945051193,0.10144926906824112,0.09356141852140426,0.08835806416273118,0.09568607132434845,0.08156440596580505,0.08636530151963234,0.07854950609207154,0.07988039314746857,0.08159264290332795,0.08628943815231323,0.0753238222360611,0.08203611869812012,0.07435894649028778,0.07448165319561958,0.07500080071687698,0.06878392950296403,0.06806172286272048,0.07008271474838257,0.06539478259086609,0.06585778839588165,0.06893477915525437,0.06789153594970704,0.07119970842599868,0.07973871339559555,0.06262779561281204,0.057255414605140685,0.062278203690052034],"train_accuracy_dist":[0.9860553560109867,0.9871533442088092,0.9791883454734651,0.9833055091819699,0.9890631448617416],"train_accuracy":[0.11312292358803987,0.48774916943521596,0.7821843853820598,0.8410714285714286,0.8939784053156146,0.9125415282392026,0.9303986710963456,0.9340116279069768,0.9437707641196014,0.9446428571428571,0.9461378737541528,0.9524086378737542,0.9550664451827242,0.9602990033222591,0.9627491694352159,0.9625415282392027,0.9652823920265781,0.9668604651162791,0.968812292358804,0.9728820598006644,0.9720930232558139,0.9729651162790698,0.9742524916943521,0.9750415282392026,0.9723837209302325,0.9744601328903655,0.9764950166112957,0.9700996677740864,0.9780730897009967,0.9772425249169435,0.9791112956810631,0.979360465116279,0.9786960132890365,0.976453488372093,0.9803986710963455,0.9787375415282392,0.9808139534883721,0.9807724252491694,0.9805647840531562,0.9819767441860465,0.9825581395348837,0.9821428571428571,0.9840116279069767,0.9828073089700997,0.9828488372093023,0.9833887043189369,0.9821843853820598,0.9800664451827242,0.9852574750830565,0.9862541528239203,0.9849667774086379],"train_loss_dist":[0.041174206947256486,0.04235249118450999,0.05895586969809651,0.048362669281549565,0.03615949632699117],"train_loss":[2.3048749555285983,1.4383769426581472,0.7199157353181181,0.4734433075246027,0.34371118690459634,0.28258505462548167,0.23446188249943958,0.2154510436350622,0.18320162052418604,0.18038032383524946,0.17211962676981457,0.15556152306955023,0.1470740228343718,0.13070921860789986,0.12396321161479947,0.12259068127622537,0.11412568987560678,0.11018905198523322,0.10474519081494192,0.09175942578844949,0.09326265744054288,0.08981809489818852,0.08649480850884438,0.08156849564388828,0.08976673315715453,0.08211496945739757,0.07791754033732107,0.09124148561699669,0.07144958204605255,0.07450504176213446,0.06672080435923168,0.06751255988687946,0.06912304241445373,0.07430093924350963,0.06258161031096506,0.06734747539995319,0.06060219148430738,0.06080754590483747,0.06128170151531115,0.05580646007513609,0.05401968318200129,0.0557168445768039,0.050684826304993755,0.05087953279401327,0.05290610702751681,0.051962438054333294,0.05451312800095822,0.06203367044434471,0.04617335738693874,0.04221652470845451,0.045383717713759986],"valid_accuracy_dist":[0.9881756756756757,0.973920130399348,0.9575707154742097,0.9799666110183639,0.9826732673267327],"valid_accuracy":[0.10823075392133642,0.4917632863402203,0.7871522658220192,0.8414441959582757,0.8940769955583706,0.9096835791895939,0.9252902662195986,0.9311010368978568,0.9385735987022602,0.940564326940775,0.940231551733706,0.9460422855712632,0.9482012448862062,0.9548418612162509,0.9563360344283383,0.954843593507951,0.959490677739165,0.9611507430148688,0.9624782458032057,0.9674593364338002,0.9662970905477455,0.9662972929816332,0.9687870363301342,0.971277908470796,0.9657994120348515,0.9692848421872285,0.9701156477108769,0.9649707479950066,0.9722742688654104,0.9696180495834728,0.9741002477157075,0.973436143761569,0.9711117036992641,0.9722736484651798,0.9744322462985914,0.9707801432284778,0.9742662189882251,0.9739340599275392,0.972772102905442,0.9752624551661822,0.9755942015453917,0.9752618754347279,0.9755944724079423,0.9760922615051543,0.9749302513970943,0.975926228710352,0.975262350341742,0.9716095701952323,0.9777523565395232,0.9792465873350984,0.9764244906050789],"mean_valid_accuracy":[0.10823393548881628,0.49110920038389594,0.7872805071144916,0.8414454641525257,0.894084886281985,0.9097626816765851,0.9253754400571836,0.93115354111841,0.938625909143475,0.9406946167334244,0.9403201199181609,0.9461441805373179,0.9483075451728091,0.9549088042616175,0.9564342152842634,0.9550326590480328,0.9595677659407894,0.9612311243633485,0.962540536545381,0.9675123708891149,0.9663523357513274,0.9663631801065925,0.9688255721835961,0.9713206566339357,0.9658532836997159,0.9693080349272968,0.9701425866430805,0.9650417150924391,0.9723283370253494,0.969666412449186,0.9741402962074275,0.9734705769488997,0.9711387782120141,0.9722801208540914,0.9744574513244262,0.9708371465507876,0.9743134136637812,0.9739815411640667,0.9728094864399166,0.9752972968196012,0.9756271543009707,0.9752949717650008,0.9756374864050447,0.9761370344934571,0.974984119113898,0.9759527587197215,0.9753090334612257,0.9716757298045383,0.9777965500190454,0.9792787406298702,0.976461279978866],"std_valid_accuracy":[0.08746084997794759,0.10039489029595383,0.07714621827775872,0.07580041460158445,0.04126422086395027,0.03921708873406705,0.030450751437389293,0.02674849223361024,0.026174134208156064,0.023471914111966665,0.027381486530783747,0.02015889548338462,0.02432044224438327,0.016544568236647152,0.017792104691643565,0.023812994786057997,0.016406555502877854,0.016902922276515017,0.013738537496082157,0.013357776875721258,0.013624912627250595,0.014549993301121014,0.011121937134588342,0.01071276435438347,0.015785143923727846,0.011102615252554274,0.012660951542010938,0.016804837453506236,0.011713908148329098,0.015339794342140703,0.009994855256559597,0.012372643671024221,0.012091905492795834,0.010981613267679137,0.010204367812564216,0.013759664647863254,0.01186010541059691,0.011921555299321377,0.011285736325400827,0.010760840684147314,0.010634261414439227,0.010252701709314607,0.011090754184119273,0.010541390667134127,0.011912083313598677,0.011539058641380917,0.012115950615071274,0.012911653691270383,0.009980563442003099,0.008574621147017942,0.01050156243173387],"valid_loss_dist":[0.03479106044648467,0.07746080096625854,0.1192614415818562,0.06841475868563421,0.05205966587556471],"valid_loss":[2.306212219822781,1.4342780286687444,0.7170366562240457,0.47464311965776296,0.34816789884458554,0.2894792536545909,0.24332762507269284,0.22534499222096885,0.19552416462378416,0.1912213118858295,0.18287277502720592,0.16759226616865353,0.1587086799081415,0.14400498663878517,0.13634029041729895,0.13904907708669043,0.12813477757461217,0.12343186187668179,0.11811277250608086,0.10414558555417718,0.1069470326591858,0.10358433473962247,0.10186442138385833,0.09617736461097462,0.10445151910950455,0.09779504662685315,0.09329291885492147,0.1088800157218875,0.08655722960324948,0.09074268036082898,0.08363459439749564,0.08435733862374521,0.08701396041438679,0.09492042045064639,0.08158544836909838,0.08746749723813338,0.07943172161637951,0.08016620617762482,0.08270525573941177,0.07634285626036115,0.07539990651650894,0.07781916587042308,0.07267000275889138,0.06998877410845718,0.07381713956657411,0.07469241338395007,0.07522182297593574,0.084361647649604,0.0699791515465266,0.06557030159859983,0.07050289652355102],