{"test_accuracy":[0.0972,0.8301,0.8958,0.9122,0.9259,0.9253,0.9403,0.9473,0.9446,0.9563,0.9588,0.9602,0.963,0.9654,0.9644,0.9688,0.9704,0.9721,0.9725,0.9742,0.9761,0.9767,0.9771,0.9778,0.9783,0.9791,0.9731,0.977,0.9804,0.9809,0.9816,0.9815,0.9816,0.9758,0.9809,0.9824,0.9844,0.984,0.9839,0.9845,0.9851,0.9855,0.9853,0.9856,0.985,0.9859,0.9844,0.9852,0.9856,0.9862,0.9861],"test_loss":[2.3084521141052248,1.1172641534805299,0.5167864749908447,0.36062149801254273,0.28396507387161257,0.2610737320423126,0.21353641068935394,0.18591369545459746,0.1836877419948578,0.1555896053791046,0.14155178258419038,0.1318058212518692,0.12894695146083832,0.11477604608535767,0.1157239727139473,0.10353689861297607,0.09846266405582428,0.09382887976169586,0.0912641836643219,0.08768436821699142,0.08237447801828385,0.07992231763601303,0.07831866996288299,0.0747927452802658,0.07328728716373444,0.07119258896112442,0.07745548990368843,0.06901041254997253,0.0651324147939682,0.06249585539698601,0.06118662136793136,0.06150341984629631,0.05864000183343887,0.0800467140197754,0.06177525659799576,0.05644934386610985,0.05427396963238716,0.05434337595105171,0.05344741965532303,0.05272583913803101,0.050962651342153546,0.05028275109529495,0.050213595324754716,0.04907953897714615,0.0480403910279274,0.048522140789031984,0.0509571245610714,0.04656991631388664,0.047614925134181973,0.04627089369893074,0.04541529762744904],"train_accuracy_dist":[0.9883819180397128,0.9856233312795235,0.9866892034650327,0.9884963023829088,0.9833865814696485,0.9896003262642741,0.9896842105263158,0.9859678085018572],"train_accuracy":[0.09539310919555197,0.8149951821662023,0.8861689106487148,0.9059090080470845,0.9199979166124118,0.924425115237376,0.936404593869632,0.9455194145680877,0.9424203755306128,0.9521081278158285,0.9570301309929946,0.9595562384437095,0.9600770853407641,0.9645824110002864,0.9632282090679445,0.9681762545899633,0.969842964660538,0.97033776921274,0.9716138441105238,0.9726555379046329,0.9736711893538894,0.974869137217115,0.9757024922524024,0.977004609495039,0.9768223130810698,0.9774994140472408,0.9752076877002005,0.9786192348759082,0.9794786322560484,0.9803380296361884,0.9808067918435376,0.9807286648089794,0.9818745279824995,0.9731763848016876,0.980572410739863,0.9831245605354306,0.9833068569493997,0.9835672803979271,0.9840100002604234,0.9843225083986562,0.9848433552957109,0.9851558634339436,0.9856246256412927,0.9855204562618818,0.9859892184692309,0.9855204562618818,0.9847652282611526,0.9865881924008437,0.9860933878486419,0.9867184041251075,0.987239251022162],"train_loss_dist":[0.03661257071309594,0.04680008111947382,0.04386230488499627,0.036352930458885484,0.052579657473185826,0.03879161513308717,0.03754858746732536,0.045351575648014675],"train_loss":[2.30889868821951,1.1351106289560067,0.5342855743512613,0.37630121103130676,0.29868082640341737,0.27409719677816663,0.22752520687806924,0.1975172952715098,0.19344580592482086,0.16743097993074202,0.15146726113582185,0.1408913310493708,0.13901746007180057,0.12333785388803521,0.12325737211143988,0.11065901801843452,0.10534316917334736,0.10066069330798048,0.09690147774137485,0.09294275378134075,0.08810185839388407,0.08518456858781798,0.08319674780640199,0.07851336149644295,0.0772823885371528,0.07412975653627644,0.080379374094282,0.07096903905945381,0.06791418473422023,0.06537678276251659,0.06383295199926727,0.06325290402165987,0.0599780540028855,0.08516446724336124,0.0634408538561095,0.05704934525250257,0.05514368624305762,0.05429744296599162,0.05315633561371843,0.052031827166526344,0.05018307049263106,0.04912716823143091,0.04860144704974189,0.04746440284445235,0.046611448670347326,0.04627631924977175,0.04801418436945588,0.04433853846070416,0.0445688150231517,0.0432391216145894,0.04221424927030385],"valid_accuracy_dist":[0.9881756756756757,0.9827586206896551,0.9898648648648649,0.9852095316351684,0.9880749574105622,0.9763651181744091,0.984006734006734,0.9867986798679867],"valid_accuracy":[0.09140399849938725,0.8160136948472352,0.8862948658608231,0.906499093287223,0.9214930471987882,0.9284715814916423,0.9400273587833642,0.9472111264518631,0.9435653319635204,0.9518963730204671,0.9575186706852297,0.9591853688879974,0.9620990538301817,0.9656399430984709,0.9615805676318512,0.9686594133827087,0.9704294685894277,0.9714703622010686,0.9713663855990397,0.9730322394623934,0.9745939830681366,0.9750105052626601,0.9753228166737553,0.9766765893541474,0.9767808427653387,0.976988966617477,0.9727218290340575,0.977093565726083,0.9788634114531355,0.9792799821491383,0.9795918719335007,0.9798003440097313,0.9805292579421547,0.9717830248367383,0.9796957737042261,0.9810498668742353,0.9826119229945947,0.9826120736528562,0.9830284583518002,0.9821953856032395,0.983028322696529,0.9835489559929238,0.9840695880110971,0.9838613231031496,0.9843822951660244,0.9842778621761534,0.982611772216173,0.9843819342202126,0.9843818163010584,0.9842777959629738,0.9851108266343948],"mean_valid_accuracy":[0.09114642025962466,0.8151070368637532,0.886165894110589,0.9063748674948809,0.9215423195041007,0.9285421374789045,0.9400430685735022,0.9472580602216776,0.9436595436680395,0.9519606880110348,0.9575789180126263,0.9592699228972378,0.9621728821458568,0.9657138515102927,0.9617118401153183,0.9687203763645647,0.9704893373634058,0.9715370177995738,0.9714411358786224,0.9730917137850558,0.9746464048452699,0.9750736941540334,0.9753914684676019,0.9767371706182604,0.976843853158742,0.9770524646083296,0.9727884646454248,0.9771494273012624,0.9789171762986368,0.9793276511034907,0.9796238697567023,0.9798707692035831,0.9805737866824165,0.9718349431245251,0.9797409987904437,0.9810932408120081,0.9826733804167112,0.9826696685298721,0.9830697387023385,0.9822325578093485,0.9830842210507601,0.9835970179401612,0.9841121617155411,0.9838868608022788,0.9844113372354105,0.9843169908104232,0.9826724464441279,0.984405250753982,0.984425168785309,0.9843233786227487,0.9851567727906321],"std_valid_accuracy":[0.08912320636792061,0.061339682570022695,0.017845345616408173,0.01675071516715177,0.01845533591978274,0.022760232149937845,0.013983016576882362,0.010256315560869587,0.01042415403974692,0.011951664993545644,0.007352722461513773,0.010394357115217752,0.0070468703939204486,0.007070595061844954,0.01500339753561941,0.0066529532965998745,0.006647969002377702,0.006458339771866101,0.006909593167980205,0.0053341222194053396,0.00567428164758981,0.00580395940787427,0.005773219898298164,0.005596473963085442,0.005837678564734177,0.006278170934349547,0.0124515169178628,0.007624146708954883,0.005180207541973693,0.004768205735096732,0.00377204899073585,0.0055080673132836796,0.004184335647282453,0.006570001213364982,0.005131903512338774,0.003974262857662746,0.005303453377906602,0.005265116744559254,0.0041506920988238355,0.003782729423315121,0.005010262173278881,0.004284763297523046,0.003968607811900849,0.003566490063209191,0.004385765473063751,0.004074476942254545,0.0047610892044564635,0.0034023382826335966,0.0038050712098922036,0.004107271738336899,0.003982167484956597],"valid_loss_dist":[0.0494741696763683,0.05211853052448169,0.041637744276306114,0.045057170539971936,0.05306841428605824,0.06250352719107972,0.06167613440240272,0.0489598086515669],