{"test_accuracy":[0.0972,0.4434,0.703,0.7554,0.8499,0.8786,0.8942,0.918,0.9115,0.8608,0.9234,0.9213,0.9385,0.9443,0.9492,0.9455,0.9485,0.9491,0.9565,0.9604,0.9555,0.9603,0.9626,0.9592,0.9664,0.9631,0.9594,0.9676,0.9632,0.9652,0.9695,0.9706,0.9673,0.9703,0.9719,0.9707,0.9722,0.9713,0.9674,0.9724,0.9752,0.9731,0.9756,0.9755,0.9743,0.9755,0.9764,0.9772,0.9769,0.9725,0.9767],"test_loss":[2.3084521141052248,1.6138428659439088,0.8328735051155091,0.6507551525115967,0.4473136016845703,0.3666320789337158,0.3186797516345978,0.259080468416214,0.26490671191215515,0.36350186066627505,0.22953157858848572,0.23379235668182374,0.18479363718032837,0.17437116882801057,0.15768438956737518,0.16456745223999023,0.1557580403804779,0.1518978820323944,0.13629322066307067,0.12446632080078125,0.13551565067768098,0.12206785404682159,0.11406826612949371,0.11879969843626022,0.10267500073909759,0.10604314041137695,0.12390279610157012,0.10097153726816177,0.11154718445539474,0.10202131235599518,0.0905749958872795,0.08914069188833236,0.0938790577530861,0.0871878637433052,0.08491111084222794,0.08630638989210129,0.08152963553667068,0.0819086703300476,0.09965003571510316,0.08184890080690384,0.0756201820731163,0.07936779186725616,0.0731735731780529,0.07238455607295036,0.07606712915897369,0.07310231158733368,0.07217125047445297,0.0688628866314888,0.06898220390677452,0.08066368979215623,0.07012472612261772],"train_accuracy_dist":[0.9716881470526093,0.9889071487263763,0.9814696485623003,0.9767536704730831,0.9937395659432388,0.9925711927362774],"train_accuracy":[0.06373534919203828,0.5269436160621402,0.7765448366738331,0.8188501283029336,0.8796033011998058,0.9009986822941951,0.9148345932450239,0.9299882100006935,0.9290519453498856,0.9002704764546778,0.937617033081351,0.9314446216797282,0.9499965323531452,0.9538456203620224,0.9577640613079964,0.9565503849088008,0.9583882377418683,0.9605035023233234,0.964075178583813,0.967438796033012,0.9651154726402663,0.9688258547749498,0.9701782370483389,0.9693113253346279,0.9743047368056037,0.9725015604410847,0.9627921492475207,0.9749635897080241,0.971426589916083,0.9740620015257646,0.9778417365975449,0.9778417365975449,0.9765240307927041,0.9788126777169013,0.9796102364935155,0.979332824745128,0.9803731188015813,0.9809279422983563,0.9711838546362438,0.9806505305499688,0.9819682363548097,0.9815867952007767,0.9836327068451349,0.983563353908038,0.9829738539427145,0.9832165892225536,0.9835980303765864,0.9843609126846522,0.984742353838685,0.9813440599209377,0.9842222068104585],"train_loss_dist":[0.08211260250543857,0.037269336458421086,0.057243259106708154,0.07397162674836584,0.020204218297276352,0.027086824649930296],"train_loss":[2.3115805772928466,1.3682287590862006,0.6693461382469263,0.511319835312787,0.3639288811705894,0.30045160479346017,0.2619535241068563,0.21982442249446887,0.218428918452251,0.2810491239777988,0.1937482537980367,0.20695576103052407,0.15397412939925564,0.14714324052898173,0.13296237391523633,0.13504515250762264,0.12805334613248018,0.12369926056438829,0.11330983206077896,0.10310648621209609,0.11008590000253154,0.09926204059648401,0.09418453589160306,0.0953246381626487,0.0841502380402407,0.08598272194689947,0.11085648838684094,0.08141808305717232,0.08847378154325104,0.08156679808417606,0.07187237069594628,0.07140154516844609,0.07303727125372174,0.06794269117488926,0.06632989473627743,0.06666487849638052,0.06322633945396372,0.0623398746304848,0.0857874779156631,0.061631762586615145,0.057848330579527055,0.05900651913820122,0.05368519949664948,0.05323373250638995,0.055485005844499405,0.052796106269785016,0.051948827245382564,0.049573671362472024,0.04913662903889785,0.05743953386639188,0.049575608674385395],"valid_accuracy_dist":[0.9788851351351351,0.981101068200493,0.9770017035775128,0.9625101874490628,0.9874791318864775,0.9892739273927392],"valid_accuracy":[0.06195707282021693,0.5315006343402985,0.7780362036150372,0.818383278087761,0.8804948789306121,0.9029542247413296,0.9144604729380285,0.930264911677827,0.9283250424167989,0.8956039890224422,0.9373345829694939,0.9312350597547946,0.9500898558975606,0.9541095848985085,0.9582688599917029,0.9559126900718593,0.9575760815828117,0.9586854724551634,0.9643692542085438,0.9672805013035721,0.9640918236430145,0.966033487456681,0.9692214424343346,0.9656176186027721,0.9729644464657717,0.9700533230376094,0.961453630656191,0.9726875467787617,0.9690828120103823,0.9710238062240312,0.9750443065552723,0.9733799792391635,0.9737969712894403,0.9744899537610484,0.9765694148338938,0.9758758621330331,0.9767075266958547,0.9755985677843453,0.9688023628837189,0.9765694829732486,0.9783711903053711,0.9761533452720007,0.978232969005261,0.9785098986823857,0.9778165512438984,0.9779554832075367,0.9776783572733095,0.9797578533419108,0.9797576794687202,0.9753209394048725,0.9793417627535347],"mean_valid_accuracy":[0.061789940765232816,0.5308264354679814,0.7776266663977118,0.8182569831539034,0.880394601669192,0.9029954335426599,0.9145486656254352,0.9304111697222326,0.9284119231087277,0.896188479181956,0.9373424736560008,0.9311620977060507,0.950140323714658,0.9541517072501042,0.9583225074152613,0.9559181528254772,0.957566351101188,0.9587177880218324,0.9644061529171539,0.967315599190992,0.9641025231705843,0.9660868634412066,0.9692307492202942,0.9656793205822236,0.9730084305095074,0.970087740175292,0.9614787665199187,0.9727390834451041,0.9690570410623671,0.9710519403503742,0.9751074420797008,0.973380361947655,0.9738315513916639,0.9745282509431816,0.9766238281424523,0.9759203401208234,0.9767489812501381,0.9756354375866652,0.9688490986109096,0.9766090648959214,0.978414883174861,0.9761699332919092,0.9782877238914738,0.9785513498857773,0.9778395558346752,0.9779765648941415,0.9777060245210039,0.979792744534035,0.9797887394746617,0.9753303504495837,0.9793751922735701],"std_valid_accuracy":[0.08477765423516251,0.15196977735006373,0.1304069399719907,0.11288814824525986,0.07416110584289,0.060385518396242344,0.050463328341815265,0.03951185289347144,0.043917846801975566,0.07310846197169542,0.0332812126429895,0.035732039297109795,0.026888748140224995,0.021868531761880756,0.02019010131639602,0.022872832757540228,0.021481716916536043,0.021828245263926006,0.017621181084090658,0.01569124518371817,0.018884118071604634,0.018937462562085287,0.014750591324866422,0.019650280533606897,0.01193644746392985,0.014779320825051788,0.015035397973956045,0.014125284284770587,0.015241988435064175,0.014462813855733532,0.012460022385052097,0.011429092859648925,0.013549357711943764,0.013036607110320187,0.011564267430441588,0.0111888130805731,0.01020487956701971,0.011151433739345658,0.011128895594876028,0.01149995999216973,0.009506054539546997,0.011076095676196374,0.010222559461281967,0.009068435750773197,0.009146009781031384,0.009641177470424046,0.009723994470127551,0.008441048088308185,0.008490040276681016,0.010569203262964379,0.008726773308275244],"valid_loss_dist":[0.07311700787898656,0.05423383302098919,0.07332165904812755,0.11420267768137418,0.03951037049492532,0.0348502109841545],