{"test_accuracy":[0.0972,0.4592,0.5646,0.635,0.6684,0.6807,0.7042,0.7412,0.7393,0.7351,0.6888,0.7368,0.7445,0.7538,0.7637,0.7434,0.7544,0.7592,0.7618,0.7542,0.7685,0.7696,0.7673,0.7725,0.7719,0.7697,0.7746,0.7767,0.7765,0.7753,0.7765,0.778,0.7787,0.778,0.7775,0.7793,0.7781,0.7781,0.7779,0.7778,0.7762,0.7791,0.7813,0.7796,0.7802,0.7796,0.7804,0.7835,0.7787,0.7806,0.7813],"test_loss":[2.3084521141052248,2.577998429107666,2.2737102783203125,2.212908200073242,2.227208606338501,2.2835085868835447,2.248721329498291,2.0189493770599367,2.218997854232788,2.2757644897460936,2.603150728225708,2.3734780429840088,2.36711077041626,2.3476088104248047,2.35810016746521,2.5202729778289794,2.4548508419036867,2.4288714775085447,2.452624422454834,2.5304523597717283,2.4738430690765383,2.5294025707244874,2.569540658569336,2.509647894668579,2.5138566246032714,2.5879587249755858,2.6092811141967776,2.5547245124816893,2.5637273292541503,2.5864192413330076,2.6235135486602785,2.63132585105896,2.657252425765991,2.6639007530212404,2.7459140495300294,2.706841590118408,2.748313999938965,2.7455993534088137,2.7882226043701173,2.822693547439575,2.8973881744384764,2.8517496570587157,2.898497610473633,2.9148833267211915,2.8753061908721924,2.916616736602783,2.933671029663086,2.9140867401123045,3.019219393157959,3.0114406829833986,3.0061584873199463],"train_accuracy_dist":[0.9893179950698439,0.9818956336528222,0.9947829716193656],"train_accuracy":[0.0028561476837338905,0.6661093695576454,0.8094740508533612,0.8734238941135493,0.8978056426332288,0.9063044235458029,0.9214907697666318,0.9410658307210031,0.9478927203065134,0.9451062347614072,0.9217694183211425,0.9506792058516197,0.9542319749216301,0.9614071752002786,0.9683037269244166,0.955276907001045,0.961755485893417,0.9675374433995124,0.9685127133402995,0.9641936607453849,0.9749912922326716,0.9758969000348311,0.9746429815395332,0.9786833855799373,0.9795193312434691,0.9775687913618948,0.9814002089864159,0.9823754789272031,0.9826541274817137,0.9820271682340648,0.9834900731452456,0.9853709508881923,0.9848136537791711,0.9851619644723093,0.9841866945315221,0.9853709508881923,0.9845350052246604,0.9857889237199582,0.984604667363288,0.9858585858585859,0.9843260188087775,0.9865552072448625,0.9885754092650645,0.9869731800766284,0.9873214907697666,0.9880181121560432,0.9880877742946709,0.9905259491466388,0.9871125043538836,0.9881574364332985,0.9887147335423198],"train_loss_dist":[0.029847078989569828,0.05088624283334159,0.014423299757281757],"train_loss":[2.3213175196134435,1.092867450571276,0.5600182083665349,0.347272984624864,0.28529359339131416,0.26096059255839144,0.23585137828265862,0.18269897098119398,0.15444417546244707,0.1581764825448804,0.24352114336991385,0.14483966918844499,0.1327537265711651,0.11586232601620519,0.09665299199861502,0.1316999033327013,0.10862510735795125,0.09546090227641614,0.09144916162076457,0.10403645793783751,0.07453962096932125,0.07169668508589122,0.07439136159353578,0.06352833646519265,0.061848109420771714,0.06596322780658626,0.05701223873886569,0.05203175550448027,0.05112361414886775,0.0528851506591248,0.04905610615702217,0.04447319362038771,0.04392001584577087,0.04401091394919379,0.04639946456903865,0.04154646723310277,0.044636556241974025,0.04145242188298424,0.04323876969871809,0.04069124310027947,0.04439078239728581,0.03827980341333331,0.034241065414358375,0.0367320831998072,0.03488086946425393,0.03432393943062438,0.033185979007418584,0.027354863415514706,0.03767250373061631,0.03270970252136535,0.03157944570258857],"valid_accuracy_dist":[0.9860312243221035,0.9727427597955707,0.9891485809682805],"valid_accuracy":[0.0025074809660370376,0.6609186501684885,0.8080316173542984,0.8690487676506593,0.8955169980958619,0.908612471421612,0.919757582878067,0.9409339829594779,0.9517996151374521,0.944554337358191,0.9180815972685796,0.9484547644096489,0.9531922645357409,0.9601575289996838,0.9696301557548107,0.9523554288108127,0.9632231971361386,0.9676807432843384,0.9707448093102795,0.9629448452687599,0.9749243596156597,0.9726950525047218,0.9718596408780277,0.9768748401598075,0.9777108451607659,0.9749247749776445,0.977153192027186,0.9802180294396707,0.9807753858861185,0.9788252020291026,0.9793824398006974,0.9810539157657762,0.9827255104057078,0.9813327423325661,0.9810537377534969,0.981611153537371,0.9796611476926345,0.981054034440629,0.981889861429308,0.9813326236577132,0.9793822024509917,0.9821684506463922,0.9835614560692397,0.9824470992009029,0.9832829855270083,0.9830042776350713,0.9821683913089658,0.9838399859488974,0.9810538564283497,0.9832830448644347,0.9827256884179871],"mean_valid_accuracy":[0.0025383020536783336,0.6598901450582407,0.8075585505494586,0.8687970543590136,0.8954021799522042,0.9084806613849997,0.9195683242989389,0.9405393633332166,0.9515413604735029,0.9444772161614904,0.9186301803764617,0.9484438540451269,0.9530285443218611,0.9600321517987491,0.9695897814242955,0.9523486440795484,0.9629851444350729,0.9674949219022091,0.9706709956990691,0.9626567428056835,0.9748095552031978,0.9726471266536508,0.9717481776123221,0.9767499020164973,0.9775789384855699,0.974765394749073,0.9770696157432424,0.980145680898393,0.9806964758538316,0.9787059689247769,0.9792724839751955,0.9809774056084791,0.9826752950494271,0.9812255510526597,0.9810075016779326,0.9815308888049316,0.979532005563034,0.9809529976108547,0.9817990982954142,0.9812369271963176,0.9793082681164779,0.9820873718321992,0.9834926437850401,0.9823612693945108,0.9831973380559192,0.9829247846141144,0.9820930599040283,0.9837822614423318,0.9809917815829525,0.983182962081446,0.9826408550286517],"std_valid_accuracy":[0.0020865873784624285,0.11755279273495942,0.10315653772097157,0.07023376264630955,0.05228602332611949,0.04792465312839989,0.0398813938075117,0.03491172419215404,0.027077057595671913,0.02533305344024449,0.05731600627700745,0.025262150291315615,0.025038706680836662,0.01907234647095307,0.011630717796484663,0.022507723071160796,0.024593975648068523,0.018716188740693442,0.010987417644095407,0.026520405786355353,0.010226575742369336,0.010221618505544478,0.01400481279695518,0.010976753708153698,0.012498232967911548,0.014719809702806124,0.008529473269987783,0.0077702951884828795,0.00911542887117279,0.010568185999982911,0.010674658342081875,0.007497974129624514,0.005995398847175698,0.009218137487356374,0.006370745999511051,0.007002352662234087,0.011062204711732332,0.00831192197660066,0.007776497577579797,0.007915316538028247,0.00877776568795872,0.007563167473907147,0.005932513161449006,0.007655829586541719,0.007646438483401716,0.006719099981719909,0.006891407704962557,0.00488429974855676,0.0073865688614387515,0.008040079409367558,0.007113775136883841],"valid_loss_dist":[0.05158710075678547,0.0893901308690669,0.045060699081082574],"valid_loss":[2.32093932549907,1.1064297519711244,0.5641236557445467,0.3448386681930765,0.28249135843990414,0.25809175323355327,0.2339082108673364,0.1830194533235783,0.15130365204236884,0.15712827696068668,0.24994297587930042,0.14736791523755913,0.13675401061543851,0.11918924048450658,0.09862728672315109,0.13644147774139112,0.11670806062584459,0.10414000084193675,0.09787616976574122,0.11768031493986426,0.08379181584208403,0.08186737700779384,0.08613290432623857,0.07656108865789965,0.0762774772966156,0.08100053512990713,0.07209464750012944,0.06761088606840036,0.0684489199048573,0.07186768784338904,0.06743678213375608,0.06314737319627217,0.06308244667880097,0.06533616888209084,0.06769556866430548,0.06478419607433769,0.0691977396502971,0.06698013251434272,0.06879069148274405,0.0654959664817726,0.0682012558625166,0.06421298917457115,0.059621728428603256,0.06318777883276959,0.06286894956665769,0.062019309538062166,0.06104834365060016,0.05499430463103811,0.06344012061659218,0.06184593043656846,0.06177245147410996],