{"test_accuracy":[0.0972,0.4005,0.6463,0.7579,0.7986,0.8268,0.833,0.836,0.8599,0.8686,0.8897,0.8857,0.8954,0.9063,0.9241,0.9225,0.921,0.9256,0.9294,0.9326,0.9338,0.9357,0.9433,0.9475,0.9427,0.9388,0.9387,0.9487,0.9492,0.951,0.949,0.9571,0.9582,0.9537,0.9507,0.9553,0.9614,0.9532,0.9534,0.9542,0.957,0.9565,0.9594,0.9538,0.9604,0.9575,0.9586,0.9596,0.963,0.9565,0.9675],"test_loss":[2.3084521141052248,1.7961377746582032,1.2389508621215821,0.8133050300598145,0.6559732862472534,0.5130016228675842,0.49672064695358276,0.4338738571643829,0.3567755474090576,0.33421590600013734,0.28632780108451844,0.2844682981491089,0.2742916015148163,0.26162556753158567,0.21110460982322693,0.21171518626213073,0.21265644836425782,0.20247462677955627,0.19119992661476135,0.18408838248252868,0.18343974108695985,0.17935016691684724,0.1605735652923584,0.15542072172164917,0.16247727081775665,0.1693170113325119,0.16672193076610564,0.1447855842113495,0.14681696071624756,0.1396820639848709,0.14709009323120117,0.12740459334850313,0.12846305932998658,0.1342114620923996,0.13902579381465913,0.1286659938097,0.11572384721040725,0.13233485207557677,0.134052264380455,0.13137971210479737,0.12894734489917756,0.128058127450943,0.11983499006032944,0.1330158555984497,0.11799675642251968,0.124977468252182,0.12011295499801636,0.11831325445175171,0.11199767091274261,0.1271358158826828,0.10241149661540985],"train_accuracy_dist":[0.9934502429748574,0.992862969004894,0.9903157894736843,0.946553858852662],"train_accuracy":[0.141267612956897,0.4959704674257786,0.741693963500234,0.8388186970311444,0.8663235064732491,0.8841574377372224,0.8939842978214527,0.8901367441376801,0.909426506525243,0.9166536681744918,0.9281443352571102,0.9273124317579161,0.9319398949721832,0.9372952737482452,0.9483699890812666,0.9487859408308636,0.947746061456871,0.9518535849841419,0.9543492954817241,0.9569489939167056,0.9575209275724016,0.9589767586959913,0.9630842822232621,0.9643841314407529,0.9635522279415588,0.9620444028492695,0.9630842822232621,0.9668278479696355,0.9669318359070348,0.9694795403733167,0.9668278479696355,0.9718712629334997,0.9718192689648001,0.9710393594343056,0.9701554619664119,0.9726511724639941,0.9756668226485727,0.9731711121509905,0.9727031664326938,0.9731191181822909,0.973951021681485,0.974782925180679,0.9756668226485727,0.9735350699318879,0.976758695991265,0.9755108407424739,0.9761347683668694,0.9761867623355691,0.978318515052254,0.9756148286798731,0.9807102376124369],"train_loss_dist":[0.022774040980782843,0.026616833499385133,0.032973139184085946,0.1521292832663519],"train_loss":[2.3022526018842546,1.4187031337860712,0.8654076076797246,0.5548157325783528,0.44200184628439476,0.3550240666043,0.3387464999262377,0.30964143066065847,0.25236900837609966,0.234622148750914,0.2056763883605921,0.19673562700789166,0.19597163126790715,0.1882779802760003,0.15306536803418225,0.15091017913368682,0.14957866583848306,0.14150883815708065,0.13350064512959126,0.1287015475131684,0.1273726665859927,0.12169055148427667,0.11156227818039868,0.10921758055312737,0.11005526875148977,0.11251435151451222,0.10957377974864183,0.09719769044957487,0.09906032762796683,0.0925480731012532,0.10054209701992331,0.08598891019839375,0.0852029584080906,0.0864763874787215,0.0868581545828335,0.08059289329771221,0.07312023000996887,0.08110234590561734,0.08181231944218277,0.07989567165113225,0.07946266635048797,0.07671051628870995,0.07163078257121018,0.0788977343593135,0.0696827065425895,0.07296532626308201,0.06953930053142318,0.06882232975321056,0.06611081868059915,0.07313759843956608,0.05886546068092234],"valid_accuracy_dist":[0.9915540540540541,0.9796251018744906,0.9781144781144782,0.9513201320132013],"valid_accuracy":[0.13634670479670102,0.49280762615030044,0.7401600957184973,0.8341171866075615,0.8594766357550438,0.8808877175283535,0.8875397452678166,0.8914891894519459,0.9047931438724356,0.9124843540265456,0.9268282599626764,0.9245412337289562,0.9307777000295321,0.9357673606363581,0.9444980877203502,0.9463683977929673,0.9451211882312626,0.9488630094612803,0.9536441575794934,0.9563465482649323,0.9555150699278078,0.9569700918346484,0.9592569385335047,0.9621674768492261,0.9611275799429596,0.9584248991453098,0.9590486478747661,0.9632064888894936,0.9652859064927262,0.9677798438359216,0.9636222627715333,0.9667408893899428,0.9688195634223271,0.9673640852531595,0.9677794253316103,0.9696506168036153,0.9725609348415432,0.9700660010916071,0.9684032681617627,0.9688189954380344,0.9692349680282891,0.9700663952226503,0.9700666150187465,0.9677798671388057,0.9713136927217396,0.9700666033673045,0.96985850514648,0.9704821376169751,0.9715218919764824,0.9698585347196649,0.9750557878755307],"mean_valid_accuracy":[0.13665660548301134,0.49192507580415634,0.7402796807632921,0.8346456999200274,0.8599510582301485,0.8813296099724677,0.8880140545773337,0.8918172832042616,0.9051474259114771,0.9128498239748587,0.9271530473742764,0.9249295195625369,0.9310811274145157,0.9360301422964825,0.9447390743012989,0.9466202804509454,0.9453846909573114,0.9491416297087428,0.9538637134201207,0.9565564094915296,0.9557380157124613,0.9571778013096415,0.9594254554133909,0.9623238764436808,0.9613250823130178,0.9586130309922719,0.9592468657693926,0.9633755108946653,0.9654329587455541,0.9679380783591202,0.9637271510809586,0.9668609540308202,0.9689482739705225,0.9674884804769107,0.9679254701300819,0.9697621701261572,0.9726770942199179,0.9701984488411175,0.9685368240527604,0.9689709116619717,0.9693431054128784,0.9701788784636575,0.9701709331280823,0.9678968546476611,0.9714216038087653,0.9701915449838118,0.9699726078365948,0.9705840200503894,0.9716013917680397,0.9699922851929679,0.9751534415140559],"std_valid_accuracy":[0.07901242103478079,0.13727123631639768,0.15652833631590923,0.12612639283302496,0.11683382838278893,0.10403915319746987,0.09530384079241033,0.0899046564510838,0.08270885430860936,0.07912491071751762,0.06282201603797595,0.07233876578081477,0.060684252006850965,0.04984818717567476,0.04497400411195255,0.04726016258962126,0.04966187589296309,0.0465464383036099,0.040338245502707974,0.03695060842416164,0.038356051982360494,0.03758200083890163,0.0321310423801243,0.026929829574557605,0.03364285477719571,0.03709732566493821,0.036889984532804045,0.029505163392896275,0.022560650569913507,0.025180968049149575,0.025256858737074946,0.02055853586361661,0.02041347325982127,0.023319320437081483,0.02735607061313693,0.021502215416626207,0.01953614256164574,0.025369211100867196,0.02422180633139884,0.02569176495821167,0.02081259564904484,0.021201574818228222,0.019518071631455317,0.02222677719525068,0.02022250517125092,0.02099235483733848,0.02154581258281561,0.020413327954631223,0.01542009522353478,0.022343777023601286,0.01471198675892207],"valid_loss_dist":[0.02499759287850277,0.06282304524585981,0.07225554258333713,0.15548660116817298],"valid_loss":[2.3038291476520505,1.420045542599143,0.8729940190535406,0.5569995521394302,0.4477075567509071,0.35821930348362724,0.34037598323981094,0.31421075534548015,0.25719117647281303,0.23859927166024147,0.21212868656786843,0.20139457588060766,0.2014068755082833,0.19686808094929337,0.15985512688483827,0.15749689093459923,0.15590820561459712,0.14630043029734047,0.14059103888309016,0.1362941979548386,0.1346415705915963,0.13036410370468712,0.12018429627452279,0.11883713527664244,0.11822279604778531,0.12145674477179991,0.11899023349911537,0.10829972966154479,0.1112292110305779,0.1039026726863138,0.11232962002476445,0.09978491663138646,0.09959880787099822,0.09955543031843445,0.09887841539396482,0.094917971221416,0.08706216292098762,0.09393131751053882,0.09585905337615118,0.09349645792186045,0.09451117564335344,0.09288528029685338,0.08860736165389278,0.09610764923085922,0.08697212104768981,0.09070723463429081,0.08735324337108358,0.08685726408355171,0.08762210795687957,0.09095680479211463,0.07919199903870783],