{"test_accuracy":[0.0972,0.4031,0.6688,0.8234,0.8894,0.9039,0.9187,0.8697,0.9222,0.9331,0.9406,0.9422,0.9514,0.9543,0.9565,0.9576,0.9581,0.9383,0.9624,0.9651,0.9671,0.9395,0.9669,0.97,0.9687,0.9704,0.9701,0.9713,0.9733,0.9714,0.9754,0.9676,0.9712,0.9756,0.9763,0.9739,0.9764,0.975,0.9754,0.9764,0.9733,0.9769,0.978,0.979,0.9766,0.9761,0.9793,0.9771,0.9795,0.9799,0.9783],"test_loss":[2.3084521141052248,1.502495436477661,0.8910741157531739,0.5636445266723633,0.37555982365608215,0.3135326195240021,0.2764550726890564,0.39134467692375186,0.2481849142074585,0.21635501518249511,0.1960094434738159,0.18601738271713256,0.15879505321979523,0.14911936008930207,0.14399283182621003,0.13924814116954803,0.1357627872467041,0.1851588527202606,0.11949543607234955,0.1152339874267578,0.10780778759717942,0.18337051649093628,0.10696738522052765,0.09867301653623581,0.10048259241580963,0.09639716882705689,0.09317337898015976,0.09054369229078293,0.08730776127576828,0.08846072505712509,0.07987490276098251,0.10104161930084228,0.08868848414421082,0.0782516785621643,0.07563178858757019,0.0778373927295208,0.07477714504003524,0.07697080705165862,0.07516904713511467,0.07175238645076752,0.07911053889989852,0.07113179080486298,0.06718475559949875,0.06433221244215966,0.06885848866701126,0.07157303456068038,0.06320615283846855,0.06984698548316956,0.0652632477402687,0.06321553589105607,0.06475229468345642],"train_accuracy_dist":[0.9926066751161808,0.9909148531586731,0.9702136400986031,0.9778487752928647,0.9804241435562806,0.986888657648283],"train_accuracy":[0.0956539893524479,0.5090295417377083,0.7185357876056926,0.8525000869898048,0.9031281533804238,0.9169421343818505,0.9258498903928459,0.8911931521625666,0.931521625665472,0.9412992797244163,0.945126831135391,0.9479800967326629,0.9571662201190021,0.958662444761474,0.9594627509655869,0.9602978530916176,0.9625247920943666,0.9478409130449911,0.9671178537875361,0.9678137722258952,0.969379588712203,0.9460663210271756,0.970040711228644,0.9719892828560492,0.9724416298409826,0.9734507115766032,0.9731375482793416,0.9755384668916803,0.9761299975642854,0.9764083649396291,0.9783221406451164,0.9696579560875466,0.9761995894081213,0.979331222380737,0.9792268346149832,0.9787048957862139,0.9802359163506037,0.9788788753958036,0.9803055081944396,0.9812102021643063,0.9793660183026549,0.982149692056091,0.9826020390410244,0.9831239778697937,0.9818365287588294,0.9820453042903372,0.9844462229026758,0.9832631615574655,0.9831935697136296,0.9839242840739065,0.9830891819478758],"train_loss_dist":[0.024057750392234623,0.03159026113710078,0.08535991971524112,0.061884570499451654,0.06113081961432639,0.03833258345444046],"train_loss":[2.311539921615711,1.303238336535717,0.7610179076795724,0.47989812784928476,0.3363230069353567,0.28216044353928166,0.2506662159458183,0.33501277196670304,0.21925309129939988,0.19118370604002174,0.17947184121490722,0.16887014691334784,0.14444668788428267,0.1358918108899246,0.13083995422650083,0.1258435694281673,0.12072271861099924,0.15664846956820108,0.10870826291472903,0.1033677097402575,0.09777313819738863,0.1590059889146234,0.09482644311014315,0.08838341067726559,0.08759420465943318,0.08452653968975375,0.08482881984105521,0.07861519246573276,0.07612752880933635,0.07517015380297674,0.0699531746330007,0.09334397081442172,0.07352273399452645,0.06568524949478152,0.06450918732833388,0.0662545991673334,0.0625098536097019,0.06492342607882101,0.06155159274054781,0.05890571358287501,0.06239046986647472,0.0570051562015897,0.05453795325929407,0.052486177416100746,0.05528554274649088,0.05642146078453021,0.05051984615181152,0.05410552257543948,0.051203865087565026,0.04928215656382475,0.05057447534272936],"valid_accuracy_dist":[0.9898648648648649,0.9890202702702703,0.9679539852095317,0.9829642248722317,0.9755501222493888,0.9758735440931781],"valid_accuracy":[0.09165888468410474,0.5048266193901847,0.7272985901420232,0.8547520927773042,0.9051157806135994,0.9191714777982855,0.9270987382739535,0.8939917603600633,0.9341939689228939,0.9454637025724383,0.9478281721655412,0.9506105423991912,0.959375754896551,0.9618810974506589,0.9627152346698401,0.9628538986060697,0.963828081073229,0.9479705602032954,0.9657769062050998,0.9682801400644347,0.971201647635116,0.9469957355988672,0.9705062918386558,0.9718969364167206,0.9717580845418322,0.9730103593000571,0.9709249164819524,0.9739840525154597,0.9745403559990172,0.9739841315317032,0.9764883536053488,0.9686954220570728,0.9735664342774323,0.9759320125855546,0.9770445150173029,0.974958256741002,0.9771841445211936,0.97607063133261,0.9764884029141749,0.9780185719829814,0.9763494464137494,0.9787148781887742,0.979549161599211,0.9792709707133658,0.9781576176958294,0.9789934990214697,0.9808012051191799,0.9789926188884213,0.9806622784392147,0.9813580538046603,0.9801050984416058],"mean_valid_accuracy":[0.09119243578968095,0.505371028764264,0.7278149036783527,0.8554182172930199,0.9055079181363109,0.9195422617755082,0.9274482710799384,0.894783907901428,0.9345099450583695,0.9457523831337431,0.948023420509072,0.9507981286851713,0.9595651130272554,0.9620911677540337,0.9628877124860713,0.9630214498900026,0.9640309117201419,0.948391118250464,0.9659940586024659,0.9684677200276021,0.9713647413084212,0.9473323745897506,0.9706941363527445,0.9720565699597885,0.9719416687789669,0.9731945746593645,0.9711041444621539,0.9741413115729332,0.9746924004396069,0.9741572010536336,0.9766310160909235,0.9688229496427893,0.973746574613879,0.9760872036124777,0.9771735747651048,0.9750959836529596,0.9773389933658896,0.9762066235433878,0.9766404004523493,0.9781369161829655,0.9765160060290498,0.9788644607779001,0.9796607856062245,0.979376827898081,0.9782745126258465,0.9791472327171912,0.9809214083558219,0.9791298977895861,0.980775460778521,0.98146410456889,0.9802045019265776],"std_valid_accuracy":[0.08846357576407195,0.19920555080558497,0.12482509422130154,0.0563672496815679,0.03331760868089186,0.0244505131442439,0.028768504711767645,0.05128996422533056,0.024871278424963526,0.0216527499654673,0.017297171745743065,0.017617143419749404,0.014373935433539278,0.014341827125623149,0.013151414071143662,0.014042458126544232,0.015423849206026477,0.028188360973958018,0.013900558606045194,0.013912678441596531,0.013172118901863395,0.025016079315982785,0.014005429370639656,0.012227053394393771,0.013489582057355738,0.01346903022931683,0.011787994571017363,0.011702680730448127,0.01148741198174644,0.011970307723683155,0.010137926811687865,0.015111074038815838,0.013258827827749689,0.01077344147359819,0.010043384228865445,0.010437773772913763,0.010716684017274953,0.010506606894838478,0.010776915051315464,0.008770355121404613,0.011057631152271744,0.00991593732602996,0.007725858708850006,0.007534302454420276,0.008579737975419275,0.010377289776809528,0.008324387394140131,0.009657758416660408,0.008130821914286454,0.007649281902583045,0.007843809237169076],"valid_loss_dist":[0.035587181941278884,0.03210124539563785,0.09352211532968914,0.05332150200486589,0.08923524567142384,0.08158740701274744],