{"test_accuracy":[0.0972,0.4346,0.4648,0.552,0.6454,0.7282,0.7843,0.8253,0.8561,0.8585,0.8661,0.8926,0.8952,0.8993,0.9077,0.9187,0.9223,0.9217,0.9291,0.9338,0.9393,0.9381,0.9447,0.9462,0.9408,0.9464,0.9458,0.9476,0.9436,0.9491,0.9524,0.949,0.9516,0.95,0.9523,0.9573,0.9525,0.9472,0.9522,0.9566,0.9578,0.9556,0.9602,0.9579,0.9575,0.9653,0.9556,0.9527,0.9554,0.9603,0.9606],"test_loss":[2.3084521141052248,2.162076859664917,1.9694898906707763,1.3033304491043092,0.9233193690299988,0.7085315706253051,0.5979904788017273,0.5028111428260803,0.4195278855800629,0.41757944622039794,0.38605088882446287,0.32873556442260743,0.3226631872653961,0.31613741793632505,0.2912171416759491,0.25850598039627076,0.24733404698371886,0.24365453350543975,0.2198469287633896,0.20891321802139282,0.1956071069955826,0.1974188642501831,0.17678119406700135,0.16747905330657958,0.1862140008687973,0.1678187319636345,0.16755981469154357,0.16218062357902527,0.17156429278850555,0.1598911105632782,0.15260356464385985,0.1609448563337326,0.1544247476577759,0.15635308916568755,0.14418971835374833,0.13124073050022125,0.14831463103294373,0.1624009084224701,0.14623596680164336,0.1324454931139946,0.1292259882926941,0.13376543700695037,0.11949838697910309,0.13343845601081847,0.13173620250225068,0.1105029215335846,0.1347468151807785,0.14081636056900024,0.13210834283828735,0.12000112262964249,0.11990934159755706],"train_accuracy_dist":[0.9966201943388255,0.9928163955208114,0.9796045785639959,0.964421052631579,0.9647131654973173],"train_accuracy":[0.11634824870118987,0.6143371878665996,0.6499916205798558,0.7471091000502765,0.8036282889224066,0.8475364504776269,0.8803418803418803,0.9007457683928272,0.9223646723646723,0.919012904307022,0.9194318753142282,0.9379084967320261,0.9366934808111279,0.9430199430199431,0.9457851516675047,0.9518183341712754,0.9534942182001006,0.9544578515166751,0.9588570470923412,0.9607843137254902,0.9637171107759344,0.9633400368694486,0.9661890397184515,0.9689961454667337,0.9652673035025976,0.9686609686609686,0.9704206468912351,0.9673621585386292,0.9676554382436735,0.970546338193397,0.9721803251215015,0.9710491034020445,0.9717194570135747,0.9726411932294285,0.9733115468409586,0.976328138092844,0.9737305178481649,0.9729763700351935,0.9750293279705045,0.9767890062007709,0.9769565946036535,0.9767890062007709,0.9789676554382437,0.9757834757834758,0.9750293279705045,0.9789676554382437,0.9749874308697838,0.9743170772582538,0.9770822859058154,0.9803083626613038,0.9795542148483325],"train_loss_dist":[0.013880793959764826,0.02374455907448777,0.04513505687481655,0.1010334487839749,0.11615201912042379],"train_loss":[2.3102415855433924,1.398379251530707,1.1822172571750909,0.7479997161524228,0.5216354114973197,0.4099981827948268,0.345448344814177,0.2930853723114297,0.24324951086050356,0.24683055484479188,0.23787255237824517,0.1949424553073809,0.1958718240134342,0.17901714669641353,0.16914139848916684,0.15421253059278517,0.14724796904662715,0.14330716412099279,0.13211015649096178,0.12397940975985516,0.11723574182136945,0.11650925814510465,0.10690689256493748,0.09892320814126522,0.10922996165825219,0.09846484110354616,0.0956440897784423,0.10317497983704725,0.09889971433765843,0.09234341474829635,0.08605442811978925,0.08996826371617236,0.08630353629695839,0.08504633913880322,0.08115495492725908,0.07359677536320362,0.07987928094873956,0.08340246406658823,0.07875700223752681,0.07113286813163312,0.06861830425454335,0.07134023833530125,0.06470868703416789,0.07212635432807028,0.07312029427270485,0.061968205422219196,0.07420968595060759,0.07618863982553806,0.06703418149569611,0.05946458755409867,0.0602375645789352],"valid_accuracy_dist":[0.9940878378378378,0.9907094594594594,0.9717138103161398,0.9503367003367004,0.9711221122112211],"valid_accuracy":[0.1073643619303268,0.6246160916267621,0.6576148398236317,0.7545983614141057,0.8050177433314984,0.8502463603577948,0.8795605520000563,0.8994940380656674,0.9197622926645403,0.9170829716676833,0.9221089165158026,0.9385238140829195,0.9386918347931813,0.9437162124261202,0.9450566087960024,0.9539347917363716,0.9544375343927421,0.9544375563910884,0.958122859113581,0.9611380591643036,0.9649907767321522,0.9641532556492142,0.968843747281573,0.9705185810495315,0.9658283712781783,0.9693459780098539,0.9678384900069689,0.9643213460137987,0.9664985289805014,0.9695135683313023,0.9713561403119537,0.9705186186046983,0.9715236193319189,0.9715233949911536,0.970183685594824,0.9743713868569763,0.9710212779264717,0.9703509662321294,0.9718585866599907,0.972026357703619,0.9742037420469972,0.9726962173641364,0.9760465849079901,0.973533655728875,0.9725289331160805,0.977051470041137,0.9726965180889803,0.9700162605868098,0.9738687413089486,0.9752088577320654,0.9755438929482949],"mean_valid_accuracy":[0.10761930058935051,0.6262492098357653,0.6592867201175755,0.7563474010155284,0.8063563199456759,0.851183847801593,0.8801585567334896,0.8999832299302242,0.9200563819685621,0.9174635293703555,0.9224547720938844,0.9387889039050059,0.9389268572455423,0.9439099096273196,0.9453085579090506,0.9540346282158609,0.9545876240443668,0.954615783498648,0.9582907205629649,0.9612746664444742,0.965106677881591,0.9642696527732401,0.9689222947680387,0.9705945810812289,0.9659334858588166,0.9694429165076273,0.9679363143064317,0.9643409920431717,0.9665750600089614,0.9696059914092773,0.9714249388561796,0.9705868743006724,0.9716002897602047,0.9716327838938051,0.9702570958629343,0.9744617719255698,0.9710929834701478,0.9704067784459788,0.9719300874152111,0.972082847131755,0.9742674200339643,0.9727601117878872,0.9761053876857158,0.9736281793436948,0.9726152529922236,0.977137530349998,0.9727910938101051,0.9701141594500022,0.9739291114995388,0.9752547733450025,0.9755939840322718],"std_valid_accuracy":[0.08654619036085086,0.1952843569934283,0.19894291312057721,0.2034733552743765,0.16220791817801963,0.11267280208425876,0.08034206267664748,0.0672145250224536,0.05188767004693904,0.05222546519830732,0.046048100004260115,0.03988991179114007,0.037650844547603,0.0385318630450704,0.0395085401175786,0.030362520804838925,0.028929019917360098,0.02965323466607481,0.025781943486765494,0.024217945014988626,0.021544109799631124,0.02196358654096023,0.017574311847848686,0.01740865761199943,0.02148896616385998,0.019298188771931655,0.01835422035978922,0.01717529393549655,0.019254324948888447,0.018700154905793593,0.017300572065964567,0.01896509596801369,0.017958298010599356,0.018807690158922846,0.01759989234952139,0.0157072656838087,0.01633321631487959,0.020000324778190703,0.018586601721579346,0.016744393516470033,0.015865609451136572,0.01725636922298669,0.012741656820180722,0.014882953513673395,0.016692721444080016,0.013320964664484522,0.015457846780564813,0.018157940592258767,0.017158720294973256,0.015377294183681533,0.015770123596861307],"valid_loss_dist":[0.024559080185419,0.024149312562233693,0.09079143677694032,0.12614256043225427,0.1154344431785467],"valid_loss":[2.311261211517996,1.384031785950777,1.1641257972473575,0.7442804957563077,0.5221181488425285,0.4145595325444099,0.35019432974127485,0.3003684329661877,0.2504532686347535,0.2533175729907645,0.24227319031974498,0.20310900225795625,0.20244639837861333,0.18835000923835774,0.1784151309530926,0.16477725040803817,0.1555203290663107,0.15236608628289905,0.1402621797125864,0.13186253058011405,0.12516886407970235,0.12513015163367716,0.11470308715096958,0.10764688446924191,0.1184513621868078,0.10780860992434388,0.10714043179313162,0.11378796610741598,0.1102078665204802,0.10259236420727497,0.09657345349825688,0.10123365535517387,0.09790215169706228,0.09740450513658543,0.0929210828384402,0.08628164074961543,0.09414383359643247,0.09804494857116772,0.09355406944180887,0.0858294330976738,0.0832206749664615,0.08641987941965927,0.07902776347765941,0.08541452136144541,0.08749317462023305,0.07650651516644542,0.08846428634457523,0.09179692836669859,0.08352464435536812,0.0758568879066223,0.07647841081634275],