{"test_accuracy":[0.0972,0.5067,0.5974,0.7089,0.7726,0.7984,0.845,0.8744,0.8775,0.9073,0.9136,0.9065,0.9278,0.907,0.9326,0.9331,0.9294,0.9474,0.9459,0.9422,0.9443,0.9514,0.9243,0.9576,0.9533,0.9049,0.9574,0.9557,0.9599,0.961,0.9609,0.9611,0.9601,0.9643,0.9648,0.9642,0.9643,0.9661,0.969,0.963,0.971,0.969,0.9692,0.9693,0.9687,0.9707,0.9718,0.9697,0.9704,0.9713,0.9679],"test_loss":[2.3084521141052248,1.602382420349121,1.1402044958114623,0.7585199814796447,0.604242621421814,0.5503834070205689,0.42577210769653323,0.3579652945995331,0.3380820226192474,0.27660146961212156,0.25895837287902834,0.2694691377639771,0.2157185208797455,0.26707844157218935,0.2038698141336441,0.19889014296531676,0.2075011952161789,0.15855403308868407,0.16148702714443205,0.17205697872638703,0.16434049780368806,0.1412058033466339,0.21232339746952056,0.12304817135334015,0.13449523692131043,0.2756637931346893,0.1212155414223671,0.12802444229125975,0.11565046854019165,0.11035313301086426,0.1111787719488144,0.11181541883945464,0.11165739868879318,0.10329852739572525,0.10210872274637223,0.10052449008226394,0.10261680315732956,0.09994248988628388,0.09586192173957825,0.10515786740779877,0.08787659709453582,0.09197908487319946,0.09210428706407547,0.08951534013748169,0.09188928196430206,0.08710285880565644,0.0833354184269905,0.08869225206375123,0.08655353116989135,0.0879231220126152,0.09522145004272461],"train_accuracy_dist":[0.9887040460053399,0.9712460063897763,0.9716557911908646,0.9756503642039542,0.9869995872884854],"train_accuracy":[0.11198640076288403,0.6214187984576475,0.6952609975537958,0.790787346075708,0.8387163646917368,0.8542228118910402,0.8893818151664663,0.9055101786972926,0.9114805754799121,0.9286869273187114,0.9315477424437165,0.9257431900161698,0.945312823914756,0.925991956548779,0.9470127285542518,0.9503710767444753,0.9444836021393922,0.9612338820017413,0.9592852108296364,0.9564658567933993,0.9593266719184046,0.9669555122517517,0.9406691819727186,0.9693602554003068,0.9677432729383474,0.9187777271031137,0.9708528545959617,0.9693602554003068,0.9731746755669803,0.9735892864546623,0.9740038973423442,0.9737965918985032,0.9737965918985032,0.9750404245615489,0.9753721132716945,0.9773622455325677,0.9756623408930718,0.9773207844437994,0.9771549400887267,0.9755794187155354,0.9801401384800364,0.978937766905759,0.9781914673079315,0.9797669886811228,0.979808449769891,0.9805962104564866,0.9816327376756914,0.9805962104564866,0.9823375761847506,0.9806376715452548,0.9788963058169907],"train_loss_dist":[0.03724633028103747,0.08633192990756772,0.08212464711162433,0.06548247034976436,0.03623341035145499],"train_loss":[2.302983393721124,1.2446413017499556,0.84538615005191,0.5529640967556827,0.44216520542173005,0.4036169715833939,0.31533631762650544,0.27722810063919046,0.2538273451088589,0.21655313338310725,0.20610506014299212,0.21507274387760728,0.16992915952430296,0.2122278262351875,0.16119170184702644,0.1542131293082673,0.1670243421868259,0.12370091971998325,0.1258093932470312,0.13238379244161183,0.1250918349856227,0.10741485858384667,0.16789436567596516,0.09659915524655163,0.10161330962932111,0.23826969078918006,0.09099659692715233,0.094386511506123,0.08540602007116951,0.08238230956156652,0.08126641310696761,0.08006960466535605,0.07999110839573041,0.07422387717454122,0.07413226760674572,0.07145336624450378,0.07277054575267773,0.07142856541000554,0.06797252707064431,0.07178185504797734,0.0602387222618753,0.06242489980101941,0.0646537462991707,0.06048744895199578,0.06082584537098328,0.057194856167886186,0.05448495730204148,0.058002733611223156,0.053887788653562155,0.056570209346233136,0.06134791820073702],"valid_accuracy_dist":[0.9778325123152709,0.9616695059625213,0.9600651996740016,0.9633943427620633,0.9818481848184818],"valid_accuracy":[0.10921664676116694,0.6136114455668148,0.6853862709843772,0.7815261809378052,0.8312555594921135,0.8465044225566465,0.8799889619147164,0.8967352261313533,0.9045184627690511,0.9201061230554605,0.9229253627710379,0.9167924727670739,0.935688053446163,0.9156349148181011,0.9378433738829525,0.9395003624381479,0.9330374879533245,0.9517655982721758,0.9489487278481052,0.9448041720746169,0.9477885739483359,0.956075595261362,0.9317056357827814,0.9607163624914788,0.9587274279932957,0.9095060947717621,0.9628708363065643,0.9588922063804168,0.9643627225798469,0.96502592901463,0.9665174337371533,0.9665174998202837,0.9655227765732484,0.9670146260746717,0.9663517914452938,0.9681747521784209,0.9663515903331947,0.9721534240479482,0.9716565743842479,0.9663517253621631,0.9719873275480261,0.9711583458375136,0.970660520344476,0.9704956184529734,0.970495443861579,0.9724844511437049,0.9733129619241168,0.9698321139583517,0.9721528728081151,0.970827002473197,0.9690041333703915],"mean_valid_accuracy":[0.10843127798245496,0.6117144494059348,0.6838615259491926,0.7803743936195777,0.8303407240994289,0.8455903193123928,0.8793705278494179,0.896468234966585,0.9038801209570575,0.9199314645307342,0.9228055988582297,0.9166853932760194,0.9356027329455726,0.9156514014984605,0.9377955609422715,0.9394091441130985,0.9329933455094835,0.9516769839204204,0.948908262752588,0.9447096145798881,0.9477382622784859,0.9560116721010768,0.9313949986815266,0.9606614341703276,0.9586713671323933,0.9098689366830136,0.9628126216860144,0.9587720115754739,0.9642874428193808,0.9649587695593551,0.9664462716428126,0.9664486804977633,0.9654459479050572,0.966938461129385,0.966292160756766,0.9680930459012845,0.9662754925406688,0.9721310307756804,0.9716367534005883,0.9662897519018154,0.9719120546958517,0.9710753199159224,0.9705467601613209,0.9704209210561103,0.9704315305871145,0.9724103436268298,0.9732184387569772,0.9697336065230171,0.97205716969858,0.9707464980752525,0.9689619491064677],"std_valid_accuracy":[0.0865870111420197,0.1632636161077099,0.14458408686404473,0.10446188391997147,0.08443945327473565,0.07937595705160956,0.05583017632148179,0.042618628865444604,0.048450582936334,0.02603318683200511,0.030100769303378242,0.030719425617598047,0.02103522007706372,0.04059686108060986,0.02025567478410209,0.020879086488007438,0.02915025290896641,0.014563276317182083,0.017091833238692056,0.017846266334670947,0.019333970753177047,0.014512430766731517,0.024521038357024103,0.010494668245359016,0.011482053462873353,0.045588414808340694,0.009150898108985703,0.01190895108506714,0.010850677584822587,0.010958771520806697,0.009480899408044318,0.009914181466268584,0.009886595290583977,0.009896250399208257,0.00899344274637687,0.0092894532024085,0.009646111435876827,0.006661851391222529,0.009565414674255061,0.008481654395103485,0.00945265605830477,0.009201859472847115,0.009942441242142564,0.00989454583341188,0.007349794197612885,0.008272838356197819,0.009019177045327302,0.009323731098587511,0.010367185238234452,0.009757404734507024,0.009034069740100407],"valid_loss_dist":[0.055673575172528064,0.10562771204636898,0.12707580737739244,0.12895949579118293,0.05526039020308961],"valid_loss":[2.3033809370163922,1.26148232635414,0.8668835496241423,0.5719589759662005,0.46265557564607235,0.4275944900282886,0.3373404472872827,0.3001470376490235,0.2736822375681084,0.24023425041797342,0.232409497266363,0.24387867369020672,0.19405216868322742,0.24475665698324356,0.19033068001690914,0.18344839137699587,0.1986655085052568,0.14871267184711337,0.15304729801734984,0.16232806479650666,0.15526467337276284,0.1343430894743401,0.1983163994999499,0.12267532531528044,0.13087295882996575,0.2729122029476411,0.11451815010638525,0.12260550755787815,0.11267734578651495,0.1104726842662442,0.1081389179107455,0.10694796297418767,0.10808941404094599,0.10115984435806732,0.1016445870355988,0.0993793623333047,0.10239960004483836,0.09574959131487058,0.09442660772409457,0.10254118665234364,0.08837644097648645,0.09129539463496311,0.09205004314191083,0.09051488611900767,0.09075793275088656,0.08693055647494269,0.08378953798151026,0.08936361311878098,0.08350717555687899,0.08874760641592404,0.09443255247532154],