{"test_accuracy":[0.0972,0.4083,0.5791,0.7757,0.719,0.8714,0.8966,0.9021,0.9021,0.9129,0.9294,0.8578,0.9106,0.9405,0.9354,0.9417,0.9477,0.9254,0.9514,0.9521,0.9573,0.9594,0.9523,0.9571,0.9624,0.9624,0.9628,0.9621,0.9613,0.9633,0.963,0.9635,0.9659,0.9664,0.967,0.9616,0.9654,0.9673,0.9516,0.9708,0.9679,0.964,0.9685,0.9659,0.9692,0.9698,0.9686,0.9696,0.9697,0.9697,0.9528],"test_loss":[2.3084521141052248,1.823968509864807,1.4084346618652344,0.6544949019432068,0.7755387882232666,0.3940217267990112,0.3227244410514832,0.30414901008605955,0.2891528091430664,0.27035155646800996,0.2219366587638855,0.40881790432929993,0.27421072220802306,0.18610242230892182,0.1948187892436981,0.1805121771335602,0.16396700150966645,0.22935237097740174,0.15334979186058045,0.151099653673172,0.13534999842643738,0.1322229730606079,0.14975504829883576,0.13413072204589843,0.12263080900907516,0.11794677745103836,0.1164852662563324,0.11584772560596467,0.11506588184833527,0.11340946869850159,0.11632400838136674,0.1118848321557045,0.10738171286582947,0.10486016867160797,0.0995425626039505,0.11303304595947265,0.1038982206106186,0.10046389656066894,0.14533367552757262,0.09042790561914443,0.09699722222089767,0.11050547037124633,0.09402215466499328,0.10013165826797485,0.09187185560464858,0.09035831731557846,0.09303220894932747,0.09036084508895874,0.08902355021238327,0.09030478566884995,0.14418872690200807],"train_accuracy_dist":[0.9571187156738488,0.9548161840213596,0.9554630593132154,0.983285183656624],"train_accuracy":[0.09525293445517814,0.49558533291783524,0.6698348395138672,0.8459021502025553,0.772774488417991,0.9001765866832866,0.9243274124857173,0.9219382985353692,0.926352965617534,0.9337799937675288,0.9479588656902462,0.8916588760776981,0.9281188324503999,0.9559052664381428,0.9510231640178665,0.9562168899968838,0.9599044354419861,0.9265607146566948,0.9647346006024722,0.9641113534849901,0.9686298950867352,0.9701880128804404,0.9628129219902358,0.9675911498909318,0.9725251895709982,0.9739274955853329,0.9737197465461722,0.9728368131297392,0.9720058169730965,0.9739274955853329,0.9740313701049133,0.9743949309234444,0.9759530487171497,0.9773553547314844,0.9780305391087566,0.9730445621689,0.9776669782902254,0.9787057234860289,0.9677988989300924,0.9812506492157473,0.9788615352653994,0.9767321076140023,0.9806274020982653,0.9783940999272879,0.9814583982549081,0.9816661472940688,0.9811987119559572,0.9828087670094526,0.9819777708528098,0.9826010179702919,0.9627090474706554],"train_loss_dist":[0.11878963372578438,0.1336944525241607,0.11785844121589621,0.04295979700813449],"train_loss":[2.3079568400020922,1.5091487145490756,1.0691925924682686,0.4814666945131642,0.6372249940093141,0.31726600012886225,0.2567799044176093,0.24612772283885812,0.23143929717658873,0.21422066899865688,0.17574304218906175,0.3152575579801675,0.2231340436016249,0.14361543921068648,0.15155660405474883,0.14009277883329296,0.1287910416428206,0.21202136024134643,0.11349769726928068,0.11639015703241785,0.10381395108065242,0.09826036280022425,0.11438981586471517,0.10137465611716241,0.0887152378235395,0.08514024461214696,0.08386698450498074,0.08444344135504547,0.08731937846798657,0.08181595717639681,0.07984275529974685,0.07796297390124217,0.07337805564889002,0.0702947647297927,0.0677303977429068,0.07869452487132106,0.0676871323779069,0.06354872649646788,0.09409857102023257,0.0582109254025371,0.063122102757021,0.06951941136134164,0.058956253075422904,0.06345880883464818,0.056659198270235536,0.054264757303547934,0.056014779390183095,0.0524682569430416,0.05266493216344249,0.05197350787465352,0.10324095781353498],"valid_accuracy_dist":[0.9543918918918919,0.9367816091954023,0.930116472545757,0.9834983498349835],"valid_accuracy":[0.08865401752671578,0.4871287162307266,0.6663211373142275,0.8419865219717927,0.7703545276369334,0.8916126535059952,0.9165306406207905,0.9123770836619984,0.9225521101728908,0.9275356119501977,0.9395778007610724,0.8814375528736422,0.9192287089049012,0.9493366811887031,0.9445607239539159,0.9491295787072654,0.9512054830496135,0.9177743607778168,0.9584730554874562,0.9557734960101579,0.9603415617308426,0.9609644601594394,0.9528665248942169,0.9603415545955766,0.9642869286062383,0.9657401030729444,0.9661555118288415,0.965740477372504,0.9638709878627205,0.9667783714438403,0.968232003593738,0.9665707448965177,0.9694779690867574,0.9701007142048998,0.9701007962925736,0.9640789856279539,0.9707237768088443,0.9694779214350746,0.9584739492069241,0.9719693349451426,0.9696853838070488,0.9680243307735625,0.9698929606758798,0.9698929704859334,0.971554171073438,0.9727999764447266,0.9703082893709114,0.9713464331109077,0.9713464314080886,0.9713465884481707,0.9512061662652604],"mean_valid_accuracy":[0.08824374324940909,0.4860245134453642,0.6649145864517678,0.8415582687586982,0.769840478939593,0.8913251820661547,0.9165922899989621,0.9121897731988073,0.9224937510559252,0.9275176405956451,0.9395076892805434,0.881498085962484,0.9192151404168749,0.9493159756985706,0.9444859392819273,0.9491117863761779,0.951172052268029,0.9175599260639117,0.958490278927476,0.9557604103463455,0.9603312456482765,0.9609610998478816,0.9528410970485994,0.9603443201896202,0.9643022837407684,0.9657389057272012,0.9661605030741727,0.9657685360152102,0.9638241610754189,0.9667838768158091,0.9682506017897637,0.9665889646683009,0.969524517551575,0.9701155748293058,0.9701246309221517,0.9640520220091079,0.9707635412146028,0.9695338438082026,0.9585998514432977,0.9719888580140121,0.9697106437700189,0.9680644295739639,0.9699197601957407,0.9698975159361445,0.9715950152704979,0.9728410628034452,0.9703274234282803,0.9713644681609122,0.9713672003341647,0.9713983870612004,0.9511970808670087],"std_valid_accuracy":[0.08656438723890966,0.14515035960563688,0.15961368621253216,0.07387462842634092,0.09988702911195478,0.040115201761980565,0.034831187585717904,0.03284473126055486,0.031070876743295617,0.030025775245373445,0.02284918071539353,0.03679582721527665,0.020291103835845887,0.01921172638992315,0.017463552806325736,0.021815650039106918,0.017910864891176104,0.023596952486356727,0.017191068246840833,0.016388520355091408,0.014913756376826237,0.01502194634204687,0.015953112625722427,0.015219004359959832,0.01528707331759684,0.012946536482140721,0.013803610167913965,0.014876069334177592,0.011813939133083047,0.012908997037922455,0.014822268307562178,0.013339424168461992,0.01427429783865718,0.013200642845334884,0.013562443516913507,0.013474353831196825,0.01414519231792811,0.0140496576410937,0.02535443562172067,0.010640677034277884,0.012533191668177762,0.014282732684675543,0.01141169894551012,0.012383995066905913,0.011669062431867045,0.010911939144696528,0.012276263599258729,0.010943967783542128,0.011148885420526163,0.012621388074588352,0.020650524600691625],"valid_loss_dist":[0.13298064631384773,0.19159869754255698,0.21163367870544236,0.0621084255894812],"valid_loss":[2.308457715993207,1.5194601559575955,1.0957113956618953,0.5080747934584255,0.6530178951291364,0.34218136335562793,0.2822210443203813,0.27335295954412636,0.25974994292996084,0.2438165074628239,0.20188033211871242,0.35036802272168344,0.2524299689485546,0.16940222658750817,0.17828126624822546,0.16843352237886866,0.15582398834154843,0.2402072858592541,0.13936635161561342,0.1445731856705318,0.13064324936859825,0.12577514657696462,0.14320155391550757,0.1288438943933673,0.11639397474439796,0.11263721194051002,0.11181936475410012,0.11280635274588517,0.11402889905460127,0.11029730024780363,0.11082471680721215,0.10777308325151723,0.10366685397439407,0.10049859750896001,0.09948359644756279,0.11083251261635013,0.1002675873326149,0.09579412668411741,0.13115532553958412,0.09138397789848793,0.09712963544805175,0.10523563451738113,0.09287593392358265,0.0996332576648853,0.09243004676827762,0.0898549469176924,0.09240046232422373,0.09011409472044474,0.08897161036434294,0.08958633278538262,0.14959497738499747],