{"test_accuracy":[0.0972,0.3695,0.5878,0.7309,0.7787,0.811,0.8203,0.8169,0.8477,0.8506,0.8562,0.8717,0.8781,0.9005,0.9089,0.9031,0.9099,0.9127,0.9268,0.924,0.9263,0.9216,0.933,0.9357,0.9286,0.9367,0.9473,0.9417,0.9451,0.9372,0.9442,0.9391,0.9436,0.9518,0.949,0.9399,0.9494,0.9487,0.956,0.9583,0.9524,0.9524,0.9584,0.9546,0.9492,0.9497,0.956,0.9535,0.9561,0.9606,0.9605],"test_loss":[2.3084521141052248,2.0892909614562987,1.2846162925720215,0.887296116733551,0.7245428260803223,0.5919994270324707,0.5146596908569336,0.4931827042102814,0.38703521227836607,0.39890772285461423,0.3723391522884369,0.32024701552391055,0.3174959352493286,0.2618777611255646,0.25073113927841184,0.25554548778533936,0.24035718066692352,0.23777649607658385,0.2036132399559021,0.2045866040468216,0.20279660336971284,0.21024080717563629,0.1824859539270401,0.182705651140213,0.1888619785785675,0.1788235047340393,0.15626045668125152,0.16238489274978637,0.1633002997636795,0.1705398079633713,0.15804900164604188,0.16664247889518738,0.1575703063249588,0.13762154338359833,0.14099576046466827,0.16381434721946717,0.143179190659523,0.14303034378290178,0.12866813554763795,0.12316809597015381,0.13164393813610076,0.13681125466823577,0.12105385656356811,0.1307203286409378,0.14403560042381286,0.14094163753986358,0.12624281294345854,0.13383373737335205,0.12540229558944702,0.11606015794277191,0.11405369656085967],"train_accuracy_dist":[0.9862695395014787,0.9809845763786182,0.984094616639478,0.9885225375626043,0.9496491952125464],"train_accuracy":[0.07638802115873214,0.5157232704402516,0.7032362863926028,0.8171102503227956,0.856303886042734,0.8841684368361864,0.8913740680578116,0.8902494897746678,0.9114082219167812,0.9119496855345912,0.9194052230413595,0.9260277395976508,0.9283601982589862,0.9396476321379482,0.9428131117497605,0.9418134866091882,0.9460618934566204,0.9467699612645258,0.9540172435336749,0.954517056103961,0.9553917281019617,0.9532675246782456,0.959890041234537,0.9599316922820609,0.9587238119038693,0.9610979216127286,0.9673039276937815,0.9657211878878754,0.96555458369778,0.963138822941397,0.9668457661710192,0.965846141030447,0.9674705318838769,0.9709692198758799,0.9712191261610229,0.9661376983631138,0.9712191261610229,0.9709692198758799,0.9744679078678828,0.9750926735807406,0.9739680952975968,0.9730101212045483,0.9760922987213129,0.974426256820359,0.9705943604481653,0.9721771002540713,0.9755924861510267,0.9740097463451206,0.9758007413886459,0.9770502728143613,0.9778416427173143],"train_loss_dist":[0.04035020958636952,0.050297151932234295,0.05530161594099944,0.034570318691818064,0.13798074792644677],"train_loss":[2.312142179183995,1.546271300578019,0.8656739924624212,0.5729061389308048,0.4571404438659011,0.37020256389328904,0.3257647769569015,0.3157093821379637,0.2499468800049292,0.25163594482864493,0.23027244610499747,0.20329233090239207,0.19985620100329682,0.1691960221876198,0.16659798195596548,0.16345000013741962,0.15417844553074755,0.15367617059679478,0.13390106570927224,0.13202754168829897,0.1293307787439006,0.13249121766384284,0.11648905944387779,0.11879874171663629,0.11871004928991256,0.1134053377771391,0.0997668182346786,0.10070544130610797,0.10240130772928742,0.10424545636826733,0.09713156266978394,0.09883306510682863,0.09488411784172679,0.08541631219374293,0.08435928176802535,0.09666212179128876,0.08494285552073257,0.08450292120797247,0.07748681211383177,0.07437283327620933,0.07559487724830262,0.0797575334039457,0.07118374033176625,0.07588529124656766,0.08289001422640861,0.07948077927730716,0.07052150923985127,0.0774506515375235,0.06975435528539103,0.06706771604438107,0.06391724388664886],"valid_accuracy_dist":[0.9839527027027027,0.9864864864864865,0.9714751426242869,0.9849749582637729,0.9496699669966997],"valid_accuracy":[0.07408540213941428,0.5239026160622582,0.7065878855256884,0.8150006929402165,0.8571285470021401,0.8857678581242234,0.8922630858905979,0.8922623760204483,0.9129095963667433,0.9132419637748083,0.9204022054984994,0.9273958581861038,0.928727920015117,0.9398850218476332,0.9443816664544298,0.9413830671121562,0.9462129628789518,0.945880202809327,0.9568712360009781,0.9538732590148435,0.9568704049464465,0.9542062866275933,0.9587023490428322,0.9600348445850572,0.9590355286912946,0.9612005347540583,0.9665291233945386,0.9651967226448471,0.9645307164253996,0.9635312894062129,0.9663629403774536,0.9650305144221761,0.9668619701847779,0.9693597371730125,0.9685274573607265,0.9626988518023306,0.9681945238498725,0.9686936476489539,0.9711918236077942,0.9718576888939658,0.9705257790694404,0.9708585097479241,0.9726901552295762,0.9716911617271683,0.968693917531959,0.9690266752066342,0.9726902559432014,0.9708583304406726,0.973356084480795,0.974688876046371,0.9751879459632073],"mean_valid_accuracy":[0.07380145808628895,0.524058077541269,0.7070105618033402,0.8152875765287678,0.857462682030915,0.8861323362387685,0.8926611430661847,0.892580373018139,0.9132942207242986,0.9136418853099219,0.9208166415240182,0.9277115084518819,0.92910447805917,0.9401708296503767,0.9445931707561582,0.9416775577690284,0.9464980212596764,0.9461091852669969,0.9570816460736475,0.9540938132666404,0.9570854208714948,0.9544433583562844,0.9589298910229657,0.9601833719063426,0.9592483056845756,0.9613815462238737,0.966673029239951,0.9653687736261727,0.964705160842767,0.9637266801745563,0.9665494508757048,0.9652390087976637,0.9670324420849872,0.9694956290157707,0.9686981711663554,0.9629074717960119,0.9683681814689626,0.9688631010561906,0.9713361967499725,0.9719904775369826,0.9706840677939329,0.9710061204407647,0.9728271350810165,0.9718173894704473,0.9688691074019203,0.9692068586279433,0.9728387078184983,0.9710064327753211,0.9735026785406686,0.9748367539501608,0.9753118514147896],"std_valid_accuracy":[0.0880721322546517,0.04329286254203737,0.05747436786090429,0.06174218175586818,0.059541334486837,0.06068569568398846,0.06320688202412518,0.061041185525661804,0.061032779205092404,0.06101608115741534,0.06377823691270731,0.052343476959177127,0.05183926787260611,0.04396811535239189,0.031552246240797804,0.04198147452356594,0.037874707346842715,0.034661548359607844,0.027576696620954428,0.030813769175954225,0.02844549359315541,0.03222348528678773,0.028116982839188998,0.021220644461600015,0.02549971817031083,0.022462724829873024,0.01969872971958755,0.021595896643697356,0.01949197485167996,0.0234132550002921,0.020960366087391703,0.02485752208220139,0.02112292645109575,0.01795704123104563,0.02014491595487574,0.025501622005228576,0.020542227893594788,0.02034926445280175,0.017172480902939068,0.014691573500676494,0.01828694154282031,0.018082984362972013,0.01534492745785952,0.016356381182160665,0.02013454666712052,0.020783617174585347,0.017741467488827253,0.015622946385251572,0.01675740890045119,0.01407528536547591,0.013893444387869403],"valid_loss_dist":[0.05564038158469909,0.04718538152204978,0.09141881851374666,0.046888148943848525,0.1429724231509879],"valid_loss":[2.3134704733799953,1.5138146750554202,0.8468813327641195,0.5583994929518744,0.4445531414506933,0.3598193351586158,0.3165987211914787,0.30786349376541217,0.2431657334657591,0.2456227941137251,0.2255106963470502,0.20026411143254097,0.19681838244704702,0.16781346889685297,0.16506936440984163,0.16246978058980494,0.15368091066608022,0.15390646541666922,0.1353787754112587,0.13377069015932264,0.13114896493265119,0.1345432924123405,0.11981082138980165,0.12260003992290285,0.12240951365606557,0.11744512287764791,0.10489071073747704,0.10551112183663792,0.10878680771972611,0.10976331831734853,0.10328971830085439,0.10558540581474306,0.10197573677968154,0.09304831316237688,0.09278621108562336,0.1049807337715799,0.09425997858964978,0.09395324919601634,0.08724276435283937,0.0845293389159468,0.08617637214457409,0.09001141952342742,0.08217160482133117,0.08678922056246141,0.09356057802678848,0.09056007554029669,0.08231530377192044,0.08988087809686662,0.08204209095723722,0.07975610606572053,0.07716190742995752],