{"test_accuracy":[0.0972,0.2265,0.5412,0.6144,0.7018,0.7607,0.7722,0.8515,0.7773,0.8685,0.8898,0.8901,0.902,0.901,0.92,0.921,0.9434,0.9297,0.937,0.9291,0.9323,0.941,0.8595,0.9424,0.9508,0.9532,0.9357,0.9488,0.9547,0.9526,0.9569,0.955,0.9553,0.9546,0.9596,0.9485,0.9565,0.9506,0.9647,0.9645,0.9664,0.9616,0.9603,0.9659,0.9692,0.969,0.9676,0.9737,0.9705,0.9713,0.9699],"test_loss":[2.3084521141052248,2.8711442264556886,1.6666381246566773,1.3015908908843994,0.9154116097450257,0.7299220778465271,0.6797470237731934,0.44949916191101075,0.6443367787361145,0.3953155057430267,0.32933910980224607,0.3279185832977295,0.2954569917678833,0.300387686252594,0.24451969819068908,0.24514396154880524,0.17889520971775055,0.21702670075893402,0.19567119851112366,0.21923419327735902,0.2090577469587326,0.18027692360877992,0.4193580412387848,0.17946270656585694,0.1530096816420555,0.14848513932228088,0.19906938233375548,0.1577295909166336,0.14302550687789917,0.14699697434902192,0.13347430737018584,0.14007411473989487,0.14249491143226622,0.14036628638505935,0.12710100464820862,0.15644498071670532,0.13523326538801192,0.15806112891435622,0.11019956579208375,0.1106748568534851,0.10500787782669067,0.1175199625968933,0.1226945213675499,0.10648968544006347,0.09711360054016113,0.09815640375614167,0.10225553278923034,0.08096285511255265,0.09169268960952759,0.09097289327383042,0.09353702809810638],"train_accuracy_dist":[0.9730950913945369,0.9685189097823791,0.9914355628058727,0.9860561914672217,0.9917894736842106],"train_accuracy":[0.1881467935663522,0.3492373550558996,0.6813100037404929,0.7418644279123894,0.8126013050164166,0.8473463280827895,0.8576119030796725,0.9033290386933212,0.85333111674494,0.9161298366651428,0.9278084867628111,0.9295956111549811,0.9359128880761398,0.9368272307884128,0.9451394372636216,0.946344707202527,0.9612235567931507,0.951124225925772,0.9570674535555463,0.9508332986991397,0.9530775944474461,0.9592286272391006,0.9117243672332821,0.9600598478866215,0.9667096130667886,0.9685382984913345,0.9573583807821786,0.9655043431278832,0.9685798595237106,0.9675408337143094,0.9718631810814181,0.969037030879847,0.9693695191388554,0.9702423008187523,0.9729022068908192,0.9647146835127385,0.9717384979842899,0.9682058102323262,0.9784713852292091,0.9758946012218943,0.9783051410997049,0.9756452350276381,0.9758530401895184,0.9780557749054487,0.9801338265242509,0.9804663147832592,0.9798013382652425,0.9845392959561116,0.9822950002078051,0.9825443664020614,0.9822118781430531],"train_loss_dist":[0.07946720105724232,0.08628672527134759,0.0327789888430089,0.04632848015250822,0.02977125600274456],"train_loss":[2.29521228653659,2.051688200953516,1.027415015836105,0.7918215331420464,0.56305634328133,0.46450370072793307,0.4322251390309203,0.2962294578716982,0.42608919536218715,0.26258326631091555,0.22384390395347883,0.21962261238657899,0.19956471643269613,0.20045961245084998,0.16811368686522604,0.16807589180206134,0.12564936857909753,0.1486895145398389,0.13461428021618932,0.15033025564962996,0.14433308345615248,0.12463909722695866,0.2713909373198269,0.12137927110040035,0.10330311380898678,0.09994461126976995,0.1331702010833567,0.10605532126315023,0.09646110297987166,0.09865967980889646,0.08577542832878124,0.09088368116626418,0.09237099662661567,0.09023168180979357,0.08040229171201141,0.1050225817477444,0.08539886638800218,0.09780456841408149,0.06754880645321465,0.07072364826266751,0.06496159658798983,0.07236938771356034,0.07403946200920694,0.06465974019971266,0.059651237138767285,0.058675265246145664,0.05949035856759309,0.049053879189900514,0.05360978043091515,0.05281497403699994,0.054864338435183714],"valid_accuracy_dist":[0.9655172413793104,0.9636824324324325,0.9763651181744091,0.9733777038269551,0.984006734006734],"valid_accuracy":[0.17926550781642883,0.34025160941329113,0.6728659080469076,0.7320133807629859,0.8011283690016393,0.8335261716877533,0.8471495142192156,0.8956637414590664,0.8476487590095237,0.9071275612186287,0.9209174720223501,0.922745280915714,0.9293904169840929,0.9292245286499665,0.9418507788726386,0.9426818375034842,0.9574679973779591,0.9481642931261035,0.9551422795131153,0.9478322281651551,0.9484968218164789,0.9571360003663394,0.904635428340984,0.9582989815062204,0.9627847692209448,0.9639476778949302,0.9513212242241269,0.9614556774875768,0.9649445329834447,0.9639477497177803,0.9676027881120803,0.9654429898657437,0.9644462068962173,0.9661076467381093,0.9687657639624189,0.9592957449987156,0.966273764412459,0.964612432652874,0.9734174638058395,0.970260950065096,0.9722546815284255,0.9695964305384291,0.9699287888309902,0.9712579060150612,0.9730853527027922,0.9735838129026138,0.973583650021794,0.9772387402667465,0.9747465504640134,0.9755773242885224,0.9725871241397437],"mean_valid_accuracy":[0.17924460331026065,0.3400469432037843,0.6726991601935524,0.7319873938411375,0.8010452121876874,0.8333398719090255,0.8469326805657598,0.8954249631253941,0.8475208066397482,0.9069254156723405,0.9207785608765725,0.9226085378546032,0.9292349987954859,0.9290971601218327,0.9417665065289181,0.942634757721837,0.9573878120498842,0.9480862272902474,0.9551045645825431,0.9477946950583531,0.9484613881588322,0.9571013016715559,0.9046793238864599,0.9582722552151525,0.962771491944338,0.9639446685086455,0.9513264338372819,0.9614460217716877,0.9649244331867447,0.9639434769756404,0.9675797911579178,0.9654278312266376,0.9644428326681094,0.9661053470066954,0.968753878497045,0.959279577924749,0.9662538564431458,0.9646442214307495,0.9734089025458369,0.9702670246059248,0.9722467423785467,0.9695918803987091,0.9699108050292249,0.9712497836393024,0.9730738008877455,0.9735647427555865,0.9735543491410054,0.9772633559600692,0.974737162684782,0.9755661300296856,0.9725898459639684],"std_valid_accuracy":[0.005269059172159542,0.0631789462952386,0.12585410016764093,0.12090147166443853,0.09860684977859599,0.07661721753066345,0.07223483751040427,0.049842265492781646,0.07668804118084166,0.04613026277009643,0.03848856373308436,0.03677146031584259,0.03471913973243763,0.03365974420103212,0.024439288771488463,0.024121550559605298,0.015815530102053832,0.021788031382344954,0.017795760091609974,0.022095412269943118,0.02054896166137185,0.016293451971185164,0.0499036633282304,0.01737035307093715,0.014024598197325822,0.014988713136664686,0.02078690815279651,0.015322463290837217,0.0128791859858512,0.014011102941106003,0.013011857576408574,0.014693189541845722,0.014984835768161005,0.013706592710177407,0.011779416526673926,0.014395769268067822,0.014282816980576974,0.018064755781822255,0.011233754926337772,0.01099332623864011,0.00980847787810196,0.012098095702832613,0.012552771162123758,0.010271754620393309,0.00905556655642265,0.008781140234786844,0.01011093477885533,0.0061596548773430486,0.007738634548601919,0.007733594005488651,0.007410566567934665],"valid_loss_dist":[0.10423017920825282,0.09521463553647737,0.062190389902784075,0.09241457086384991,0.06140923235402364],"valid_loss":[2.2962623377308704,2.0857406984035296,1.0545871345502829,0.8201203203387748,0.5870981846108334,0.48880944700439993,0.45565715838397713,0.3147819409556004,0.45161990939032237,0.281878573234711,0.24196605624801956,0.2373943841178542,0.2159877830330265,0.22068697180123853,0.1861452360933287,0.18648311173331772,0.1419413061616465,0.16554339933310258,0.15175401717581125,0.16830862807297967,0.1634042904895887,0.1426589362524662,0.29837863540261966,0.1398170444654891,0.12143580116295906,0.11782009145925414,0.1547806463533234,0.1261258435178472,0.11610528001476761,0.11877951626852337,0.10492046118765615,0.11147146869586534,0.11333458619818668,0.11220129058359812,0.10098493929864322,0.1305300210835995,0.10831716695600786,0.12055748720148818,0.08912397145090764,0.09387122997595783,0.08814772215612686,0.09670520300978393,0.09856292732183193,0.08905332512379495,0.08398498856147764,0.08362244411887748,0.08488229709419866,0.07278792080943285,0.0786917175933526,0.07825931306139929,0.08307531487988007],