{"test_accuracy":[0.0972,0.3968,0.6664,0.7139,0.8207,0.8652,0.8817,0.8866,0.8981,0.919,0.9166,0.8918,0.9323,0.9396,0.9449,0.9456,0.9497,0.9473,0.9579,0.9533,0.9553,0.9571,0.9577,0.959,0.9582,0.964,0.9538,0.9606,0.9652,0.953,0.9651,0.9682,0.9475,0.9682,0.9688,0.9702,0.9717,0.9733,0.9721,0.9735,0.971,0.9716,0.9736,0.9746,0.9749,0.9734,0.974,0.9757,0.9798,0.9767,0.9764],"test_loss":[2.3084521141052248,1.6261525360107423,0.8891827240943909,0.8305204119682312,0.4819788156032562,0.3785596949577332,0.34537390270233154,0.3224759969711304,0.2967911102771759,0.24734300787448882,0.2529742028236389,0.3084069913864136,0.20025737569332122,0.18042905943393708,0.16645668728351593,0.1600744450569153,0.149313311958313,0.15284777386188508,0.12706768844127656,0.13722609252929688,0.13488660790920257,0.12612091355323793,0.12762935746908188,0.12161162940263748,0.12139115139245987,0.10501132099628449,0.13929154863357543,0.11582013627290726,0.10365589632987976,0.13768977320194245,0.10286245460510254,0.09238707036972046,0.14846596324443817,0.09366296982765197,0.0879663772702217,0.0862177145600319,0.08333298233747483,0.08003973718881607,0.07883935289382935,0.07906976014375687,0.08603942631483077,0.07992030595541,0.07590173592567444,0.07576259531974792,0.07452571233510971,0.07504672734737396,0.07563570767641067,0.07265029797554017,0.05867773517370224,0.06774790085554123,0.06847274013757705],"train_accuracy_dist":[0.983312209547951,0.9739166153214213,0.9930156121610517,0.9859424920127795,0.9737773152965661,0.9876878130217028,0.9915394139496492],"train_accuracy":[0.055788628046059094,0.4945996608051415,0.7356362878990746,0.7775298283197953,0.8578654527061204,0.8940164836799667,0.9060668273379154,0.9089529590288316,0.9171650450772114,0.9319527507512868,0.9323097979707816,0.9115117974352108,0.9463536552709095,0.9505192061650153,0.9551905739534053,0.9565890088964265,0.9604570204409533,0.9578089202297003,0.9659019905382487,0.9637001993513642,0.96375970722128,0.9671814097414383,0.9659317444732066,0.9676872266357226,0.9668838703918593,0.9720015472046178,0.9651878960992591,0.9703948347168914,0.9735189978874706,0.9638489690261537,0.973132196733018,0.9764348835133446,0.9587610461483531,0.9778333184563659,0.9779820881311554,0.9784879050254396,0.9793210152042607,0.9803921568627451,0.9798565860335029,0.9801541253830819,0.9801838793180399,0.9805111726025767,0.9823559165699663,0.9815525603261032,0.9821476390252611,0.9819393614805558,0.9819393614805558,0.982772471659377,0.9859263887649141,0.9845577077568508,0.9841709066023981],"train_loss_dist":[0.046395191709527904,0.07585120244492224,0.027654581240262766,0.04276639239126628,0.08297066438737695,0.035563370079200136,0.029553599466519368],"train_loss":[2.3136634428125364,1.3918698902957842,0.7228073725091297,0.6411040250298743,0.3915379596602832,0.3079815871303958,0.2812127353437683,0.26306892784174424,0.24191592371050732,0.20530043997325192,0.20486343959241946,0.2517535730774317,0.16410304409903437,0.15142231847858229,0.13914231530526822,0.13361591550401095,0.12412477967190853,0.1267143554683811,0.10683446129828159,0.11210367247374042,0.10999242337432498,0.10290844007258457,0.103531647390553,0.09781178836321557,0.09815031781195424,0.08556300126821519,0.10531207547511748,0.09027775548646337,0.08186726250469803,0.10584710016698129,0.0808808721564055,0.07263666669120677,0.11971809228724188,0.071066805892733,0.06765357815439711,0.06661612934859472,0.06417046321999395,0.061169803455011336,0.060750619469947,0.06072662362261949,0.06125681947097291,0.05910594738521525,0.05550047262659345,0.05665984137402791,0.055048239129046266,0.05469147618814007,0.05455336019767216,0.05223061418353495,0.044466688900032345,0.04829611923297756,0.04869753669634479],"valid_accuracy_dist":[0.9805743243243243,0.9729064039408867,0.9917830731306492,0.9863713798977853,0.9584026622296173,0.9858096828046744,0.9876237623762376],"valid_accuracy":[0.051859303839056424,0.48936807727694204,0.739225495278746,0.780628033194294,0.8610513334438534,0.8950750225057347,0.9076849352913363,0.9100642254814862,0.9196998307396358,0.9321908176314825,0.93147630101541,0.9111335516917408,0.9459902269127854,0.9492022047569275,0.9536042014001893,0.9551504852015188,0.9582437267317414,0.9571732766910072,0.9645485878154159,0.9614562345631974,0.9630025983668026,0.9645490601919238,0.9662140954183039,0.9664521770972924,0.9663332665658703,0.9695452012582665,0.9637171837330358,0.9672852067337468,0.9708539286443927,0.9618133021221738,0.971091637981921,0.9741847587608863,0.9557451365676465,0.9741846945347408,0.9743035781014007,0.9759692012526281,0.9754932848644099,0.9765638630878003,0.9759687569079376,0.9766828085899227,0.9764456301546227,0.9768018927963308,0.9776348306924678,0.9771586209821364,0.9772777551986543,0.9763261995531171,0.977158916619081,0.9785864437941428,0.9814412152208781,0.9794190569891092,0.9804898481135466],"mean_valid_accuracy":[0.051512839879810195,0.4879755493054336,0.7390953237031745,0.7808783947942517,0.861139047608952,0.8951317821188821,0.9077901709846093,0.9101099644286136,0.9197311018952516,0.9322476026813054,0.9315283356503338,0.911109647312288,0.9460114833606339,0.9491943284559659,0.9535890714352535,0.9551503815753831,0.9582545342542855,0.9571813214351715,0.9645633685821718,0.961462987139331,0.963014142197147,0.9645609444923741,0.9662265920411179,0.9664654293009997,0.9663318561898026,0.9695571009305263,0.9637668970504966,0.9673042538783958,0.970862071083153,0.9618288600759476,0.9711031292909098,0.9741945024856824,0.9557462062412075,0.9742387476419557,0.9743098698698638,0.9759822829610642,0.975514798726107,0.9765695011900178,0.9759819174963462,0.9766777073789777,0.9764689246378594,0.9768157039776975,0.9776479100774861,0.97716428260426,0.9772989232133121,0.9763469555816242,0.977166942308451,0.9785829939776889,0.9814350967037309,0.9794197659474576,0.9804958983863108],"std_valid_accuracy":[0.07799156292106438,0.1957650587269762,0.1453004993565021,0.13089900214377834,0.08665593056191744,0.06483838391333119,0.05365494221254422,0.056776944627381094,0.04909672709428707,0.038694572140533026,0.03553846383092795,0.05296760831934822,0.028534413553735653,0.027270689005178858,0.026524406511997056,0.023482221874863103,0.023257289788335418,0.02435661462461975,0.01991218810865218,0.02438557864962904,0.02284486282023608,0.022226967757495174,0.018912977598400167,0.020141411320681552,0.0197858596021481,0.018285970406827966,0.026272129247429988,0.02076676823077839,0.017260750882534818,0.025145749056818406,0.01630713492308383,0.013965736425114065,0.027471055920160546,0.013866635882139131,0.013824463309833711,0.012659785652636162,0.012627194253249402,0.011745612216061772,0.01107435138687264,0.011562675419917793,0.015213677745575784,0.012167910609923366,0.012841521524226207,0.011536839472650478,0.011843980915097503,0.013485713223760172,0.012582424942028618,0.012284922778621837,0.008975992309713453,0.010786227647093931,0.010601091635466822],"valid_loss_dist":[0.0596047221003352,0.09112399562043313,0.03392582772729724,0.05379638725850458,0.13656344013087166,0.04835202031223125,0.039719559774786334],