{"test_accuracy":[0.0972,0.3651,0.6023,0.6526,0.7458,0.7973,0.8377,0.8491,0.8587,0.8929,0.8811,0.8881,0.8907,0.9082,0.9078,0.9051,0.9207,0.8973,0.9214,0.9372,0.9325,0.9352,0.9433,0.9317,0.9455,0.9479,0.9428,0.9457,0.9467,0.9435,0.9538,0.9519,0.9545,0.9516,0.9554,0.9493,0.9583,0.9578,0.938,0.9614,0.9566,0.9576,0.9588,0.9563,0.9634,0.9621,0.9628,0.9492,0.9676,0.9651,0.961],"test_loss":[2.3084521141052248,1.9029780445098876,1.3238513038635253,0.9951588890075683,0.7306252658843995,0.5954735299110413,0.5204157994270324,0.4573231348991394,0.4217690890789032,0.3266401237010956,0.3666275977134705,0.33411729373931887,0.3292068079471588,0.2653574674606323,0.26356221833229065,0.27249030818939207,0.22754512221813203,0.29023331713676453,0.22378600628376008,0.1904517007112503,0.2013872381210327,0.19619742832183837,0.17425825181007384,0.2016102786540985,0.16249235718250274,0.15747568745613097,0.1717507357597351,0.16242187349796294,0.15753556547164918,0.16384639887809754,0.13903539236783982,0.14197276068925857,0.1368583389043808,0.14099869846105575,0.13174961160421372,0.15125634524822235,0.12563752150535584,0.1289587301492691,0.17713943722248077,0.12082372276782989,0.1296161537528038,0.12792911152839662,0.1229707573890686,0.13167700155973436,0.1121337945342064,0.11637315425872803,0.11152589490413665,0.15028759219646454,0.10225381352901458,0.10707263044118881,0.1182598256111145],"train_accuracy_dist":[0.9771814916543419,0.9965921192758254,0.9652445369406868,0.9682804674457429],"train_accuracy":[0.09823915900131407,0.5074375821287779,0.7506438896189225,0.7833377135348226,0.8415243101182655,0.8664388961892246,0.8942444152431012,0.9040735873850198,0.9122207621550591,0.9262549277266754,0.9245729303547964,0.9291984231274638,0.9311432325886991,0.9418659658344284,0.9418659658344284,0.9424967148488831,0.9530617608409987,0.9283048620236531,0.9539553219448095,0.960473061760841,0.960473061760841,0.9615768725361367,0.9662023653088042,0.9582654402102496,0.9676741130091985,0.9693561103810775,0.9662023653088042,0.9684099868593955,0.9685676741130091,0.967095926412615,0.972772667542707,0.9728252299605782,0.9734559789750329,0.9716162943495401,0.9744021024967149,0.9717214191852825,0.9751379763469119,0.9754007884362681,0.9646780551905387,0.976819973718791,0.9752431011826544,0.9767148488830486,0.9776084099868594,0.975873850197109,0.9798160315374507,0.9790801576872536,0.9790275952693824,0.9715637319316689,0.9816557161629434,0.9807621550591327,0.9767148488830486],"train_loss_dist":[0.06639376298433727,0.01537856777556661,0.09159858273914032,0.09941761078739007],"train_loss":[2.3109576552612867,1.406292181773192,0.8333938560802269,0.6344930672426261,0.4673398784143696,0.3902359670772659,0.34252359971501983,0.2918367353798369,0.26776452082567864,0.22576705021707832,0.2307528244434769,0.21185737177710026,0.20528494554812898,0.17276815960367312,0.16956432797944812,0.1673530820689596,0.1433784513890195,0.20098682771286341,0.1383719172319899,0.12242946087902855,0.12312850237480132,0.11912431193361457,0.10669629675369226,0.12333062900369804,0.10082314234603877,0.09675631474434311,0.10176618623548479,0.09685004677413014,0.0950558652921669,0.09634823604860146,0.08397804940772903,0.08355605332946965,0.0814786296050981,0.08355805018806582,0.07771969617333424,0.08544440203717128,0.07432253420901204,0.07496558938346774,0.10104148532465863,0.07030573400904996,0.07296173661525035,0.0707684606456647,0.06758874811775463,0.07090897747235919,0.06163560250575768,0.06231735909139828,0.060772583264069396,0.08160637174540844,0.054620616625842694,0.05738143518312532,0.0684880124502442],"valid_accuracy_dist":[0.9721283783783784,0.9906303236797275,0.9484193011647255,0.9657762938230384],"valid_accuracy":[0.08993120840705712,0.5138641655129789,0.7570236598410008,0.782458920390329,0.8455148468475772,0.8684268283995005,0.8967978833211607,0.9035263183324406,0.9113031329424709,0.9255979074793271,0.9215992349775629,0.9285376518159905,0.9300076949401731,0.9417823282170634,0.9411512780389434,0.9417801795978215,0.9489265126914288,0.924132153031878,0.9495564785702952,0.9558636972280041,0.9556520909104526,0.9558617214394067,0.9615371843611425,0.9518704133463801,0.9623781542302298,0.9644802057676206,0.9606960684486253,0.9619575644831315,0.9625884874626587,0.9604860383742647,0.9682629008852024,0.9676321011154619,0.9674218574271861,0.9653201518255374,0.9682636044486524,0.9651101625344475,0.9691047323275879,0.9686834438658211,0.956913072167378,0.9709956118928947,0.9686838782112884,0.9701550960388529,0.9716257525968093,0.968262719802493,0.9737285961073756,0.9726770406030765,0.9726780076757524,0.965320635791863,0.9754097615827841,0.9735190092160702,0.9691063194027696],"mean_valid_accuracy":[0.08970783680693142,0.515091221859716,0.7583727117373774,0.7836910802808117,0.8464053889168524,0.8691670181445591,0.8972955423607846,0.9040691345170809,0.911817728866135,0.9259448043475622,0.9220148405693425,0.9289120838010718,0.9303709926331897,0.9420844316938586,0.9414517795699171,0.9420767418369533,0.9491840271052927,0.924490793368355,0.9497995799131347,0.9560816035645279,0.9558702440194395,0.9560838347081129,0.9617331552887673,0.9521061739153751,0.9625468502051666,0.9646381614631667,0.9608756025829152,0.9621308513540642,0.9627564851120387,0.9606694144345117,0.9684002501217055,0.9677879586492912,0.9675697916346756,0.9654808230410692,0.9684034630282994,0.9652766927583876,0.9692420439753711,0.9688236769864763,0.9571069052061111,0.9711261368931251,0.9688278181913185,0.9703024629201875,0.9717484487416606,0.968420476296989,0.9738447714467032,0.9728042429317012,0.9727985140828502,0.9654815429608412,0.9755143199041372,0.9736372453523502,0.9692385742614674],"std_valid_accuracy":[0.08590534016064338,0.13802544903764463,0.16071498362951006,0.14202539390883365,0.10169183332420433,0.0828739872245171,0.06129112856509208,0.06137600309020999,0.058056203815555124,0.03761786549802891,0.0514881882078385,0.04303859594784642,0.04380437676273845,0.03249376336106882,0.032262044495111906,0.03299869173741142,0.028537678545057052,0.04078455842000616,0.027563878989496957,0.02359534998664618,0.024284406951198025,0.025331204100820973,0.02182018641711283,0.02522812490270926,0.018639693865834108,0.01725993366773937,0.02059008583628776,0.01931836927091314,0.01839087596489903,0.020831236285127265,0.01540136144054167,0.017647806365227392,0.01694916770255422,0.018238871257604546,0.015081650508894666,0.018590750302871193,0.01470434093864309,0.015509765746115813,0.021994253189273835,0.01447891433086761,0.015637667262184032,0.015943360498538818,0.013788713017578056,0.017739980869502597,0.012559867768215724,0.013856137343421981,0.013052701769712908,0.017745338211066553,0.01121223045697582,0.012781636010575555,0.015094596956517213],"valid_loss_dist":[0.0810594687590728,0.027595291678909548,0.18145793453230835,0.11571559800030991],"valid_loss":[2.3116899430245943,1.393667526248473,0.8368168956557015,0.6369172707311294,0.47186101388259855,0.39692979008023327,0.34581766640000505,0.301185628327768,0.27791744759111014,0.2314660190749357,0.24049030965133636,0.22289689164080145,0.21667196579044842,0.18578317570052466,0.1837572761429713,0.18269015324767204,0.15779441702570718,0.21917318830702612,0.15392768588436556,0.1389141117679077,0.14026508101425314,0.1362313217217488,0.12463926722679303,0.14381866267617502,0.11878768445072611,0.11567285859850947,0.12106683072823508,0.11696740466310329,0.1155867535396409,0.11769980813240728,0.1048208173113116,0.10528929755043584,0.10275805037032339,0.10584692324375977,0.10009623125222893,0.1099010689182356,0.09864772402806721,0.09901495105407096,0.12797966105521383,0.09464780336982982,0.0998950339642545,0.09750362506930459,0.09400693266170286,0.0985337906229473,0.08933592400200509,0.09092764741504561,0.09019437719566305,0.11190185834267799,0.08402081836578529,0.08743253179995197,0.10195158376422594],