{"test_accuracy":[0.0972,0.5102,0.6897,0.8354,0.8764,0.9028,0.9134,0.909,0.9236,0.9273,0.9388,0.9366,0.9462,0.9321,0.9509,0.9556,0.9411,0.957,0.9586,0.9592,0.9612,0.964,0.9655,0.9655,0.9679,0.9355,0.9659,0.9682,0.9682,0.9709,0.9718,0.9673,0.9715,0.9701,0.9691,0.9753,0.9733,0.9639,0.976,0.9743,0.9756,0.9736,0.9759,0.9766,0.9769,0.9746,0.9761,0.9775,0.9758,0.9751,0.976],"test_loss":[2.3084521141052248,1.3317786556243896,0.7915369877815247,0.48159399671554565,0.3733204334259033,0.30742277383804323,0.2707586676120758,0.2678863968372345,0.23559151771068573,0.21479027428627015,0.19022246215343475,0.19163695456981658,0.16418675501346588,0.1960095986366272,0.1519642059326172,0.14009027194976806,0.17220948643684386,0.1313530256509781,0.1247225444316864,0.12206877682209015,0.11613892782926559,0.10947191398143769,0.10314381648302079,0.10489062688350677,0.09612696123123168,0.18057990543842314,0.10132819112539292,0.09548786723613739,0.09587993899583816,0.08679412753582001,0.08356208758354187,0.09544359642267228,0.08455334469079971,0.08912315454483032,0.08653189557790757,0.07278636784553527,0.07882246795892715,0.10668670585751533,0.07090282357931137,0.07394045536518097,0.07125359598398208,0.07313199577331543,0.07048108942508698,0.06833669347763062,0.0676327469587326,0.07239700310230256,0.06691645836830139,0.06533221975564957,0.06864110363721848,0.06908093148469925,0.06811584324836731],"train_accuracy_dist":[0.9771863117870723,0.9831587594988704,0.9919062832800852,0.9762747138397503,0.9870617696160268],"train_accuracy":[0.07809165097300691,0.5934295877798703,0.7481899979075121,0.8557020297133291,0.8868382506800586,0.9114040594266583,0.923749738439004,0.9211969031178071,0.9325800376647835,0.9363465160075329,0.9456371625863151,0.9431261770244821,0.954676710608914,0.9434609750993932,0.9577317430424775,0.9614145218664992,0.9509939317848922,0.96400920694706,0.9671479388993514,0.9660179953965264,0.9672316384180791,0.9715003138731952,0.9727139568947478,0.9722117597823813,0.9739275999163005,0.9489851433354258,0.9740531491943921,0.9751412429378531,0.975559740531492,0.977317430424775,0.9782381251307805,0.976271186440678,0.9783218246495082,0.9770244821092279,0.977359280184139,0.9803724628583386,0.9796191671897887,0.9724628583385646,0.9820464532328939,0.9807909604519774,0.9813350073237079,0.9820464532328939,0.9819627537141662,0.9824649508265327,0.9825905001046245,0.9816279556392551,0.9833437957731743,0.9829252981795354,0.9827160493827161,0.9820464532328939,0.983092697216991],"train_loss_dist":[0.06750120852735912,0.05481882349596202,0.02457442017940604,0.0660400429157139,0.04079786028234111],"train_loss":[2.312618992991666,1.2087665305523774,0.6924502404090574,0.4380418767207436,0.3427474269497267,0.28678492360108565,0.24924446840738,0.24250839791566814,0.2132026210349333,0.19426424822053492,0.1722170491657838,0.1727758070400605,0.1480152269916932,0.1715455869503115,0.1350693130940916,0.1252851156489411,0.14961122315712966,0.11629198542615814,0.10933936355215756,0.10765695539799089,0.10275304574121065,0.09519477047417473,0.0907371757362996,0.09124897352713475,0.0851430976110526,0.1472526899993195,0.08568467576338124,0.08119865845928609,0.08055984643756639,0.07408927148135917,0.07124779681252445,0.07754654389924773,0.06989557833870128,0.07321214479205031,0.07077474784621274,0.06093106046280032,0.06367085591787996,0.08529473469308303,0.05695385842319624,0.05913727713942132,0.05794682087336569,0.05711655188839065,0.05622814794880347,0.05445412173469674,0.05270275292513909,0.05601481040477828,0.05110658633616815,0.05078109161319107,0.051828535083236246,0.053006771523162466,0.050833489357424246],"valid_accuracy_dist":[0.9771959459459459,0.9712643678160919,0.9880749574105622,0.9575707154742097,0.9833055091819699],"valid_accuracy":[0.07294159207896411,0.5925660517371355,0.7495205605215395,0.8527574393867805,0.8904057863792461,0.9118214875813276,0.9220277486561007,0.9183481815452827,0.9305619974835224,0.9334068450485766,0.9429441339838062,0.9394306687040415,0.9493024086903213,0.9389289973573683,0.9531507893084584,0.9578352889779922,0.9466254673040857,0.9595087169058766,0.9633573102443637,0.962854683110687,0.9636915113880261,0.9678747957747247,0.9677070513493793,0.9680414688953063,0.9697146985610112,0.9452875034866438,0.9692133107094065,0.9685434876041066,0.9698818778807432,0.9732282969318184,0.9722244953125525,0.9695479230886288,0.9725590456638259,0.9712207568294436,0.9698825458967879,0.9749015575262615,0.9728938146137635,0.9667026108807609,0.9757382690044804,0.9740649773960629,0.9747341490546519,0.9750691945893195,0.9745667175458962,0.9760730674176579,0.9764073478741764,0.9733957248412173,0.9759053839012021,0.9755705904594709,0.9755707604518552,0.9745670568459591,0.9754036839464669],"mean_valid_accuracy":[0.07211797583173427,0.5941597372538762,0.7503169291464274,0.8531747600317712,0.8908023664841499,0.9121047156918543,0.9222806013078996,0.9185423341032444,0.9308058604508196,0.9335742460337311,0.9431395648478768,0.9395839024099522,0.9494778197982013,0.9390841399305552,0.9532949912788095,0.9579497469655782,0.9467933813898565,0.9596290499900002,0.9635015576646673,0.9629498724511718,0.963772901014101,0.9679906320375441,0.9678060308669852,0.968138522482438,0.9697939008777826,0.9457134360942726,0.9693561131971397,0.9686489038101556,0.9699916324650413,0.9733161159869669,0.972309922706577,0.9697131399788965,0.9726531473982508,0.9713255250591875,0.9699737257317324,0.9749794904304764,0.972974193758635,0.9668966976776117,0.9758216350837252,0.9741513595951741,0.9748256556862638,0.9751603899088306,0.9746550904747673,0.976160852506149,0.976481650648877,0.9734894817419366,0.9759986617734621,0.9756544580689624,0.9756671101757943,0.9746766337484534,0.9754822991657559],"std_valid_accuracy":[0.08384364463111096,0.1777575246541398,0.13131627927525596,0.07155602414251502,0.056196966196893884,0.039297401918598034,0.03355360962464415,0.04358013903376153,0.03221287988685365,0.034996529076550584,0.02676579655734928,0.03313330310396298,0.023983657989312193,0.03594802245221186,0.023533625604246412,0.019733439798429876,0.02835580530005957,0.019269641387992455,0.018462211630706625,0.01573060387344751,0.017217401576023385,0.01632251620970086,0.013641418451579426,0.013387668810762416,0.012543029601232453,0.03663260465448816,0.015923671166698867,0.013426845668837492,0.013676567326929037,0.01182487679756971,0.011663235115194964,0.01641860761599192,0.011770656966290725,0.013284818380605957,0.014828353122185306,0.010339736544980573,0.011700933678820418,0.016552132657167422,0.00954869039611449,0.010920659021564966,0.00969192267179035,0.011537077339697468,0.009119850316556563,0.011076803387797745,0.00937545062727484,0.011129131700405422,0.009323805167119444,0.008936466157988647,0.010088616017341411,0.011304798690139404,0.010595565271615068],"valid_loss_dist":[0.07739092258585466,0.07622695769900563,0.03706068370738773,0.14330147713819477,0.05377400130070808],"valid_loss":[2.31231048425231,1.2056908130728887,0.6915573552326015,0.4389775767381878,0.34232294720893214,0.2942774301845159,0.2534951135996231,0.2512955440177105,0.21851984602338265,0.2033602299773766,0.1803613901477694,0.18397225970177183,0.15847375198322514,0.18529043758845032,0.1468371555678629,0.13704250227294887,0.16439707524106553,0.128608009802007,0.12187756098785421,0.12067841164173115,0.11719075812012758,0.1093450744628115,0.1054810958088804,0.10684717974788001,0.10063614456255744,0.1620736627442214,0.10100329058921748,0.09891241697638845,0.09734569895220586,0.09136795218291524,0.08925943198171021,0.09684418085117166,0.08927865912114696,0.0928918841934605,0.09071758241824153,0.08117266761428026,0.08468266251397447,0.10630225641626309,0.07914154506777192,0.0811107299831033,0.07976978269611898,0.0797079717477563,0.07871015492721371,0.07742045349790083,0.07717289572356734,0.08143794470682765,0.07504027224341228,0.07606766018343275,0.07801854060422903,0.07995211206152275,0.07774706869412425],