{"test_accuracy":[0.0972,0.2816,0.4624,0.5678,0.6059,0.6014,0.6097,0.6213,0.6325,0.6398,0.6314,0.6403,0.6441,0.655,0.6541,0.6574,0.6562,0.6576,0.6572,0.6577,0.6593,0.6602,0.6544,0.657,0.6629,0.6353,0.6671,0.6655,0.668,0.6671,0.6691,0.6675,0.6686,0.6694,0.6643,0.667,0.6708,0.6685,0.6694,0.6699,0.6708,0.6717,0.6712,0.6698,0.6707,0.6707,0.6707,0.6698,0.6718,0.6706,0.6723],"test_loss":[2.3084521141052248,3.8762645851135256,3.1054208908081056,2.8375190158843995,2.7695223541259764,2.983137147140503,3.058931202316284,3.0446774284362794,3.023725146484375,2.9551820888519287,3.154762536239624,3.1953875812530517,3.079473998641968,3.091341005706787,3.0373555282592775,3.164604666519165,3.132695548248291,3.213391761779785,3.2381809814453124,3.1920358757019045,3.267063451004028,3.3081968124389647,3.4089814460754395,3.2166726963043213,3.3285247535705564,3.5236267242431643,3.338173942565918,3.3668794368743895,3.4047424465179446,3.481669443511963,3.42153434677124,3.545831369781494,3.555860666656494,3.519987568283081,3.653119787597656,3.6545938972473144,3.6147225437164305,3.6906589630126954,3.695119337463379,3.712756495666504,3.740450815963745,3.7225366271972655,3.7828655559539794,3.8307429763793945,3.81972894821167,3.8471969490051268,3.8612672004699706,3.9463913902282717,3.9119739601135253,3.9427072120666504,3.9705233169555663],"train_accuracy_dist":[0.9926051130361293,0.9953684210526316],"train_accuracy":[0.19455868396077192,0.5794579774333017,0.7605188231572287,0.869766951386692,0.9080459770114943,0.9060423916482125,0.9172202889380997,0.931139934619846,0.9442159654117895,0.9527575661710429,0.9427396393546346,0.9500158177791838,0.9581356110935358,0.9697353158283244,0.9677317304650427,0.9722661604977327,0.9734261309712117,0.9734261309712117,0.972055256775282,0.972055256775282,0.9749024570283665,0.9769060423916482,0.97142254560793,0.968997152799747,0.9799641463671834,0.953073921754719,0.986185806179479,0.9852367394284509,0.9860803543182537,0.9839713170937467,0.9886111989876621,0.9857639987345777,0.9872403247917326,0.9902984287672677,0.9843931245386481,0.9865021617631551,0.9920911104080987,0.9889275545713382,0.9898766213223663,0.9905093324897184,0.9912474955182959,0.9927238215754508,0.9923020141305494,0.9902984287672677,0.9919856585468734,0.9916693029631973,0.9917747548244227,0.9906147843509437,0.9937783401877043,0.9914583992407466,0.993989243910155],"train_loss_dist":[0.021884134714211266,0.015253823174065664],"train_loss":[2.3009832677717488,1.529841387119774,0.6602851254935256,0.35715404970917686,0.2593097856536792,0.2605624556114034,0.23236024503395877,0.19369970951089877,0.1586983479660774,0.13770072468251326,0.16288700296753608,0.144659466457734,0.12010379368326375,0.09179687683848556,0.09312144457605662,0.08145037957410275,0.08143040179172348,0.08056545775958435,0.07956693326730485,0.07781951807201266,0.07006666845304484,0.06808171355371094,0.08508636693382872,0.08722631517158559,0.0584988922358414,0.12383086805125901,0.04334330895400419,0.045975442271792386,0.041540983721392324,0.04323750343415338,0.03646886090334647,0.040156509275475,0.035798305200302284,0.03282138340434033,0.04424760399674434,0.03754822892704229,0.026242476011086563,0.03331975195115721,0.030084882739612753,0.02917453925162915,0.026344699677573715,0.022370029837077716,0.023596243946003306,0.028577295411191545,0.025110788322018004,0.024488086093008538,0.024798580411368662,0.0264704131021299,0.01952648105885082,0.023487745966009232,0.01856303592525296],"valid_accuracy_dist":[0.987331081081081,0.984006734006734],"valid_accuracy":[0.17959569435895495,0.5594431831052626,0.7419893005776956,0.8608778187201417,0.9072522676900248,0.8983968738134086,0.909357727357701,0.9262211307417201,0.9392910305068904,0.949831778419778,0.9329674783974582,0.9426641595028447,0.9515172221198794,0.9629006022189877,0.9616365194439117,0.9671157357543523,0.9654296644074405,0.9666946438208169,0.9654300230627606,0.9645869425573897,0.9704893130694564,0.9713321245833373,0.9624789723024721,0.9633226804546533,0.9725966556775636,0.9447705158088212,0.9801852768642022,0.9789204767784859,0.9810285366972332,0.978920745769976,0.9835580472048362,0.9810281780419131,0.9822930677914598,0.9822932471191198,0.9772340467762538,0.9814498976222586,0.9848226679628925,0.9818717965302644,0.9818714378749442,0.9831364172883209,0.9844012173740371,0.9848225782990625,0.9848227576267226,0.9831363276244907,0.9831363276244907,0.9844012173740371,0.9835580472048362,0.9835580472048362,0.985244208215578,0.9835580472048362,0.9856659277959237],"mean_valid_accuracy":[0.17958867958867958,0.5594486531986532,0.7419991013741014,0.8608622827372827,0.9072353603603603,0.8984154609154609,0.9093823937573937,0.9262458481208481,0.9393029393029393,0.9498248248248249,0.9329755892255892,0.9426685207935208,0.951525389025389,0.9628989785239785,0.9616235553735554,0.9671262171262172,0.9654356060606061,0.9666968104468104,0.9654299185549186,0.9645853239603239,0.9704846892346892,0.9713335494585495,0.9624781031031031,0.9633127445627445,0.9726018632268633,0.9448013354263354,0.9801889958139958,0.9789249476749478,0.9810307466557466,0.978920682045682,0.9835602648102648,0.9810364341614342,0.9822990604240605,0.9822962166712167,0.9772400241150241,0.9814558877058877,0.9848271567021567,0.9818724974974975,0.981878185003185,0.9831393893893894,0.9844034375284375,0.9848285785785786,0.9848257348257348,0.9831408112658113,0.9831408112658113,0.9844034375284375,0.9835602648102648,0.9835602648102648,0.9852494539994541,0.9835602648102648,0.9856689075439076],"std_valid_accuracy":[0.003913003913003907,0.003051346801346777,0.005467114842114873,0.00866633679133677,0.009431306306306286,0.010368322868322843,0.013759498134498116,0.01378793566293568,0.006643006643006655,0.0038788788788788886,0.004524410774410792,0.0024328305578305565,0.004555692055692007,0.000905735280735287,0.007231663481663486,0.005846755846755869,0.0033143939393939226,0.001208594958594933,5.829693329695296e-5,0.000902891527891525,0.0025792838292838516,0.0007948289198289049,0.00048485985985985414,0.0055424742924742865,0.0029048935298935374,0.01719190781690777,0.002074517699517664,0.0024939712439712713,0.0012327668577668538,3.554691054691306e-5,0.0012370324870324412,0.004605457730457729,0.0033428314678314863,0.0016564860314860486,0.0033343002093002005,0.00334140959140955,0.002503924378924327,0.0003910160160159881,0.0037637068887068637,0.001657907907907874,0.0012384543634543776,0.0033470970970970737,0.0016607516607516914,0.0025010806260806207,0.0025010806260806207,0.0012384543634543776,0.0012370324870324412,0.0012370324870324412,0.002926221676221641,0.0012370324870324412,0.001662173537173517],"valid_loss_dist":[0.05387726728175137,0.06310719172611381],"valid_loss":[2.302850836302361,1.6139807757960007,0.7197582223464749,0.39690150883612074,0.28812458899796906,0.3002938983709507,0.2736401509650321,0.23331546148086696,0.19130148638031116,0.1631583238151852,0.20096315247178956,0.17874699972035302,0.1508220257114689,0.12026427647249255,0.12107524461203711,0.10928224316219606,0.11149807497162909,0.11114208950308002,0.11232607951969682,0.10731041074111719,0.10057356827989834,0.10247780242987829,0.12194176822816993,0.1104670609169662,0.09154189460359814,0.16785085123218654,0.07397134229746123,0.07949313350459132,0.07415674039276283,0.07647508006345657,0.06773417594582834,0.07446045519094853,0.06902898702684253,0.06736118346729413,0.08412304631417804,0.07648473475238023,0.06036085572247153,0.07132780107756416,0.06964160361292353,0.06764667310553242,0.06479888911106758,0.059456851486373974,0.06169383436207763,0.07124436223829451,0.06626916078848952,0.06509003241257234,0.0669293486671335,0.06995855177565885,0.06099044000116518,0.0674848341993581,0.05850050266198143],