{"test_accuracy":[0.0972,0.593,0.7379,0.808,0.8618,0.8607,0.9083,0.9226,0.9369,0.9325,0.9439,0.9439,0.9578,0.9529,0.946,0.9566,0.9593,0.9586,0.9633,0.963,0.9621,0.9658,0.9693,0.9689,0.9703,0.9699,0.9601,0.9685,0.9706,0.9775,0.9728,0.9746,0.9743,0.9701,0.9765,0.9784,0.9769,0.9765,0.9771,0.978,0.978,0.9791,0.9795,0.9792,0.9792,0.9794,0.9798,0.9792,0.98,0.9806,0.9814],"test_loss":[2.3084521141052248,1.3232799072265624,0.7034905763626098,0.5211597635746003,0.4007736906051636,0.39748123726844786,0.2821727481842041,0.24154176325798035,0.20478960933685303,0.2051707017660141,0.1790471521615982,0.17110200262069702,0.13694017057418822,0.14544794301986694,0.16162693972587586,0.13375085339546203,0.12448150894641877,0.1272255446434021,0.11654525291919708,0.11533456950187683,0.11198389595746994,0.10321943142414093,0.09270195100307464,0.09554641040563583,0.08897623869180679,0.09020266480445861,0.1156008577466011,0.09327714029550552,0.08509986424446106,0.072141106569767,0.07840836269855499,0.07521719029545784,0.07305184304714203,0.09089994620084763,0.06904367783665658,0.06410540660619736,0.06698291087150574,0.067841363966465,0.06628226566910744,0.06466728152036667,0.06490798820257188,0.06254011037349701,0.06098694475889206,0.06281805710196495,0.062091039460897446,0.06071376554965973,0.061648197293281554,0.06294314355254173,0.05866849867105484,0.05848659850358963,0.055650113636255265],"train_accuracy_dist":[0.9835234474017744,0.982131854590265,0.9814071413479822,0.9862366474938373,0.9899893503727369,0.9800208116545265,0.9881051752921536,0.9913330581923235],"train_accuracy":[0.07302696781597204,0.6569036565646028,0.7864222001982161,0.838245266287622,0.8813050962391111,0.8801053674821345,0.9157320953523551,0.9308330290543008,0.9412915340879453,0.9390746439935319,0.9475249074122373,0.9490636899483595,0.9606436805591779,0.9573835480673935,0.9518804444212613,0.9606697616191122,0.964060299410568,0.9636430024516196,0.967085702362944,0.9676855667414324,0.9677898909811695,0.9698763757759116,0.9735277241667102,0.9726409681289447,0.9746752908038183,0.9738146158259872,0.9669292160033384,0.9737363726461843,0.9759532627405978,0.9787439361535653,0.9776224505763914,0.9789525846330395,0.9793698815919879,0.972562724949142,0.9804652861092275,0.9820040686453497,0.9810129883678472,0.9813520421469929,0.9812998800271243,0.9823952845443639,0.9823170413645611,0.9830212299827865,0.9830733921026551,0.982682176203641,0.9827604193834437,0.9838297428407491,0.9838558239006833,0.9824213656042982,0.9840383913202233,0.9846382556987116,0.9853424443169371],"train_loss_dist":[0.047382377220272866,0.057232747789763845,0.05517168174394084,0.043750458154383505,0.031160109724226597,0.0604574856793161,0.03861688698746127,0.027967431562907725],"train_loss":[2.3118189167363266,1.2109124555886117,0.6211791832011093,0.4579506490052533,0.35376444810368035,0.3493352524217607,0.25746372667399753,0.21883321129620018,0.18947288533611967,0.18766184062485428,0.16532374064486965,0.15769141517856655,0.13235826264447179,0.13421314186906008,0.14555688457973825,0.12300518990825285,0.11420986680840063,0.11452100521359565,0.10490750585828477,0.10286003711372171,0.10153795544266589,0.09478829865071871,0.08506146463961502,0.08653241201116332,0.081352421244424,0.08156291817593625,0.10066467254501256,0.08129692197366395,0.07552205149571488,0.06755524225640662,0.06959595970172482,0.06678668147898932,0.06484625776218722,0.08223935668748512,0.06116967105272339,0.057483780293841394,0.058774238381971836,0.05835516533126627,0.05700119257988195,0.05530004623544187,0.05519510374262297,0.0531193083509722,0.05222713608782661,0.052768033321290646,0.05244044326890924,0.05029654924764434,0.050451503388947425,0.0531299153164944,0.04903627792317433,0.04746005393295181,0.045236462687936616],"valid_accuracy_dist":[0.9856418918918919,0.9753694581280788,0.981418918918919,0.9868529170090387,0.9880749574105622,0.9650582362728786,0.986644407345576,0.9892739273927392],"valid_accuracy":[0.06714340190130458,0.6614026215925921,0.7912285905897652,0.8432661273249364,0.8856045431064488,0.8863383582630064,0.918142275743651,0.9322181883328334,0.9433756694364805,0.9401432671280463,0.9479646054109077,0.9495291064756154,0.9594346812637251,0.9592266321654502,0.9525530819547283,0.9624593807790275,0.9660045452372094,0.9653791037643785,0.9681941976807378,0.9682986204860368,0.9675691148579053,0.9690288522335392,0.9728868220076213,0.9716357572215887,0.9729915180753581,0.97278285023132,0.965901300845408,0.9724701997284694,0.973512943131463,0.9769538268113372,0.9761199200377579,0.9772666548026949,0.9773711658009872,0.9712193467020492,0.97862264854737,0.9798741092134035,0.979456969788989,0.9786227833615823,0.9788315178390197,0.9794570303137119,0.9792483586821967,0.9797699166314257,0.9798740085098729,0.9796657217498472,0.9795614424410667,0.979978653116262,0.9799786258514386,0.9789355527309584,0.9796651115731316,0.981438233325949,0.9822726136759705],"mean_valid_accuracy":[0.06703319435429339,0.6612434591023861,0.7914216331178479,0.8433799590012874,0.8857461799453317,0.886425665558464,0.9181402183248311,0.9322852569596076,0.9434552715544187,0.9401929194223833,0.9479998468916168,0.9495528323769855,0.9595107531121095,0.9592754153337165,0.9526093498446891,0.9625041464125605,0.9660701255478387,0.9654452217790574,0.9682671349131846,0.9683433583239811,0.9676059781659496,0.9690548293291454,0.9729287106396078,0.9716760581423669,0.9730178745709289,0.9728097847648036,0.9659212644656596,0.9725059554105696,0.9735417309174752,0.9770022438498832,0.9761473196238968,0.9773048618064579,0.9773758415392727,0.971256941470384,0.9786592192176908,0.9798968951932475,0.9794764014342067,0.9786543566847804,0.9788619229528712,0.9794834399980925,0.9792826754379866,0.9797961970411011,0.9798785715058851,0.9796928569037191,0.979588697372943,0.9800013723002466,0.9800117884208392,0.9789269642836592,0.9797001287202806,0.9814724846185655,0.9822918392962106],"std_valid_accuracy":[0.08371689328986608,0.14364911440176778,0.10239977490677557,0.07595163850982395,0.05062321205870171,0.0644587856429917,0.04242648737696595,0.03050459456528414,0.020986715383041064,0.02633233308351763,0.022500028753069713,0.02287345656512705,0.015930404796823276,0.017792350017388058,0.023615953165465116,0.01715945699737547,0.014912783510474807,0.01563942081001213,0.013165152093114349,0.012159950109992889,0.013897445867407328,0.012276752088039937,0.009742323155024733,0.010959402028251226,0.010033195592689111,0.009806394642189492,0.016607309544748726,0.010889425115735098,0.009814718195340822,0.00871784375905986,0.009370183605993608,0.00740651996926116,0.0075172664782260186,0.013369169386814341,0.0089792421593028,0.008102071902606303,0.007875567474830498,0.00879440521558464,0.009715177115792024,0.008273711929428693,0.008748275076520526,0.00861935961214683,0.007503880913917693,0.009029557491077866,0.008566023041966391,0.009471213569544609,0.009498255665692424,0.008415974376531082,0.007421126092776737,0.008208365347058572,0.007736630116050749],"valid_loss_dist":[0.05429861986556569,0.06769120753153987,0.055908347253461145,0.04424154894975922,0.04032609615240126,0.11594720830065439,0.04735092437501145,0.03824726044639896],