{"test_accuracy":[0.0972,0.3805,0.6275,0.7452,0.8075,0.8497,0.8662,0.9027,0.902,0.9009,0.9216,0.9241,0.9303,0.9284,0.9376,0.9347,0.9411,0.918,0.9403,0.9475,0.9448,0.946,0.9494,0.9426,0.9562,0.9546,0.9568,0.9532,0.9559,0.9572,0.9605,0.9617,0.9597,0.9611,0.9636,0.9613,0.9607,0.9663,0.9313,0.9668,0.9629,0.965,0.9655,0.9622,0.9637,0.9655,0.9642,0.9693,0.9679,0.9639,0.9365],"test_loss":[2.3084521141052248,1.9059866201400757,1.103416683769226,0.7268467552185058,0.5403616708755493,0.430967284154892,0.3844108075618744,0.3082197859764099,0.29835237617492677,0.292780620098114,0.24413088574409486,0.23632821946144103,0.214625794839859,0.21693086137771606,0.19114034028053284,0.19560718026161195,0.17877441608905792,0.23490721859931946,0.1756812374353409,0.15959997658729552,0.16747864346504213,0.16049152643680573,0.15091807644367217,0.16216216781139373,0.13290443229675292,0.13262915077209472,0.1301124469280243,0.1364051477432251,0.12834744288921357,0.12489717404842376,0.12120856246948242,0.11327830060720444,0.12024328651428223,0.11792695906162262,0.11050421271324158,0.11384128727912902,0.1164748599767685,0.10008938937187195,0.19690752403736114,0.0979858329296112,0.11163013831377029,0.10487013286352158,0.10140961092710495,0.11040964905023574,0.10565056742429733,0.10245550370216369,0.10532380765676498,0.09037719671726227,0.09373930189609528,0.10935047483444214,0.19285083277225495],"train_accuracy_dist":[0.9731629392971246,0.9106851549755302,0.9394380853277836,0.9863805200165084],"train_accuracy":[0.09345454545454546,0.46935064935064935,0.7142337662337662,0.8177142857142857,0.8605714285714285,0.8851428571428571,0.9054545454545454,0.9194805194805195,0.9254545454545454,0.9275844155844156,0.9428051948051948,0.9434805194805195,0.9487792207792208,0.948935064935065,0.952051948051948,0.9539740259740259,0.9577142857142857,0.9305454545454546,0.9595324675324676,0.9625454545454546,0.9611948051948052,0.9631168831168831,0.9635324675324676,0.9589090909090909,0.969038961038961,0.9695064935064935,0.9711688311688311,0.9691428571428572,0.9715324675324676,0.9718441558441558,0.9734025974025974,0.9734545454545455,0.9742337662337662,0.9745974025974026,0.9761558441558441,0.9735584415584415,0.9755324675324676,0.9793766233766233,0.9556363636363636,0.9798961038961039,0.9762077922077922,0.9784415584415584,0.9794805194805195,0.9775064935064935,0.9793246753246754,0.9803636363636363,0.9793246753246754,0.9825974025974026,0.9817142857142858,0.9792727272727273,0.9521558441558442],"train_loss_dist":[0.07425490376857904,0.26534954301684754,0.17407526478372926,0.03585723628725486],"train_loss":[2.3079936355367883,1.5661876827277146,0.8556928735770188,0.5398683146346699,0.4132644358439879,0.3403365550203757,0.29813423389118987,0.2531578189088153,0.2345661862113259,0.2243365947054578,0.1893364830226093,0.1832470991301846,0.16724175384214945,0.1631025751987835,0.1508457183590183,0.14640688790322898,0.13313082135033297,0.19912064837867563,0.12530582030833542,0.11835465753542912,0.11901926740152495,0.11295302899085082,0.11114409693804654,0.11833350332294192,0.09471252578342115,0.09221909166388698,0.0892576234818666,0.09142769157867153,0.08653951764919542,0.0846745975810986,0.08111728445159924,0.07850114277663169,0.07740298210161847,0.07582996840465378,0.0717398151513431,0.07505583308298479,0.07189917661578624,0.06281341410341201,0.12500173663357636,0.06128377722435958,0.06849601799646368,0.06297975778347487,0.059511684792575896,0.0664304483312291,0.06076167146048762,0.05851189890774813,0.06114593511297331,0.051373277827129735,0.053365994307127865,0.059648461227873706,0.13818684397308859],"valid_accuracy_dist":[0.9608177172061328,0.8932355338223309,0.9259567387687188,0.9851485148514851],"valid_accuracy":[0.09281654393352053,0.4760234832171344,0.7173530404027499,0.8172393688237243,0.8623103098591696,0.8824569379135028,0.9057141773164015,0.9086249863693563,0.9158939521902258,0.9266932911431066,0.9354134264449179,0.9358306902983443,0.9389452869269179,0.9428907985137783,0.9410218054046487,0.9443456568542424,0.9501593638203627,0.9173492299278284,0.9530674120349694,0.9532748002750393,0.9549364699944191,0.957012565002441,0.9563893373882785,0.9509914521191933,0.9622050618130843,0.9632424609571598,0.9638654883141798,0.9632428681639545,0.966357330121087,0.9659425451134892,0.9653193926554332,0.9661497210689213,0.967188354960443,0.9671882780260078,0.9686425998232223,0.9665653733129335,0.96885017875003,0.9707183188493743,0.9458031104127766,0.9686418088424815,0.9690578016080197,0.968434229236912,0.9709266996848513,0.9690578894703834,0.9692654287014282,0.9696807946042628,0.9694732181345455,0.972795926676519,0.9721724698360426,0.9700962437132367,0.9410243154754023],"mean_valid_accuracy":[0.09202514017100794,0.47579162662140706,0.7172765347723,0.8168636396007214,0.8622918789939655,0.8825774719596367,0.905733968127362,0.9087749914608557,0.9160980940123685,0.926912937825594,0.935495286176363,0.9360020385758414,0.9390815474192269,0.943016426468396,0.9411416713550587,0.9445373386441496,0.9502922742350656,0.9177039198500399,0.953218676800853,0.9534018772454024,0.9550968802946922,0.9571370794381732,0.9564852542715989,0.9512131404701007,0.9623502757777442,0.9633240229139505,0.963952220688103,0.9633569313055843,0.9664258791472011,0.9660509363084622,0.9654135403264676,0.9662175391904867,0.967296252004396,0.9672793839653787,0.9687641433110424,0.9666687770228918,0.9689696083540867,0.9707875793092585,0.9462460994164774,0.9687155478346546,0.9691733573353418,0.9685209142698716,0.9710213396660949,0.9691699252117634,0.9693711525472108,0.9698046339652103,0.9695907762983424,0.9729070253059868,0.9722624176544319,0.9702165352180574,0.9412896261621669],"std_valid_accuracy":[0.08958700426788667,0.12970912219828046,0.11768161418524023,0.0813374326135607,0.05946609783700619,0.047266634333475915,0.033588254278136664,0.03801489883746508,0.0352726698752208,0.03508602371584961,0.02382221757391264,0.0311187476007187,0.0267534383892654,0.025894671425969802,0.024974429872468104,0.02994745266477578,0.02311055473457547,0.036507904774407546,0.026051929084969148,0.022924463732100015,0.02448978952065187,0.021239240134400993,0.019847087569440394,0.025970152720687808,0.020059743255512626,0.016697481261608943,0.016980135472654402,0.01913504716827935,0.015547849971959475,0.017126867540171512,0.01646674427679283,0.01423396314604781,0.01564968731737361,0.015345211815422862,0.016728992905409888,0.014875937961900107,0.016161335093356682,0.01127181923593089,0.04244667665912639,0.01326771781003622,0.01584432330424242,0.012849751112134763,0.014576950101901501,0.016379322878275784,0.015504888271095023,0.014426338924132061,0.015406535291872886,0.013755497891252959,0.012576465457987832,0.016190014863479225,0.03481824838827004],"valid_loss_dist":[0.10590362450460153,0.3470850029463873,0.2549246220838607,0.053987959233841094],"valid_loss":[2.308335041675122,1.5563602688780656,0.8542281491679441,0.543166828612214,0.42101541826899264,0.35423256950600307,0.3037572443886661,0.2742885365354528,0.2556618987099429,0.2403423239670897,0.21058850625944328,0.20672557901066238,0.19222204474417895,0.18654751468651315,0.17854071096942553,0.17120210593631346,0.15867249289128135,0.23744330262724242,0.14829894461316395,0.14773114793344305,0.14603805754072466,0.1386103016335778,0.14189196830775921,0.15096184393669843,0.12269524230522291,0.12217755920610271,0.11849489057882824,0.12084847750715319,0.11641057722609213,0.11750961776173034,0.1132558410603892,0.11251837764153899,0.10686443026821116,0.10662415105586562,0.10397399343709468,0.1115935334528542,0.10496550580626184,0.0931438332849363,0.15817865372459156,0.09529029808776644,0.10561990993295167,0.09946462779027665,0.09355035324931775,0.10647424192985554,0.09825137406000208,0.09510912075583841,0.10177253030346754,0.08675881585786162,0.09052154925549424,0.09861945913988863,0.19147328992510815],