{"test_accuracy":[0.0972,0.4192,0.5976,0.7372,0.8219,0.8527,0.8807,0.8757,0.9097,0.869,0.919,0.8929,0.9356,0.943,0.947,0.9493,0.9508,0.9517,0.9591,0.9586,0.9524,0.958,0.9576,0.9611,0.9667,0.9643,0.958,0.9666,0.9682,0.9705,0.9692,0.9717,0.9721,0.9718,0.9693,0.9722,0.9743,0.9748,0.9536,0.9737,0.9769,0.975,0.975,0.9769,0.9766,0.9757,0.9749,0.9783,0.9764,0.9769,0.9789],"test_loss":[2.3084521141052248,1.7938552587509156,1.043051439666748,0.6903659220695496,0.5028631404876709,0.4192411106109619,0.35193349146842956,0.34666561126708983,0.2665643602848053,0.35239500427246095,0.2402991726875305,0.3201766345500946,0.19629180049896242,0.17585373556613923,0.162302774643898,0.15395768048763275,0.14918661916255951,0.14559806690216065,0.1255533049106598,0.12865713953971863,0.14165193227529527,0.12443605489730834,0.13090265443325041,0.11297319579124451,0.09890303084850312,0.11165975779294968,0.12556236391067505,0.09834115172624588,0.09479615656137466,0.08986564197540284,0.08924979519844055,0.08337803741693496,0.08427807340621948,0.083648268866539,0.09749207056760788,0.08204291598796845,0.07618549596071243,0.07475970280170441,0.13152070537805557,0.0775902782201767,0.0707567264676094,0.07292619602680206,0.07497791562080383,0.07059061456918717,0.07136062020063401,0.07205914573669434,0.07403779511451722,0.06578130134344101,0.06996899169683457,0.06823680090904236,0.06463121624588966],"train_accuracy_dist":[0.9903470938591087,0.9950698438783895,0.9789137380191694,0.983278955954323,0.9825263157894737,0.9828724721419727],"train_accuracy":[0.09394442140190792,0.5397483755011752,0.6975321443384488,0.8009124844462878,0.8606733029171851,0.8820337342734689,0.8985897967648279,0.9002488593944421,0.9238213742568782,0.8836236692935159,0.9327042720862713,0.9003525508087931,0.9461841559518872,0.952751278860777,0.9566915526061108,0.9585234342596433,0.9606318263514447,0.96163417669017,0.96744089589382,0.9663694179455274,0.9634660583437025,0.9675445873081708,0.9645721000967786,0.9707590211530486,0.9749758053366515,0.9714502972487211,0.9599751140605558,0.9758744642610259,0.9765657403566985,0.9766348679662658,0.9781902391815291,0.9793999723489561,0.9796419189824416,0.9791234619106871,0.9727982856352827,0.9802640674685469,0.982130512926863,0.9815429282455412,0.9529240978846951,0.9816811834646758,0.9839623945803954,0.9828909166321028,0.9822687681459975,0.9840660859947463,0.9837895755564773,0.9832365546799392,0.983063735656021,0.9851721277478225,0.9842734688234481,0.9842734688234481,0.9855523296004424],"train_loss_dist":[0.031908447829163716,0.018228010755053727,0.06510544098175752,0.051240172650403724,0.05605581591631237,0.049317359678321175],"train_loss":[2.306180847526734,1.4089365685202844,0.8228283820342395,0.5483235231362882,0.41025808017629317,0.3438343588990549,0.2966160237007322,0.2807783725930664,0.22741516948943233,0.30982670888431413,0.20328395086362883,0.29447529376527587,0.16573667479659673,0.15097901835130134,0.13845859271340658,0.13099579362062996,0.12609500180171243,0.12184959476174766,0.10812462835339476,0.10921849661012145,0.11564125936052437,0.1022091488002779,0.11107502384097122,0.09268236376698476,0.08207547974735539,0.09242489459975517,0.11857871638118322,0.07917539399881036,0.07650142172251047,0.07408061072943156,0.07082397468953595,0.06644400591735035,0.06628260210334902,0.0656799183970197,0.0844624438703567,0.06388485722746466,0.05913369460652015,0.05807395126401748,0.12962453801029866,0.058213128448271735,0.053179341388721324,0.05439919295867414,0.054762751806424884,0.05137613597501738,0.051987425812563735,0.05234097930236149,0.052995651126650584,0.04724084675007138,0.049320083748951984,0.048291970066843125,0.045150874171379765],"valid_accuracy_dist":[0.9852216748768473,0.9893179950698439,0.9778534923339012,0.967400162999185,0.9747474747474747,0.9826732673267327],"valid_accuracy":[0.09202115035814167,0.5313824309847129,0.695693573304628,0.794919221529613,0.8611163686158135,0.8794967794042017,0.8949761228593272,0.8942826801305691,0.9205407737688419,0.8789451283805781,0.9281405267638928,0.9011916090340861,0.9400260252443894,0.944862060828952,0.9509422582173391,0.9516338865692664,0.9553645081548838,0.9552265610253884,0.961168817864202,0.9602015237293282,0.9585424321002199,0.9602015112093777,0.9617206658891051,0.9639328369299626,0.9690456563655726,0.9651769901659613,0.9543939123420914,0.9680783012239285,0.97167114246114,0.9708423756589699,0.971809173477636,0.9727767188084381,0.9724999335195913,0.9723623498789127,0.9684931234595887,0.9736057140386793,0.9765075398146069,0.9765076781475477,0.9470678712353677,0.9758169665913181,0.9770602676183311,0.9762314225052194,0.9752642870377678,0.9784422544263209,0.9784423676121112,0.9765079273483375,0.9758168767565444,0.9794098604726232,0.9788566523510028,0.9781661669173445,0.9795479759210179],"mean_valid_accuracy":[0.09168621800382387,0.5293817191277476,0.6937172842056892,0.7939973039819276,0.860575487994559,0.8791447531333537,0.8947967302884887,0.8939427259297416,0.9203677377638622,0.8790509064246187,0.9279288168410891,0.9009541349070022,0.9399038189142589,0.944717820520992,0.9508276073837774,0.9515665396033234,0.9552757525265756,0.9551509417716667,0.961134100468641,0.9601431500620256,0.9583984111044576,0.9601840369690242,0.9616068670389444,0.9639034710272808,0.9690249351955913,0.9651479320985777,0.9543446323850354,0.9680299665486496,0.9716202018805005,0.9708089197851167,0.9717521403521016,0.9727494310397552,0.9724518991210812,0.9723403755014655,0.9684621967934274,0.9735660147931652,0.9764610054135981,0.9764802768585579,0.9470366989648406,0.9757983355321241,0.9770421353074868,0.9762035955386423,0.9752456230198954,0.9784051674816677,0.9784136419022121,0.9764913149806832,0.9758135725407202,0.979408069913231,0.9788219870776267,0.9781453306768501,0.9795356778923306],"std_valid_accuracy":[0.09008643517931697,0.21496811206327548,0.17178545540138776,0.10185520963410971,0.06714926866221908,0.05690318808355122,0.04902306214081912,0.05232389535592356,0.0357726258623344,0.06118437062580476,0.03014424109272065,0.028829597126485244,0.027157981525545462,0.023081150299144627,0.01982252257172197,0.020101251489840394,0.017271086324652997,0.018038111588842616,0.013809272690624983,0.016428424962661344,0.018470959334144024,0.01773258768299059,0.015151344898387733,0.01622771631483123,0.011883899184127735,0.01481732264747917,0.009411683350854214,0.013333430553432458,0.012524578562838763,0.012244968302206413,0.01208984691392679,0.01109173965016339,0.01075954711053129,0.012901931284905608,0.011395925447629917,0.010661522371574306,0.008498702477280342,0.00869553539721935,0.017603975280187884,0.009810013453272,0.0074323292313785375,0.009340897469659363,0.010123715698781484,0.00833432731325898,0.008142245801597727,0.009710262181956983,0.01004397192342444,0.007405167628454782,0.0076482447867619275,0.008850400751224669,0.007198334504816971],"valid_loss_dist":[0.03662536137894848,0.029769708352712893,0.08375956958359713,0.09435684969246436,0.09350582422933193,0.06418448514474107],