{"test_accuracy":[0.0972,0.5196,0.623,0.8009,0.834,0.8805,0.8907,0.9196,0.9272,0.9273,0.9334,0.9187,0.9508,0.9519,0.947,0.9578,0.9605,0.9642,0.9656,0.9646,0.9671,0.9679,0.9693,0.9681,0.9639,0.9704,0.9479,0.974,0.9727,0.9748,0.9734,0.9748,0.9761,0.9757,0.9759,0.9767,0.9767,0.9778,0.9499,0.9774,0.979,0.9792,0.9779,0.9794,0.98,0.9796,0.9805,0.9809,0.9796,0.9804,0.9806],"test_loss":[2.3084521141052248,1.4736740465164184,0.91940542678833,0.572894628238678,0.46764871616363524,0.3717536015987396,0.33236164650917055,0.25791858539581297,0.23594265079498292,0.22601293239593506,0.21201311705112458,0.24897935030460358,0.16105761289596557,0.15423365461826324,0.16718380517959594,0.13771228399276733,0.12784272532463073,0.11895693157911301,0.11291147184371948,0.11100757479667664,0.10496089279651642,0.10030049043893814,0.10020005369186401,0.10154504097700119,0.11881520099639893,0.09186045417785645,0.15314610029459,0.08464668635129928,0.08538009383678437,0.07878848778605461,0.08740296657085418,0.07936202679872513,0.07563881878852845,0.07486166962385178,0.07737338205575943,0.07427444294691085,0.07251602905988694,0.067713325548172,0.1480417249083519,0.07237895336151123,0.06707315038442611,0.06719926898479461,0.0696006080687046,0.06462638550400734,0.06375538258552552,0.06374022884368896,0.06072757401466369,0.06049759447574615,0.06485274505019188,0.06265616292953491,0.058756800949573515],"train_accuracy_dist":[0.9839459231094212,0.9934264585045193,0.9842985318107668,0.9781477627471384,0.9893572621035058,0.9929839042509286],"train_accuracy":[0.06307644478220319,0.6172924798784069,0.7002659850081178,0.8433451932709247,0.8690801063940032,0.9002728937096273,0.911085011572075,0.9299112231856023,0.9363363155894849,0.9336764655083077,0.9402397319423814,0.9272513731044251,0.9569242460879478,0.9575805727313551,0.9537462433935542,0.9635220560295692,0.9664582541711285,0.9690490172372103,0.9705343880617638,0.9696017133579744,0.9724688244844382,0.9740232823240872,0.97305606411275,0.9732978686655843,0.969083560744758,0.9757159141939272,0.9529862862275036,0.9778576116618881,0.9782375902449134,0.9797575045770147,0.978168503229818,0.9797575045770147,0.9809319838336384,0.9813119624166637,0.9806210922657087,0.9817264845072369,0.9827973332412173,0.9836263774223635,0.9557497668313241,0.982279180628001,0.9833500293619815,0.9842827040657708,0.9844208780959619,0.9850426612318215,0.9855953573525856,0.9857680748903244,0.9850426612318215,0.9865971190714705,0.9853535527997513,0.9864934885488272,0.9870461846695914],"train_loss_dist":[0.04626890186284935,0.026065495863079338,0.05382444909477506,0.06887852329989502,0.031998132238901515,0.025215639118558727],"train_loss":[2.313080208030339,1.231351525533417,0.7479610307224304,0.4715867519745156,0.3846623282625439,0.31512108004139705,0.2774200501664405,0.22433088715469543,0.20400796842853444,0.2049548294562627,0.18566776213641734,0.21880267312841392,0.14155603088318836,0.1371981786960534,0.1477105373645299,0.11969607394493496,0.11096921275203853,0.10342332859787366,0.09832327189690593,0.09908804107148428,0.09044635669053241,0.08622743215792422,0.08762681826420483,0.08598736551677737,0.10014059273660227,0.07813772347659957,0.13403576105558182,0.07101753203871913,0.07061034488916405,0.06543793757790181,0.07012835392225485,0.06521487172015232,0.06089365546904251,0.05997350542621459,0.06121178724039255,0.05910920860845687,0.05680767066892311,0.05387213465270693,0.12584641660886678,0.05540575067639091,0.05199262005293675,0.05053270391559077,0.05152259519157511,0.04804249866832278,0.047189620957347314,0.0464230728088572,0.04644756724435705,0.04410958242345245,0.046517748417066844,0.04429722242721336,0.042017695082881036],"valid_accuracy_dist":[0.9831081081081081,0.990139687756779,0.9714751426242869,0.9584026622296173,0.9858096828046744,0.9900990099009901],"valid_accuracy":[0.06185764014978242,0.6158969117675752,0.6995966559094593,0.8462842608694421,0.8689341996876804,0.896832848047627,0.9109209947588465,0.9302562607609953,0.9367474047806799,0.9302588947698361,0.9406147850054543,0.9265265499070003,0.9540104629116565,0.9547004336408024,0.9482082828932026,0.9602251705614746,0.9627107819891376,0.9645059294133992,0.965196650834331,0.9638164547756579,0.9679588704649574,0.9698922044293752,0.9680969666256096,0.9689263115006568,0.9636779113473084,0.9708601288232908,0.9506925452375601,0.9733444573946833,0.973897320387471,0.9743112820430907,0.9730698347424575,0.9751406849707746,0.9748640588208012,0.975692925088322,0.9738979531055999,0.9750023928915128,0.9761077600848783,0.9783176060449754,0.9498636389731957,0.9754166285926282,0.9758305110596646,0.9763833434461592,0.9772125198032682,0.9783171486937269,0.9783172696795238,0.9788698461625227,0.9783161113885057,0.9795597752147863,0.9781788897218314,0.9796984858594685,0.9798366947807107],"mean_valid_accuracy":[0.061478730024464016,0.6149583587078978,0.6989876620855658,0.8460521096108025,0.8688302333813499,0.8967573427701104,0.9107992128241232,0.9302641813309619,0.9367081581944069,0.9302726439148236,0.9406036629720558,0.9264471463082331,0.9540144178260622,0.9546851715994329,0.9482332313098678,0.9602075563890026,0.9626965484240739,0.9644973970953518,0.9651992321424564,0.9637921483548109,0.9679654883983052,0.969877761309181,0.968096702721602,0.9689890691117093,0.9636731367455185,0.9708507293906035,0.9507857579216958,0.973355832407405,0.973914020721932,0.9743134254751262,0.9730960361847258,0.9751544598207076,0.9748733228010652,0.9757072576987934,0.9739117734791599,0.9750305689988233,0.9761179101196205,0.9783159081131116,0.9499811551559465,0.9754469692525198,0.9758313826635371,0.9763929610866814,0.9772350151926816,0.9783263348566259,0.9783183584939374,0.9788687059911977,0.9783027367134313,0.9795649623186242,0.9781841421946061,0.9797058326250059,0.979839048904076],"std_valid_accuracy":[0.08494271628098178,0.12895779934248783,0.10432430615220353,0.07401248513159685,0.06140437497201751,0.048309895971566194,0.04765612521141424,0.034082440155129824,0.03164885784947737,0.042578646464977075,0.032185780388316106,0.0352815893081201,0.022046687787977182,0.021509902371678612,0.022537149332354605,0.020381427297177748,0.016888083533229233,0.015647158509215258,0.015032612628619556,0.018382550823750444,0.014711448030245522,0.01413633692592563,0.014453795584419357,0.016948627146293298,0.01917724135957545,0.01698217261111885,0.022487062419429413,0.010860666442457726,0.011469577689281849,0.010355472798440167,0.014944436380087958,0.011657324557481936,0.010643561307385018,0.010868146113957573,0.014325174923443814,0.011445448240411665,0.012334820587533641,0.011528821947735749,0.0249677260802601,0.010756499761011635,0.009834445198300007,0.01036093726723833,0.011344651057960623,0.01001029873282166,0.011105109531133814,0.010673638329368898,0.007139716537840883,0.008639274925994724,0.009029425932833242,0.010415986322993528,0.011454102464477218],"valid_loss_dist":[0.06568158498486958,0.03615672923716347,0.08630833149976427,0.12195571560332065,0.04570506459011856,0.037150863957631314],