{"test_accuracy":[0.0972,0.4415,0.4789,0.6343,0.7411,0.7997,0.7784,0.8675,0.8819,0.871,0.8974,0.9073,0.8891,0.9159,0.8548,0.9266,0.9139,0.9219,0.9355,0.9324,0.9396,0.9371,0.9442,0.9506,0.9422,0.9445,0.9478,0.9441,0.9561,0.9494,0.9535,0.9535,0.9521,0.9577,0.9564,0.8003,0.9597,0.9631,0.956,0.9612,0.9627,0.9594,0.9647,0.948,0.9619,0.964,0.963,0.9603,0.9646,0.9637,0.9605],"test_loss":[2.3084521141052248,1.916910625076294,1.6395076217651368,0.9382505142211914,0.6412945446014404,0.525503081035614,0.6054160163879394,0.3781412961959839,0.34149276280403135,0.3648303294181824,0.2961005522251129,0.27234700593948363,0.33316552772521973,0.25127721772193906,0.409324986410141,0.22603009910583496,0.2515703902721405,0.22833562557697296,0.19443858947753906,0.19822025828361511,0.17861254620552064,0.18710168633461,0.16396837692260743,0.15360094623565673,0.1705759995698929,0.17672188892364502,0.15097183516025542,0.16474672799110412,0.14284500112533569,0.15073606843948364,0.14122975852489472,0.13765263350009918,0.14309839341640473,0.1287716427087784,0.13023385498523712,0.8854178774833679,0.11933587164878845,0.11097604420185089,0.12507560659646988,0.11782905715703965,0.11470306277275086,0.11895739555358886,0.11166621677875518,0.1697963971376419,0.11667260417938233,0.11002947760820389,0.11365722624063491,0.11735505985021591,0.10882901916503906,0.11217359018325805,0.12412254214882851],"train_accuracy_dist":[0.9948654754569727,0.9476019437988591,0.9899342645850452],"train_accuracy":[0.12674498963372494,0.5693158258465791,0.6195577055977886,0.7325501036627505,0.8167933655839669,0.8577747062888735,0.8427781617138909,0.9006219765031099,0.9118175535590878,0.9060815480304077,0.9240497581202488,0.9315825846579129,0.9114029025570145,0.9377332411886662,0.8957152729785763,0.9457498272287491,0.9335867311679337,0.9425017277125086,0.9526606772633034,0.9512785072563925,0.9586040082930201,0.9557705597788528,0.9606772633033863,0.9644782308223911,0.9595024187975121,0.9581202487906012,0.9661368348306841,0.95922598479613,0.9673116793365584,0.9668279198341396,0.969937802349689,0.9703524533517622,0.9684865238424326,0.9720110573600553,0.9725639253628197,0.7973738769868693,0.9736005528680027,0.9767795438838978,0.9724257083621285,0.9758811333794056,0.9772633033863165,0.9762957843814789,0.9785072563925363,0.9628196268140982,0.9783690393918452,0.9789910158949551,0.9785072563925363,0.9782999308914997,0.9798203178991016,0.9801658604008293,0.9777470628887354],"train_loss_dist":[0.02087126982517496,0.1474119225969885,0.03336808485673066],"train_loss":[2.2998833383785584,1.466805376706654,1.1829347455448007,0.7222832611637768,0.4777058964732934,0.392824014474502,0.43983151288838246,0.2864471449449133,0.25958115167776796,0.2692173824496902,0.22191188632824047,0.20372042711373642,0.2610435751743702,0.1836844959580124,0.2952844328009514,0.1646645190192962,0.18579981979639182,0.16302189027533995,0.13796076498714577,0.14081129339506235,0.12518673764790186,0.12982395909438277,0.11356673751775569,0.10845056585504133,0.11524163326139111,0.128387751349434,0.1010675581451441,0.11310853353330161,0.10032879102668765,0.09796280031373729,0.09299030655244547,0.08883690569078667,0.08971121723827363,0.08267218240967333,0.08081952506417579,1.0107503852682767,0.0799670844909728,0.06961640287821427,0.07789509606463339,0.06966714724671783,0.06992488223969236,0.06823630884731267,0.0641468407167862,0.11604942081350661,0.06601434264527717,0.06237550826039121,0.06300172106946646,0.06391364741985478,0.059441606604520546,0.05979629143719827,0.06646570003544493],"valid_accuracy_dist":[0.9876847290640394,0.9358108108108109,0.9778142974527527],"valid_accuracy":[0.11602977232102892,0.5676043450025886,0.6098720114898057,0.7264783446039106,0.8168126407576191,0.8582622054113308,0.8356009113378702,0.9038503514357243,0.9129691713613859,0.9046805436339074,0.9220869406510626,0.9306515063900289,0.9113060870548122,0.9370067258299898,0.8955570153983786,0.9444655262353295,0.9325863644056903,0.943084791292513,0.9480575922993202,0.9486108300661449,0.952478099501519,0.9527545530549666,0.9585558147520472,0.9610422905884086,0.9544122815332721,0.9505412371116235,0.9596617258635733,0.9563453836009421,0.9638045293302603,0.9596613756515783,0.9629764921722271,0.9643586572911215,0.962976842384222,0.9662924744468306,0.9660156951214698,0.7952749236618359,0.9682253916324706,0.9720935561498973,0.9685027207159055,0.9693314974020596,0.9718178274605216,0.9682259413905446,0.970988705450389,0.9588309692432669,0.971540882805196,0.9720940961319391,0.9723701896973589,0.9696077709614933,0.9737514841742821,0.9726461032687649,0.9673966491624308],"mean_valid_accuracy":[0.11657716830130622,0.5630567468148575,0.6054940550201651,0.7231458329755088,0.814896775745067,0.8565822449117295,0.8338635395983879,0.9027982945686173,0.9119895935093,0.9035582408772559,0.9212266962653016,0.9299076953029224,0.9107020930913062,0.9362666119910829,0.894541623729246,0.9438991738438514,0.9318404710523899,0.942413602370074,0.9475285478768818,0.9480296396868025,0.9519942079107494,0.9522366700967981,0.9581564662281802,0.9607297691071386,0.9539182253167676,0.9502711473277521,0.9592444225082071,0.9559351996024991,0.9635603523608935,0.9592596904466468,0.9626223511368938,0.9639996977925179,0.962607083198454,0.9659625596691729,0.9656960712012351,0.7941702788556273,0.9680028856122558,0.9718978486138404,0.9682071779522053,0.9690517725467999,0.9715855563305836,0.9679406894842675,0.9707483708303629,0.9585702488597537,0.9713109841437343,0.9718513701739838,0.9721248179866037,0.9693097275461341,0.9735324756442614,0.9724137586125091,0.9671032791092009],"std_valid_accuracy":[0.08243515877137063,0.34461690640115356,0.33556568326576264,0.2519660384734631,0.1492398545462089,0.12836881505926906,0.13562314351931984,0.08001482744039153,0.07415342957492449,0.08510839746217692,0.06502409856024895,0.05624559279482064,0.04644537804964935,0.0559857992428718,0.07995207721743737,0.042853894254334425,0.05632633783276447,0.050842551807386734,0.03997379240383626,0.043908201941523145,0.036582345598814243,0.03920373978430265,0.030320760680559174,0.023614310276136027,0.037386674475794794,0.020555073567919135,0.031545445557972875,0.031134114287210468,0.018504277892010812,0.0304081174463252,0.02689302734166446,0.027118050513332104,0.02800514113201863,0.024940207102985553,0.024267526682445514,0.10226492523378698,0.016875216306900014,0.01486299272975963,0.02233338188272015,0.021140239196660922,0.017561867067916147,0.02165303118342406,0.018247047612920172,0.01974874881041781,0.017660883109689975,0.018394932703763897,0.01870532781404968,0.02258311545377712,0.016737697254988235,0.017906217748018413,0.02249103946319637],"valid_loss_dist":[0.03720533899192152,0.1843761793664984,0.0572651757590087],"valid_loss":[2.3019938483436353,1.4849672873429938,1.2010873142547704,0.7112844108784713,0.4742675406911414,0.38678387634566763,0.43908039664873527,0.2821896432630087,0.25444878638187085,0.2649698489918029,0.21840044467868627,0.2012880197680478,0.26621375039517636,0.1862683265617772,0.2921428144687716,0.16887544660646425,0.18541991235004282,0.1656772072517328,0.1441506553770625,0.14478846835531045,0.1330530571516638,0.13513300902676462,0.12149377663734331,0.11877326158547966,0.12493309591458554,0.1465059298907967,0.1112478852241619,0.12213082696227862,0.11599264379978258,0.11124763185479972,0.10700706515217116,0.10198585939548618,0.10567248469307992,0.09775807521320462,0.09585792806876776,0.984519655285464,0.09523204721600097,0.08429660502589414,0.09221949494081128,0.08651112884365819,0.08661267526909085,0.08630734704525932,0.082944622215269,0.13413968716498206,0.08526913166595282,0.08157332789156728,0.08295346840469749,0.08371386208703119,0.07908242270359973,0.08183108893933533,0.09209206137444072],