{"test_accuracy":[0.0972,0.6189,0.7835,0.8312,0.8829,0.8925,0.9044,0.9151,0.927,0.9215,0.939,0.9469,0.9506,0.9511,0.9529,0.9526,0.956,0.9588,0.9631,0.9644,0.9638,0.9648,0.965,0.966,0.967,0.9677,0.9712,0.9683,0.9665,0.9724,0.9724,0.9607,0.9707,0.965,0.9714,0.9737,0.9736,0.9706,0.9753,0.974,0.9748,0.9754,0.9697,0.9757,0.9772,0.9767,0.9766,0.9759,0.9781,0.9734,0.9768],"test_loss":[2.3084521141052248,1.34971426486969,0.675535069847107,0.4919894314289093,0.3838236311912537,0.3275635657787323,0.28645312719345095,0.2632198738574982,0.2291889992237091,0.2378483481168747,0.20263112761974333,0.18621538105010987,0.17551844267845154,0.16377641894817352,0.15620690305233,0.1551556252837181,0.1475265896320343,0.14044257678985594,0.12670034863948823,0.12196268553733826,0.12262549765110016,0.11709215123653412,0.11529203827381133,0.11351256636381149,0.10789463888406753,0.106789610683918,0.09902980802059173,0.10462739396095276,0.10918031536340714,0.09045166112184524,0.09379026536941529,0.12727106881141662,0.09666950128078461,0.11182652306556702,0.09435937764644622,0.08638378252983094,0.08665902982354164,0.09747291705608369,0.08258404141664505,0.0820608384847641,0.07979996662139893,0.0819589020729065,0.09545171061754226,0.0803564798951149,0.07416234978437423,0.0767432244181633,0.07275276801586152,0.07624265928268432,0.07193079417943954,0.08571036757230759,0.07415154489278793],"train_accuracy_dist":[0.9807773553020701,0.9792565208461697,0.97802662159307,0.9817173377156944,0.9918614357262103,0.9896842105263158],"train_accuracy":[0.09709176928964029,0.6679885897168302,0.8209142141515341,0.8626591525777499,0.8982119251374104,0.9104223196270785,0.9200236554651082,0.9286161552911709,0.939261114589856,0.9358867320670702,0.9466708411605093,0.9519237459124748,0.9547067418075559,0.9574897377026369,0.9587072984067349,0.95905517289362,0.9622556181729632,0.9645863772350936,0.9671954358867321,0.9674737354762402,0.9686217212829611,0.9707437556529604,0.9706046058582064,0.971126417588534,0.9721004661518124,0.9730397272664023,0.974709524803451,0.972343978292632,0.9712307799345996,0.9766228344813191,0.9766228344813191,0.9669519237459124,0.9765532595839421,0.9722396159465665,0.9763793223404995,0.9790927433382036,0.9788840186460726,0.9763793223404995,0.9800320044527935,0.9805538161831211,0.9811452028108258,0.9805538161831211,0.9717525916649273,0.9806233910804981,0.9820844639254157,0.981771376887219,0.9825714882070549,0.9826062756557434,0.9832672371808252,0.9800320044527935,0.9835455367703333],"train_loss_dist":[0.061468146624925724,0.06979124181540283,0.06577977417290727,0.05563222417024775,0.023709438050877867,0.03027749154363808],"train_loss":[2.3096452878444302,1.204098308006773,0.5966445949844301,0.426956698881106,0.3411918102052709,0.2836600810440748,0.2473425166291981,0.2297830446188156,0.1986274944689232,0.19809820649644275,0.17585228423507696,0.15926825989224108,0.14959035272937657,0.1398204660195652,0.13335651652674282,0.13093747280069992,0.12335422175177567,0.11780039510352538,0.10844530692795892,0.10632755706038935,0.10272697137070914,0.09736077079819894,0.09595339305961686,0.09417325367061577,0.08957203291239929,0.08804155717675981,0.08305597983511664,0.08746872353226574,0.09161411108202744,0.07567962746364039,0.07641985039160942,0.10092347376538428,0.07485005750517121,0.08478809826701707,0.0737228076323138,0.06744645970595492,0.06678568960663746,0.07422253770608207,0.0634115687941131,0.06185424412941332,0.059980521030796104,0.06161048624565795,0.08438869854148276,0.05893553153031854,0.055136494516055304,0.05569313407169249,0.05538365379888724,0.05438845651661633,0.05174874303752169,0.06036048932903612,0.05115114495633544],"valid_accuracy_dist":[0.9780405405405406,0.9770114942528736,0.981418918918919,0.9720624486442071,0.9891485809682805,0.9831649831649831],"valid_accuracy":[0.0897021166548921,0.6642320708668695,0.8254352992402004,0.8653546625715766,0.89860082969068,0.9136201195302895,0.9253042337666406,0.9317037750539443,0.9406063607906834,0.938797120939329,0.9488134660286048,0.953542294770767,0.9581321945990523,0.9585495513141444,0.959384327979089,0.9591061347408784,0.9632791976135998,0.9660608036290215,0.9682863261431239,0.9682862326825386,0.9698161785257635,0.9716246076277502,0.9720418168428252,0.9717637058435747,0.9737106868767765,0.9735719455638883,0.9757970324243638,0.9727367264573716,0.9699541821129352,0.9746847238758406,0.9757968838488212,0.9662007361383302,0.9748230438107905,0.9689807501225641,0.9752407255870257,0.976770605088308,0.9778832503206674,0.974266931019797,0.9781614122521672,0.9780224979034498,0.9781615007917484,0.9777442229720823,0.9696751591596557,0.978856819481722,0.9802479083538354,0.979274143959313,0.9783009318459304,0.9796913338329596,0.9803868282171185,0.9762132417978688,0.9801086167714839],"mean_valid_accuracy":[0.08985262340111418,0.6637373934021459,0.8259028531540302,0.8658570132924094,0.8987869344371552,0.913973582961813,0.9256070008126648,0.9318774227941872,0.9407144077551036,0.9390730908161004,0.948843723888122,0.9535730193681156,0.9581750158354744,0.9586042240592229,0.9593736436797676,0.9591861264460121,0.9633036824959902,0.9660177305955155,0.9683020576281659,0.968311982432083,0.9698551075649565,0.9716483640735013,0.9720833381249938,0.9717745255140781,0.9737481153017941,0.9735969589372361,0.975827392103663,0.9727753239375002,0.9699839720795381,0.9746811189571307,0.9758408766442964,0.966216735921146,0.9748637349070672,0.9691830475676825,0.9752718776288672,0.9768283830288834,0.9779445313431877,0.9743227417561099,0.9782041330937897,0.9780586024257995,0.978201013200514,0.9777877457974241,0.9697547553460325,0.9788898744404507,0.980278808696443,0.9793239600038465,0.9782917920552926,0.979734054505756,0.9804167036528945,0.9763148877578444,0.980141161081634],"std_valid_accuracy":[0.08794597138206876,0.11072874223141298,0.06881354675657118,0.05982437415713372,0.03604167576354231,0.038716000314266724,0.032874479015259125,0.023658074510125898,0.020495127101674927,0.030331910623900515,0.017529596701267604,0.015829689193622435,0.013506156617344608,0.013610447325212795,0.012110483856639275,0.01441961111970596,0.011746521565352105,0.011220210481182878,0.009399694457346834,0.00832657453244782,0.008715673304066713,0.007884474427500487,0.008612828190928588,0.008226125405663016,0.007787435393956853,0.007514185553595958,0.006369154796827713,0.0074968657993671325,0.007971539695734853,0.006691430712320458,0.00686406680349739,0.012574205073658067,0.007197472159650756,0.01929478612979098,0.007194101905318549,0.007273445716658555,0.007373554307229302,0.008112950180822,0.006433251650128754,0.006070007054062989,0.005817642986744575,0.006055129967476255,0.0074283263054612456,0.006231626903915411,0.0049829775773245315,0.006315324211801806,0.004079418433261142,0.005307395263207343,0.0047540533991428345,0.009859703488541528,0.005344511107360383],"valid_loss_dist":[0.08006643805954908,0.07881033602851169,0.06836356303176365,0.08154284160648494,0.03770701907799021,0.06064347056076182],