{"test_accuracy":[0.0972,0.4635,0.6059,0.7537,0.8118,0.853,0.8402,0.8964,0.9054,0.9174,0.8861,0.9317,0.9295,0.9363,0.9426,0.9437,0.9437,0.9456,0.9482,0.9475,0.9543,0.9548,0.9559,0.9558,0.9558,0.9588,0.9598,0.959,0.9623,0.9637,0.965,0.964,0.9646,0.969,0.9663,0.9676,0.9682,0.9677,0.9683,0.9684,0.9698,0.97,0.9708,0.9713,0.9715,0.9716,0.9717,0.9712,0.9709,0.973,0.9744],"test_loss":[2.3084521141052248,1.6709223190307618,1.1546196208953858,0.7168509157180786,0.534208710861206,0.42488715229034424,0.44981045455932617,0.3136906240463257,0.28120562653541564,0.2531923224925995,0.32257689619064334,0.2117934334754944,0.21493152494430542,0.19096781139373778,0.17604496595859528,0.17149742209911348,0.17151150398254394,0.16559055149555207,0.156587593126297,0.15770655529499053,0.13820847592353822,0.13680838012695312,0.1353449156999588,0.13394196565151215,0.1317298911333084,0.12460212818384171,0.12115590925216675,0.12152024531364441,0.11108800537586212,0.10920618982315064,0.10377024052143097,0.10698279377222061,0.10522063791751862,0.09618075917959214,0.1021704112648964,0.09875830134153366,0.09598704446554183,0.0996882345199585,0.09635420899391174,0.0996548891067505,0.09269395809173583,0.09208001548051833,0.09186423270702362,0.08761428289413452,0.08840609948635102,0.08749012560844421,0.08729335250854492,0.08597201870679855,0.09167442898750305,0.0827800921201706,0.07887593474388123],"train_accuracy_dist":[0.9712655820832453,0.9899342645850452,0.9898042414355628,0.9913330581923235],"train_accuracy":[0.09322515632267066,0.5623481990594801,0.6915404888636246,0.827089039326133,0.8614541884140354,0.8979897679706476,0.8758203710402563,0.9264637486434809,0.9334918092088265,0.9404681928582502,0.8999534907756706,0.9480130225828123,0.9501834530515219,0.9529223295953697,0.9592785902537336,0.9604154824040101,0.9608288977313834,0.9610872823109917,0.9638261588548396,0.9653247894165676,0.9681670197922588,0.9675985737171205,0.9685804351196321,0.9695106196062219,0.9703891271768901,0.9721461423182265,0.9716810500749316,0.9727662653092863,0.9756601726008992,0.9763319725078807,0.9775722184900005,0.9764870032556457,0.9784507260606687,0.9796392951268669,0.9783473722288254,0.9795359412950235,0.9804144488656917,0.978864141388042,0.9798976797064751,0.9795876182109452,0.9808795411089866,0.9812412795204383,0.9819647563433415,0.9829466177458529,0.9825848793344013,0.9825848793344013,0.9829982946617746,0.9822231409229497,0.9812929564363598,0.9840835098961294,0.9856854942897008],"train_loss_dist":[0.08358684433405732,0.034134600224277965,0.03411914297906746,0.02778172526882175],"train_loss":[2.3059032786620026,1.3183523769816294,0.8839725719965137,0.5207712406656501,0.4064520464517135,0.3240643862676672,0.3606671402666416,0.234736616074235,0.2143946244783669,0.1947385164405214,0.2782127872039339,0.166474285121759,0.15944954403244144,0.14815163821048202,0.13231466189708324,0.12805699160261233,0.12628113803227592,0.12266148841416187,0.11455565696384586,0.11086989690372416,0.10133849684974709,0.10300242359274998,0.09957777869746973,0.09600615111683501,0.09322219629759543,0.088301937124457,0.08831479486834017,0.0837373263078197,0.07675561151347858,0.07578702061397365,0.07045137098133271,0.07321836628971971,0.0691815786863364,0.06561998131131826,0.06940511743991012,0.06574597672374173,0.06304878948144621,0.0663419034674515,0.06152902467387215,0.0655137925518464,0.059908185619499926,0.057834366618205485,0.05735021021923047,0.0537375574393914,0.05386287498431615,0.05352665149366558,0.05271308206883852,0.05198768933554545,0.05622029445114804,0.0495115345425091,0.044635124073532914],"valid_accuracy_dist":[0.9712837837837838,0.9819227608874281,0.9747351263243684,0.9876237623762376],"valid_accuracy":[0.09047197440555807,0.5636405399705182,0.700630571312851,0.8245950827611077,0.8572342010643876,0.8900853044113182,0.8737609879527191,0.9223194729450391,0.9314078647687525,0.9371929417511089,0.8993864808546099,0.94504393401513,0.9454574807293267,0.9510352247501901,0.9562016203277665,0.9570271791289695,0.957026827194154,0.9570267590066975,0.9590932287005728,0.9617793178677958,0.9640512233718143,0.9634310009204481,0.9640511026535775,0.9644641414363976,0.9657037164580181,0.9673568306720802,0.9688026830152209,0.9679764960130961,0.9706622907643734,0.9708685224232005,0.9727283818287212,0.9723150436418662,0.9721084750512318,0.9737609660524617,0.9723150893045589,0.9731414896171388,0.9739680542256741,0.9735548073642044,0.9739679710352093,0.9729353330138556,0.9752075227139252,0.9758274315763888,0.9752077034846975,0.9762407637132973,0.9756206031944653,0.9752077410124695,0.9764472491134669,0.9756203767610003,0.9739678755398757,0.977480101263417,0.9789267717750296],"mean_valid_accuracy":[0.09078118460759048,0.5616473627880515,0.6991744625048943,0.823170123541204,0.8563440345365063,0.8894377560443166,0.8732830524039514,0.9217729185693828,0.9310120130834096,0.9368662797314815,0.8995100659231285,0.944865000636751,0.945140255150998,0.9508374033682836,0.9559458025283696,0.956832149651847,0.9567867389221274,0.956826279625082,0.9589008916042717,0.9615845801416568,0.9639292697291224,0.9633350339460726,0.9639193484159212,0.9643228158121745,0.9656085376051105,0.9672462389424241,0.9687471606704451,0.967849238763467,0.9705934890105996,0.9708135669672705,0.9726640911437116,0.9722646750338945,0.9720412486962664,0.973723885673391,0.9722597970123086,0.9730912664625948,0.9739311483056327,0.9735219761526438,0.973928626659825,0.9728859878407111,0.975185762508545,0.9758052358548537,0.9751684208077712,0.9762135605525136,0.9755898913699187,0.9751758204751647,0.9764344652443342,0.9756121110922785,0.97394512090527,0.9774739002323408,0.9788913583429546],"std_valid_accuracy":[0.0908765649613334,0.15111564578611442,0.14367863441505846,0.11712269011456325,0.07173215840797176,0.054191177175487326,0.046332169736800155,0.0480734467227943,0.03319394858159782,0.028574558586116395,0.049272194297208874,0.01984466367078072,0.02723222087478184,0.019178084546286837,0.023034733594084884,0.018395815252685962,0.020044285578771512,0.018119504022783027,0.017208703837370443,0.01805459810473309,0.012343422634478986,0.010035107493408548,0.012496474631341195,0.013275358812736681,0.009769387080124146,0.011315511693237953,0.007238944280643975,0.011632120994405137,0.008130113393279279,0.006781890158326472,0.008081031559961859,0.006922490784406028,0.008045038522136647,0.006264232225253248,0.007496926115026431,0.0069164585067485445,0.007815317311865163,0.00791587946275841,0.007379042710200555,0.007941481141993554,0.007155902118406859,0.006516314677547223,0.006522816551121397,0.006163701976980977,0.006111001361397731,0.006400988372646597,0.004946777797762498,0.0065580023996716485,0.007834178738124635,0.005305677978993099,0.006336279208904903],"valid_loss_dist":[0.08137367544947444,0.05498168850432387,0.06817963253023572,0.04060149716563744],"valid_loss":[2.3079771454799936,1.3135675713669501,0.8675232694237104,0.5207893307320018,0.409246168815748,0.32658986663370215,0.36318768634851556,0.23578366781649213,0.21700662813450272,0.19634151730571714,0.27625221446584713,0.16807262107450072,0.16183382623688344,0.15150136359673472,0.13527631680327884,0.1311424884349155,0.13027360045158173,0.1263479647760607,0.11927398691497709,0.11598916843380719,0.10685134998347613,0.10854748086207408,0.10517346994206814,0.10128282929231656,0.09948630011168134,0.09552841440794968,0.0956536998791736,0.09130266938360848,0.08488900350697313,0.08452801330463522,0.07925970614598588,0.08220973327880635,0.07903268406772096,0.07532468347473512,0.07983252653197093,0.07660675977473112,0.07354621342071903,0.07745139649383466,0.07313621026846684,0.07822134193661964,0.0716175122899439,0.07062464110475011,0.07054589523236703,0.0678934113034348,0.06786020707989883,0.06825291823110383,0.06791222422149501,0.0674777595135387,0.07212616616271877,0.06475941027390417,0.06118031309670642],