{"test_accuracy":[0.0972,0.4928,0.7418,0.7945,0.8481,0.8754,0.8957,0.911,0.9213,0.9146,0.9385,0.9392,0.9467,0.9497,0.9527,0.9533,0.9565,0.9572,0.9591,0.9622,0.963,0.9646,0.9651,0.9636,0.965,0.9662,0.9653,0.9645,0.9674,0.972,0.9685,0.9597,0.9697,0.9571,0.9695,0.9738,0.9701,0.9683,0.9745,0.9759,0.976,0.9751,0.9699,0.975,0.9774,0.9764,0.9786,0.9768,0.9791,0.9681,0.979],"test_loss":[2.3084521141052248,1.5048451940536498,0.7221536262512207,0.5542590991973877,0.44179942178726195,0.3435681282520294,0.3021651479244232,0.2654621265888214,0.2392065567970276,0.24288069639205934,0.20272434515953064,0.1963290795326233,0.18140466077327727,0.17151473248004914,0.15836871719360351,0.15696794694662095,0.14950564844608308,0.14462526783943178,0.13561488502025604,0.12757353188991546,0.12424544394016265,0.11712371655702591,0.11337999085187912,0.11559566410779953,0.113080269241333,0.1071268533706665,0.10919557249546051,0.11123663603067398,0.10710868299007416,0.09048138111233711,0.09798292280435562,0.1289754245519638,0.09522284194231033,0.12488845193386078,0.09380545967817307,0.08673284306526184,0.0915137767791748,0.09763078942298889,0.0822387948513031,0.0777316071510315,0.07883262501358985,0.08080965670347214,0.09688961558938027,0.08060285874605179,0.07697063573598861,0.07732707260847092,0.06983409113287926,0.07440779831409454,0.07054878056049346,0.09469506211280823,0.06997340989112855],"train_accuracy_dist":[0.9816223067173637,0.9794619018278907,0.97802662159307,0.9825390304026295,0.9902120717781403,0.9929048414023373],"train_accuracy":[0.09484429065743945,0.5473010380622837,0.7994809688581315,0.8379930795847751,0.8730103806228374,0.899204152249135,0.9159169550173011,0.9264705882352942,0.9340484429065744,0.9333217993079584,0.9460553633217993,0.9480968858131488,0.9522837370242214,0.9550173010380623,0.9592387543252595,0.9588235294117647,0.9613494809688581,0.9627681660899654,0.9633910034602076,0.965363321799308,0.9679584775086505,0.9695155709342561,0.9707612456747405,0.9701730103806229,0.970553633217993,0.9724567474048443,0.9721107266435987,0.9699653979238755,0.9719031141868512,0.9767474048442907,0.974878892733564,0.9663667820069204,0.9758823529411764,0.96719723183391,0.9765397923875433,0.9785121107266436,0.9771626297577855,0.9752941176470589,0.9801730103806229,0.981038062283737,0.9811418685121107,0.98,0.9724567474048443,0.9801730103806229,0.9806228373702423,0.9819031141868512,0.9824221453287197,0.9822837370242214,0.9833564013840831,0.977681660899654,0.9841522491349481],"train_loss_dist":[0.06161195015197169,0.06936350437812698,0.06504684816648447,0.054162796103107015,0.03632198347061338,0.022964095059340706],"train_loss":[2.307767864552336,1.3175696879728442,0.6162838298453591,0.4630747247649724,0.37859562335748576,0.2926558258428293,0.25666577485502795,0.22974526512323779,0.2077569706454409,0.20160365749601675,0.17399724896597615,0.16717353617650002,0.15541016062186663,0.14704006240132772,0.1369597708359103,0.13359953424406712,0.12718795917129022,0.12272268872720972,0.11752956634161794,0.11232698752986313,0.10620808078730189,0.1002947049497733,0.09627500024504934,0.09707024824866786,0.09511262083084525,0.08952623725117903,0.09071572894559186,0.09423038349638348,0.09173672252202529,0.07761530818076076,0.08078492487435934,0.1040755098717848,0.07679817738572206,0.0948289519406623,0.07454533877360367,0.06983496849202779,0.072098630704888,0.07647624706752779,0.06496781743650412,0.06161955834943221,0.06150955210339961,0.06267415858212227,0.08564361523050544,0.06177997654903306,0.05914597995611468,0.05812248114934739,0.05542543555161945,0.05579208953563884,0.05330386935813823,0.06856023259744512,0.05152595325614806],"valid_accuracy_dist":[0.9780405405405406,0.9802955665024631,0.9805743243243243,0.971240755957272,0.9779951100244498,0.986644407345576],"valid_accuracy":[0.09087177344212846,0.544141531023748,0.8010587771060239,0.8381308974155968,0.8696785991762044,0.8936092811785212,0.9100732744963923,0.9219719662479134,0.9309647900903021,0.9288878596800441,0.9431386431286207,0.9472905268825061,0.9500560396094552,0.9564218573443668,0.9598803490884807,0.9587727716773337,0.9619551878211413,0.9648598742443744,0.964168829213824,0.9667973881313905,0.9670738695792456,0.9708093540787949,0.97122413248114,0.9697022857249518,0.9697022068451412,0.9723306928260241,0.9688719828196747,0.9670731228776933,0.9691475009530528,0.9737145119972381,0.9727459687936487,0.9622325132903271,0.9724686068107142,0.9611228619342841,0.9732987733819227,0.9749588620857338,0.9734370948103217,0.9699780688808788,0.9749588435018016,0.9768957960223026,0.9768956758779257,0.9753738881721559,0.9666566757238851,0.9760658274800867,0.9768956368104852,0.97661909141743,0.9778647813900745,0.9759270059858669,0.9780024738670579,0.9709455099885315,0.9791089733150983],"mean_valid_accuracy":[0.0905105199432813,0.5420034916784312,0.8008269851778177,0.8379477401494985,0.8695745714550817,0.8938281398416507,0.9101892185051682,0.9221188893294577,0.9310749586833111,0.9290455448406387,0.9431744799334143,0.9473462706465227,0.9500918557661128,0.956405354279834,0.9598390920925168,0.9587986431278631,0.9619679312416348,0.9648584697290211,0.9642312782814871,0.9668419886093504,0.9671040376272532,0.9708174351724219,0.9712702413734396,0.9697262762540122,0.9697650685655367,0.9723537601186824,0.9688940238653873,0.9671130083096083,0.9691266545904526,0.9737338948834,0.9727753639374813,0.9622573799802918,0.9725107121762321,0.9613141441370097,0.9733348808459455,0.9750024758241552,0.9734727208792412,0.9700619221098711,0.9749870351699821,0.9768969548389094,0.9769119709293445,0.9754171913113452,0.9666759714976397,0.9760843476451981,0.9769304748113186,0.9766314430873758,0.9778803993603099,0.9759675767714205,0.9780301860522925,0.9710172881253288,0.9791317841157711],"std_valid_accuracy":[0.08865596881920228,0.16583544802981634,0.08019702582611789,0.06695772452674943,0.04796996282069368,0.04909598608536353,0.03791604579163284,0.030746826427377902,0.025622451923046713,0.032749157983378754,0.018507764475753828,0.01831236087977751,0.01554927230507473,0.013737777894901238,0.011569449218334414,0.013136195732306549,0.011559733184132196,0.009329739014312957,0.010960231489778368,0.008390842410854037,0.008544559519716843,0.0072127085657181485,0.008076820801307413,0.008136831864811607,0.008628466451268699,0.006650957679556004,0.008677409533230524,0.0078518442575435,0.005960598075725501,0.004967372721651812,0.006450840912002272,0.012122994491710466,0.007627680521912641,0.02342413355174313,0.0067866438679499005,0.006018420178904421,0.006719963192188431,0.00988814101998005,0.006087114723716675,0.003903602562380602,0.0050323993389818815,0.00628426897885583,0.0076501617958721745,0.005413992804896364,0.005382287501763827,0.00481281003830724,0.0048020669572318595,0.005332687447654383,0.00432130384050922,0.010577185224943032,0.004557520989501135],"valid_loss_dist":[0.08487241936696542,0.07692807594739354,0.06808750190444894,0.07872139333135884,0.06458136033093725,0.03979675298889412],