{"test_accuracy":[0.0972,0.7808,0.8946,0.9147,0.9278,0.9353,0.9421,0.9463,0.952,0.9537,0.9568,0.9607,0.964,0.9656,0.9687,0.9704,0.9714,0.9721,0.9742,0.9722,0.976,0.9756,0.977,0.9784,0.9791,0.9789,0.98,0.9794,0.9731,0.9804,0.9819,0.9766,0.9822,0.9809,0.9824,0.9827,0.9825,0.9818,0.9826,0.9832,0.9832,0.9836,0.9706,0.9842,0.9841,0.9839,0.9828,0.9846,0.9843,0.9842,0.9848],"test_loss":[2.3084521141052248,1.1055900121688842,0.5123533082008361,0.35531586060523984,0.2843544910430908,0.23915519785881043,0.20894973225593566,0.18570106978416442,0.169168887925148,0.16331883919239043,0.14586350803375245,0.13360910989046096,0.12440668106079102,0.11821466504335404,0.10937067465782166,0.10368344405889511,0.09970263874530792,0.09618402055501937,0.09327786740064621,0.09655283024311066,0.0873813493847847,0.0813563420176506,0.08109909332990646,0.07545872547626495,0.07348082780838013,0.07339053109288216,0.06987375066876411,0.07068050529956818,0.08635406831502915,0.06822546482086182,0.06418557720184326,0.0780306334733963,0.06299837255477905,0.06505435907840729,0.06035045375823975,0.059215088880062106,0.05915003796815872,0.060894179570674896,0.05718769967556,0.056488987213373185,0.055319340336322784,0.05478276306390762,0.0867652853012085,0.05375493524372578,0.052930162274837496,0.05216018135547638,0.05262072141170502,0.05156554708480835,0.0527068687736988,0.05418510385751724,0.05034143275618553],"train_accuracy_dist":[0.9894381073088298,0.9850071883343602,0.989013310796535,0.9897288414133114,0.9882105263157894,0.9874122988031366],"train_accuracy":[0.09638888888888889,0.7716666666666666,0.8902777777777777,0.9094791666666666,0.9213888888888889,0.9318055555555556,0.9382638888888889,0.9440972222222223,0.9482986111111111,0.9509375,0.955,0.9591319444444445,0.9623263888888889,0.9638888888888889,0.9664236111111111,0.9683333333333334,0.9700694444444444,0.9706597222222222,0.9717361111111111,0.9694444444444444,0.97375,0.9750347222222222,0.9749652777777778,0.9766319444444445,0.9773958333333334,0.9782638888888889,0.9791666666666666,0.9781597222222222,0.973125,0.9785069444444444,0.9814583333333333,0.976875,0.9813194444444444,0.9809722222222222,0.9824305555555556,0.9834722222222222,0.9836111111111111,0.9828819444444444,0.9844097222222222,0.9845486111111111,0.9849305555555555,0.9854166666666667,0.9730902777777778,0.985625,0.9857986111111111,0.9866666666666667,0.9859027777777778,0.9872569444444445,0.9862847222222222,0.9860763888888889,0.988125],"train_loss_dist":[0.03464060397932788,0.04656521289236958,0.0391310226387084,0.03781436405763728,0.03731808224477266,0.04337631975228733],"train_loss":[2.308819945760899,1.1208244846388697,0.5261091652150369,0.36724432732599477,0.2983782794326544,0.2485013845200754,0.21912792888366514,0.19529561473625814,0.177713828866577,0.16896579840194642,0.15365906713219982,0.13951289628166705,0.12998813298944797,0.12344709124209152,0.11424238944943581,0.10854516675126635,0.10322700703464863,0.0995712774259866,0.09576250328837584,0.09809640582004148,0.08983204296505493,0.08262866614903841,0.0820297892143329,0.07633496967972153,0.07405398120844944,0.07287910031814439,0.06990606350643147,0.0701278590092746,0.08569054028290944,0.06770857008691464,0.062288026025441166,0.07524061614544027,0.05932288785335711,0.06129255269317784,0.056360117182937555,0.054494974895432174,0.05425243582434228,0.05516023429356412,0.050947060304655074,0.04939171559937272,0.0483513498262942,0.04777244633775101,0.08149405473429296,0.046068617206247935,0.04528939242552345,0.04374236037514897,0.043609688318813115,0.04221562655500343,0.042887420283126025,0.04370712667212097,0.039842521922740466],"valid_accuracy_dist":[0.987331081081081,0.9827586206896551,0.9881756756756757,0.9852095316351684,0.9797979797979798,0.9843234323432343],"valid_accuracy":[0.0891172585194975,0.7731504959304912,0.8978219665380294,0.9135096924620004,0.9276710957759902,0.9350271245356796,0.9416909212755186,0.9472449436834766,0.950715627509703,0.9529361452775313,0.9562687040583494,0.9616831514461407,0.9643203570855611,0.966819366261504,0.9683467653952096,0.9707065997879175,0.9715395830976505,0.9716783954406202,0.9720946809233116,0.9679300677656507,0.9722337530237933,0.9751493666570408,0.9744549460619454,0.9761209467511739,0.9759821388115476,0.9768154005673796,0.9769538283672731,0.977370727268241,0.9737603928088069,0.9776486151000596,0.9795919821810511,0.9754272002637404,0.9797308924067599,0.9786198621040689,0.9820909136809254,0.9809801420073018,0.9802858133151734,0.9793143731902972,0.9815355595136812,0.9833403947860991,0.9832015558835807,0.982368455804851,0.9698730839779872,0.9836178793018648,0.9837567935652177,0.9840343787339968,0.9843121703163334,0.9843121563142916,0.9840344631558287,0.9834789575300033,0.9845897323654326],"mean_valid_accuracy":[0.08943526113066343,0.7736687434139583,0.8976896197818857,0.9134344828372768,0.9275375477808453,0.9350258321617116,0.9416779785929865,0.947216446021759,0.9506918909420164,0.9530473138466173,0.956227743695123,0.9616756938389436,0.9643387080944965,0.9668422960967744,0.9683672551665826,0.9707335570754356,0.9715755784271588,0.9716986168682643,0.9721226305022302,0.9679602244438481,0.9722405413593398,0.9751689567909235,0.9744972448929815,0.976156599822049,0.9760287750527085,0.976822780922976,0.9769651962231141,0.9774286620946079,0.9738020463138675,0.9776575498889978,0.9796176350739464,0.9754552999648421,0.9797736459329133,0.978685553006348,0.9821138420791065,0.9810231049603916,0.9803344530585903,0.9793512348343162,0.9815618670846118,0.9833554851145409,0.983231475965933,0.9824015843395588,0.969927061174172,0.9836446506152922,0.9837871541437379,0.9840480906474903,0.9842910468544804,0.9843224621686094,0.9840526974771655,0.9835161256484213,0.9845993868704657],"std_valid_accuracy":[0.08836445401460576,0.044655005484892034,0.01694009729581787,0.010005305128529445,0.016124133953294133,0.011112272271679111,0.016216961602439628,0.01072524935534932,0.011726642385305531,0.011921758339137615,0.006161507031844766,0.00655864387129484,0.004646732059884804,0.005808259791050789,0.00538209548001951,0.006082600406466178,0.005317422140970477,0.004338850186621303,0.005689386280435181,0.007230715513431225,0.003204807974116572,0.004949561977826237,0.0049583484141241824,0.005051788043579352,0.005206883060698127,0.0040229122184278045,0.0047100395520386145,0.006896177989432187,0.003561787333838983,0.00509969207643139,0.0047233775747957665,0.0046070714525362445,0.004893116394998482,0.005868145982627231,0.0028379355731225123,0.004503605976529607,0.0047387414897880255,0.005388395496067969,0.004155941779849188,0.002784397078159135,0.004446705439299459,0.004135229967707744,0.01205942580872987,0.0033993107710620692,0.0045811308897152824,0.002529085807487017,0.003968950502679824,0.00289601515669115,0.0031479267741147624,0.004302868990564199,0.0028030445477999688],"valid_loss_dist":[0.04948834828226953,0.05842988779049593,0.03896949188532056,0.05060930746005222,0.06613352097044087,0.05346481955730089],"valid_loss":[2.309918094342985,1.1220257372975226,0.5205477274538942,0.36057775564615413,0.29031018417600035,0.2436005900561746,0.21502245344379664,0.1910034295167769,0.1735248019230446,0.16702900304467727,0.1505355668209912,0.1370569408822197,0.12905080762119453,0.12190404316963592,0.11378079836871503,0.10846783215279486,0.10394307192467844,0.10022491567226167,0.09755771547007626,0.09963552467947123,0.09295954997909592,0.08515755048196258,0.08490408793590097,0.07950464543415034,0.0777955491572465,0.07743427044113402,0.07523549363919521,0.07499342798107672,0.09179541254994265,0.07226308721993152,0.06864081363023612,0.08183357048999895,0.06675938510367249,0.06946726524724639,0.06429714866818999,0.06291031935073936,0.06351182351336272,0.06369411414282528,0.060222206228007114,0.058868335788434506,0.0584412196954591,0.05789726032639068,0.09126005767289827,0.05672622345837722,0.056020801859905385,0.055009708559519574,0.05449202346955977,0.0539556385407706,0.05528812482460818,0.05713464808420625,0.05287522286157012],