{"test_accuracy":[0.0972,0.3305,0.406,0.4281,0.5905,0.638,0.6775,0.6558,0.7457,0.7317,0.757,0.7777,0.763,0.7983,0.7937,0.7968,0.8013,0.7554,0.8154,0.8147,0.8175,0.8219,0.8162,0.8285,0.8308,0.8485,0.8308,0.8403,0.8384,0.8357,0.8477,0.8425,0.8411,0.8486,0.8413,0.7123,0.8296,0.8425,0.8425,0.8499,0.8413,0.8483,0.8587,0.8173,0.8551,0.8534,0.8539,0.8554,0.8658,0.8593,0.8527],"test_loss":[2.3084521141052248,4.34796768951416,2.7461945598602293,2.950859593582153,2.0388300315856935,1.903366307067871,1.8417249095916748,2.0548642454147337,1.602348840904236,1.7494243335723878,1.650683829498291,1.5997065670013428,1.7053512687683106,1.585079358291626,1.6259119529724122,1.6050739692687988,1.6410716596603394,1.8844674808502198,1.5595605670928956,1.5935887798309327,1.6061857347488404,1.6073702199935913,1.641240970802307,1.5397086069107055,1.5365864795684814,1.4317164110183715,1.5863400390625,1.5711386901855469,1.597132910346985,1.6143382568359375,1.5412477827072144,1.5817066328048706,1.6208962770462036,1.5780501007080079,1.6101901342391969,2.3493344146728514,1.6178044319152831,1.6494109859466553,1.6966372911453247,1.6207727991104126,1.7272595796585084,1.6619402355194093,1.5670235607147216,1.7941381706237793,1.6822613822937011,1.7008531238555908,1.6535034156799315,1.6919724292755127,1.5835282123565675,1.7022361684799194,1.779802116394043],"train_accuracy_dist":[0.9767919490655166,0.9796631059983566,0.956975505857295],"train_accuracy":[0.0641629711751663,0.5612527716186253,0.6584672949002217,0.6653963414634146,0.7868625277161863,0.8151330376940134,0.8463830376940134,0.8316241685144125,0.8929462305986696,0.8860171840354767,0.9034783813747228,0.9163664079822617,0.904379157427938,0.9301552106430155,0.9280072062084257,0.9297394678492239,0.9325803769401331,0.9012610864745011,0.9424196230598669,0.9418652993348116,0.9451219512195121,0.9476856984478935,0.9442211751662971,0.9523281596452328,0.9544068736141907,0.9663941241685144,0.9555848115299335,0.9603658536585366,0.9596729490022173,0.957940687361419,0.9659090909090909,0.9637610864745011,0.9623059866962306,0.9673641906873615,0.9635532150776053,0.8592017738359202,0.9538525498891353,0.9643847006651884,0.9638996674057649,0.968680709534368,0.9636225055432373,0.9684728381374723,0.975609756097561,0.9378464523281597,0.9723531042128604,0.9717294900221729,0.9720759423503326,0.9726995565410199,0.9801829268292683,0.9755404656319291,0.9713137472283814],"train_loss_dist":[0.0639150816573086,0.05204995717599241,0.11443564515398207],"train_loss":[2.3089694125358915,2.3433300373443875,1.1609220750167337,1.2391220981672306,0.6003185049186723,0.5184765654345541,0.4319532035649682,0.5056069836478904,0.30674614919609744,0.3273264231416345,0.27990592994155183,0.24384303695363244,0.27978846375074673,0.2085470308636433,0.21580666596454026,0.20804346594061215,0.1974897474430485,0.2908936829456931,0.16707291976422764,0.16929026146702253,0.16022605150153327,0.15129076669864075,0.16361484739479265,0.13768222017374773,0.13089582005705677,0.10096100967030501,0.12933491549182047,0.11145416538162929,0.11240473069238194,0.11820236327407464,0.0977639143934428,0.10260493725387508,0.10601317542687702,0.09012355065146696,0.10277305621996588,0.6816276887477171,0.14312364890430115,0.09983739767330978,0.09982106616481015,0.08575054530277353,0.10487529823965416,0.0860902385439253,0.06956428500070978,0.18550020864567907,0.07301229929180812,0.07592986820977049,0.07591205004353836,0.07233045049044748,0.053738987293226556,0.06478663050402328,0.07634819000277941],"valid_accuracy_dist":[0.9729064039408867,0.9827444535743632,0.9540034071550255],"valid_accuracy":[0.0603847506776453,0.5580445944507506,0.6611163423603919,0.6680449339107084,0.7860863368051993,0.8093617139729028,0.842612764948561,0.8306942004050641,0.8911039253293876,0.8827894698067388,0.9038491584295826,0.913547750038606,0.8963621358271154,0.9254621005523076,0.9226924310684509,0.9240774986955637,0.9276798882620025,0.8949832392212804,0.9390423633978893,0.938211330787981,0.9412579516363958,0.9456910723121976,0.9407027553914415,0.9504017665426889,0.9542810022247006,0.9650861804970826,0.9556669694108166,0.9592686300844236,0.95926890599958,0.9578833917911391,0.9661948613826444,0.9637025770519795,0.9603771993246536,0.9667501500838893,0.9637025372201812,0.8584249694570936,0.9515150824539853,0.9637038705678175,0.9634263083521073,0.9678596970930031,0.9620402757488049,0.9675823709606511,0.9700760732451805,0.9368270653209485,0.971183867364434,0.9700759089753561,0.9684135550476891,0.9703525588393693,0.9736781996891571,0.9714611408722936,0.9700753379560022],"mean_valid_accuracy":[0.05972218725552451,0.5559791803067914,0.6580082729318156,0.6656638957128443,0.7848529878549586,0.8084789954018211,0.8419220388514578,0.8300425493166225,0.8906064266474232,0.882379917504613,0.9034832380393037,0.913188237999259,0.8955979215014902,0.9250823945840949,0.9222752186725334,0.9236538390078594,0.9273652125400239,0.8943689693589619,0.938704690224928,0.9378937041856816,0.9408936219749625,0.9454964626064281,0.9404356653090072,0.9500401201626056,0.953903657730193,0.964762191329843,0.955334012305196,0.9589938764725296,0.9590346791896719,0.9576150312623577,0.9659690333331356,0.9634562687798797,0.9601904615778253,0.9665282097299855,0.9633753379701332,0.8581693154245703,0.9513946064850827,0.9635287416903967,0.9632644264015441,0.9676755342189093,0.9618744247939915,0.9673710908374523,0.9699059433106235,0.936758775778979,0.9710004091856407,0.9698753974914784,0.9682732645844422,0.9701486204292524,0.9735158722370475,0.9712845636459496,0.9698847548900917],"std_valid_accuracy":[0.08087301223452698,0.12152383938345498,0.18281265284300335,0.14008034732801344,0.07259314314624234,0.05220909903613416,0.040843285831676,0.04322162587577049,0.02928726260571077,0.02594532581397048,0.022161906148900894,0.02134851762898361,0.050771623448741324,0.022676886748338735,0.02456440497674162,0.024919675083889495,0.018510309463501115,0.036133130077151805,0.02133625584611654,0.020508220403857587,0.021759931501060256,0.011494291671173006,0.015761562345672206,0.021604917902657287,0.02257443837613403,0.01907834155317338,0.02042109687461497,0.016519066296448233,0.014368706365611179,0.01630613252041201,0.013296762859881957,0.015470947068355856,0.011496858763443418,0.013580708102381621,0.020195958169611925,0.06516543373611852,0.021984022207018068,0.014194261624352488,0.012276772805094127,0.013521730468688646,0.011151466067821069,0.01447932814681501,0.012069665127658384,0.01114379999426293,0.011786219709731581,0.01342904932722911,0.010444812067421212,0.012900371983746182,0.011691315227069494,0.011710322332656575,0.011926433095139511],"valid_loss_dist":[0.08771368611622327,0.055858655557979205,0.16603320011999173],"valid_loss":[2.3090558885442847,2.3594472652117804,1.1653145380338514,1.242526011792642,0.6016652199369341,0.5186571411016274,0.4323758038158683,0.5162156601391193,0.30455273132357885,0.33106986360110263,0.28198966304987977,0.2458258871191681,0.2898649266864378,0.21234740287644804,0.22300881445107243,0.21556554984934048,0.20672439685610094,0.31200184873121617,0.17683129250232857,0.18051614772743496,0.17186262213663603,0.16315846438696174,0.1780545536707825,0.15114376739836966,0.14534905319948035,0.11268767772641942,0.14556391379026368,0.12655031752571788,0.12824254849689531,0.1358792397765803,0.11416077009987396,0.12120191471005776,0.12494216681051706,0.10848072974529521,0.12382927318304437,0.7017207284936096,0.1663927407534728,0.12191937037420324,0.12313369304839787,0.10849204603560095,0.12853282639999106,0.11073677865398386,0.09373947080081872,0.2069284332361635,0.09703835163735493,0.1015057955381354,0.1004912078089593,0.09768656265858378,0.07882998061148701,0.09040875363290014,0.1024475989134905],