{"test_accuracy":[0.0972,0.3573,0.6697,0.7661,0.796,0.818,0.8139,0.7401,0.8632,0.8544,0.8729,0.8859,0.8988,0.9008,0.9096,0.908,0.908,0.9163,0.9184,0.9275,0.928,0.9276,0.9306,0.9338,0.9365,0.932,0.9092,0.9434,0.9413,0.9409,0.9428,0.9429,0.9502,0.9472,0.9483,0.9167,0.9519,0.9502,0.9532,0.9504,0.9538,0.9477,0.9522,0.9568,0.9532,0.954,0.9569,0.9578,0.9593,0.9587,0.9576],"test_loss":[2.3084521141052248,2.0805456554412842,1.0648753692626953,0.8460006803512573,0.7508462014198303,0.6428807870864868,0.6544912201881409,0.7691256394386291,0.43105736384391785,0.45609916634559633,0.3882470543384552,0.34055788278579713,0.31063713731765746,0.29617390084266665,0.2710128267765045,0.26997075424194333,0.28221201968193055,0.24590927000045776,0.24277015719413758,0.21733570218086243,0.21696280746459962,0.21035390856266023,0.20706023318767547,0.19502712321281432,0.18702809753417968,0.19921734352111817,0.25888889682292937,0.1661216102838516,0.17213107597827912,0.17260193684101105,0.16811016268730164,0.1676535749435425,0.15266688733100892,0.15409727977514268,0.1508315667629242,0.2457923050403595,0.14256609456539154,0.14441977655887603,0.139366934466362,0.14366570267677306,0.14046270854473114,0.15147676365375518,0.1390494381904602,0.12848268061876297,0.13949400112628937,0.13726353232860566,0.13116966967582702,0.12828481378555298,0.12044218170642852,0.12631466574668884,0.1282309382915497],"train_accuracy_dist":[0.9841571609632446,0.9423198816818086,0.9800739523418242,0.9863684771033013,0.9872704507512521,0.9923648369789517],"train_accuracy":[0.03446351332496163,0.45828101018557277,0.7816380633458909,0.8515417887540114,0.8730640435328589,0.891272498953537,0.8872261755267197,0.8412166875959257,0.9222826845263011,0.9188991209711176,0.9274801172038509,0.9353983535649505,0.939584205385796,0.9435258825170922,0.9490721361797125,0.9487930793916562,0.9458629831170643,0.952385935537882,0.9546183898423329,0.9599204688154039,0.9593972373377982,0.960757639179573,0.9620482768243338,0.9627808008929817,0.9656760150690665,0.9634086786661086,0.9488279614901632,0.9695479280033487,0.9685363471466444,0.9688851681317148,0.9699665131854333,0.9701409236779684,0.9725129063764476,0.9715013255197432,0.9724082600809265,0.9496651318543323,0.9741174829077718,0.9743965396958281,0.975024417468955,0.9747104785823916,0.975896469931631,0.9736988977256872,0.9759662341286451,0.9775359285614622,0.9766638760987861,0.9762452909167015,0.9780591600390679,0.9790358587972653,0.9795242081763639,0.97886144830473,0.978826566206223],"train_loss_dist":[0.045456259317434834,0.1663353100226995,0.059809555601858175,0.037018078694534634,0.03925937024226571,0.02985581740494041],"train_loss":[2.3188462725855974,1.5648906334509023,0.6831783109058791,0.5025763401858591,0.4325613018374272,0.36385037407572174,0.37335747281159337,0.4542283024321823,0.24651803030422315,0.25594855141655093,0.22180887475636807,0.1985104403702704,0.18526611084024144,0.1732245645167061,0.15849014353233185,0.15772618072085864,0.16770680317868578,0.1444602881879076,0.14022431789750672,0.12389726808781432,0.12361241301041638,0.12041181432702051,0.1165066601349101,0.1133154075264253,0.10648136219815162,0.11186584990611423,0.14880267439509628,0.09260426323525103,0.09677935109889722,0.0948597248633241,0.09160127505065944,0.09153779236659838,0.08259509584199971,0.08495173717583737,0.0825312301756673,0.14270480916795994,0.07736441772561081,0.076982879251342,0.07468308565552871,0.07597847844291963,0.07244944114743383,0.07781762289074609,0.07171866326206014,0.06699129507262418,0.07064707656456588,0.06953677009360755,0.06613032746368358,0.06418700461263271,0.05990389143678139,0.0622682971242455,0.06279544940114892],"valid_accuracy_dist":[0.9847972972972973,0.9484797297297297,0.9753492193919474,0.9872231686541738,0.9891485809682805,0.9892739273927392],"valid_accuracy":[0.030816977308625572,0.4568337366134965,0.7910418534621038,0.8577223749753599,0.8807421771362071,0.8987367895209676,0.8934401567234774,0.8506087580668737,0.9299826607509777,0.9239864490631803,0.9333312602727287,0.9421178076265675,0.9464406151855552,0.95174155441042,0.9548091765746245,0.9548097927889507,0.9476942350355796,0.957877415561558,0.9589934359832655,0.9647118363157067,0.9634563802183489,0.9654093601899727,0.9663855891806531,0.9677802909534705,0.9684776645481398,0.9665251505112455,0.9545289289259133,0.9726621082832395,0.9705701234135357,0.9704305639460831,0.973778074117166,0.9728017880671621,0.9751723837227094,0.9737779289250943,0.9751731525816674,0.9550857749162144,0.9760093786807327,0.9757308273192475,0.9774042225656767,0.9767071438342732,0.9774041628903707,0.9744754228362335,0.9760095589234561,0.9778229564151656,0.9774044006943128,0.9765678797319817,0.9787993317082152,0.9781019827382003,0.9797757939172075,0.9787994481918975,0.979078386884079],"mean_valid_accuracy":[0.03111149336918151,0.4565747192408063,0.7911461365894779,0.8577082538040864,0.8805923604827908,0.8985432409455884,0.8930600916380748,0.850694415965861,0.9298262149787534,0.9237309608772549,0.933105977330562,0.9419403747482802,0.9463345115569731,0.9516152289567931,0.9547276078238571,0.9547056028578788,0.947600639336394,0.9578123378311778,0.95893428197544,0.9646679034939524,0.9634007544407703,0.9653636523715782,0.9663407447059723,0.9677178473019326,0.9684343951980838,0.9664583133992813,0.9544847708810192,0.9726173952122066,0.9705092616555878,0.970378408924737,0.9737251583772459,0.9727424159745297,0.9751527610929696,0.9737226532332803,0.9751084249131959,0.9550955898313492,0.9759820616438195,0.9756709361010839,0.9773688012947154,0.976646119344752,0.9773838493294421,0.9744246171494474,0.9759643265649215,0.9777774495572168,0.9773644312380881,0.9764985735702257,0.9787631549840835,0.9780670672145085,0.9797324563575147,0.9787604180382031,0.9790453205723614],"std_valid_accuracy":[0.06467636974354174,0.10018526107149435,0.09523361603644503,0.06451196031961957,0.06156351944481651,0.05979226763357115,0.06751818369761506,0.08313291404930757,0.04941293010858233,0.05499159986218548,0.048153292882719224,0.03971903619751986,0.033515016932392054,0.03194509614006356,0.02795945280854246,0.028613761063131515,0.026306997618384693,0.02311883553185986,0.02343864947531691,0.020220898882651463,0.021042645994597344,0.020069505401864293,0.019278798377645626,0.017460908957637727,0.017982972120657602,0.018503344765413484,0.0275585599233015,0.01582154899986745,0.017624678056012467,0.01756459867257534,0.01686267624966442,0.017612776044644132,0.01490997847736178,0.016379106913047142,0.016174986544358137,0.027236290713894266,0.013329986418717464,0.015304345603048667,0.012992251099063032,0.014371658649132615,0.01373587869025015,0.015965982436620403,0.014787804996457255,0.013698544513691999,0.013989202831747318,0.015849665879605675,0.01412862154806263,0.014799642062754522,0.013440335178442361,0.014558282250606642,0.01446017064849779],"valid_loss_dist":[0.052912728609265505,0.15734139769463926,0.073277691659275,0.04366203920766584,0.0492943302916366,0.03739048135789609],