{"test_accuracy":[0.0972,0.2885,0.3138,0.7344,0.8224,0.7982,0.8734,0.9073,0.9262,0.9045,0.9312,0.901,0.9353,0.9269,0.7196,0.933,0.9327,0.9479,0.9499,0.9584,0.9487,0.9541,0.9515,0.9482,0.9039,0.96,0.9598,0.9575,0.9642,0.9628,0.9627,0.9622,0.9631,0.9667,0.9662,0.9491,0.9642,0.9672,0.9685,0.9684,0.8214,0.9724,0.9685,0.9672,0.971,0.9682,0.9699,0.9687,0.9678,0.9693,0.9692],"test_loss":[2.3084521141052248,2.400193180847168,1.7605615627288818,0.744033665561676,0.5207123302936554,0.5901783444404602,0.3610115656375885,0.28949972486495973,0.25139383392333986,0.2724252242565155,0.21952820122241973,0.28859512271881105,0.20037074205875396,0.21942712688446045,0.8867762356758118,0.2010055673122406,0.2063666469335556,0.17557012844085693,0.15495545228719712,0.1369813589334488,0.15895106205940246,0.140286075091362,0.14591558388471604,0.15974057216644288,0.3023516911506653,0.12125842589139939,0.12250642054080964,0.1268960934996605,0.11167899774312973,0.11298158068656922,0.11456728965044022,0.11468688006401062,0.11303885819911957,0.10289061450958252,0.10266072905063629,0.14880312838554383,0.10474464809894561,0.09992547789812088,0.09737579933404923,0.09473508646488189,0.7331010961532592,0.08343817701339722,0.09597244111299515,0.09913871256113052,0.08802194306850433,0.09709433385133744,0.09109506998062133,0.09306074343919754,0.09685210178494454,0.09291828054785728,0.09272778935432434],"train_accuracy_dist":[0.9816223067173637,0.9710412815773259,0.9960457856399584],"train_accuracy":[0.1271515824541921,0.3876318711826763,0.374305941143809,0.7912965019433648,0.8650055524708495,0.833564686285397,0.9052609661299278,0.9224736257634647,0.9265685730149916,0.9251804553026096,0.9415602443087174,0.9235841199333703,0.9450999444752916,0.9416296501943365,0.6932259855635758,0.9501665741254859,0.9487090505274848,0.9536368684064409,0.9628678511937813,0.9674486396446419,0.9562742920599667,0.9665463631315936,0.9648806218767352,0.9574541921154914,0.9018600777345919,0.9708495280399778,0.9712659633536924,0.9670322043309273,0.9738339811215991,0.9747362576346474,0.9736951693503609,0.9735563575791227,0.9735563575791227,0.9775818989450306,0.9768878400888396,0.9552332037756802,0.9764019988895059,0.9786923931149362,0.9798028872848418,0.9802193225985564,0.8089950027762354,0.9786923931149362,0.977165463631316,0.9795252637423654,0.9814686285397002,0.9803581343697946,0.9818156579677957,0.981329816768462,0.9804275402554137,0.980635757912271,0.9828567462520822],"train_loss_dist":[0.05169609551332548,0.09114445959102889,0.017434516759021412],"train_loss":[2.3056777546400498,1.8970469217095887,1.6257010929240974,0.5949050694567538,0.4212209663143395,0.4938831382194769,0.29691233558953634,0.2516230262882143,0.24382562033918947,0.23152168247867366,0.18819002816862096,0.23014775031700788,0.17460432539392534,0.18610682602514664,0.9747852644428553,0.16153759714360785,0.1657107661042294,0.14885663910293698,0.12308192336109613,0.1115999381116869,0.13139504149374137,0.10998878607899779,0.11313464419555844,0.12886514454440878,0.2958249793672879,0.0932826645344471,0.0908010468311734,0.09935721498590866,0.08316550065227048,0.0814572447686736,0.08226628871277794,0.08225854734777949,0.08150771913066432,0.07166284877434062,0.07143958227624646,0.13326876473068563,0.07207475083844962,0.06753187098251816,0.06472391373978702,0.06330554070526982,0.7754981489867584,0.06589497184083032,0.06611925804251179,0.06305102437648245,0.05583113164828159,0.061071957393406144,0.055606218889512865,0.05614066610120801,0.05960074185095376,0.055561009208971154,0.05360109265240841],"valid_accuracy_dist":[0.96875,0.9499178981937603,0.9733777038269551],"valid_accuracy":[0.11847199149496014,0.3734732696805429,0.37679859459699694,0.7830161777869439,0.855434287547802,0.816861268758197,0.8953915532936647,0.9142599681810994,0.9248061926861944,0.9131501327820072,0.9359038899070161,0.915369721660505,0.9367363824112069,0.9311860392364231,0.6878454606019044,0.939788474269291,0.9403434354396618,0.9442282778804691,0.9508879653282961,0.9564370171686805,0.9447833979076499,0.9567146286175093,0.9525525197480547,0.9453391178556587,0.89068160218877,0.9592119682240631,0.9597668665814609,0.9556044559272148,0.9608768917926799,0.9614318461364102,0.9605992780683041,0.9589343030644486,0.9575468880741833,0.9619866461744243,0.9614317992522651,0.9420076193373544,0.9605990700518026,0.9622639913448726,0.9625415490829159,0.9636512520294217,0.8043872760135246,0.9672584875724938,0.9647613423291606,0.9647613823866649,0.9661487058841871,0.9625415581851035,0.9647614497507316,0.9642067034235029,0.9633738108151368,0.9639289262912235,0.9639292485559369],"mean_valid_accuracy":[0.11765832433254546,0.3743057849288844,0.37646821237030087,0.7830936531270744,0.8551893255763243,0.8159536639046364,0.895272538620192,0.9140743319177967,0.9248848461278176,0.9130197130423047,0.9359193877758484,0.9152600951094123,0.936712408754336,0.9310539856451125,0.6873838887903091,0.9398228856997289,0.9403744470210561,0.9442401652654678,0.9509886947347502,0.9564621484840661,0.9448189460166625,0.9567630406013992,0.9526071543273478,0.9454696024618997,0.891368166893154,0.9592690319065901,0.9598273059745318,0.9555914805570552,0.960953432100658,0.9615159221149955,0.960656182880995,0.9589602809451913,0.9575537693849846,0.9620439069041256,0.9614971345779195,0.9418353205217054,0.9606138188117218,0.9623018619034598,0.9625948951767271,0.9636738682384589,0.8047618807630856,0.9672314085701973,0.9647896387203003,0.9648193549503866,0.966184648538771,0.9625803235860468,0.9648053564084318,0.9642852304633674,0.9633819810626426,0.9639680476091774,0.9640152006735718],"std_valid_accuracy":[0.08081039864735803,0.15656641265040638,0.06394238643585645,0.06981256239351702,0.05600189507653647,0.09622108074577311,0.03643847587972265,0.021649155797302554,0.007374428794204823,0.024546536588533972,0.016589162046406668,0.03002730633702296,0.00905190663869902,0.017446075357453746,0.0564295552094359,0.01935241106071286,0.01833140264885318,0.00951783021502059,0.016308261641385546,0.00992231163394596,0.009625219314382217,0.010958052805629736,0.013358278174361035,0.013116181607701524,0.05996919167496563,0.010239746123617888,0.011595880076834545,0.007339252571153781,0.011669287541155248,0.012700157793600909,0.01092544170762654,0.00879732174660818,0.007117678005493573,0.010591947030173935,0.010291541149058742,0.01506090596689495,0.00799474217691134,0.009689876218313537,0.010604884953039004,0.008909810991532895,0.035476974891920074,0.0028546012918895876,0.005549459358819068,0.009938126643486415,0.0065653121273310765,0.00790797141185145,0.006296248657969017,0.00913060109070719,0.00595808979955506,0.00756904509794999,0.010145749966791637],"valid_loss_dist":[0.08041351942999943,0.15238245961994962,0.08103110781326865],"valid_loss":[2.305813082936914,1.965391223807923,1.6604341528721176,0.6278441268478019,0.45251460755751344,0.535804735581134,0.32461284780529426,0.2816743585844011,0.2674440625178304,0.26028126397541357,0.21820591754342,0.2603184194143857,0.20693257788392977,0.2189530123145575,1.026223941311783,0.1896635983987033,0.19814167601508578,0.191813323376216,0.1555043213976965,0.14282068184254326,0.16836884330505233,0.142743405617888,0.1477884753922645,0.17150438308700583,0.34059361715240466,0.13080570754119022,0.1291193526475895,0.1398782769252745,0.1215784702998668,0.12292449402676024,0.12387397038921005,0.12424285221300875,0.12375764751290749,0.11560972462244543,0.11597438853030334,0.18148749055232288,0.11683173129724114,0.1119815214651832,0.11015331868782069,0.10788818041574179,0.838112914350407,0.10152560821117364,0.10875007210862699,0.10777439117460788,0.10033099455124851,0.10856472944279007,0.10428255314768634,0.1067103497081341,0.10883899754788591,0.1058382865602128,0.10494046848375263],