{"test_accuracy":[0.0972,0.4982,0.6598,0.8238,0.8581,0.8672,0.8982,0.923,0.9122,0.9366,0.9389,0.9341,0.9449,0.9342,0.9479,0.9529,0.9525,0.9588,0.9556,0.9565,0.9604,0.9646,0.9496,0.9646,0.9659,0.9371,0.9669,0.963,0.9711,0.9705,0.9707,0.9714,0.9709,0.9698,0.9697,0.976,0.9702,0.9702,0.9705,0.9697,0.9752,0.9742,0.9694,0.9743,0.9753,0.9754,0.9754,0.9755,0.9737,0.9721,0.9777],"test_loss":[2.3084521141052248,1.4667131242752076,0.8169926727294922,0.47573121075630187,0.39381375036239624,0.3586208675384521,0.28551435947418213,0.2401194676876068,0.26108203513622286,0.20289600279331207,0.19458204329013826,0.19431857607364655,0.16845959553718567,0.19270656368732453,0.16284679012298584,0.144790242767334,0.14097448670864104,0.12606131734848022,0.13320186395645142,0.13076689596176147,0.11772215552330018,0.10900585845708848,0.15189267599582673,0.10419957176446915,0.10177824952602386,0.1726546685218811,0.10106021814346314,0.1066029320716858,0.08830728406906128,0.0863189892590046,0.08713237873315811,0.08516213375329972,0.08475262441635131,0.08611360088586807,0.0875577998161316,0.07574474868774414,0.08461887419223785,0.08201521813869476,0.08260234031677247,0.08345157766342164,0.07483354787826538,0.07487555656433105,0.09064022054672241,0.07380197037458419,0.0722070509314537,0.07473291800022125,0.07202560920715333,0.07016226136684418,0.07192847151756286,0.07652654719352722,0.06736512877941131],"train_accuracy_dist":[0.9913739987677141,0.9816826411075612,0.9851141924959217,0.9823157894736843,0.9826661163846472],"train_accuracy":[0.11265791223404255,0.5625,0.7088597074468085,0.8440408909574468,0.8740026595744681,0.8806931515957447,0.9067902260638298,0.925531914893617,0.9163065159574468,0.937001329787234,0.9405335771276596,0.9399102393617021,0.9468085106382979,0.9377908909574468,0.9503823138297872,0.9564910239361702,0.9557014627659575,0.962142619680851,0.9596908244680851,0.9591090425531915,0.9640541888297872,0.9677111037234043,0.9506316489361702,0.9679604388297872,0.9701213430851063,0.940907579787234,0.9720744680851063,0.9702875664893617,0.9750249335106383,0.9754820478723404,0.9761053856382979,0.9768533909574468,0.9765625,0.9769780585106383,0.9760222739361702,0.979263630319149,0.977310505319149,0.9778922872340425,0.9784740691489362,0.9784325132978723,0.9810920877659575,0.9806765292553191,0.9757313829787234,0.9810505319148937,0.9814660904255319,0.9807596409574468,0.9820063164893617,0.9822140957446809,0.9822140957446809,0.9806349734042553,0.9846658909574468],"train_loss_dist":[0.03341631552299745,0.060620401186334945,0.049911458908198904,0.05330070990559302,0.04728744346287149],"train_loss":[2.3038454565338475,1.3236248198713354,0.73405178113682,0.4471408366231852,0.3668150229762219,0.3292922121503618,0.26936559322812753,0.2313594206594218,0.24147152265148644,0.19667964392097698,0.18521185196562115,0.1811215691166271,0.16112091098546713,0.1757532675633519,0.1534448585220974,0.13555205516681879,0.13227346239758883,0.11953687125060242,0.12319305328840509,0.11938559361086401,0.10880751866244147,0.10146786054014847,0.14273820293601602,0.09577124247183785,0.09226820767024889,0.15928488698827617,0.09044087058592072,0.09187625518391909,0.07832916891849426,0.0762456388072175,0.07581116272426988,0.07297184930165655,0.07230021695578855,0.07233210494435278,0.07291308631937816,0.06436429614900299,0.06871878155838436,0.06695847385538187,0.06665121364339745,0.06567424426077892,0.05991601152438423,0.05868903147487064,0.07384959593199458,0.056905080851023776,0.05522583216387578,0.05854473930772423,0.05462073096273246,0.052872653644218635,0.05309040002968222,0.05603559222358757,0.04880385394821171],"valid_accuracy_dist":[0.9852216748768473,0.979557069846678,0.9682151589242054,0.9696969696969697,0.9785478547854786],"valid_accuracy":[0.11063646618025909,0.5580391017295896,0.7034294603165684,0.8431650280023586,0.8645977397164485,0.8752293383799422,0.9009827838976158,0.9177627548921319,0.9101173337021097,0.9323808826094068,0.9355376525271688,0.9325487883217582,0.9413544725611792,0.9307204475918022,0.9416857080744432,0.9491627782012021,0.951488720745777,0.9566388238629252,0.9521535621902271,0.9526516545013217,0.9583001087305991,0.9622870018912769,0.9465012410535681,0.9621213183514387,0.9626195427093575,0.9323853446140389,0.9647786380237364,0.9617882103808189,0.9689326080065076,0.967769769086711,0.9686001678047711,0.9692648190378588,0.9694306703895877,0.9676033086705026,0.9672713335570633,0.9732522856722039,0.968101941578664,0.969597087991377,0.9692651876032482,0.969597021755987,0.9739162667884748,0.9717572619715932,0.9672704833394946,0.9727539260139387,0.9725877354161854,0.9732512455433217,0.9725881369195182,0.97375088762963,0.9729203241071649,0.9710929552810494,0.976242329937702],"mean_valid_accuracy":[0.11002346160458865,0.5553201046104117,0.7020910892226873,0.8429366548807156,0.8644386563280484,0.8750085609995587,0.900965723056283,0.9177775654525588,0.9099283368573353,0.9322881232404256,0.9354461509503617,0.9325503090845055,0.9413856551287811,0.9306688372159055,0.9416398146592861,0.9492166412318299,0.9515151968078979,0.9566813453487445,0.9522137168859691,0.9526852060374915,0.9583067526863189,0.9623008280326694,0.9463649612059379,0.9621464378782649,0.962646370978845,0.9324957427299481,0.9647921611075135,0.9617569836038941,0.9689454350443822,0.9677709065766447,0.9685918980696288,0.9692689126368611,0.9694246353656089,0.9676028720971874,0.9672870624992698,0.9732813845138782,0.9681081006405098,0.9696148010844906,0.9692871213955374,0.9696057048172971,0.9739122102879803,0.9718053880367894,0.9672752671863096,0.9727724768024018,0.9726211968509805,0.9732094963943766,0.9726348869829184,0.9737765822445393,0.9729440758956924,0.9711265704943148,0.9762477456260358],"std_valid_accuracy":[0.08787008561927091,0.20187171403706128,0.13683711817348698,0.07127017794105618,0.06273102659932397,0.05553108989921484,0.04256603420857472,0.03207069321337708,0.03126943931399578,0.018657126852781886,0.020911086169563164,0.029592514931365846,0.026074182161046667,0.02786476815085525,0.02312060144942384,0.0202124267239076,0.022351845877369433,0.016251657348897535,0.021963120021927424,0.02064107784774338,0.018537151021511235,0.011587824675720348,0.01620934338424903,0.016043774667980983,0.013581438949279505,0.04372270927583341,0.008634601822891216,0.01533957001393267,0.011549789894983375,0.014405452863643586,0.012131405582288736,0.011251170464665864,0.01114162944797641,0.012906350689037355,0.01371765770405432,0.008601884970331992,0.013487387021071233,0.010384378291049582,0.014074221868558893,0.011409454940144436,0.007064215518558565,0.01056778318770341,0.008885571598214922,0.011029361034251789,0.009192233974345638,0.008337319137194498,0.012066416970860585,0.011292103383279326,0.013824943012134189,0.015431358756907591,0.006390753469451098],"valid_loss_dist":[0.041774145359623024,0.07621990755403468,0.097045385203618,0.10421970250831308,0.06460220372863729],"valid_loss":[2.304013653283295,1.3400364113474694,0.7410596638539689,0.4506343391983886,0.373391207915814,0.33866447185618254,0.2782535875198037,0.24037500384362837,0.25286217799643035,0.20694065117497318,0.19619346915123356,0.19515867299015524,0.1740256605888724,0.19378455059841276,0.1707462501645634,0.15179859474407859,0.14965218188990645,0.13566099941979692,0.14240032438479067,0.1395403398772744,0.12817332496190775,0.12033969587722612,0.16461097476741882,0.11568221992803228,0.11275838698206937,0.18815106206608795,0.10979025106031425,0.11602774967124829,0.09958701345784848,0.09823336241471121,0.09833187802520398,0.09525952901491791,0.09533162965949216,0.09679673055361306,0.0972895057612168,0.08616081262663557,0.09502333815982245,0.09307430027070925,0.0932984614995583,0.09370618630906927,0.08607226887626011,0.08508866817231317,0.10132586721022421,0.0846060322358854,0.08137245202975175,0.08651800956931217,0.08201175512057676,0.08118833686893265,0.08210316790107254,0.08756303948138557,0.0766816495571893],