{"test_accuracy":[0.0972,0.4125,0.6098,0.7404,0.7214,0.8419,0.8767,0.9006,0.8895,0.9107,0.9253,0.8741,0.9141,0.9346,0.937,0.9418,0.9417,0.9457,0.9473,0.9483,0.953,0.9504,0.9496,0.9533,0.9549,0.9577,0.9603,0.9621,0.9581,0.9608,0.9621,0.9642,0.9627,0.963,0.9623,0.9635,0.9643,0.9662,0.9678,0.9674,0.9674,0.9653,0.9677,0.9684,0.9693,0.9694,0.9682,0.9692,0.9693,0.9708,0.9712],"test_loss":[2.3084521141052248,1.7123320224761962,1.1041889165878296,0.7507833715438843,0.7404755916595459,0.4781364381313324,0.38441885900497436,0.3184290788650513,0.34080909996032716,0.28692059664726255,0.24085334897041322,0.37202912259101867,0.2611284958124161,0.2080104390144348,0.19897630105018616,0.1832662449359894,0.18266384918689726,0.17490839579105377,0.16432816581726073,0.1575632620573044,0.1487875953912735,0.15562173318862915,0.1548506181716919,0.14531854116916657,0.13929337890148163,0.1340351140499115,0.1287803629398346,0.11857174956798554,0.12847809760570525,0.1202110870718956,0.1187788349866867,0.11265309715270996,0.11415133922100067,0.11226351721286773,0.11492615535259247,0.11469313765764236,0.1097525985956192,0.10627496917247772,0.0997358238697052,0.10224795364141465,0.1008485105752945,0.10750842002630234,0.09790855966806412,0.09935038034319878,0.09586350663900375,0.09429589282274246,0.09632083142995834,0.09505704398155213,0.09460165382623673,0.09023680169582367,0.08825711176395416],"train_accuracy_dist":[0.9623996620194338,0.9862394742246868,0.986541598694943,0.9905076351630211],"train_accuracy":[0.09269880638660673,0.51769751459722,0.7009765927763137,0.8134656125665272,0.7777088823438226,0.8839973130780757,0.9043559138118121,0.9241977987908851,0.9076628946416576,0.9275047796207306,0.940939389241978,0.8960884617371984,0.9339120549785563,0.9484317676845967,0.953237224202966,0.954477342014158,0.9553040872216194,0.9571125923629411,0.9597478427117243,0.9611429752493154,0.9629514803906372,0.9605745879191857,0.9610396320983827,0.9645532992300935,0.9665684906732807,0.9666718338242133,0.9670335348524777,0.9702888441068568,0.9694620988993955,0.9701338293804578,0.9715289619180488,0.9719423345217796,0.972614065002842,0.973079109182039,0.9731824523329716,0.97292409445564,0.9746809280214954,0.9745775848705627,0.9764377615873508,0.9767477910401489,0.9769028057665479,0.9750426290497597,0.9782462667286725,0.9775745362476101,0.979228026662533,0.9788663256342686,0.9790730119361339,0.97969307084173,0.9797964139926626,0.9812948896811864,0.981553247558518],"train_loss_dist":[0.10420435674277649,0.046288337996912385,0.045281767577759396,0.033924557369323836],"train_loss":[2.3062527069089236,1.3502800161756114,0.8345454068188334,0.5596568120213952,0.5939553622613549,0.3711057094380584,0.31301620763376725,0.25866311698934863,0.29437543327436455,0.2364344597347872,0.20017949790909748,0.31479571986147914,0.21827169728529816,0.172894903407019,0.1600620573758925,0.15217217379019365,0.14948527747079432,0.14129557116024993,0.1346405967634999,0.12825735901370133,0.12189252761855321,0.12738900184623647,0.12392236100602062,0.11534190751196019,0.10956078902443626,0.10614124281216498,0.10391986287661759,0.09481351297093302,0.09761515440684858,0.09362308035490556,0.09084716128199924,0.08816275866438004,0.08651135107036993,0.08363892759367249,0.08624170373630347,0.0851861922190595,0.0792421358094926,0.07830658643942702,0.07281485362699197,0.07315720061143134,0.07220916275222013,0.07561704209117208,0.06824177134232898,0.06950651433027999,0.06567406607851935,0.0653089556587221,0.06530093201113438,0.06387023966081296,0.06246038645352682,0.05944717925725067,0.0571044042649897],"valid_accuracy_dist":[0.956081081081081,0.9794745484400657,0.9714751426242869,0.9851485148514851],"valid_accuracy":[0.09211601712936185,0.5199213269328925,0.705840564434988,0.8078825195496389,0.7818684383536152,0.8801860547908198,0.8989861794716496,0.91943683538273,0.9045665223301897,0.9202645269869605,0.9336908115168998,0.8884476394741131,0.9270792935988065,0.9394745511891113,0.9427787272414847,0.9475314172908382,0.9485641280770658,0.9514549540491677,0.952902141697408,0.9555868397633136,0.9578591358623333,0.9545543520322656,0.9543487732863011,0.9590990344472959,0.9613712657891089,0.9619907580062154,0.9613717003290858,0.9636441025250566,0.9634368245549166,0.9642632178794327,0.9652962514013507,0.9657096561566262,0.9671554846396847,0.9675681944025172,0.9665357242714695,0.9655028907740922,0.9686011503343476,0.9694277515683214,0.970254068036988,0.969840865141849,0.9708736575510453,0.9683947104381828,0.9706668162277451,0.9710805501351514,0.9719067422433468,0.9714934174617188,0.9719064923306249,0.9716999365068701,0.9719065807371533,0.9716999736525926,0.9731459317207831],"mean_valid_accuracy":[0.09122081759032691,0.5183674559754846,0.7042286635698248,0.8065933909729313,0.7812140087937972,0.8794295974479441,0.898562245097968,0.9190188320166324,0.9044244614083763,0.9199983968385822,0.9333930394869566,0.8877073023481549,0.9266618105667137,0.9392622120532687,0.9424689151416809,0.9473618493618937,0.9483899888927878,0.9512493784876648,0.9527635356452444,0.9553844352749861,0.9577067771357641,0.9544384830667236,0.9541966270015535,0.9589524925241457,0.9612172024402512,0.9618757240655316,0.9612888736169031,0.963552280534395,0.9632404422010274,0.9640977131688563,0.965167638319678,0.9655969738658157,0.9670395216037327,0.9674145005666064,0.9664139274823595,0.9653807819255518,0.9684638602539194,0.9693237808718835,0.9701526880245553,0.9697406361933107,0.9707795851445418,0.9682767775603487,0.9705418488950073,0.9709944368204907,0.9718193167930106,0.9714017695129716,0.971815651031412,0.9716011298955217,0.9718040280353426,0.9716123914730377,0.9730448217492297],"std_valid_accuracy":[0.08966471715370868,0.12314152517062568,0.15267095330682187,0.10696290506637832,0.11531801823473424,0.0643705724462877,0.039653798507818167,0.040154627730558876,0.02939412806084401,0.03224198564143367,0.030555636185712227,0.05873650204972814,0.03695834632651994,0.020753115306302878,0.026204658556912636,0.019363694240799322,0.01886186991064777,0.017319603098093724,0.01522570561337049,0.018199402299808945,0.013271298753059053,0.01206726408935472,0.021282889892473535,0.015696555879824728,0.01564578277027309,0.010182365908272597,0.010355465434937398,0.01244235810810477,0.019670782315845334,0.016711833938695637,0.014275566341430871,0.013868913647284306,0.013284034733984247,0.014617654133093282,0.013242306978091548,0.013618635010040753,0.013419468440684314,0.011800393973006296,0.011578867513772254,0.01112684931860761,0.009965767967194155,0.012019150254194045,0.0118689795578238,0.011327849428150717,0.010891602941469387,0.010088445215260108,0.009564126877816248,0.010534167075957555,0.01145107606128733,0.009485623666271951,0.010932442111028033],"valid_loss_dist":[0.13426524843718554,0.06931041166406547,0.08196181888041597,0.04812759238452014],"valid_loss":[2.3070246171153137,1.3574912140833288,0.8415003432279405,0.565951500707735,0.5965229401292592,0.37692085600042224,0.3241282744246245,0.2672594502776812,0.30959066223371884,0.25081817855781197,0.21219749561527743,0.32897534971886094,0.22883359777355214,0.18798583007846023,0.17469503383268076,0.16912976575243815,0.16596382946273994,0.15689841408834582,0.15121186161299563,0.14490574128179243,0.13873421192880145,0.14603329251688227,0.14218130642031399,0.13407642060640676,0.12736027145531428,0.12456306397283154,0.1234198780802111,0.11365207608380713,0.11495137916754744,0.11297622036474678,0.11085781383309325,0.10937907449737756,0.10743047952081312,0.10392788305229857,0.10735593976696006,0.10715746385125026,0.10071697813639326,0.10049886387440636,0.09475550437877571,0.0951158033620586,0.09486501534294549,0.10013671052475359,0.09140798265567221,0.09482831035126771,0.0895943655507779,0.09002666363535523,0.09017143821233393,0.08974183664361496,0.0885734568492944,0.08471789154524902,0.08310087081997186],