{"test_accuracy":[0.0972,0.5764,0.7365,0.8248,0.8626,0.8764,0.9093,0.9258,0.9358,0.9366,0.946,0.9481,0.9561,0.9553,0.9557,0.9593,0.9615,0.9638,0.9648,0.9657,0.964,0.9674,0.9704,0.9687,0.9702,0.9697,0.962,0.9667,0.9713,0.9721,0.9734,0.9757,0.9757,0.9673,0.978,0.977,0.9775,0.9779,0.9772,0.979,0.9781,0.9794,0.9793,0.9782,0.9792,0.9797,0.9815,0.9797,0.9817,0.9828,0.9824],"test_loss":[2.3084521141052248,1.3046462326049804,0.7044418808937073,0.5098756422519684,0.4071305413722992,0.3584619145393372,0.2857890055179596,0.24045348308086395,0.21004043140411377,0.20434629487991332,0.17423326380252838,0.16621758482456206,0.14644944784641267,0.14141377613544465,0.14077327229976655,0.13041213006973268,0.123791863322258,0.11625525324344635,0.111450352704525,0.10933057062625885,0.1077389042377472,0.10054724804162979,0.09203722460269928,0.09341106451749802,0.08988331552743911,0.08920918908119202,0.10740981107950211,0.09501625452041626,0.08489773992300033,0.0795856762945652,0.07734186446666717,0.07397055226564407,0.07276608052253723,0.10448744909763336,0.07004310141801834,0.06890614852905273,0.06687071315646172,0.0666387757897377,0.06719019773006439,0.06368232395648957,0.06312551962137222,0.06128819352388382,0.061537516003847124,0.06299201411604881,0.06133656508922577,0.06032684508562088,0.06017663404941559,0.0601877098441124,0.055816522455215456,0.0541774422109127,0.054655079406499864],"train_accuracy_dist":[0.9818335445711872,0.9856233312795235,0.9776040566237059,0.9903451109285127,0.9831735889243877,0.982463295269168,0.9924874791318865,0.9907139909203467],"train_accuracy":[0.07179834031372753,0.6403579511459119,0.7858016180640462,0.8518508883743919,0.8814286829166775,0.8942275174943419,0.9179261725761557,0.9317135350277048,0.9398038552587081,0.9409484664811009,0.950183397934497,0.9515101063968159,0.9573112041830337,0.9589760932337869,0.9581696625998283,0.962227829661039,0.9648032049114227,0.9665721495278479,0.968341094144273,0.9696417887151739,0.9687573164069613,0.9709684971774928,0.9734398168622044,0.9734398168622044,0.974246247496163,0.9748445669987773,0.9699799693036081,0.9733097474051143,0.9764834421581124,0.9778101506204313,0.9783304284487917,0.9789807757342421,0.9799693036081267,0.9692775942353217,0.9800473452823808,0.9815561509846258,0.98189433157306,0.9815821648760438,0.9817122343331339,0.9826487344241825,0.9832470539267969,0.9837153039723212,0.9837673317551573,0.9831690122525428,0.9831690122525428,0.9838974012122473,0.9842355818006816,0.9836632761894852,0.9853541791316563,0.9860045264171068,0.9855622902630005],"train_loss_dist":[0.05275771716537987,0.05105261163107789,0.06332217702024612,0.03414677540200013,0.05045552152160385,0.05908268272001631,0.024711092439587405,0.0299136221202823],"train_loss":[2.310951022624734,1.1877610437927273,0.623054017077214,0.45034833950603304,0.36213040672055996,0.31711284301211573,0.2602152514501428,0.2214397882968509,0.19790538745660669,0.18940675069663346,0.1631124514693639,0.15531337063330547,0.14111662435871497,0.13347631813402755,0.13200559111226315,0.12197087585665564,0.11589293101907276,0.10942571368481775,0.10443855891618756,0.1020283888078549,0.09977719208029318,0.0934864806629552,0.08729870494973854,0.08645877201425177,0.08391229301960075,0.08204579077644951,0.09456206681318026,0.0842314649272798,0.07708477482995488,0.07275213242532287,0.07016763344824954,0.06816124049397432,0.0659159186276129,0.09805583491774511,0.064736506301934,0.061535762076723205,0.060423989768012415,0.05950344479353655,0.05940317088564955,0.056359031291713,0.05558924902397088,0.05388123582016401,0.05322275678438341,0.05425762621472323,0.052917978394873395,0.05145266059468122,0.05151469565607019,0.05124134175774598,0.04786761826375859,0.04595903949252646,0.04563532902251942],"valid_accuracy_dist":[0.9805743243243243,0.9811165845648604,0.9839527027027027,0.9884963023829088,0.9821124361158433,0.9682151589242054,0.9874791318864775,0.9892739273927392],"valid_accuracy":[0.068941732570562,0.6414838587460057,0.788034377316614,0.8536632568396307,0.8830983335489366,0.8976612007093211,0.9207495551709385,0.9338534499892487,0.9430044000074771,0.9427969221786159,0.9540291895120553,0.9522618749271661,0.9583964379785265,0.9603738543712367,0.9589185595277925,0.9624540494283164,0.9645340969299382,0.9658861420878906,0.9676541390921766,0.9690060476880269,0.9678624831605717,0.9708782024142075,0.9734780523744877,0.9728543030757176,0.9733743024503232,0.9736862722722687,0.9678634858363925,0.9709830672357502,0.9746225787185832,0.9754544521058447,0.9767022043283907,0.9773263754037458,0.9777426349563225,0.966717813346345,0.9780539493614507,0.9793022650962121,0.9793024321164736,0.9782625789378177,0.9787824068251118,0.9786785477978496,0.9798223789122148,0.9802384962796775,0.980446736533482,0.9800306856819163,0.9795108674815856,0.9807585808752359,0.9808626215285793,0.9796146704005937,0.9823184105948881,0.9825265295787237,0.9826307880274434],"mean_valid_accuracy":[0.06852173152475229,0.6404052024131665,0.7878649631569572,0.853518283246457,0.8831580327062301,0.8977643035938598,0.9207489534478255,0.9339139681374053,0.9430464850747609,0.9428119937755087,0.9540790087170141,0.9523392997669471,0.9584115570670396,0.9604468089197034,0.9590427519101741,0.9625048525458764,0.9646007668126184,0.9659637038062405,0.9677327651087713,0.9690728200387986,0.9679039687182146,0.9709158412011237,0.9735327795538296,0.9728998132951113,0.9734115234647227,0.9737333887061412,0.9679481434822823,0.9710688776582059,0.9746638858242156,0.9754739824991785,0.9767391731343995,0.9773884512106561,0.9777686494914722,0.9667548224150997,0.9781132403415587,0.9793206642839555,0.9793321983810923,0.9783094867765973,0.9788231422719014,0.9787135517699335,0.97986486200318,0.9802779697340949,0.9804787204763488,0.980062001250346,0.9795367056850481,0.9807955447436411,0.9809284389759935,0.9796277562061451,0.9823307517980915,0.9825656923972632,0.9826525710367577],"std_valid_accuracy":[0.08571501343399783,0.16649790596183356,0.09922081863374789,0.066050528975123,0.053030014263659,0.05418684933408392,0.039380363977667504,0.031647372016491544,0.019831460129204847,0.024020902554978588,0.017765306397281768,0.020591931489751688,0.013374825419823766,0.015494172969981967,0.02093082007338372,0.015022892972507479,0.014198969306543241,0.014031645407984175,0.012733192390440741,0.011876060955436567,0.013723194751105049,0.010844717419339995,0.009068171119821689,0.010829646357515411,0.010129005486663109,0.009676883433769714,0.01850471682773172,0.01513614195566685,0.010244501772509821,0.009634583831065519,0.008269634131965202,0.008821946332252733,0.008445268356898732,0.012362029736187573,0.007212407676891761,0.0069402751414559235,0.006811561798079106,0.00852734360543296,0.007838913716083891,0.00775188038269409,0.007288067133028886,0.007119414428341875,0.00800834605629428,0.008258019352179442,0.008108513393057615,0.007228140443285443,0.007694071253689873,0.008284780603397044,0.00552719697452157,0.006581562728729088,0.006308591028349566],"valid_loss_dist":[0.06369246482043653,0.05523191315346751,0.06005309280511495,0.04193580365489522,0.061995589588427664,0.0886210965170254,0.03743160089387718,0.03609104270097053],