{"test_accuracy":[0.0972,0.2701,0.5557,0.6474,0.7345,0.7463,0.7705,0.7864,0.8028,0.7875,0.8204,0.8242,0.7923,0.8279,0.8441,0.8419,0.838,0.8453,0.8502,0.85,0.8419,0.8315,0.8496,0.8515,0.8561,0.8274,0.8621,0.8606,0.858,0.8567,0.8554,0.8554,0.8616,0.8639,0.8654,0.7305,0.8663,0.8689,0.868,0.8657,0.8677,0.8678,0.852,0.846,0.8661,0.8674,0.8681,0.8701,0.8705,0.87,0.8686],"test_loss":[2.3084521141052248,2.6732837871551514,1.6747338598251342,1.506633145904541,1.3056503057479858,1.3328862014770508,1.3085705198287965,1.2839161058425903,1.242180071258545,1.4015153932571411,1.248372492980957,1.2861560314178466,1.3588404356002808,1.292280100631714,1.2699385438919066,1.2855259731292725,1.370004945755005,1.3540628131866455,1.3016258964538574,1.2888051023483276,1.4025869178771972,1.4742079212188721,1.3080665075302125,1.3305566329956056,1.313044098854065,1.365494112586975,1.3152884973526,1.3251471864700317,1.339127483177185,1.3861476360321046,1.3240549074172974,1.3835308601379395,1.3873942211151122,1.400132869720459,1.3958860446929933,2.01949934425354,1.400515608024597,1.3819906913757325,1.448411496734619,1.4195754917144776,1.4063845901489258,1.469949069595337,1.4547526308059693,1.5639757511138916,1.4756758075714111,1.4859899503707885,1.5068563892364502,1.5035262689590454,1.5031781457901001,1.5271003673553467,1.5197433094024657],"train_accuracy_dist":[0.9835695214623126,0.9843489148580968,0.9806315789473684],"train_accuracy":[0.12761085282076193,0.41856914856706684,0.7236832974810908,0.7907848171535633,0.8650336548469919,0.8751648046631045,0.89417805842759,0.910832003330789,0.9242245506904448,0.9075012143501492,0.9361598778710707,0.9385885781694538,0.9160363611130387,0.9426132815210603,0.9536465200194296,0.9515647769065297,0.9483033793629866,0.9551037401984596,0.9590590521129693,0.9602387065436125,0.9510096454097564,0.9428908472694469,0.9621816667823191,0.963222538338769,0.9673860245645687,0.9488585108597599,0.9718964679758518,0.9723128165984317,0.9698841163000486,0.9684268961210186,0.9682187218097287,0.9687044618694053,0.9730067309693984,0.9746721254597183,0.9756436055790716,0.8273541045035042,0.9758517798903615,0.9791825688710013,0.978627437374228,0.9776559572548748,0.9789743945597114,0.978419263062938,0.9671778502532787,0.9562140031920061,0.9785580459371314,0.9801540489903546,0.9796683089306779,0.9819582263548678,0.9823051835403511,0.9820970092290612,0.9828603150371245],"train_loss_dist":[0.05106230323660249,0.04340064662426262,0.06133599681760135],"train_loss":[2.3019499775438717,1.7314304073847404,0.81530707525302,0.657285449337094,0.4247290837397459,0.39011188959580706,0.3405948509639576,0.28694853521730973,0.2456530045709424,0.29785654988380533,0.20544129130693223,0.19999623569659825,0.2619272090360728,0.18097835422765787,0.1448233326496733,0.15152544362441944,0.15256617363017816,0.13924458568750153,0.12813945232748564,0.12069138140778829,0.1507919127270595,0.17375655891364059,0.11407837140344869,0.11160712087882747,0.10040996482191374,0.1470830664033488,0.08696342776858759,0.08686191462749132,0.09570849139454561,0.09633104807309675,0.09405861865571664,0.09313459529098553,0.08329795737236471,0.07783999857566741,0.07337380580029682,0.837048678616185,0.07401036760910604,0.06266058135544283,0.06253192536871519,0.06693712228743821,0.0626443907963366,0.06481753362261417,0.08948891809213154,0.13687102285478542,0.06333662843949905,0.0604496001512232,0.05944264041954354,0.05300776158041291,0.0522940004959596,0.053359289160698195,0.05190092554063496],"valid_accuracy_dist":[0.9737274220032841,0.9774624373956594,0.9621212121212122],"valid_accuracy":[0.12012426820798779,0.4206533167145152,0.7122706158871062,0.7938373348584419,0.8640354843853608,0.8779110371667781,0.8967795306403984,0.9173117572197299,0.9273015259103472,0.9059374370941923,0.938124234119391,0.9422858230174959,0.9123168461150224,0.9408990565949211,0.9550498191466896,0.9536633318275214,0.9445068767114427,0.9528297431778728,0.9597675845967979,0.9594896683866077,0.9525550916143352,0.9384037403557932,0.9592110316867987,0.9614318736074388,0.9633749420346822,0.9400699790619848,0.9655942716176876,0.9653170931612448,0.9633751670438206,0.9644835045115959,0.9603233024984608,0.962541723412849,0.9664267893159136,0.9675363145557131,0.9678137634834985,0.8196653345055307,0.9697561309871351,0.9705886659494893,0.9719753782777957,0.9697568146466139,0.9700336512733172,0.9694792575302913,0.9589383620451841,0.9500559594273926,0.9697567519202814,0.9705885945910927,0.9708661689715434,0.9719756855792787,0.9719759646826853,0.9722533054219337,0.9711438883706716],"mean_valid_accuracy":[0.12002056211754368,0.419622736424686,0.7117310689787807,0.7933046866086607,0.8635571291146675,0.8773961035776705,0.8963644068800173,0.9170834405276866,0.9270962584387257,0.9054937776418021,0.9379229527369147,0.9420786462599446,0.9122894473766617,0.9407540904816057,0.9548465817247119,0.9535404166254433,0.9441820622955849,0.9526436091208796,0.9596577379712107,0.9593865227584262,0.9524268736989172,0.938138303666099,0.9590577934081476,0.9613413550291104,0.9633028674774496,0.9401746087218043,0.965496817803344,0.9652507888216828,0.9633143472300688,0.9643539813171191,0.9603064051426266,0.9624706004112294,0.9663431374712629,0.9674309172946748,0.9677115009085918,0.8196203315607303,0.9696870659586296,0.9705010577201777,0.9718187025720654,0.9697053412633019,0.9699422325926269,0.9694109357964825,0.9590251955256849,0.9500315096711388,0.9697145942900361,0.9705264747000975,0.9707885522605458,0.9718924960371433,0.9719108867162136,0.9721776484772282,0.9711036905067184],"std_valid_accuracy":[0.0831860653971615,0.13872406959168465,0.07714478582078005,0.054096400248527785,0.04692046657914036,0.05275727205429251,0.04267587404423862,0.02231332548936835,0.020445970435322165,0.04818541841033374,0.022085787127795655,0.02189358252467821,0.011198475205045829,0.01612882050834599,0.02219556079716199,0.01536182401371927,0.03759410044382694,0.019715315815854426,0.013735022178131195,0.011860450652218312,0.02116912858963104,0.034237808701884094,0.01540483855348803,0.010282026632357182,0.01046566741219136,0.013901775613307764,0.011921333638409116,0.00942728267711024,0.010087108004871486,0.013565676729283853,0.007382428682048242,0.008078839756234857,0.010724271847364948,0.012181907633528666,0.011788282893548347,0.09250519254778229,0.008341088371877397,0.010698164168993923,0.016902351547561135,0.008624350844631338,0.01091853362665058,0.010033676290717755,0.015001375017150927,0.00408346026069122,0.007484127506873126,0.007730744659447053,0.009701157881092251,0.009410073756067096,0.008114167416715739,0.008934439696759007,0.006532037632821139],"valid_loss_dist":[0.06500886402082169,0.07507768698745658,0.13317174045525818],"valid_loss":[2.3014946378427537,1.7479318816856035,0.8302154890344683,0.6526178227412159,0.42472277478823206,0.39254076090473594,0.340387323649806,0.29113705693964614,0.2522892953022202,0.3022267023672981,0.21422705141338258,0.20841834547701782,0.2792077348913042,0.19105354076008418,0.15709494314612296,0.1631453335870071,0.1671277995804271,0.1538066009884928,0.14447177161653096,0.13928025642695058,0.16517579894479745,0.19292340637601987,0.13899238389280347,0.1347523756844788,0.12421039296379335,0.1799230289574002,0.11250340108851846,0.11348688395626504,0.12064425099799947,0.12439126396396963,0.12472399372184878,0.12375128317582325,0.11245467635271886,0.1082313603262975,0.10426188351113475,0.8297667303404467,0.10402310621804381,0.09470239716116752,0.09283222173144395,0.09926706479401605,0.0976583947562951,0.09722046211209437,0.12736594889115588,0.1762032630092964,0.1000908741416937,0.09638384498460803,0.09617886693020539,0.08918569945656923,0.08957179377917236,0.09124858338528401,0.09082410673261737],