{"test_accuracy":[0.0972,0.8179,0.862,0.9125,0.9242,0.9336,0.9368,0.9432,0.9509,0.9357,0.9567,0.9477,0.9633,0.9644,0.9665,0.9676,0.969,0.9695,0.9674,0.9699,0.9734,0.9655,0.9752,0.9762,0.9759,0.9776,0.9671,0.9785,0.9788,0.9795,0.9801,0.9806,0.9791,0.9811,0.9813,0.982,0.9821,0.982,0.964,0.9821,0.9829,0.983,0.9829,0.9835,0.9834,0.9823,0.9835,0.9837,0.9843,0.9833,0.9847],"test_loss":[2.3084521141052248,1.1395688468933105,0.536323096370697,0.3522715606212616,0.279846021604538,0.2341588986158371,0.22005215587615967,0.18993547430038452,0.16716848130226136,0.19770339517593383,0.1462161419391632,0.17939714648723604,0.12424696707725524,0.11904858765602112,0.11180592818260193,0.10579952875375748,0.10083237615823745,0.09720284938812256,0.0992596508383751,0.09590540484189987,0.0856624346613884,0.10169021142721175,0.08256982313394547,0.07726704759597779,0.0755333377122879,0.07112360056638718,0.10124272818565369,0.06743195350766182,0.06795818420648575,0.06455301982164383,0.06399772455692292,0.06153298442363739,0.061950081861019135,0.05987481611967087,0.0597527601480484,0.057620961570739745,0.056256873625516894,0.055752851885557175,0.10237467979192734,0.055700436174869535,0.05282636613845825,0.051471931445598605,0.05231144587993622,0.05045289376378059,0.05044916850328445,0.04958073742389679,0.048755859875679014,0.05159194756746292,0.048042500787973404,0.04770321553349495,0.047529797932505606],"train_accuracy_dist":[0.9871117684343967,0.9880854560394412,0.9842385516506922,0.9900081566068516,0.9850156087408949,0.9881051752921536],"train_accuracy":[0.09535715525922839,0.8065076223217696,0.8569989929506546,0.9077334444560198,0.921484876896899,0.932944403930965,0.9356530194117443,0.9435010591381047,0.9489530159391604,0.9345417925478349,0.9541271660242386,0.9416953154842518,0.9619057540716047,0.9640587561204292,0.9657603222557906,0.967704969267632,0.96871201861305,0.9706219397853943,0.9693370837239991,0.9702399555509255,0.9741639754141056,0.9673229850331632,0.9740945237351113,0.976282251623433,0.9763864291419245,0.9779490919192971,0.9633642393304858,0.9795812063756641,0.9786783345487378,0.9800673681286245,0.9807271590790707,0.9811438691530368,0.9811785949925339,0.9825329027329236,0.9820467409799631,0.9830885161648782,0.9835052262388443,0.9835399520783414,0.9641629336389207,0.9831926936833698,0.9844080980657708,0.9849637114977254,0.9857276799666632,0.9859013091641491,0.9860054866826405,0.9861096642011321,0.9857276799666632,0.9854498732506858,0.9866305517935896,0.9865263742750982,0.98711671354655],"train_loss_dist":[0.0406029715775159,0.03845757376111817,0.04740101538114527,0.03904341957053294,0.04802528736990771,0.03455382134945743],"train_loss":[2.3089371040744426,1.1545598085097903,0.5507009973413237,0.3664616538262737,0.289410385504263,0.24261747411153306,0.2280983442949223,0.1946770744641117,0.17284766986050754,0.20253139985389262,0.1524012952429282,0.19201746014560242,0.12789083550635547,0.12113280589536572,0.11388232480183108,0.10781792899992217,0.10314819746136761,0.09830210538147063,0.10037212427380177,0.09588359003054059,0.08645403548704111,0.10077245246524422,0.08403216311424462,0.07742129073574625,0.07542040885885701,0.07151058936918445,0.10480150586693271,0.06684244051666216,0.0676539098645294,0.06427431803657334,0.06289076507474439,0.06018189299511041,0.060057193611083554,0.057219729305605226,0.05705632245902941,0.05453578545302013,0.05325446109606226,0.052733778039467404,0.10176565452888037,0.05224223908396708,0.04934878326414563,0.048064589284001556,0.046927776610031224,0.04556164766726537,0.0449970925254168,0.044887937731769474,0.044126193842112894,0.046058452128497275,0.04261060798397829,0.04217983862946528,0.04131490947157284],"valid_accuracy_dist":[0.9864864864864865,0.9852095316351684,0.9863713798977853,0.9796251018744906,0.9725457570715474,0.9849749582637729],"valid_accuracy":[0.09133560592052099,0.8053304854735871,0.8587886970932628,0.9055845583358435,0.9196078558485262,0.9330799707748961,0.9297423732399777,0.9405753675680254,0.9452980536469403,0.9289172618876838,0.9505737627849077,0.940713821034048,0.9590424635663958,0.960847131646598,0.9636239726747804,0.9659847464473569,0.9669565482064498,0.9686221232741397,0.9659860603853977,0.9673733910251898,0.9723708789259322,0.9620997467113451,0.9736199692130729,0.9748697298578641,0.9755631587127918,0.9759802150590354,0.9634820898706493,0.9773688743321826,0.9761191594208636,0.9769523618399483,0.9777848108702433,0.9790348563749268,0.9786192097675447,0.9801458211613004,0.9801451379072516,0.9800066870307923,0.9794515677665135,0.980423222446841,0.962370194061174,0.9809785554199426,0.9812560755899523,0.9819505406264718,0.9816726737758682,0.9818118005016409,0.9823673007279249,0.981672763489574,0.9822286334801005,0.9818112898384193,0.982922398159013,0.981395242001944,0.9825057482196733],"mean_valid_accuracy":[0.09104673499706865,0.8046763507313915,0.8585679903733726,0.905500837289881,0.9195684305727543,0.9331552277844767,0.9297336226992442,0.940596463332938,0.9454171580974289,0.9292901004251758,0.9506816196206181,0.9406995905436721,0.9591233352733046,0.9609484932113984,0.9637110106788418,0.9660882760724051,0.9670629047857443,0.9687136904318545,0.966098647175793,0.9674896854885012,0.9724443547565342,0.9622263917685632,0.9736374094615011,0.9749475390257252,0.9756255973100049,0.9760310608357408,0.9635013526287909,0.9774277404025274,0.9761493759825272,0.9770107392988293,0.9778324883695183,0.9790842480849985,0.9786639232013178,0.980198304391796,0.9801896069551913,0.9800647285285176,0.979490814479607,0.9804854448193295,0.9623672018409978,0.9810220315155055,0.9812960589979944,0.9819730446537802,0.9817036812412784,0.9818507034263794,0.9824017263753388,0.9816963030555539,0.9822526094751532,0.9818454750657452,0.9829530883404806,0.9814243835462627,0.9825355358715417],"std_valid_accuracy":[0.08860868770106685,0.046395869427325986,0.043605616262991406,0.0217109016220896,0.01294454542759943,0.019493744333251916,0.015121690809042479,0.013800758000880405,0.0195436981549023,0.03793359623136784,0.017414815906824213,0.013217201066739244,0.014102219708696287,0.013854561446124972,0.013693992553924762,0.013534006524915258,0.012130954348874127,0.01112564825670041,0.01583588733464033,0.013201387314411995,0.009125643054382357,0.01918374594159962,0.007452310853155284,0.008581057734035842,0.0071530250634020244,0.007021639972013319,0.015868749147163536,0.007350737351338675,0.00782105763769573,0.007557671307652628,0.00597032378117755,0.007135219899655942,0.00896396381978098,0.007014403604552919,0.005443576852742543,0.006875289595402398,0.0068432367075334614,0.006944531497134415,0.0208000812708963,0.006582137548229113,0.0058584366299289595,0.006151236384845278,0.005438654564596717,0.005697290493219309,0.005871632827751471,0.006043809514344362,0.006336340139720847,0.004797549762762938,0.004750731164874624,0.007176834593021367,0.005028105203603377],"valid_loss_dist":[0.040493650714287885,0.05238265202563614,0.05178401986013279,0.06532112153181723,0.09880699509888044,0.05263850510195022],