{"test_accuracy":[0.0972,0.4157,0.5881,0.7061,0.7405,0.798,0.828,0.8448,0.8407,0.8766,0.8994,0.8987,0.905,0.9025,0.9212,0.9083,0.9353,0.9283,0.944,0.9389,0.9452,0.9424,0.9493,0.9473,0.9476,0.9543,0.9517,0.9358,0.9551,0.957,0.9546,0.9532,0.9576,0.9561,0.9619,0.961,0.9583,0.9514,0.9614,0.964,0.9615,0.9594,0.9673,0.9674,0.963,0.9715,0.9669,0.9663,0.9623,0.9646,0.9669],"test_loss":[2.3084521141052248,1.795030799484253,1.2893159603118896,0.9251926349639893,0.7184065886497497,0.57076975107193,0.4929653467655182,0.448057603597641,0.4363332576751709,0.3610488765716553,0.2979528866767883,0.2918307155609131,0.2732223244190216,0.2804954996585846,0.23903381395339965,0.2635511922836304,0.19996350936889648,0.21302031123638154,0.17371567614078523,0.18654594349861145,0.16631911132335664,0.17480459897518158,0.1549300636768341,0.1586220071554184,0.15863606534004213,0.13860962646007538,0.143466228055954,0.18595536262989043,0.13465567693710326,0.12747770128250122,0.13502411460876465,0.13931307899951934,0.12777200045585632,0.13089124875068664,0.11531253031492233,0.11667970547676086,0.12567378289699555,0.1434308465242386,0.11784267308712006,0.11011118105649949,0.1170568158864975,0.12215529417991638,0.09862015810012817,0.10039688167572021,0.1117384021282196,0.08795318932533264,0.10151325882673264,0.10319970036745071,0.11261628847122192,0.1039151918053627,0.09705598772764205],"train_accuracy_dist":[0.9917599830974012,0.9891373801916933,0.9904266389177939,0.9646315789473684,0.9820470491126703],"train_accuracy":[0.11641277435058123,0.5445885265852533,0.7147593268706198,0.8204288891686601,0.8469092282512904,0.8811112509966847,0.8964287213059717,0.9066683452935499,0.8965965839942927,0.9258466574342188,0.9381845650258089,0.9397792605648579,0.9436401023962399,0.9451089009190482,0.952998447270133,0.9436820680683201,0.9592513324100885,0.9578244995593604,0.96479080112468,0.9621049981115447,0.9666372906962105,0.9663435309916488,0.9692391623651853,0.9695748877418272,0.9703722355113518,0.973939317638172,0.9725544504595242,0.9512778547148433,0.9735196609173696,0.9756179445213815,0.9746946997356163,0.9744429057031349,0.976583154979227,0.9768349490117084,0.9781778505182761,0.9777581937974736,0.9764572579629863,0.9744009400310546,0.9791010953040413,0.9804439968106089,0.9796886147131646,0.9788912669436401,0.9819967266775778,0.9821645893658987,0.980276134122288,0.9838851819211885,0.979394855008603,0.9811993789080532,0.9809056192034915,0.9813672415963741,0.9835914222166268],"train_loss_dist":[0.026301119672148293,0.0315832247114537,0.03216797415279511,0.10582981341136129,0.06222631679436563],"train_loss":[2.3084182178955643,1.3409566274296196,0.8449648766665419,0.5745499747019287,0.43379894360150145,0.34759346723251355,0.3049702576208272,0.2779595045722798,0.2891248139587205,0.22640908881036997,0.1925546281942389,0.1848826334702743,0.17423127210779574,0.168862684103988,0.14867599584577146,0.16673657554789012,0.12900244647217957,0.1321020506028788,0.11346376966204329,0.11800871908034989,0.10737740804632274,0.10791530626115019,0.09878812651582389,0.09828328755203274,0.09611698643759457,0.08599177480855963,0.08860653627857236,0.1431279219163265,0.08406130733279789,0.07849581762907552,0.07981307081764999,0.08017918658968665,0.07458620059503149,0.07577849530461196,0.06901984587402418,0.06867553067708107,0.07196621009172069,0.07699817988757804,0.06680102673345888,0.062477987022858075,0.06418601628987787,0.06642226494552944,0.056709026921801735,0.05767012532733056,0.06185991346002515,0.05208530694551457,0.06283647212369842,0.05874272145919036,0.058423737221510764,0.055802158408460714,0.05168382643510829],"valid_accuracy_dist":[0.9881756756756757,0.9863713798977853,0.9742096505823628,0.946969696969697,0.981023102310231],"valid_accuracy":[0.10787587547011031,0.5422723763932477,0.7144276779788097,0.8280170464574882,0.8493283972423089,0.883388822720691,0.8976510529945108,0.9102345918439921,0.8939614846536422,0.925670679301558,0.9375831724582168,0.937416032302188,0.9422815391382066,0.939429187120495,0.948992623642646,0.9362419667581277,0.9560401649361795,0.9543622879967223,0.9617449405939108,0.9580537627215779,0.9624162583499433,0.9612413607199967,0.9659398281925163,0.9642618599210908,0.9654359532238945,0.9692951809549917,0.9669464013937378,0.9417809101325105,0.9681210976046977,0.9706374864013774,0.9691276361296461,0.969127711339083,0.972147690934784,0.9703016406991936,0.9721476833538674,0.9718124529912608,0.9701345254125395,0.9692952177175669,0.9718119631534645,0.9738254016195552,0.9729866105048658,0.9724831634090811,0.9743292026181959,0.9743289854573876,0.973490130558295,0.9781877141098676,0.9751679077578815,0.974161198235061,0.9728187905574104,0.9736577868219363,0.9753355359873587],"mean_valid_accuracy":[0.10796577142134094,0.543298076192136,0.7151435825818246,0.8286373203868364,0.8498912845354013,0.8837316223317739,0.8979340952735748,0.9104488946252071,0.8942640251478414,0.9258060917952481,0.9376816052109513,0.9375586136964651,0.9423724155062786,0.9395802244456106,0.9491067063218767,0.9363247237715939,0.9561121222741622,0.954414599902042,0.9617920126402714,0.9580852022870395,0.9624509120773446,0.961266828169166,0.9659731938425825,0.964316079378728,0.9654740760426346,0.9693262682114652,0.9669868959387309,0.9418798004934423,0.9681431168803659,0.9706628799755315,0.9691582385916048,0.9691481149917971,0.9721661356562418,0.970354964460461,0.9721861844221005,0.9718483091847512,0.9701806717358868,0.9693260037947813,0.9718334825564501,0.9738438529419184,0.9730236556813129,0.9725213508751249,0.9743515796752664,0.9743614019438528,0.9735222934185256,0.9782160996197682,0.9752070084372135,0.9741822934421988,0.9728366295965349,0.9736794198854424,0.9753499010871505],"std_valid_accuracy":[0.08613065862998232,0.13877245220718304,0.11474253032792371,0.09086776759034206,0.09617158866784309,0.07274376521152501,0.06404785818544602,0.05901086845349081,0.05970511459607929,0.04935589284809975,0.036408388294862204,0.03946644319385398,0.037398858586642374,0.040019552876021464,0.03170675476179544,0.044156628842840266,0.025934456910369455,0.02835572748098375,0.019783810331524477,0.023888466820367396,0.02232841797857774,0.022783813139961556,0.017702496622663086,0.018289219275783954,0.01971886568668453,0.016763842749436826,0.016740597152331088,0.027566928431788835,0.015705490629375197,0.016986197272105343,0.015423832403284543,0.018322079752619982,0.01557580720195491,0.015662854949245335,0.014257758082958557,0.01518278310705627,0.01702211726321094,0.021015895165153793,0.019513082368413086,0.01579186246032614,0.01599114059968376,0.016888351924288992,0.013631432372663744,0.011576627830598383,0.014101435720356102,0.009211899460956156,0.009600070630299828,0.014201083881647496,0.017639025817718302,0.014561706523989928,0.014999299037278278],"valid_loss_dist":[0.03274086006992572,0.037551178747638934,0.0842785084133537,0.12851418720351326,0.07432497302592785],"valid_loss":[2.3092309092851275,1.3272853935797364,0.8332573959440281,0.5636056396729262,0.43373218120252816,0.35024388477562696,0.3100799345613872,0.28470018817637266,0.30006912966327,0.23431603864137204,0.19987949824808363,0.19706290359722864,0.18484069908552053,0.18483916677614876,0.16282721288312677,0.1856186505422978,0.1442161856340119,0.14612990408458834,0.12615978156466018,0.13178136688875608,0.12090113375501754,0.12233209496354418,0.11291483079500776,0.11279206288172067,0.11105571607151207,0.1010137778235728,0.10485401847068035,0.16443282933067907,0.09915109967847881,0.09424243328301178,0.09711144512135923,0.09749734016317474,0.09153253633005495,0.09302217093476559,0.0853394841725201,0.08689620212825522,0.09115392326585436,0.0964264857972201,0.08596304170608271,0.08203497665423112,0.0844950850528879,0.0873010694263384,0.07584780264741575,0.07521695287267763,0.08151091397086499,0.07054365094451172,0.07898924835943998,0.07656577332378157,0.07978032735459764,0.07691730665790512,0.07162888565855144],