{"test_accuracy":[0.0972,0.4105,0.6787,0.7858,0.7927,0.8623,0.876,0.8178,0.9087,0.9145,0.9163,0.9201,0.9315,0.9248,0.9322,0.9378,0.9413,0.9465,0.9454,0.9437,0.9485,0.9509,0.9552,0.954,0.9586,0.9585,0.9454,0.9589,0.9619,0.9633,0.9641,0.9488,0.9676,0.9672,0.9651,0.9446,0.9668,0.9649,0.9687,0.9694,0.9719,0.9713,0.9709,0.9723,0.9727,0.972,0.9668,0.9736,0.972,0.9733,0.9742],"test_loss":[2.3084521141052248,1.6206411464691162,0.8465905122756958,0.6172145240783692,0.5749467403411865,0.40159183106422425,0.35195672154426577,0.4889820106506348,0.27893847007751466,0.25695947532653807,0.24450555872917176,0.23094339258670807,0.2169743416786194,0.21363998548984528,0.19636483783721922,0.1793512349843979,0.17276439561843873,0.1592966126680374,0.16109422872066498,0.17324288213253022,0.15570670404434203,0.145590777862072,0.1349789562702179,0.13624314455986022,0.1261120668411255,0.1269524346113205,0.15330271631479264,0.12526701164245604,0.11358631021976472,0.11450206331014633,0.11335581579208374,0.1530951632499695,0.10315744714736938,0.1016619243979454,0.10606411415338517,0.1562333036184311,0.10235800812244415,0.10932903015613556,0.09455528829097748,0.09248491445779801,0.086293554520607,0.08875544725656509,0.08610401737093926,0.08459825646877289,0.08404596756696701,0.08663970277309417,0.09688000204563141,0.08102624564170838,0.0861845667719841,0.0820685494184494,0.07980990390181542],"train_accuracy_dist":[0.9693705111956062,0.9808995686999384,0.9938373048479868,0.9801916932907349,0.9696166394779772,0.9931135225375626],"train_accuracy":[0.06350911232762803,0.49729748458180306,0.7576051555678747,0.8281130898759614,0.8371907698704179,0.8881574388469268,0.9010117109001455,0.8478968886425057,0.924502806458319,0.9305661423324787,0.9346545630933407,0.9376689072136373,0.9414454992723997,0.9418612708751992,0.9475781304136928,0.9515972559074215,0.9541958284249186,0.9580763633843808,0.9579031252165477,0.9548887810962511,0.9593236781927794,0.9614025362067771,0.9649019471970064,0.9644168803270736,0.9669461575774375,0.9677084055159033,0.9576259441480147,0.9686438916222022,0.9705148638348001,0.9706534543690666,0.9716582357424988,0.9613678885732104,0.9736331508557966,0.9746725798627953,0.9734599126879634,0.9562400388053496,0.9746725798627953,0.9722818931466981,0.9769593236781928,0.9777215716166586,0.9791767722264569,0.9782759337537246,0.9756773612362276,0.9796618390963897,0.9799043725313561,0.9791074769593237,0.9773404476474257,0.9808052110040885,0.9792807151271569,0.9805280299355554,0.9811863349733213],"train_loss_dist":[0.08749677112108048,0.060122997118024324,0.022503532962100666,0.06089145039724973,0.08818752641317117,0.021479968867810423],"train_loss":[2.312321598915918,1.3690324539466985,0.685259290857859,0.5107713253923005,0.4640159481371872,0.33461590829931287,0.2907404855619588,0.4058615917324561,0.23704544810485165,0.21436098051357397,0.20262447892421745,0.19047699746679725,0.18516914093290376,0.17391520927512186,0.16078910730378013,0.14867299431166325,0.14401548853676216,0.1312761054304643,0.13102592487595746,0.14362752546967583,0.12475761755713388,0.11751082373984216,0.10931609754546971,0.10858999823053118,0.10248273153480923,0.10097060254985053,0.12255334136379656,0.09818982286685289,0.09324975066337696,0.09010220972604145,0.08903818753789397,0.11505711290864792,0.08123033714419582,0.07914448359390157,0.08121001699725239,0.12129634183513802,0.07790532871393105,0.08482861304134863,0.07200157817644948,0.06955385325250263,0.06528918987731082,0.06668331057703732,0.07168147816552428,0.06343524862272099,0.06250633258305685,0.06300211656526558,0.0695825423449332,0.05858325138473827,0.0627079303723259,0.05882885311113562,0.056745367121966185],"valid_accuracy_dist":[0.9704391891891891,0.9786535303776683,0.9876746096959738,0.9787052810902896,0.9494702526487367,0.988313856427379],"valid_accuracy":[0.06301421137731278,0.49032540109842043,0.7568923275732868,0.8296120404413648,0.8416694571700466,0.8865510049015572,0.90109627425249,0.8474899521199879,0.9254749528491857,0.929907907959825,0.9318470981534379,0.9355874548704198,0.9393255152558996,0.9405749679157756,0.945422419567406,0.9488857318722419,0.9516558067786206,0.9544263352821837,0.9534576086885036,0.9486077347401667,0.9563664753147824,0.9569203788469962,0.9614907182574758,0.960660334476727,0.9627378529906028,0.9639844000504921,0.9522105442839343,0.9653697174292031,0.9655060558438301,0.9642616881714768,0.9657852087062484,0.9563674090516109,0.968971594661896,0.9699412961109792,0.9692482811018598,0.9508256200870217,0.9706337470492921,0.9675856997266459,0.9720187991084089,0.9724340370683313,0.9734037076027283,0.9735423314490735,0.9700774894540177,0.9742346909559503,0.9750655804653731,0.9739580437263342,0.9702183171030978,0.9756203485890448,0.9729881434890103,0.9760354237745509,0.9754814834293813],"mean_valid_accuracy":[0.062083029420390436,0.4880287951266475,0.7566272897888663,0.8292636787371385,0.8416211568953917,0.8866638786070876,0.9011151824340874,0.8480089906618907,0.9256185634246291,0.9299600491615924,0.9318751199011878,0.935655280455872,0.9394118828767247,0.940641255829282,0.9454587244634812,0.948963294639282,0.95172877186652,0.9544737834804518,0.9535693050762264,0.948665704658526,0.9564492795104335,0.9570103056569278,0.9615248369996349,0.9607219149854673,0.9627931282270282,0.9640244870844259,0.9522788463383117,0.9654389182000309,0.9654482737525999,0.9643170907524983,0.9658425991779312,0.956537621864905,0.9690827498747003,0.9700691107765583,0.9693085423505695,0.9509550415139422,0.9707170974349243,0.967687401957733,0.97209568338972,0.9724922535974039,0.9734747472707904,0.9736002701560243,0.9700650688582634,0.9742835274454431,0.9751020621176908,0.9740222031678942,0.9703078181715585,0.9757036742550693,0.9730364847888464,0.9760770581137641,0.9755427865715394],"std_valid_accuracy":[0.08401445458663814,0.25061051538855356,0.13858991488697622,0.08460572374306105,0.08979125522970643,0.06243300820769223,0.063567170689708,0.10312563010768809,0.03732870748351869,0.03953223708792809,0.03908898496817093,0.03586255978236541,0.025484407009788195,0.03741069176167976,0.031945523025400165,0.029847397601915984,0.027141331389467963,0.027447502032485704,0.028860394813083477,0.02559802298587763,0.02767673542354038,0.026377758931669392,0.021950196096602356,0.024869220734470645,0.02178101150757681,0.021059263274285762,0.035177061166959636,0.01970323604205017,0.01713218105886997,0.021256350496214372,0.019194411486770615,0.027218838817892166,0.017804605429682856,0.017220575700561503,0.017170408719953057,0.03695744345901429,0.017365955400944055,0.0156368889628314,0.015753938975324497,0.015023174362964662,0.014153372241278994,0.015375796854223077,0.012763913272523254,0.013382636581479467,0.012136229255347217,0.015164810498127478,0.017826888043876263,0.013729486223923313,0.015701629047682294,0.012246056649019033,0.013138893837195846],"valid_loss_dist":[0.10420481397493465,0.06721966732018099,0.03536927657188112,0.07574530035333496,0.13585829287888854,0.03793089872285201],