{"test_accuracy":[0.0972,0.4606,0.6643,0.7562,0.838,0.8542,0.8785,0.9,0.9125,0.9281,0.9292,0.9366,0.9392,0.9486,0.9556,0.9529,0.9563,0.9537,0.9596,0.9482,0.9612,0.9593,0.9656,0.9669,0.9617,0.9579,0.9687,0.9674,0.9674,0.9699,0.9678,0.9705,0.9719,0.9707,0.9683,0.9737,0.9712,0.9695,0.9756,0.9747,0.975,0.9746,0.9758,0.9771,0.9757,0.9757,0.9754,0.9761,0.9768,0.9759,0.9677],"test_loss":[2.3084521141052248,1.5335847173690795,0.8998820306777954,0.7112560342788696,0.4523953971862793,0.4060801235198975,0.34504926600456237,0.2866505968093872,0.2605953812122345,0.22055951983928682,0.21429082870483399,0.19320967984199525,0.18498218653202056,0.16421792051792145,0.14767418012619019,0.14827387466430664,0.1387742088794708,0.1441564202785492,0.13101006162166595,0.1577768687725067,0.12243238073587417,0.12427939919233322,0.11012207785844803,0.10447022714614868,0.11728850235939026,0.12314827429056167,0.09489471495151519,0.09974633179903031,0.09978759250640869,0.09135927019119262,0.09698823063373566,0.08692013714313507,0.08575887899398804,0.08560929387807846,0.09685435866117477,0.07801664037704467,0.08518309632539749,0.08740428100824356,0.07289569238424301,0.07282658240795135,0.07211922448277473,0.07252760064601899,0.07162552013993263,0.06724317417740822,0.07000875477790833,0.07097899539470673,0.07053778562545776,0.06716520224809647,0.06445771174430848,0.06925690137147904,0.0936778444647789],"train_accuracy_dist":[0.9901417128773875,0.984664536741214,0.9573817292006526,0.9575442247658689,0.9864357262103506,0.9900949236483698],"train_accuracy":[0.09401265954135105,0.550655459859569,0.7324893639099305,0.8103490021099236,0.8695998063020995,0.8843346823008543,0.9002801701774411,0.9173670921102695,0.9265331534709972,0.9392272837328353,0.9401957732351008,0.9469751997509599,0.9495693680605998,0.956037494379302,0.9597730967451835,0.9603611082287019,0.9628515098059562,0.961606309017329,0.9662066341530905,0.9559337276469164,0.9680744353360312,0.9653765002940058,0.9719138044342983,0.9722251046314552,0.969250458303068,0.9658953339559337,0.9750268064058663,0.9745425616547335,0.9739545501712151,0.976721663034831,0.9739199612604199,0.9769291964996022,0.9783819307530006,0.9771021410535782,0.9741966725467816,0.979488775898447,0.9781743972882294,0.9771367299643734,0.9811144547058213,0.9817370551001349,0.9822212998512677,0.9821521220296773,0.9819099996541109,0.9837086230154612,0.9831897893535333,0.9824288333160389,0.9829822558887621,0.9841236899450037,0.9846079346961364,0.9833281449967141,0.9776555636263015],"train_loss_dist":[0.033746769199211706,0.05005195160595754,0.1192690059542656,0.12261960556678296,0.0398488406757381,0.03130101273239914],"train_loss":[2.3057625576838805,1.2870991116908332,0.7448858358616658,0.571152806745917,0.3831971129649595,0.34062346647676867,0.2927533432530506,0.2470170812327807,0.2242500791037855,0.19207228128852585,0.18525176580640587,0.16775333881945131,0.16008562272620924,0.14304358722813246,0.13288002248251313,0.12797365876734268,0.11956951924356206,0.12185882887132689,0.11068623807001772,0.13191365684503065,0.10305357200715061,0.10606004079352,0.09286722042758415,0.0896695436259921,0.09929237879132627,0.10281809667643144,0.07997228253756097,0.08137605335113851,0.0813185832964156,0.07503034148465379,0.07941328908318177,0.07151541264328845,0.06914969396839205,0.06934969072505554,0.08271540482357294,0.06334645085170505,0.06670462570506977,0.06849679896316592,0.05812620278869862,0.05741232426303697,0.056335273367742855,0.055523538300922486,0.05527177437217838,0.05135162646860428,0.05252593498452681,0.052973800538946784,0.052993962125476,0.04954511446793335,0.04793453748354643,0.05004921771001203,0.06627338017323463],"valid_accuracy_dist":[0.9827586206896551,0.9727427597955707,0.9429502852485737,0.9425956738768719,0.9808013355592654,0.9826732673267327],"valid_accuracy":[0.09152904787909741,0.5432240063390226,0.735314242267242,0.8059908640752473,0.865449933069319,0.8772060855407754,0.8937999485211056,0.9098413377978463,0.919520531830876,0.9311358510683767,0.9315519784624341,0.9376354525128667,0.9390187169311883,0.9471767379126771,0.952844798109637,0.9524316280126713,0.9545061942128182,0.9527084833359337,0.957548506217152,0.945795059707448,0.9592072992427376,0.9571331350906893,0.9636323449272439,0.9644624737876815,0.9621099915755157,0.9547835488974868,0.9669506714162794,0.9665355797241786,0.9651527757145699,0.9681941828067924,0.9647385497954587,0.9697153197914259,0.9705448289025632,0.9688860622554958,0.9647380945650753,0.9717901309853251,0.9710993188744925,0.9688864900233679,0.9741411354539339,0.9746943446933171,0.9759378216632817,0.9745556219442135,0.9746935517470241,0.9770445200485287,0.9749704639371924,0.9740020883305767,0.974554908087362,0.9762150394749317,0.9762145342127863,0.9744168516619827,0.9673658485241209],"mean_valid_accuracy":[0.09077676058916322,0.5423277588727649,0.7347192581126666,0.8060530109095986,0.8653944753529559,0.8772479715346817,0.8937933693756656,0.9099524980055853,0.9195925470950588,0.931173174959251,0.9316568655619312,0.9376875256477041,0.9390978522211052,0.9472472848625558,0.952857489913201,0.9524925075360123,0.9545737441920906,0.9527721190931456,0.9576141199807776,0.9458887573314335,0.9592440892062849,0.9571719898688872,0.963656674272166,0.9645573533802113,0.9620802128643821,0.9548891485120617,0.9669915209074281,0.9665575173619926,0.965163803608189,0.9681701753494604,0.964785150835935,0.9697007103247665,0.9705254564422169,0.9689019171723583,0.9647736057644448,0.9718016392422806,0.9711307085361124,0.9689123010888282,0.9741946901748241,0.9747169304184905,0.975911766792291,0.9745656894054826,0.9746894096353581,0.9770386267444781,0.9749749803037252,0.9739955494907745,0.9745039484150131,0.9762182102142704,0.9761912605646127,0.9743956650476321,0.9674203237494449],"std_valid_accuracy":[0.08835252498206869,0.1702269329803762,0.13270077771055283,0.11657901683193769,0.07286714889093253,0.07234805352155295,0.06287247948620005,0.0510815384218873,0.0444119371112769,0.037217711916452116,0.040164151976454066,0.03489873602405189,0.03487773306364578,0.02720202565249982,0.016727801514552207,0.026613915934693106,0.02719129187374246,0.027584847339101458,0.02532746301170229,0.033358922330272316,0.023274288763805856,0.025002043471367613,0.021032339531246308,0.019311277070261108,0.018995961767594976,0.028788615612065544,0.01600146095776063,0.016070769486566785,0.017697822316687168,0.013877585092528554,0.019044305460220474,0.012198618697985468,0.011119867773604748,0.014050717559334895,0.016278578800613928,0.012800995526782797,0.01534025479837226,0.015330658672675131,0.010336427390050232,0.012124175976759015,0.009132042039853457,0.010329136917852358,0.009977530696992927,0.00888681776306406,0.010712393325244408,0.009776131093352921,0.011580204008727698,0.01018904740430231,0.009765649256610515,0.010918123674736373,0.017749842576051188],"valid_loss_dist":[0.04575368246959739,0.07282783143108099,0.17594529835305373,0.19544987132565153,0.05817896053070616,0.048961954572462406],