{"test_accuracy":[0.0972,0.3186,0.6632,0.7665,0.81,0.8362,0.8545,0.8748,0.8756,0.8978,0.9032,0.9115,0.9123,0.9149,0.9267,0.9248,0.9318,0.9361,0.9368,0.939,0.9423,0.9474,0.9245,0.9474,0.9535,0.9381,0.9479,0.953,0.9541,0.9577,0.9597,0.9568,0.9583,0.9563,0.9534,0.9628,0.959,0.961,0.9613,0.9602,0.9636,0.9618,0.954,0.9676,0.9665,0.9679,0.9641,0.9663,0.9685,0.9701,0.9686],"test_loss":[2.3084521141052248,1.9694861068725587,0.9779141941070557,0.7024806756973266,0.5581663557052612,0.47936590662002565,0.42346136603355405,0.3736999660491943,0.3743841854095459,0.3050920899391174,0.29170472545623777,0.2621723778486252,0.25541339082717895,0.24987772417068482,0.2229946682214737,0.22416463508605958,0.20557564482688903,0.19314197657108306,0.1899161689519882,0.183261394071579,0.17071073987483978,0.15912026822566985,0.22931448698043824,0.15836864235401155,0.14390175213813783,0.16289602627754213,0.16461593370437622,0.14460405011177063,0.1386702208518982,0.12842764426469802,0.12658003900051118,0.12900424848794936,0.1264188013076782,0.13086590337753295,0.13181193566322327,0.11354944286346436,0.12153067078590393,0.11640354090929031,0.1202196132183075,0.11693264644145966,0.1105751894235611,0.11372756927013397,0.14069131491184234,0.10133639240264893,0.10400807905197143,0.10078339054584504,0.11038909163475037,0.10164560430049896,0.1004172327041626,0.09507010363340378,0.09696854625940322],"train_accuracy_dist":[0.9831587594988704,0.9727369542066028,0.9698205546492659,0.9910267111853088,0.988421052631579],"train_accuracy":[0.11353602665556019,0.41411911703456894,0.7481049562682216,0.8331112036651396,0.8690545605997501,0.8844648063306956,0.8974177426072469,0.9115368596418159,0.9066222407330279,0.9240316534777177,0.9299875052061641,0.9378175760099958,0.9364431486880467,0.9380258225739275,0.9446064139941691,0.9453561016243232,0.9495210329029571,0.9526863806747189,0.9530612244897959,0.9550187421907539,0.9586838817159516,0.9618908788004998,0.938817159516868,0.9611828404831321,0.9658059142024157,0.9573927530195752,0.9625989171178676,0.9670970428987922,0.9687213660974594,0.9706788837984174,0.9715951686797167,0.9715118700541441,0.9713036234902124,0.9702207413577676,0.9694710537276134,0.975676801332778,0.9730112453144523,0.9746355685131195,0.9735110370678883,0.9751353602665556,0.9765930862140775,0.9752603082049146,0.9697625989171179,0.9786755518533944,0.9789670970428987,0.9795918367346939,0.9770095793419409,0.9788421491045398,0.9799250312369846,0.9810079133694294,0.9810079133694294],"train_loss_dist":[0.05453338376867083,0.08168852204998461,0.0879139473956522,0.027665350959326866,0.04069997896175635],"train_loss":[2.3048223915223227,1.6084690076418093,0.7453495862346449,0.5194598391968624,0.40887524485339827,0.3487180437434966,0.3121404382783837,0.27536146131308065,0.2792642232491443,0.23008358526954747,0.2147009301463647,0.19048170459079325,0.19040677536252587,0.1859162613206459,0.16851446455106395,0.16674691501668173,0.1531070701129384,0.14351489602687806,0.1398336861830287,0.13440429866313935,0.12468849112966665,0.11783804026110775,0.1823073854493827,0.1169377110287181,0.10591716192405157,0.11904441998997663,0.11688844127140657,0.10173802487195308,0.09719821048131688,0.0917362686795885,0.08983276636308304,0.08869987532716773,0.08681594738686323,0.08970116163491086,0.08927264108056081,0.07757228956911177,0.08226303702599677,0.0784443320547452,0.08201500948616262,0.07653930967814075,0.07272923000510635,0.07456466444302157,0.09200374586977024,0.06577979737535113,0.06557547316104112,0.063758030363895,0.07001748731819876,0.06334354691284987,0.06082180069463916,0.05850294726043133,0.058562178945774736],"valid_accuracy_dist":[0.9778325123152709,0.9744463373083475,0.9494702526487367,0.986644407345576,0.9755892255892256],"valid_accuracy":[0.11138508630411306,0.40731351872629146,0.7417183540445268,0.827652365305671,0.8607941859672328,0.881112173885796,0.8895994924776064,0.907088754600245,0.90125320166158,0.9197405628709241,0.9242375447308488,0.9320664902458977,0.9303981843915161,0.9305643833401899,0.9378908916641134,0.9373918856068588,0.9443853459014078,0.9473823715873427,0.9482149414866078,0.950545528661789,0.9542103824785592,0.9565419183647008,0.9320567721070864,0.9573733523886508,0.9605372555664516,0.9463875441297007,0.9560405136282313,0.9622023690304128,0.9613689544016424,0.9638672920335336,0.9655324047737545,0.9645332979868481,0.9651993711606643,0.9638669123268446,0.9642002001606221,0.9685297350897891,0.9663642659456266,0.9673631970227403,0.967864268282435,0.9668638797056446,0.9690292288404183,0.9693613712729532,0.9632012693119895,0.9720266336180328,0.9708612319276799,0.9730253692768536,0.9711940032391873,0.9706942042422244,0.9730260443100743,0.9730256708983632,0.9726923363875042],"mean_valid_accuracy":[0.11052429632912955,0.4051957823526324,0.7411079303553967,0.8277662538142186,0.8610476443026046,0.8815704550601048,0.8898002607652525,0.9074619207134929,0.9012812894240639,0.919929458424454,0.9244612142902143,0.9324597203225145,0.9306017588626115,0.9307341884043592,0.9380594636295303,0.9375726117560721,0.9445277364268623,0.9475439950948257,0.9483761858386173,0.9506830675317712,0.9543989557038259,0.956732370653881,0.9319932745728904,0.9574886363226647,0.9606644880411453,0.9467391444629089,0.9561377440520843,0.9623271881140203,0.9614467060826127,0.9639674183180276,0.9656330605192978,0.9646380776957274,0.9653124129145958,0.9639486163589066,0.964299507438646,0.968654205946476,0.9664226365156333,0.9674238427026408,0.9680081001718609,0.9669409992864267,0.9691278838708577,0.9694168261933864,0.9633134068931074,0.9721433460919794,0.9710042972145019,0.9731201367745286,0.9712894185806877,0.9707845680788865,0.9731394703909173,0.9731325829327115,0.9727965470414313],"std_valid_accuracy":[0.08724647928857464,0.16049504135438583,0.09723961493830659,0.07914419116368027,0.0738776218127346,0.07682618657482643,0.056977011223034654,0.056420943912270684,0.04134904577381478,0.04108801645191569,0.04284701777204337,0.04701210626616572,0.038765851305565646,0.03851749443212507,0.030527451485497684,0.034391872691383496,0.029616683965341725,0.024982124731819537,0.026458652524494766,0.023966248498937137,0.026795973775176035,0.024634088794570616,0.02145493113936307,0.021788715610000103,0.01985725484159501,0.04449067776030165,0.01803937415174357,0.018903140100657138,0.017108374503447488,0.017472016002202394,0.015941656611652026,0.01726056733536797,0.0168011057880812,0.01748012101330987,0.02061768847526433,0.014344093894078955,0.015554495773490754,0.01357155065723241,0.01764808760125987,0.01424537270190387,0.014494398241458222,0.012751596236317718,0.01762835440639281,0.01330085287295004,0.015223439130760692,0.01121669519249731,0.013510800552919556,0.014536465428079416,0.015763044062495433,0.013877550314130105,0.012423856508614387],"valid_loss_dist":[0.06012565030277461,0.0943272931713871,0.14679952672612112,0.04597073478720622,0.09056867368092841],"valid_loss":[2.304518081125132,1.6342212467191226,0.7617374096296805,0.5292608240948963,0.4194440370211517,0.35936229024057875,0.3228224936492734,0.2846621005505174,0.2890594963304466,0.2391839357386177,0.22596287508320978,0.2020762495179747,0.20308724694956107,0.20032901414692061,0.18225201201905372,0.18118177847503822,0.16821367793637407,0.15823621918865002,0.15738891235236221,0.15216998430691878,0.14224565698176758,0.13507434033882249,0.2018182840443964,0.13491452185281094,0.12441415014725403,0.1462618119646553,0.13600047751924116,0.1223740130614532,0.11883376051641346,0.11402674805699616,0.11116538868963159,0.11146259047385852,0.10931505969945167,0.11366849370014859,0.11483940281723645,0.09988113189434339,0.10794923894564842,0.10338083845473217,0.10694713540979692,0.10255423894605574,0.09864876009257549,0.10095019146925373,0.11688035584108886,0.09175419180700686,0.09225236012459218,0.09015039758449261,0.09824250160354935,0.09260938574099878,0.08892277464845844,0.08768451436434443,0.08771413048369314],