{"test_accuracy":[0.0972,0.4407,0.5755,0.6719,0.76,0.7844,0.7741,0.8545,0.8542,0.8495,0.873,0.873,0.8895,0.9139,0.9102,0.9164,0.9251,0.9211,0.9239,0.9194,0.9418,0.9358,0.9339,0.9205,0.9263,0.9416,0.9425,0.9389,0.9466,0.9346,0.9465,0.9528,0.9377,0.9465,0.9425,0.9486,0.9474,0.9493,0.9482,0.953,0.955,0.9529,0.9549,0.956,0.9514,0.9633,0.9583,0.9585,0.9504,0.9485,0.9491],"test_loss":[2.3084521141052248,1.7553767869949342,1.1993510105133056,0.9074275537490845,0.63192444896698,0.5522475442886352,0.5709961226463318,0.41031721820831296,0.38853573775291445,0.39719699597358704,0.33915510802268983,0.33506367144584653,0.3054387689113617,0.25275108361244203,0.2475928653717041,0.23652433066368103,0.22293806710243225,0.22077565462589263,0.2152469205379486,0.2242908586502075,0.1692521056652069,0.18929998261928557,0.1932518255829811,0.2254498076915741,0.214011393904686,0.17246722176074983,0.16704460620880127,0.1758558121919632,0.15580992810726166,0.18641157138347625,0.1571628361940384,0.1449384359359741,0.17876836445331573,0.15480841898918152,0.16449625868797302,0.15403555479049683,0.15447305126190186,0.14986939198970795,0.1508996084213257,0.14014736163616182,0.13564819252490998,0.14184628591537476,0.13471302129030227,0.1312001318216324,0.14370683629512787,0.11607123956680297,0.12705632784366608,0.12441835144758225,0.14593355765342714,0.15101993057727814,0.1565624356031418],"train_accuracy_dist":[0.9936102236421726,0.9311578947368421,0.9834915394139496],"train_accuracy":[0.0657056888951088,0.5896018473164929,0.7007207333286684,0.7688755160590581,0.824155062626828,0.84962563851375,0.8431180463228606,0.8933594570009097,0.8965082919319851,0.8967182142607235,0.9123924148065216,0.913232104121475,0.9221887901476453,0.9356238191869009,0.9360436638443775,0.9403820586383038,0.9442306346651739,0.9431810230214821,0.9447204534322301,0.944860401651389,0.9563361556224197,0.9538870617871388,0.9540270100062976,0.9468896508291932,0.9508082009656427,0.9588552235672801,0.9603946539780281,0.959135120005598,0.963753411237842,0.9554964663074662,0.9644531523336366,0.9672521167168148,0.9594849905534952,0.9656427121964873,0.9632635924707859,0.966202505073123,0.9669022461689175,0.9674620390455532,0.9684416765796655,0.9711006927436848,0.9719403820586383,0.9712406409628438,0.9729200195927507,0.9738296830172836,0.9711006927436848,0.9764187250717234,0.9745294241130782,0.9758589321950878,0.9713106150724232,0.9710307186341054,0.9694213141137779],"train_loss_dist":[0.0196159549545461,0.18478259282363088,0.051686711928388626],"train_loss":[2.3148243032220144,1.3505363391158245,0.8734658340524071,0.6548380034861467,0.4753980021166523,0.4088206231765088,0.425250691368568,0.31333035850519064,0.287179284235673,0.2887111656948039,0.24700491096985766,0.24041690473557437,0.21957633042498587,0.18506450815027634,0.1779429569835739,0.16884560134024895,0.15821268011259113,0.15536991215120893,0.15154674289404374,0.15332480134890417,0.1231887768895387,0.132966869061895,0.13053991238766927,0.1477501065302209,0.14404330886266986,0.11563373040338817,0.11112704245082565,0.11310718974033264,0.10028695385035337,0.1196700660343065,0.09945746759408525,0.09258035863536908,0.11045381688605987,0.0957697199954858,0.09973110763113532,0.0955018276224499,0.09155967416006246,0.08899504242501524,0.0885409899028587,0.08140666303359434,0.07861590472397816,0.08135903390092768,0.07633763043137312,0.07343390414684325,0.07995203611928482,0.06624026154286881,0.07009736810941267,0.06786869542421549,0.07880808393347839,0.08089628689015572,0.08538856835972373],"valid_accuracy_dist":[0.9906303236797275,0.9124579124579124,0.9727722772277227],"valid_accuracy":[0.06267076383041482,0.597950507080386,0.6947578835400072,0.7708585789754611,0.8231769282916777,0.8424829090536009,0.834367892050696,0.8900443485852912,0.8914440030134605,0.8903249908668359,0.9048738036294439,0.9051535706027126,0.9149460766780599,0.9303339575669877,0.9322924825517901,0.9339711497071022,0.9384476172265014,0.9390072326984459,0.939846515075841,0.9387274517289558,0.9510373788862598,0.9496387626979631,0.9482400417764413,0.9395668411722796,0.9451623697058605,0.9538355726427258,0.9546750714846819,0.9504782755361407,0.9560738529372788,0.9462816635135286,0.9560738506045753,0.959990828379587,0.9504782150050656,0.9566334800727414,0.9543952975133027,0.958312021500496,0.9569131888476384,0.9580323127255989,0.9571929092860536,0.9597109263479467,0.9608300408950929,0.9599907026520298,0.9608300385623895,0.9627886636150097,0.958871646303255,0.9653064548815277,0.9619492741716857,0.965866121553733,0.9594312641079031,0.9571930792157607,0.9585920445942866],"mean_valid_accuracy":[0.06287080534667133,0.5996936528784432,0.6954161486563194,0.7709960519050201,0.8230806186808346,0.8424333678872337,0.8344528424070875,0.8899312418465016,0.891366545323849,0.8902842394782731,0.9048135317033502,0.9051218958731004,0.914905701245877,0.9303467020940216,0.9322752405848194,0.9339698544906545,0.9384369678686589,0.9390014810680386,0.9398287737159103,0.9387264535652884,0.9510131639701923,0.9496603124253369,0.9482729883815563,0.9395826626009184,0.9451576522407116,0.9538424219101828,0.9547219912224044,0.9505065450705587,0.9561071051265642,0.9462789123886836,0.9561126612377309,0.9599997289147805,0.9505087552101793,0.9566438377701106,0.9544302953861542,0.9583539841775206,0.956948855968315,0.9580489659793162,0.9572260936106861,0.9597291216912719,0.9608514561469397,0.9600152614163555,0.9608570122581064,0.9628311354701626,0.9588962729322336,0.965304111331065,0.9619749264345326,0.9658886388354905,0.9594552300204467,0.957247243747657,0.9586201711217877],"std_valid_accuracy":[0.08532442585061885,0.2264248384290913,0.2380595757466143,0.20671984016627598,0.16338053380727524,0.15718760243240104,0.13151049880084648,0.09377721046486627,0.10103074010947533,0.10057030999466282,0.090922560084891,0.08778745941158884,0.08145655473225123,0.05995738878071774,0.061587503777510065,0.058157459130887115,0.054019124934148094,0.053874980294506394,0.053134140294688006,0.05373328458102963,0.03638997702806511,0.03836759513675227,0.04176887452929119,0.0521514307581991,0.04684612411509411,0.03693605183436939,0.03521173264180676,0.03967962541211356,0.03294245366485831,0.04827373999704252,0.03244807704269723,0.03173159160069475,0.038515327483863396,0.03537340882860591,0.036582739451572026,0.028711441014892664,0.03178529023244867,0.03225335200079677,0.030736788273967176,0.029264946672426087,0.02771215933120134,0.028369986289395927,0.02720994714395889,0.026519413813983338,0.030578106725385946,0.02393992773520041,0.027984844349846435,0.02291230676563248,0.030966515056185622,0.031771152086019036,0.03344590706881163],"valid_loss_dist":[0.03713932335122887,0.2496605753798276,0.0821535812795359],"valid_loss":[2.3145525757366845,1.352285129357802,0.8802026141401547,0.6628966934741507,0.483192647400225,0.41611732786740036,0.43083260498016174,0.3185257580223035,0.2960768883552786,0.2983903021955959,0.2609414403626118,0.2589414867405777,0.23581425920267204,0.2011592298231899,0.19642821729486776,0.18853761405713615,0.17701542893736186,0.1779209277514944,0.17594568724357765,0.1769010918824944,0.149276454994971,0.14970294467742357,0.15380575493632942,0.17420132630364607,0.16281793442180953,0.14057781189140356,0.13713477079078193,0.142186834198084,0.12938225509603463,0.15311331971293327,0.1280388753536682,0.11968731109685565,0.1456652690358639,0.129513146021476,0.13408877652553597,0.12567181646692743,0.12597762297713833,0.12060090708030587,0.12431166492984147,0.11477250529932943,0.11302665685838136,0.11597614022379578,0.11015839511613705,0.10754897979401548,0.11818142781968748,0.10674956533683118,0.10789656130191984,0.10311672159618626,0.12089086332029687,0.12273624016409279,0.12304059275549868],