{"test_accuracy":[0.0972,0.3289,0.6102,0.6512,0.6648,0.7141,0.7403,0.7933,0.8154,0.8283,0.8551,0.8883,0.897,0.8876,0.91,0.9039,0.879,0.9055,0.9104,0.9192,0.9193,0.9176,0.8951,0.923,0.9227,0.9303,0.9296,0.9216,0.9285,0.9339,0.9199,0.9408,0.9407,0.9363,0.9399,0.9427,0.9442,0.947,0.9424,0.9415,0.9447,0.906,0.9519,0.9488,0.9457,0.9492,0.9514,0.9486,0.947,0.9488,0.9514],"test_loss":[2.3084521141052248,2.4333405941009523,1.2380970623016356,1.0238655822753906,1.11968351726532,0.7708979487419129,0.6573985891342163,0.551707476902008,0.5192037645816803,0.463943261384964,0.40646248087882997,0.32202012453079226,0.30150394735336306,0.32769583854675294,0.27507358241081237,0.2782145099639893,0.3371037219047546,0.28060333864688874,0.26067481451034547,0.24484914002418517,0.24166028196811676,0.24134609961509704,0.3059424502372742,0.22622330508232116,0.22443610162734987,0.207021786570549,0.20615406370162964,0.23165419261455536,0.2056254797935486,0.19226065723896027,0.22427883267402648,0.17371211936473846,0.17480008721351623,0.1860757801771164,0.17867276000976562,0.16832875571250916,0.16394587099552155,0.1586247790336609,0.1703486801147461,0.17398985118865967,0.16285095081329345,0.29584249081611635,0.14789531669616698,0.1512404538154602,0.16045907282829286,0.1518524689912796,0.14886640585660935,0.15210835208892823,0.1605364562034607,0.15593492057323455,0.14343608860969542],"train_accuracy_dist":[0.9397972116603295,0.9710412815773259,0.995480690221857,0.993322203672788],"train_accuracy":[0.049109692155946634,0.4557960857602658,0.7475471110418938,0.7918288947723615,0.7994081918704252,0.8330997248611327,0.8513211856927789,0.8746301199190157,0.8854280226340653,0.8976794891761408,0.9113845195452421,0.9291906764263095,0.9370295384934849,0.9319939780927166,0.9431552717645226,0.9410268390178061,0.9283600685251518,0.9426880548201215,0.9467891813320874,0.9509422208378757,0.9520843067019675,0.952447697658724,0.9393656232154909,0.9555105642942429,0.9564969111768675,0.9602865597258994,0.960234646732077,0.9563930851892228,0.9606499506826559,0.9634013393552406,0.9556143902818875,0.9673467268857395,0.9668795099413383,0.96449151222551,0.9666718579660489,0.9683330737683642,0.969630898613923,0.9706691584903702,0.969319420650989,0.9688002907127654,0.9711882884285937,0.9256086798525671,0.9733686341691326,0.972693765249442,0.9711882884285937,0.972849504230909,0.9735243731505996,0.973005243212376,0.9718112443544619,0.973005243212376,0.9750817629652702],"train_loss_dist":[0.16689122076975327,0.08379405360951221,0.017486471693500594,0.01903133166453277],"train_loss":[2.313909591175664,1.7761909795538917,0.8157109667787867,0.6325360839812362,0.6575412683005968,0.46768990196011084,0.3923139723808491,0.353337925421587,0.3291749006422213,0.280300311691224,0.24908557009122667,0.21902440835049805,0.19132789481248105,0.19851317041444919,0.17050595558169895,0.17052178929814146,0.2019309750667943,0.16703582834505573,0.15518343804555662,0.14672536244553544,0.14275482653092478,0.14127201032973968,0.17586834376514165,0.13007501772141855,0.12850873358634712,0.11845160127212119,0.11734590358030002,0.12776654320844194,0.11490296578209874,0.10820038344904263,0.12641397088476786,0.09730259675521169,0.0984402102341516,0.10221667206699539,0.0980957347764495,0.09341023832695733,0.0898528505467319,0.08636550957113945,0.09010781407277359,0.09066741152524899,0.08525505774556641,0.22943879610181553,0.07870620159272841,0.07886934051033814,0.08293683913311117,0.07855095476537134,0.0765427140395156,0.07836708953233855,0.07987335652974711,0.0775024890733342,0.0713481063016731],"valid_accuracy_dist":[0.9383445945945946,0.9712643678160919,0.9860312243221035,0.9874791318864775],"valid_accuracy":[0.04544832454734769,0.45902381986701213,0.755271878218406,0.8007371383346095,0.8129829421200945,0.8437057884674541,0.8611417041366721,0.8781600868657616,0.886462877253803,0.9005782101701876,0.9115780472431467,0.9271406786252335,0.9381434673814473,0.933785775100843,0.9449939872747712,0.9408431763265579,0.9290116760382027,0.9416735030121736,0.9447873361849055,0.9508063462138588,0.9493531076637961,0.9505988186472885,0.9350327573859332,0.9530894293657506,0.9524669373807305,0.9557878855841764,0.9553725889771677,0.950806857671926,0.9564106078117215,0.9586936469021923,0.9512216359092719,0.9626368715352732,0.9628442859244674,0.9607692314298198,0.9626370870906581,0.9651275003966738,0.9669956485043968,0.966787941668318,0.9657507193951458,0.9640900115950999,0.967618604430265,0.9142686907668057,0.9694861387019124,0.9686561848104791,0.9672034503749136,0.9678256572566192,0.970524248683132,0.9694864199174543,0.9686568241330633,0.9690716494556535,0.97093960015093],"mean_valid_accuracy":[0.044984595307331475,0.45684347099551004,0.7537497462516216,0.7994969655486421,0.8116612429276797,0.8428337672350533,0.8602783180601415,0.8775166644717688,0.8860342266275929,0.9000672898006814,0.9110802889181595,0.9264811488364568,0.9375870080040966,0.9333348140569351,0.9446593307410345,0.9405148272171919,0.9284672286658514,0.9413082928267482,0.9445012821204334,0.9505638058812619,0.9490522462619148,0.950271604444529,0.9345766305073986,0.9527720378056407,0.9521680625249412,0.9555411685642042,0.95510629255074,0.9505612225423079,0.9561078175015879,0.9584146159570645,0.9507987243445262,0.962390738170824,0.9626510014288872,0.9604780627658699,0.9623949552405184,0.964962638747992,0.9668020737103168,0.9666225259280691,0.9655715057229235,0.9638385900889659,0.9674248591525014,0.9147918956706378,0.969297856526247,0.9684419796339572,0.9669583822726362,0.967628817249629,0.9703806029213136,0.9693423734210838,0.9684558547685957,0.9688796604731136,0.9707798296548169],"std_valid_accuracy":[0.07452962624767731,0.22346914518843408,0.1752561011496934,0.16429892857668418,0.16052766116337802,0.13093550938673637,0.12324844749005814,0.09754457517223533,0.08150238767307245,0.08132179681415225,0.07326020477810931,0.07037892522255364,0.061106479601223576,0.05586572983127223,0.043366933360239744,0.045070832599244104,0.06500361508113758,0.04801360657686163,0.04140630372146016,0.03557422174557646,0.03881602093446481,0.041545651868931624,0.05921330740612468,0.03874607695866223,0.03809696125409508,0.03336669174504922,0.03413189169930901,0.03649863568245921,0.03702039445466871,0.03340188984257428,0.047241759850950166,0.02862824706310143,0.0244584341090621,0.03438885118611515,0.029298038221373914,0.02191611430211946,0.023259058329253977,0.02101054273659163,0.023979589124973257,0.029768536042949163,0.023760316865601067,0.054778598233501716,0.021743476253880806,0.02426919427014857,0.0273880838081124,0.022871465234519057,0.018622242177528482,0.01916841671827394,0.024958531377801473,0.023053252106046092,0.01977214571665964],"valid_loss_dist":[0.2053285100170084,0.10015662146612929,0.03975913924644889,0.04372025938558459],"valid_loss":[2.314042404978908,1.7440647136837455,0.7899010566075891,0.5996941992823988,0.6256846936736691,0.4423197794734792,0.37433220137114065,0.34136686093072466,0.32323235685373836,0.27485658699457266,0.245452826331585,0.21573238650451027,0.19175990212572572,0.20188714954585057,0.17678403453249866,0.17833412463973297,0.20680280728651856,0.1752414295326585,0.1645765084801543,0.1587866724718688,0.15432953070061378,0.153136480263724,0.18628677123418183,0.14400750563788398,0.1430235320233502,0.1335805066120455,0.1335887747451019,0.1448813117385273,0.13061576747682785,0.12574544469252238,0.14184446225318748,0.11579597330412728,0.11926849505149309,0.12117388019800505,0.11782511899027405,0.11477571617486232,0.11100455000625398,0.10779503027615216,0.11161132016266043,0.1110363859328664,0.10755422325673761,0.28492772899898944,0.1007717126337071,0.10124788494381352,0.10524929316328341,0.10164546561951615,0.10112038012605735,0.10412688594081093,0.10393143051287856,0.10199569093978385,0.09670055179185671],