{"test_accuracy":[0.0972,0.4259,0.5547,0.7573,0.8186,0.8498,0.8785,0.8641,0.9023,0.9126,0.9197,0.9232,0.9275,0.9315,0.9336,0.9337,0.9392,0.9445,0.9418,0.9446,0.9454,0.9497,0.9474,0.9484,0.9466,0.9551,0.9523,0.9563,0.9539,0.9582,0.9582,0.958,0.9591,0.9596,0.9579,0.9585,0.9605,0.96,0.9597,0.9609,0.9635,0.9642,0.964,0.963,0.9623,0.9597,0.9656,0.9618,0.9611,0.9608,0.9613],"test_loss":[2.3084521141052248,1.8889952865600586,1.1576948007583618,0.7053074514389038,0.5597627098083496,0.48035049514770506,0.4015749608039856,0.40526888303756714,0.32074497327804563,0.2967857388973236,0.2665129344701767,0.258375584936142,0.2441618915081024,0.22761458067893983,0.21923996052742004,0.21659559943675996,0.20209973797798156,0.18106280982494355,0.18644511024951935,0.17948640372753144,0.17413379962444306,0.15707162070274353,0.16964235157966615,0.1682071564912796,0.15800945303440095,0.1450241335630417,0.15068674294948578,0.14185907809734344,0.14469981153011321,0.13510126287937163,0.1326116881608963,0.13308909415006637,0.12395500659942627,0.12859515340328218,0.13007215173244477,0.13013707642555236,0.12349503352642059,0.12685838834047317,0.12088360302448273,0.12195360480546952,0.11490196800231933,0.11324921154975891,0.11209444355964661,0.11274938886165618,0.11263485355377197,0.12803534910678863,0.1038719846367836,0.11839714341163635,0.11622868795394897,0.11557692484855651,0.1163267379462719],"train_accuracy_dist":[0.9964081977604057,0.9753684210526316,0.9626496079240611],"train_accuracy":[0.12889943471282014,0.5805010817223812,0.681275734524391,0.8161769837392701,0.8586782050387326,0.8827552515876893,0.9017377346639682,0.8958754972433527,0.923790913531998,0.9306301905227161,0.9383767185428152,0.9411682601716798,0.9453555726149766,0.9498220392211599,0.9501011933840463,0.9498918277618815,0.9549863912345593,0.9600809547072371,0.9590341265964129,0.9611975713587829,0.9593132807592993,0.9634308046618745,0.9624537650917719,0.9626631307139367,0.9610579942773396,0.9681066368902226,0.9674087514830065,0.9690836764603252,0.968944099378882,0.9704794472747574,0.9719450066299113,0.9720147951706329,0.9747365482587759,0.972922046200014,0.9720147951706329,0.9717356410077466,0.9746667597180543,0.9734105659850653,0.9749459138809408,0.975085490962384,0.9760625305324866,0.9768302044804243,0.9778072440505269,0.9775280898876404,0.9774583013469188,0.9702002931118711,0.9788540721613511,0.9770395701025891,0.9774583013469188,0.9778770325912485,0.9780166096726918],"train_loss_dist":[0.015535777449661371,0.06841741497893082,0.11287873905279693],"train_loss":[2.3056333520605623,1.4381658208994998,0.8593776383416353,0.5386478259542814,0.42924588428670757,0.3699011780949196,0.3133899336650222,0.30958371977506716,0.24836532847502282,0.23071814842989594,0.20524250056473198,0.19943731864051806,0.1844905224275885,0.17106731353753094,0.16451780598095095,0.1619018590251556,0.15060681020685662,0.136035112164547,0.13670176959073554,0.1304480256544609,0.13584464179011738,0.11591713951967027,0.12064493621243047,0.11937012529769278,0.11668432245983966,0.10193498559923729,0.10423827881026113,0.09797287655570394,0.09819896970565857,0.09190971929829816,0.08889761340021006,0.08859289543215342,0.0828206674914353,0.08541299971009683,0.08513479665211901,0.08555102621374334,0.07903903674971766,0.08042405776602041,0.07587609539726593,0.07622341652960339,0.07263011190127999,0.06992101630457127,0.06781076671842529,0.0689087035561456,0.06814381578399399,0.08249479835771475,0.06253369086224374,0.06984370549729901,0.06704042463718918,0.0655881131383556,0.06598673496189704],"valid_accuracy_dist":[0.9890202702702703,0.9595959595959596,0.9595709570957096],"valid_accuracy":[0.11885728031306927,0.5822884259295973,0.6852484009214216,0.8183488767050741,0.8554605622812779,0.8811314708262428,0.9051285793613072,0.9001057761390437,0.9257771721856749,0.9361017082841645,0.9425190223741714,0.9388916003021951,0.9478207703590055,0.9534014014399462,0.9531224171265804,0.9514481168054134,0.9564707524909183,0.9598192158412199,0.9573078694917525,0.9595402315278542,0.960377453249478,0.9595403909355562,0.9623304702794974,0.9587035415392356,0.9573079486208517,0.96428385963482,0.9628886809190513,0.9648419329823413,0.9634468136065197,0.9654000819554311,0.9642838619613373,0.9656790546362101,0.9662370732968191,0.9665161006645103,0.9665161146236144,0.9659580319700235,0.9673532863113605,0.9656789952962629,0.9673532932909129,0.9687482870072883,0.9698646233547589,0.9687484789862334,0.9709807723763186,0.9690274632995989,0.9698645733208809,0.9667952129638394,0.9712598230091835,0.9681903963326426,0.9695855959870673,0.9695856099461715,0.9693066233062884],"mean_valid_accuracy":[0.11972578639245306,0.584423917241574,0.6871600823746039,0.8194920749582466,0.8562829443605021,0.8818005299028401,0.905616866116041,0.9007673289851508,0.9261060396580199,0.9363412786473843,0.9427921208036719,0.9391546981274704,0.9480009750224272,0.9535756503578287,0.953310787159797,0.9516782383944101,0.9566463496950295,0.9599577919503662,0.9574714322032803,0.9596929287523347,0.9605494520923564,0.9597345338888243,0.9625228851714001,0.9588334302649484,0.9575639902578846,0.9644517379665895,0.9630377076746713,0.9650129051944233,0.9635979269848907,0.965534231726476,0.9644461818554229,0.9658268754803409,0.9663778784034559,0.9666806864620395,0.9666473497950395,0.9661084070118724,0.9674825966080092,0.9658278233979555,0.9674659282745092,0.9688994706527709,0.9699911807997617,0.9688632902329273,0.9711079591442627,0.9691281534309587,0.9699699042727096,0.9669214293801754,0.9713552060911796,0.9683243474497599,0.969688372741178,0.9696550360741781,0.9693957289873132],"std_valid_accuracy":[0.08471918139788516,0.2314260753578273,0.20659811977771578,0.11755289169938676,0.08782490082497019,0.07298299076014633,0.05518344824554703,0.06696532037872828,0.04072386514134715,0.03163505683957036,0.0331203683953837,0.03449593455946715,0.028408889046692778,0.025687184051539823,0.0254543040958932,0.027878147445833022,0.024222851910667736,0.021745002505927386,0.023554437748606608,0.02142182406305412,0.020346176133714824,0.02124643738507937,0.021821272641092394,0.01786794060388628,0.026183379188369292,0.01907887296478857,0.019259892718537362,0.01895213453802197,0.01849794157745152,0.01694461898823209,0.018864879958296648,0.017642194809114286,0.01760019393057678,0.018291547515189164,0.017226017750628042,0.018026105004186523,0.016184680439058803,0.018131532974725473,0.01589535738258062,0.01748228276102325,0.014736564614561925,0.015040129628302477,0.014220977677983741,0.015264080347019354,0.014729042211616387,0.016446288843226173,0.013162075973300904,0.01585877965500037,0.014332673407569663,0.014545515339950984,0.013876649972913041],"valid_loss_dist":[0.027221592596253834,0.12181118406631329,0.127420174603415],"valid_loss":[2.307406469222097,1.450147766186909,0.8661166647839065,0.5467122027128961,0.4409247133515709,0.37641353786318765,0.31971323010655234,0.3140182536139186,0.25734806411406774,0.23736024483073612,0.21456699881918395,0.20992307993637443,0.19511895498069218,0.1829807131445202,0.17555927471302887,0.17131036098333258,0.1606895449893332,0.14842916834281233,0.15046997231820955,0.14411331089049817,0.14706916057313477,0.12517576611089887,0.13270253714112615,0.13340363103739702,0.1228582320899562,0.11661299665414303,0.11951834550821833,0.11336606164424916,0.11478489301183438,0.10740844229616961,0.1054820199016908,0.10600886110379058,0.10025076613617388,0.10277640772898414,0.10473621534947933,0.10355179048363783,0.09957147916813257,0.09888610074792947,0.09802681227065496,0.09596051956090228,0.09063458990663538,0.08913740571172978,0.0893340093631545,0.09066991094366722,0.08988240989181781,0.10474822107856967,0.0848531754868946,0.09391770399297776,0.09213869096779294,0.09154641698518735,0.0924643093168544],