{"test_accuracy":[0.0972,0.4839,0.7271,0.8332,0.9051,0.913,0.9327,0.9407,0.9263,0.9448,0.9491,0.9552,0.9572,0.9559,0.9612,0.958,0.9651,0.9689,0.9702,0.9695,0.9716,0.973,0.974,0.9747,0.9752,0.977,0.9769,0.9573,0.9762,0.9767,0.9769,0.9769,0.9777,0.9739,0.9802,0.9802,0.9788,0.9797,0.9778,0.9784,0.9793,0.9797,0.9812,0.9796,0.9802,0.9817,0.9784,0.9804,0.9801,0.9802,0.9799],"test_loss":[2.3084521141052248,1.3799330980300903,0.8353485847473144,0.48035620298385623,0.3266225424289703,0.2839562549591064,0.23029140758514405,0.2022530151605606,0.22548820476531983,0.18326807594299316,0.16920768489837645,0.1480706241130829,0.14056447403430938,0.13967203702926637,0.12837322511672974,0.13141667912006377,0.11138601989746094,0.10228881644010544,0.09861852838993072,0.09910251598358154,0.09142618030309677,0.08881287187337876,0.08673429173231124,0.08373076333999634,0.08162408715486527,0.07638771595358848,0.07532595940828324,0.1282602407693863,0.07755690553188324,0.07529394030570984,0.07319303376674652,0.07173656460046768,0.07045500605106354,0.0816985138297081,0.06385654473304749,0.0632381742477417,0.06635779167413712,0.06418137923479081,0.06582654793262482,0.06277199040651321,0.06387814037799835,0.06093943173885345,0.0591071006834507,0.06405279729366302,0.062238840812444685,0.05731832247972488,0.06658301063776016,0.06182770729064942,0.06090860016345978,0.05892642326951027,0.058415248775482174],"train_accuracy_dist":[0.9871144909167723,0.9825426165537071,0.9925078043704475,0.988,0.9826661163846472],"train_accuracy":[0.11473087818696884,0.5472004665889019,0.7550824862522912,0.8400266622229628,0.9094317613731044,0.9175137477087152,0.9342192967838694,0.9415930678220297,0.9260539910014998,0.9468838526912181,0.9493834360939843,0.9571321446425596,0.9591318113647725,0.9581736377270454,0.9620896517247125,0.9590068321946342,0.9678386935510748,0.9709631728045326,0.9704632561239793,0.9711298116980503,0.973962672887852,0.9752541243126146,0.9750874854190968,0.9759206798866855,0.976920513247792,0.9790034994167639,0.97929511748042,0.9552157973671055,0.9790868188635228,0.9799200133311115,0.9803366105649058,0.9807115480753208,0.9817113814364272,0.9764205965672388,0.9828778536910515,0.9842526245625729,0.9835860689885019,0.9837110481586402,0.9830444925845693,0.982919513414431,0.9837943676053991,0.9854607565405765,0.9856690551574737,0.9829611731378104,0.9852524579236794,0.9858773537743709,0.9817530411598067,0.9852107982003,0.9860023329445092,0.9857523746042326,0.9865439093484419],"train_loss_dist":[0.04020731418028027,0.05299126911387352,0.026855597453158925,0.04267773388404595,0.05389500465251742],"train_loss":[2.307022932896394,1.270563731862394,0.7698461346811224,0.46522721169596215,0.3193127240906793,0.2752702801797643,0.22930116336584747,0.20314308249578936,0.22937341605217987,0.18067803207292615,0.16804739217686865,0.14781400871504558,0.13939466185363714,0.13680492380472237,0.12676250371430797,0.13119920591565049,0.10945639396721081,0.10115543189148936,0.09740089874362631,0.09631918787017621,0.08915248838990648,0.08526732224627766,0.08381702203891453,0.08024517347571518,0.0775439818953846,0.07252535551328289,0.07058027213840679,0.1320430578164529,0.07081038129237062,0.06779346958288841,0.06562072938903135,0.06360061207782788,0.06202683016304607,0.07441568320346731,0.05659074584027441,0.05436550976900662,0.056252603549178125,0.053867276103112094,0.055138751516021496,0.052883780450423426,0.052742104376766345,0.04941841383646057,0.04817040218606807,0.05252289583223985,0.04872639490925601,0.04548956130902393,0.05464796667267987,0.047436001830714294,0.04517155110080542,0.04490400121730877,0.043379915385045965],"valid_accuracy_dist":[0.9780405405405406,0.9745484400656814,0.9800332778702163,0.9797979797979798,0.981023102310231],"valid_accuracy":[0.10742282328330204,0.5419689220096454,0.7494989512789949,0.8372755508915457,0.9052292033108963,0.9140564388714767,0.9280478899065154,0.9355430077461228,0.92105223884995,0.9417052263484251,0.9457026589517812,0.9501996444739992,0.955363312420918,0.9520318711410181,0.9556962265472878,0.9513657101023107,0.961858709285335,0.9648570855745955,0.9663559975404195,0.9660226988497415,0.9683546693618232,0.9693540876310504,0.9695207278451821,0.9720188608085233,0.9723520986448947,0.9735179167800799,0.9738507908215813,0.9485351253096949,0.9725186624375793,0.9746837974847176,0.9753499421771274,0.9741841549380225,0.974517230496341,0.9700197671713159,0.9783480872053468,0.9775153146267189,0.9760163523346975,0.9770156028165609,0.9765159319603134,0.9761826281883298,0.9773484086875499,0.9785145603995014,0.9785145584244779,0.9770156951860177,0.9780150455805785,0.9781812239605111,0.9765161542006936,0.9785147179937504,0.9776816798253695,0.9786809991197534,0.9786809919847064],"mean_valid_accuracy":[0.10729533129986397,0.5431434110682457,0.7497175602776566,0.8377016415564963,0.9051710387652385,0.9140383787316193,0.928056194356212,0.9355339692452775,0.9209347373674255,0.9417499498047013,0.945736923195725,0.9501876539886374,0.9553979374029631,0.9520264749317352,0.9556972486904229,0.951333387748807,0.9618659320135438,0.9648929873675149,0.9664099080271213,0.9660484832301257,0.9683853731598677,0.9693839454455084,0.9695449790565249,0.9720370207002749,0.9723835951697228,0.9735377700938933,0.9738490135544927,0.9485269820843527,0.9725584028632458,0.9747081426549761,0.975366015769319,0.9742175939620921,0.9745399130311803,0.9700034801329218,0.9783734774817265,0.9775249788332108,0.9760467593709775,0.9770321150668624,0.9765274188180078,0.9761781911866747,0.9773427914135455,0.9785249168146273,0.9785252861839291,0.9770556039720389,0.9780485275175153,0.9781698155217964,0.9765675727833795,0.9785527651333951,0.977686066546668,0.9786737268890568,0.9786886681169298],"std_valid_accuracy":[0.08629349071288786,0.16846150554508527,0.055000545692225754,0.045482129998005244,0.007748790194849282,0.009946567609444129,0.002358469124674758,0.004669710386149994,0.011984199373242603,0.009088504262193514,0.007412997639907511,0.005737125591961275,0.007049572856513267,0.007412977289891106,0.004597010352102262,0.004584610275560658,0.00474191471777651,0.0066086771241717366,0.006056486137663124,0.0041853316626676235,0.004934773471390276,0.005538618274360334,0.005980249952530316,0.003519508903631026,0.004205831649415342,0.004120959525727787,0.002153284003796298,0.01172261547768612,0.005289433373289556,0.004667725224960853,0.0029662689795917803,0.003752189607324923,0.002775360145869442,0.002654283586972817,0.0036308510911152335,0.004498602131373289,0.0043804710530747915,0.004033415824155881,0.003360055892453179,0.0018375500671708566,0.0009368695515527036,0.002704607740957162,0.0036599431064072846,0.0051891149082606185,0.006116878965868246,0.0015752095693552222,0.006091348406556461,0.005630246845550801,0.0023536079629388504,0.0025311159864933276,0.00228252879363312],"valid_loss_dist":[0.05601327116223606,0.07667308694060604,0.07250604174795643,0.0719482841515782,0.06844908611314131],"valid_loss":[2.3071780398780164,1.2800310812342452,0.7863945309797601,0.47831517729641837,0.3340167752384553,0.2915238002130335,0.24272306101832222,0.21851714261754848,0.24504529761585403,0.19513057149183244,0.18246941506108527,0.1626159996174894,0.1542030575188344,0.15228680442964013,0.14310790395231743,0.14905730004060547,0.12417620108017105,0.11586094393834892,0.1104157036011614,0.1100647736448628,0.10385137881359217,0.10023303458459126,0.09919722710874809,0.0954955833099946,0.0943810342883916,0.08926124653397856,0.08764154100125388,0.15126644145081364,0.08777848743018081,0.08680841845618177,0.08419264985553333,0.08297038245058187,0.08184873176370357,0.09663877267153283,0.07569339360956778,0.07537256064331306,0.07705354341612035,0.0757929921770593,0.07975337943077891,0.07468412298050285,0.0755921534921761,0.07271453128289992,0.07047318968778953,0.07448930090758299,0.07232548963255168,0.07121138793245735,0.07959942257896888,0.07231169010985862,0.0709948291725849,0.06985124186653374,0.06916923169551101],