{"test_accuracy":[0.0972,0.3012,0.6183,0.6658,0.7538,0.7923,0.8159,0.8426,0.8522,0.8564,0.8742,0.8865,0.8894,0.8972,0.9018,0.9068,0.9127,0.9105,0.9101,0.9132,0.9212,0.9196,0.9257,0.9295,0.942,0.9224,0.9345,0.9397,0.937,0.9433,0.9394,0.9425,0.9405,0.942,0.9481,0.9461,0.9429,0.9445,0.943,0.948,0.947,0.9485,0.9477,0.9504,0.9494,0.9538,0.9589,0.9531,0.9575,0.9551,0.9507],"test_loss":[2.3084521141052248,2.1310126056671144,1.2687458013534545,1.1058145095825196,0.8372805633544922,0.6917389190673828,0.5692148745536805,0.511931099319458,0.4490036431789398,0.4281584940433502,0.3687206023693085,0.33576268134117127,0.3202077866077423,0.2998584229946136,0.2880085195541382,0.2593077561855316,0.24390735878944397,0.24739762918949126,0.24977545433044435,0.23888650348186494,0.2193296983718872,0.22046560428142548,0.20921032619476318,0.19779359567165375,0.17602084426879883,0.21245644297599792,0.18461171293258666,0.17135804100036622,0.17721356925964354,0.16313719539642335,0.17033486301898956,0.1623533709049225,0.16391078639030457,0.1608340965986252,0.1456989900827408,0.15162690967321396,0.1603326265335083,0.1530455961704254,0.15841170375347138,0.14650833282470704,0.14622761552333832,0.14564495420455933,0.14890971550941468,0.1363433310508728,0.14024567182064057,0.12966473774909973,0.11855820659399033,0.13087202064990996,0.11861617119312286,0.1258097377896309,0.1390639216661453],"train_accuracy_dist":[0.9820447824250106,0.9767589266849778,0.9906283280085197,0.9652445369406868,0.9499165275459098,0.9894758563763929],"train_accuracy":[0.06610732389442406,0.44219542038105225,0.7418283516867681,0.7879391714735187,0.846635203635728,0.8708267785352212,0.8861038280020975,0.9123230204509701,0.9149798986191225,0.9192798461807377,0.9295228106974305,0.9374235273553575,0.9396259395210628,0.9440307638524733,0.9437860513896172,0.948225834644293,0.9519664394336654,0.9527704946687642,0.9524908232826429,0.953155042824681,0.9581541688515993,0.9583639223911904,0.9610907184058731,0.9629435413389268,0.965565460583814,0.958503758084251,0.9657052962768746,0.9689564761405348,0.9662995979723824,0.9696906135291034,0.9688515993707394,0.9695507778360426,0.9702499563013459,0.970040202761755,0.9734312183184758,0.9725922041601118,0.9708792169201189,0.971543436462157,0.9718580667715434,0.9742003146303094,0.9741303967837791,0.9740954378605139,0.9742352735535745,0.9763328089494844,0.9756685894074463,0.9767173571054012,0.9790246460409019,0.9780807551127425,0.9794441531200839,0.978395385422129,0.9756336304841811],"train_loss_dist":[0.05379892297696604,0.06761970424372525,0.026892421652064027,0.09778859893889258,0.14888847953887138,0.029444182727499733],"train_loss":[2.3156893709076387,1.571103759550419,0.7902287453230684,0.6545362042945241,0.4892239823976486,0.40461790781559964,0.34860780748156606,0.283973589119399,0.2626356434530883,0.24909437507302418,0.2145968783411753,0.1928170479770266,0.18432304003679487,0.17047244373541615,0.17313488172971167,0.15517985977185572,0.14501249701477517,0.1405608166487791,0.14006926083917426,0.1357485151498223,0.12513158273168679,0.12264522257147188,0.1161184590758508,0.11192451302125579,0.10734307293374312,0.11917105719689368,0.10299070822171055,0.09340700197224537,0.10099569013763236,0.09181772737033382,0.09452720218603583,0.09090798102127799,0.08607531873949797,0.08690708388275376,0.07956351966910837,0.08122268597579277,0.08490106342811306,0.08254432400489599,0.081156503545891,0.07638194355849952,0.07517981959692124,0.0759501954403541,0.0754956927912346,0.069726956031176,0.07152846867524333,0.06807710570581954,0.06406480001851857,0.06528751509766482,0.061342077559223857,0.06451231439380906,0.07086252062800433],"valid_accuracy_dist":[0.981418918918919,0.9738175675675675,0.9880749574105622,0.9517470881863561,0.9449081803005008,0.9876237623762376],"valid_accuracy":[0.06037177008171666,0.45344162508839087,0.7531502395814397,0.7959248178852957,0.8502946183376261,0.877129440472443,0.8901304672429831,0.9158459071872629,0.9175257897155649,0.9207401703697389,0.9302460443789724,0.9390512432501072,0.9396104735885734,0.945341094527269,0.9449230973013862,0.9482784954983176,0.9517728639774551,0.9530303944846676,0.9537292134688657,0.9530316191916257,0.9589022298857579,0.9596007725504753,0.9607189262288222,0.9626764496739871,0.967150256132066,0.9569456159099589,0.9649132077116458,0.9668695311221471,0.9639350868282962,0.9675691460983922,0.9672899773037917,0.9681284336218503,0.9682675936150417,0.9682679425848165,0.9703648360756472,0.9702250021872224,0.9686872787499506,0.9684076706469584,0.9706441514322276,0.9707843723668391,0.971762752164032,0.9710638370323583,0.9707840529231818,0.9738594660967279,0.9721821985752352,0.9728815828998978,0.9749776503761568,0.9739993026132526,0.9762364415482329,0.974978300673823,0.9712042351236755],"mean_valid_accuracy":[0.06036828760101734,0.4543910242030765,0.7536065131917478,0.7962737262516719,0.8505429250511337,0.8773746067437358,0.8902980033844052,0.9160707506430047,0.9176969658721132,0.9209024579190023,0.9303896072936916,0.9391891923286634,0.9397326123125959,0.9454747831259805,0.9450566682075641,0.9483837567918023,0.9518758141039676,0.9531359394327336,0.9538504332509664,0.9531535934145268,0.9590038245717359,0.9596917666420315,0.960812557689032,0.962764830318612,0.9672094795054722,0.9570530218590102,0.9649887514827403,0.9669478335254585,0.9640165890457237,0.9676445531038222,0.9673605775886555,0.9681969131739744,0.9683492012280541,0.9683521971262429,0.9704402187701101,0.9702942167838705,0.968762920487904,0.9684738660098134,0.9707326942588853,0.9708591939153747,0.971841036388549,0.9711418694880991,0.970856198017186,0.9739370099786928,0.9722644947093046,0.9729532283768606,0.9750536020615632,0.974078065825192,0.976301965968079,0.9750439349686958,0.9712650791266905],"std_valid_accuracy":[0.0815008449485568,0.13619462832721474,0.10658002361797489,0.11032324686030717,0.08042821323570279,0.06925676418495502,0.05864769330005453,0.05717504073309098,0.04921248124221016,0.047084128941128796,0.0436785785932721,0.040525525461178005,0.039249806989563804,0.0380726814819021,0.031147503366554703,0.028961096194689496,0.027865100720194855,0.02960789942817352,0.03011364032601641,0.028254919244646414,0.024932924759021022,0.026213899889832904,0.025339572779016054,0.02335225376341729,0.01803678175287806,0.026923272937204094,0.021644488326449756,0.02187204438316613,0.02079637184440886,0.019951802671955114,0.02024774349490649,0.01960240933289602,0.021291426824480132,0.020578698074848904,0.01760870751192582,0.01972219530942875,0.020489635790662264,0.019799152054794534,0.02078142589215712,0.019132137513615883,0.018684861422103845,0.018963020477779112,0.019845570811916933,0.017177434394510464,0.018275533850766492,0.015999206561633606,0.01557339841399326,0.01715942491454487,0.01457733575581261,0.015317618257334983,0.017007019489148296],"valid_loss_dist":[0.057980595408259214,0.07100272138376494,0.034121809371793085,0.1749881319019838,0.16092229792490625,0.041218756000348446],"valid_loss":[2.3164214872500435,1.5457034529197367,0.7772298201409162,0.6425813875751704,0.4814985264974336,0.40027424036384585,0.3458067502427697,0.2798456591774551,0.2601566218020912,0.24660756841163184,0.21307672269269845,0.19127965476809913,0.18456035256026412,0.17138983773652866,0.17387409592817982,0.15748240235084304,0.14774252607399838,0.14415960383807963,0.14401756677260102,0.14117922648770004,0.12994757613293115,0.12876981387247954,0.12176503374681633,0.11806602345718346,0.1132347519686618,0.12887005056600756,0.11115200665322077,0.10230032130084878,0.11059363675044935,0.10160948085846053,0.10431605917386104,0.10150210515789657,0.09756773084980884,0.09869486430072062,0.09106127806922915,0.09328767081258454,0.09876509728771336,0.09738472917811399,0.09455086705120135,0.09045663910386145,0.08962718153037981,0.09091033714846651,0.09048792552553314,0.08457214113270554,0.08706197576845634,0.08416945298737755,0.07905608131186928,0.0816520630475484,0.07748305272576687,0.08139112639729316,0.09027937881473515],