{"test_accuracy":[0.0972,0.5255,0.7957,0.7969,0.8866,0.9054,0.9218,0.9178,0.9191,0.9379,0.9447,0.948,0.9488,0.9509,0.9533,0.9578,0.9583,0.9586,0.9599,0.9649,0.9618,0.9629,0.9674,0.9664,0.9666,0.9693,0.9688,0.9698,0.9704,0.9694,0.9693,0.9716,0.9737,0.9735,0.9725,0.974,0.9737,0.9724,0.9733,0.9767,0.9776,0.976,0.9747,0.9756,0.9776,0.9754,0.9773,0.9787,0.977,0.9766,0.9746],"test_loss":[2.3084521141052248,1.4004015914916992,0.6764405042648315,0.5899107794761658,0.38439072947502134,0.3169260623931885,0.2692574867248535,0.2666875534534454,0.250652233171463,0.20255425884723663,0.18358592069149018,0.17235054198503494,0.16889203522205354,0.16104676809310914,0.15503934285640716,0.14323030753135682,0.13578074207305907,0.14054792473316194,0.13097564775943757,0.12007887958288192,0.12180889075994492,0.11952582883834839,0.11057089276313782,0.11196211682558059,0.10944972878694534,0.10217858830690384,0.10313992120027542,0.09752751225233078,0.09685987740755081,0.09770001050233841,0.09436217365264893,0.09181932228803634,0.08494087241888046,0.08546564855575561,0.08604932502508164,0.08192487688064576,0.08328684879541397,0.09281999730467796,0.08275150882005691,0.07599105274677277,0.07364364094734192,0.07421070686578751,0.07719571528434753,0.07619763503074646,0.07511783871650696,0.07468361895084381,0.07281129966974259,0.07061068881750107,0.07079534910917282,0.07297672973871232,0.07115203050374985],"train_accuracy_dist":[0.9714768645679274,0.9884963023829088,0.9799787007454739,0.9781810766721044,0.9952003338898163],"train_accuracy":[0.07652550850283428,0.5916555518506169,0.8232327442480827,0.8243581193731244,0.8975075025008337,0.9172224074691564,0.9304768256085362,0.926808936312104,0.9270173391130376,0.9452317439146383,0.9511087029009669,0.9542347449149716,0.953401133711237,0.9551100366788929,0.9588196065355118,0.9619456485495165,0.962320773591197,0.9621123707902635,0.9647382460820273,0.9684478159386463,0.9681143714571524,0.9688229409803267,0.9717405801933978,0.970323441147049,0.9720323441147048,0.9731160386795599,0.9730743581193732,0.9744498166055352,0.9741997332444148,0.9745748582860954,0.975866955651884,0.9760753584528176,0.9776175391797266,0.9778259419806602,0.9775758586195399,0.9789929976658887,0.9785345115038346,0.9770340113371123,0.9789929976658887,0.9800766922307436,0.9809936645548516,0.9813271090363455,0.9807019006335446,0.9799516505501834,0.9813687895965322,0.9811187062354118,0.9811187062354118,0.9821190396798933,0.9825775258419474,0.9816188729576526,0.9827025675225075],"train_loss_dist":[0.07989916163847911,0.036608511418251104,0.0588661766209351,0.06980606673519335,0.016102952462852697],"train_loss":[2.310943845998609,1.2563090940422517,0.6038907295233927,0.51617652292091,0.34617609549319994,0.2847800071066461,0.24231944943704617,0.23825710627556881,0.22401885072681735,0.1820021183871257,0.16502504457172135,0.15430091185574135,0.14959915658995068,0.14184374193728924,0.1355987892406345,0.12597973207797497,0.11990220257133573,0.12145732648648314,0.1130735081915221,0.10414600653108676,0.10489937115340144,0.10189181695052209,0.09486693909088048,0.09569715582226844,0.09251846641919471,0.08735076729788949,0.08678657188825248,0.08174176621961955,0.0804952017311721,0.08088517734683397,0.07725595047516688,0.07557737534209247,0.07032256351026764,0.06977656574717345,0.07031624320389535,0.06611525959566002,0.06648613383267454,0.07298881123721272,0.06439346132104985,0.060919004259087584,0.057949861344049405,0.05681319334353257,0.05906347724206611,0.05944703634866837,0.05704982483805483,0.05676462613952959,0.05571733678561592,0.05382054871014652,0.052256124675312404,0.0540282566121476,0.05219422992354271],"valid_accuracy_dist":[0.9712837837837838,0.9802793755135579,0.9744463373083475,0.9592502037489813,0.989983305509182],"valid_accuracy":[0.07447140988618772,0.5925420609102373,0.8236868568106683,0.8245121720147454,0.8980104421223598,0.9150118209371415,0.9318423796603635,0.9263456021484064,0.9280115197173763,0.9475071247391911,0.9526725002738996,0.9553395201448894,0.9538406248198428,0.954507271395786,0.9598384776628822,0.9631704090273032,0.961338802113582,0.9623382649881571,0.964171705722972,0.9661709123182924,0.9656711846375713,0.9666708637261249,0.9686691564779905,0.9700025465693183,0.9683370500772017,0.9725020539656862,0.9711689781670378,0.9710032762788436,0.9715031962789968,0.9713366247204662,0.9708372429974872,0.9731688338836733,0.9743357873948473,0.9738365322198484,0.9735028963184925,0.9755023696747833,0.9748361004642612,0.9716689275360404,0.974003087414659,0.9765020799313262,0.9771687966137644,0.976168509141542,0.9745033388079746,0.9756693939398432,0.975835457489619,0.9750026815924482,0.9768353184283782,0.9770015975322522,0.9760030435062088,0.9748364059240472,0.9750031136002145],"mean_valid_accuracy":[0.07414792891827938,0.5918065513504722,0.823358829435658,0.8239730885950802,0.8978824080923232,0.9150371884507758,0.9318978016716783,0.9264341206506417,0.9284745899615985,0.9476097235145499,0.9527793879128577,0.9554892898885218,0.9539578576984459,0.9546293237664898,0.9599688424803006,0.9632615295453565,0.9614510308659568,0.9624104603019326,0.9642724220627098,0.9662960731004123,0.9657406546001537,0.9667404541150747,0.9687191495811327,0.970062243823399,0.9683927584023888,0.9726124170875122,0.9712296952388286,0.971089648260621,0.9715952374789432,0.9714151114522492,0.9709268185912643,0.9732567296753242,0.9744240890202466,0.9738886727280942,0.9735963476751166,0.9755783593171625,0.9749023852015594,0.9717546814512058,0.9740566230685304,0.9765679949350652,0.9772435062062609,0.9762223651308506,0.9745928140903816,0.9757512962932303,0.9759174393257085,0.9750721105927825,0.9768938938250976,0.977057627148433,0.9760936224420929,0.9749233928419215,0.9750486011727706],"std_valid_accuracy":[0.08779738926639609,0.17550946518839833,0.08007471562108216,0.08125952309783621,0.043221125205787705,0.03953527444649044,0.03007735588500766,0.038357762802353444,0.04307437064525389,0.02374397726901607,0.02131640548966452,0.021971001076146596,0.02363773537704767,0.023282086926319685,0.018152664302002974,0.016229697715502776,0.018331248769482136,0.016741012220064258,0.01699223702810112,0.015249845415210399,0.01529190893841203,0.014657303999581503,0.011136098625171783,0.0113153224931312,0.013401506098338869,0.010773746947265803,0.010898350581709687,0.012429127928597055,0.01227692321711514,0.012097890302012896,0.013776731141393807,0.010747988481455785,0.009947802917743198,0.01112981390665926,0.01149502038689358,0.00949640162579369,0.010405290857469588,0.010777012364295409,0.010264458667790981,0.009233018912357564,0.00878266355193742,0.007728467639967928,0.0113488229306797,0.010401810264562798,0.009434573400249347,0.009993074645822029,0.0091299355530698,0.008055563912490923,0.010589415975945614,0.01071042441447929,0.010144282396651475],"valid_loss_dist":[0.08322592583057042,0.05496291439726202,0.07784569458924932,0.11325716359059598,0.03821167555748048],"valid_loss":[2.311907273148036,1.2592067821017712,0.5965243162808987,0.5081467716394792,0.3390865234572582,0.2787610694306272,0.23839881967881135,0.23614476832592673,0.222914770356739,0.1809814157711678,0.16413505616711166,0.15503735009817673,0.15168632334168805,0.14442230121449778,0.1399764865112216,0.1303381091153739,0.12465593055075379,0.12759298952425505,0.11975526497516327,0.11097054966735106,0.11231053176380323,0.11028724421674044,0.10338635019753757,0.10426165462771658,0.1025664875641617,0.09690693260546743,0.09730397110703665,0.09306703941769384,0.09216050553319449,0.09313104476150566,0.09021441225576274,0.08853111900226114,0.08331245645587128,0.08368195727643446,0.08493282905649445,0.080767055786688,0.08155126104223963,0.08928229031819397,0.08130525933888014,0.07650419311855873,0.07402061643688711,0.07379828973358496,0.07688431352247273,0.07669937075470841,0.07530875674580602,0.07580446963788719,0.07452511011132151,0.07277894593541984,0.072229818099192,0.07495538417510914,0.07358606159795832],