{"test_accuracy":[0.0972,0.3156,0.5347,0.7027,0.7486,0.8337,0.8281,0.8479,0.9027,0.9056,0.916,0.9194,0.9247,0.907,0.9326,0.9343,0.9336,0.9395,0.9477,0.9411,0.9432,0.9452,0.9485,0.9483,0.9537,0.9524,0.9503,0.9555,0.9466,0.9577,0.9637,0.9566,0.9553,0.9581,0.9604,0.9643,0.9636,0.9622,0.9597,0.9646,0.9678,0.9629,0.9638,0.9581,0.9628,0.9656,0.9666,0.9652,0.9663,0.9367,0.9668],"test_loss":[2.3084521141052248,2.1439413734436035,1.3515465349197389,0.7945157280921936,0.684304015636444,0.49476384649276733,0.4845830599784851,0.4393697788715363,0.3140021384716034,0.30185481715202334,0.2673418768644333,0.25107613070011137,0.2390099967956543,0.28468704776763915,0.20843666257858276,0.20355907850265503,0.20292296867370604,0.1863385999917984,0.16365568113327025,0.17581783244609833,0.16876777532100679,0.16206205372810364,0.16223937122821808,0.15768453657627104,0.13803750756978989,0.13979275225400925,0.143719553732872,0.1303679044485092,0.15554130129814148,0.1252956148147583,0.10886548981666565,0.1271794141292572,0.1277165976047516,0.12356971909999848,0.11832417821884156,0.10797372577190399,0.10702527809143067,0.11013630707263947,0.11721241474151611,0.10757079137563705,0.09816104564666749,0.1084758975982666,0.10650788426399231,0.11905014231204987,0.10890703607797622,0.09997155600786209,0.09953538773059845,0.10025308165550231,0.0989684569478035,0.197578235578537,0.09587678416967392],"train_accuracy_dist":[0.9923938305514473,0.9925078043704475,0.976,0.9696657036731324],"train_accuracy":[0.14408905613044842,0.45270199644611686,0.6838611895055922,0.8039092714539563,0.8359987456883036,0.883923905090415,0.8721124699487822,0.89489913243441,0.9246367722379011,0.9322149054039929,0.9419880840388837,0.9457510191282533,0.9484686944705759,0.9365527333542385,0.9551060938643253,0.9575101912825337,0.9569875614090101,0.961064074422494,0.9652973763980349,0.9636249608027595,0.966185847183025,0.9664471621197868,0.9622661231315982,0.9674924218668339,0.9718302498170796,0.9704191491585659,0.9705759381206229,0.9734504024250026,0.9675446848541862,0.9746524511341068,0.9775791784258389,0.9743911361973451,0.9744956621720497,0.9756454478938016,0.976429392704087,0.9789902790843524,0.9794606459705236,0.9787289641475907,0.9775269154384865,0.9797219609072855,0.9801400648061043,0.9801923277934567,0.9804536427302185,0.9777359673878959,0.9798264868819901,0.9812375875405038,0.9805581687049232,0.9823873732622557,0.9821783213128462,0.9343576878854395,0.9825964252116651],"train_loss_dist":[0.02306633063421022,0.025807131560951563,0.07084021957297074,0.09193090233203059],"train_loss":[2.3039467611868103,1.5906739567307278,0.9188029076972202,0.5575381337792644,0.46913617325620965,0.3495765787287355,0.36212654908926456,0.31164406930607813,0.2374610361691128,0.21585861941832815,0.18868136481174894,0.17750950219321676,0.16864607941830054,0.1926693554947783,0.14613768636628952,0.1408397952258023,0.13959220670583394,0.1301327722151585,0.11564585371553318,0.11938104449221429,0.11287836522993946,0.10952325285398451,0.11985304327203684,0.10485719090705913,0.09288704220156482,0.09479493662649541,0.09370560860381058,0.08519570056995036,0.10134747403301864,0.0811033865894055,0.07417442957162265,0.08094754884607668,0.08024095012932421,0.07777315903689822,0.07492204317208791,0.06768330663179384,0.06594743937475125,0.06761147548540261,0.07047685085979515,0.0656915111906279,0.06141114063748648,0.063417666735486,0.06233564869060589,0.068614461781342,0.06350257650694886,0.05817225595325422,0.05873664866035213,0.055835050131509995,0.055395004358206865,0.21333324933274483,0.05305552449643151],"valid_accuracy_dist":[0.9923986486486487,0.9775374376039934,0.9722222222222222,0.971947194719472],"valid_accuracy":[0.13309184422022563,0.44545173682935907,0.6907493047840679,0.8025390258198033,0.8347174700133576,0.885494035238743,0.8679435029387602,0.89176232635663,0.9222706986782603,0.9285382176127424,0.9383591067440927,0.9427470905804869,0.9431648924046662,0.9310454272416252,0.9500603107667012,0.9559111166528758,0.9540305546399364,0.9575827409944746,0.9623886711458423,0.9615527375868943,0.9628066544484677,0.9621797483757628,0.9609264733288588,0.963015567005672,0.9682395149827397,0.9674038666553306,0.9669857331782881,0.9703291261115118,0.9613442803229604,0.9717916963512244,0.9751351589960014,0.9711648863649478,0.971791778017927,0.9717917353219181,0.9730454337173937,0.9742994004848393,0.9774333492868408,0.9742991767919198,0.9736722012484293,0.9730453945059325,0.9755528027135979,0.9755527513062199,0.9765976135843721,0.9724185810351081,0.9742991306113634,0.9761797246259013,0.9757619831612363,0.9774333011232428,0.9768064906554307,0.932511781246051,0.9784781986467731],"mean_valid_accuracy":[0.13367953114209355,0.4463518457645408,0.6921816055010938,0.8033073976191933,0.8354114998894585,0.8858629498158964,0.8685518164277266,0.8921082825635211,0.9225269119982293,0.9287519771449196,0.9384917275094383,0.9428995218479741,0.9433068668735606,0.9311958261850716,0.9501548089721319,0.9559651210517237,0.9541128765131202,0.9576448724046941,0.9624358918246685,0.9615735757298242,0.9628330640542394,0.962234082466348,0.9609978530920165,0.9630608810363881,0.968264171546706,0.9674491873101657,0.966998383324283,0.9703327609624973,0.9614038998159008,0.9718096738119834,0.9751884674909007,0.9711936071377483,0.9718239151454832,0.9718204590003192,0.9730761729726172,0.9743234542322747,0.9774455820119194,0.9743321811302826,0.9736897886252665,0.9730643826607032,0.9755548285993625,0.9755722078710733,0.9766268474448478,0.9724566501532181,0.9743370591518686,0.9762167572123082,0.9757722026217139,0.9774536219933021,0.9768355450719106,0.9323255114645753,0.978526375798584],"std_valid_accuracy":[0.07724717308847093,0.15422249901660434,0.1867865769692278,0.10813268673759487,0.09781119352446453,0.05597926378387406,0.06888458859215602,0.054758490516048496,0.03201209447379008,0.03393463931064198,0.02717246150486504,0.026096686022557814,0.026727674013492738,0.03326795899538907,0.022705687794337036,0.01956768005759114,0.019817034996808043,0.019013166908081896,0.016569549689475653,0.018907598697493377,0.01580950147305532,0.015810743223232664,0.014879482954758681,0.015472375977161659,0.01254689215399904,0.010782277679185985,0.014184060675860331,0.01191099037389082,0.013458134095742936,0.011588032145308857,0.007386080896329228,0.010502760632620659,0.01008483820444082,0.010812680956385469,0.010716949847626073,0.00736431929941423,0.009445068598865219,0.009630638063131138,0.012271463693672225,0.011972568415019195,0.0114479277627293,0.010884084781516918,0.009193421139816154,0.010460954388963183,0.010065062262648685,0.009137577915263847,0.008336287747018016,0.010011962272138658,0.009798864689453667,0.030206106196460216,0.00831333159397396],"valid_loss_dist":[0.028558617306722177,0.07580811113193507,0.09633632706672655,0.09885454571286444],"valid_loss":[2.3052547632844567,1.593522119585802,0.9240069621246567,0.5659974402202665,0.4800944561211545,0.36215942477366975,0.3713968614718732,0.332230317825954,0.24986831822082944,0.23020184630840335,0.20359282809486995,0.19117752002512894,0.18331776412932288,0.21294862193489902,0.1618393605872651,0.15491177740971757,0.1538952244307988,0.14419321059671686,0.12890537378499417,0.13390115120285426,0.12845167885889755,0.12489244386888607,0.13169425082349284,0.11913079771935153,0.10762907283286151,0.10948927124285021,0.1093675372725517,0.10086253366993155,0.12101401223586893,0.09745442314507885,0.08858637232750054,0.09717184392459877,0.09850851706665241,0.09536081904240594,0.0927085134043721,0.08655256146775463,0.08452985657931768,0.08657414399686526,0.09001214270304846,0.08535616579269915,0.07950298311139806,0.08420538383307413,0.08344396046759402,0.0905323478253216,0.08576859501757687,0.08029224164520567,0.07976836962834472,0.07841371387987679,0.07935963093858449,0.22969565987899396,0.07505344370195235],