{"test_accuracy":[0.0972,0.4693,0.7537,0.7523,0.814,0.8319,0.8333,0.845,0.8547,0.8257,0.877,0.8775,0.8897,0.9081,0.9201,0.9163,0.9229,0.9231,0.929,0.9238,0.9317,0.932,0.9403,0.9304,0.9458,0.9301,0.9435,0.9471,0.9436,0.9514,0.9444,0.9495,0.9542,0.952,0.9529,0.9533,0.9519,0.9527,0.9474,0.9547,0.961,0.959,0.956,0.959,0.9605,0.9601,0.9695,0.9626,0.9622,0.9601,0.9549],"test_loss":[2.3084521141052248,1.6786938592910767,0.9150991300582886,0.848847313785553,0.6604929496765136,0.5688498961448669,0.536271800994873,0.4736728935241699,0.4393078074455261,0.5133181489944458,0.35114161958694456,0.3548062075614929,0.3139124728679657,0.26758446755409243,0.23860078718662261,0.23701579852104188,0.22112615575790406,0.22266697969436647,0.2034232743024826,0.21794486808776856,0.1920397799730301,0.19739682941436767,0.16940466051101685,0.20205649387836455,0.16156386404037476,0.19932096056938173,0.17362561819553377,0.15428271322250367,0.1575078268647194,0.14085978469848634,0.1671766910791397,0.14702708330154418,0.13283627796173095,0.14009882035255433,0.13500357029438018,0.134122660279274,0.139313769197464,0.13850617620944977,0.16438106107711792,0.1335803442955017,0.11474528648853302,0.11827502002716064,0.12985183124542235,0.12013845164775848,0.11507011294364929,0.11701551891565323,0.08913019398450851,0.1098842423439026,0.10909376397132874,0.11488593267202378,0.1308608575820923],"train_accuracy_dist":[0.9769750739332488,0.9806902218570255,0.9925452609158679,0.9317377731529657,0.9818447412353923,0.9919521254643004],"train_accuracy":[0.03385525400139179,0.5644745998608212,0.8351078636047321,0.8298190675017397,0.8877870563674322,0.8989909533750869,0.9012526096033403,0.910821155184412,0.9160751565762004,0.889839944328462,0.9291927627000696,0.9315588030619346,0.9389352818371608,0.9458246346555323,0.9529227557411274,0.9530271398747391,0.9558455114822547,0.9552192066805846,0.9596729297146833,0.9532359081419625,0.9617606123869172,0.9613430758524705,0.9660751565762005,0.9620389700765484,0.9684411969380654,0.9598816979819067,0.9646485734168406,0.9712247738343772,0.9704244954766875,0.9734864300626305,0.9707376478775226,0.9732428670842032,0.9755741127348643,0.974321503131524,0.9757480862908838,0.9757480862908838,0.9742867084203201,0.9745998608211552,0.9657272094641615,0.9766527487821851,0.9795407098121086,0.9783924843423799,0.9774182324286709,0.9789491997216423,0.9796102992345164,0.9786360473208072,0.9833333333333333,0.9806541405706333,0.9812456506610995,0.9802366040361865,0.9759220598469033],"train_loss_dist":[0.06430605694141678,0.05953552307608486,0.024231575824383792,0.18960363948475434,0.050124490593182226,0.025867156994198896],"train_loss":[2.318828648390999,1.3189607358177917,0.6034257167316429,0.5286601270181526,0.3883127680599233,0.3347960012861856,0.31721849606872105,0.27504013668520216,0.2549454261006356,0.32167797011732224,0.2104346202431077,0.21234637069112117,0.18310505254369128,0.16304615714438855,0.14654926700114415,0.14334997406686936,0.1347506091654529,0.13554133196233686,0.12212796316740719,0.1366889822263745,0.11649383409421893,0.11759947982286839,0.10147407544814387,0.11396929828829871,0.09801821756042493,0.12083405353894966,0.10655171867815172,0.08946974182030913,0.09066337994844234,0.08196508022596853,0.09142065951620114,0.08329131161397428,0.07537530083585176,0.07809822634688826,0.07442064224515517,0.07493244850711227,0.07702251336276117,0.0775138221961098,0.10053804532233328,0.07009944972337827,0.0623784045651218,0.06440994944514171,0.06772514020106396,0.06265174158879283,0.06019076450747971,0.062004311127872025,0.05058321775369497,0.057298332160609665,0.05594341970264663,0.058307116657756196,0.06905376958354877],"valid_accuracy_dist":[0.9822635135135135,0.9778142974527527,0.9872231686541738,0.9168053244592346,0.9824707846410684,0.9843234323432343],"valid_accuracy":[0.031157324642120107,0.5663167411299885,0.837908256280848,0.8309574652574635,0.8871676156645099,0.8981607661394077,0.9012235569279393,0.9113777995458874,0.9161106694193939,0.890648858700427,0.9280745098449451,0.9319729564551659,0.9400399941932258,0.9469943549592081,0.9524199521182576,0.95422933623227,0.9577070962951177,0.9552024946873987,0.9603501001688584,0.9552035390563506,0.9618804675641454,0.961880314232007,0.9664722572132871,0.9627154689372092,0.9680018698965259,0.9602115902510757,0.9663316262667367,0.9702280268156059,0.9688365936635799,0.9725929380182167,0.9688372240496429,0.9706455056451176,0.9738450544237828,0.9718973893038313,0.9737060492630498,0.9725926759215403,0.9720363060519706,0.9712018095186653,0.9670263241217815,0.9744016208323312,0.9764882009794649,0.9745406555556057,0.973288568362348,0.9756534470740297,0.9763492533109493,0.9738454279254646,0.9792703015610752,0.9762098705684676,0.9767668501155965,0.9752364937205034,0.9717581484678585],"mean_valid_accuracy":[0.031089008321738058,0.5658248991917616,0.8381217159224535,0.8312218148003256,0.8872771118233928,0.8982534604869308,0.9012323852836027,0.9115371663069811,0.9161999339490688,0.890852318243922,0.9281578580958234,0.9320301103715399,0.9401222711744072,0.9470881714805323,0.9524964876267153,0.9542843548354843,0.9577659175108396,0.9552450937193325,0.9604110122124107,0.95522845592121,0.9619111859455393,0.9619338991388547,0.9665128864812478,0.9627823374569185,0.9680116630508692,0.9602569421045811,0.9663899588574921,0.9702628887643318,0.9688589898124657,0.9726236230897044,0.9688710199375908,0.9706788151218381,0.9738723961321601,0.9719415101912086,0.9737342013038411,0.9726315301573919,0.972088538015713,0.9712596204894713,0.9671264640211237,0.9744438371927351,0.976532333065499,0.9745776590829153,0.9733272700183272,0.9757049252566636,0.976392930193524,0.9738756062104171,0.9792981899069605,0.9762647576317627,0.976795650616706,0.9752618879201841,0.9718167535106629],"std_valid_accuracy":[0.06462611133353564,0.17025590810812105,0.08029333564767449,0.10962678116479067,0.07813977543030427,0.08289313566376187,0.08446150255912596,0.07400538219026799,0.0773675618696224,0.09402054537308456,0.0651847282242211,0.07247757764154714,0.06003355270362088,0.047650728743744965,0.042401830531784784,0.043050984091607104,0.038377872620506945,0.03721714197597277,0.035773506007051384,0.03758251333621698,0.03252630707236276,0.03276194385065771,0.03239293100247097,0.035659584128311654,0.02881230988512519,0.033022035917649954,0.02744701019847487,0.026949781823247955,0.02692800416519345,0.02357934182490514,0.029690873718574887,0.02677017992567923,0.022635322067738876,0.024797221373590805,0.023318082790199344,0.02287579360591599,0.024182473846457487,0.025245199279170655,0.023992185403250703,0.023663959402082085,0.019760442071553492,0.022181798754560732,0.023902751739895266,0.021787723916958556,0.021160500413780654,0.02371170922533674,0.0146098829716273,0.019762809244041918,0.02018300014155717,0.022500720397981358,0.024761009929920502],"valid_loss_dist":[0.07246929719238668,0.05857838463763673,0.03916915903404177,0.25740162569552216,0.06061410425675532,0.03935235459972235],"valid_loss":[2.318870422440139,1.31111839128328,0.590780756738043,0.5187022482776681,0.3799545523157308,0.3279672780703893,0.3133484371673346,0.2680167970663792,0.25116987121745765,0.3184213097644295,0.2076477182579774,0.20619591613557944,0.1814042854930593,0.1627020653123685,0.1483173697456055,0.14482889041507935,0.13635609475383897,0.1377002714488326,0.12504631588884613,0.1402331898370533,0.12145917943238407,0.12190149104317734,0.10628530577028601,0.1195058934596734,0.10731303269749322,0.12867663580538286,0.11028684910666732,0.09771119377766245,0.10091511798591368,0.09188149811409214,0.10113435895873359,0.09425130384657107,0.08647267764934263,0.08961175399234109,0.0856786403319825,0.08724669145777192,0.09032058689203677,0.09039414298414837,0.10897537797384671,0.08411120093913863,0.07662141200688062,0.07997169686750395,0.08337555940282164,0.07860203620821013,0.07631461536432978,0.07874051682799098,0.06741412607542564,0.07407391180478956,0.07403388732330851,0.07698798859551235,0.08803436118459326],