{"test_accuracy":[0.0972,0.4396,0.6835,0.813,0.8368,0.8921,0.9034,0.9009,0.9224,0.9125,0.9361,0.9229,0.9456,0.947,0.9562,0.9536,0.9559,0.9577,0.9595,0.9485,0.9626,0.9597,0.9636,0.9633,0.9714,0.9621,0.9479,0.9697,0.9713,0.9699,0.9702,0.972,0.9731,0.972,0.9729,0.9742,0.9749,0.9734,0.9454,0.9752,0.9755,0.9774,0.9765,0.977,0.9775,0.9785,0.9785,0.9772,0.9785,0.9803,0.9756],"test_loss":[2.3084521141052248,1.4356133964538573,0.86309770154953,0.5616397925376893,0.47745552015304565,0.3521397762298584,0.3045205403804779,0.3073491463661194,0.2443103388786316,0.2586316688060761,0.20367987320423125,0.25143486394882203,0.1770607630252838,0.1725825570344925,0.14886603329181672,0.15378220562934874,0.14242700448036194,0.1317256394147873,0.12795368940830232,0.1525745491027832,0.11879217274188995,0.13104901649951936,0.1193162540435791,0.11481682093143464,0.0937738293170929,0.1156618129014969,0.15158433827161788,0.09221917163133621,0.08986132774353027,0.0899357960164547,0.09342643057107926,0.08370005881786347,0.08310014110803604,0.08513332743644714,0.08286923499107361,0.0808686087846756,0.07796034527420997,0.08371292791366577,0.1599413540840149,0.0795450851559639,0.07589051669836044,0.07095306611061096,0.07551896008253098,0.07276916854381561,0.06959200100898742,0.06788302862644195,0.06702476773858071,0.0715595118522644,0.06608277752399444,0.06186933858394623,0.07176313808560371],"train_accuracy_dist":[0.981199831009717,0.9866474938373049,0.9929712460063898,0.9739854318418314,0.986644407345576,0.9778947368421053],"train_accuracy":[0.06601731601731602,0.5400083787180562,0.7322999581064097,0.8483801145091467,0.8669180282083508,0.9105222734254992,0.9177489177489178,0.917644183773216,0.935064935064935,0.9271051529116046,0.9443164362519201,0.9310850439882697,0.9549643904482614,0.9545803658706884,0.9597472420053065,0.9599217986314761,0.9637620444072057,0.966240748498813,0.9667993297025556,0.9600614439324117,0.9698715263231392,0.9663803937997486,0.9698366149979053,0.9705348415025834,0.9753526043848625,0.9696969696969697,0.9519620164781455,0.9764697667923474,0.9773076385979612,0.9771679932970255,0.9766443234185169,0.9786342689568496,0.9788786482334869,0.9782851557045106,0.9786342689568496,0.979576874738165,0.9809384164222874,0.9794372294372294,0.9500768049155146,0.980344923893311,0.9803798352185449,0.9828585393101522,0.9822650467811758,0.982963273285854,0.9831727412372574,0.9837313224409998,0.9817413769026673,0.9826839826839827,0.9847088395475492,0.9855816226783969,0.9832076525624913],"train_loss_dist":[0.04961838592733066,0.03877646521639902,0.022830224245056683,0.08339898066128082,0.040991850968493844,0.06989444508521181],"train_loss":[2.3169360508833527,1.232930845787132,0.7281390913949302,0.4652473394026921,0.3991777785304471,0.3006548833389669,0.26562174000319383,0.25903688813992143,0.20862494758879768,0.2217625411852389,0.17855449541706128,0.21964452539100743,0.15033190393142298,0.1471365190695957,0.13194817916337062,0.13044168268711587,0.11994363661143279,0.11111198719021262,0.10755069307632294,0.12212135780468997,0.09919514048612038,0.1064968499727105,0.09901632720388907,0.09445286993701528,0.08294672630269498,0.09368371392092115,0.1378152127916246,0.07598833693614088,0.0741981953064378,0.07272359627643527,0.0748160925041325,0.06823462034532593,0.06620173535527314,0.06725136597412307,0.06580248400553355,0.06425828839779824,0.06084587343280071,0.06382035098685376,0.14356513984975153,0.06096988082030389,0.0587579689700416,0.053700583328080274,0.056119057081167406,0.05372932328452546,0.051102105858195364,0.04980453344421182,0.05368378011395588,0.05219426480590238,0.04777325462892489,0.0446631206256946,0.050970843477069816],"valid_accuracy_dist":[0.9797297297297297,0.9843878389482333,0.9906303236797275,0.9500831946755408,0.9858096828046744,0.9747474747474747],"valid_accuracy":[0.06169161104760259,0.5520004382012468,0.7418792779861585,0.853287814589027,0.8693380401762612,0.9140104020142041,0.9200121400472837,0.9226655744118898,0.9403941167663717,0.9300659493059293,0.946675846225199,0.9339718705552064,0.9551902894196639,0.9589592489515631,0.9645421664370036,0.9630077935481943,0.964683037608776,0.9673348380352133,0.9690102272442563,0.9607755095199095,0.9698482734901213,0.9664975176545801,0.9704060989855473,0.9719416391333364,0.9737553143754947,0.970686236816189,0.9536520557421314,0.9754310526517593,0.9761290156790321,0.9758499841435254,0.9761294790034309,0.977385354578512,0.9779434694240727,0.9773856725922201,0.9790605418261012,0.9765478036218309,0.9782234271305515,0.9771069929954884,0.9493244778157287,0.9772458807892432,0.9787809865926147,0.9794799737189656,0.9785027756062653,0.9789213887805664,0.9800380277131197,0.9804570785131592,0.979897130037426,0.9789211856767416,0.9810152224756293,0.9818527461459946,0.9775258401648981],"mean_valid_accuracy":[0.061672622238685304,0.5530284202315798,0.7421783412794919,0.8533670299259737,0.8694914542942263,0.9140246068848582,0.9200498469106959,0.9226547943427189,0.9404153439821875,0.9300824903851858,0.9466902831796532,0.933973475084581,0.9552326067404041,0.9589991094802164,0.9645990738065088,0.9630456252525716,0.9647243789198936,0.9673900422116394,0.9690597113035042,0.9608235785340488,0.969890755904522,0.966557384045304,0.970437055129604,0.9719851247371812,0.9737895789336243,0.9707075530059134,0.9537627356478605,0.9754593024942991,0.9761712003602736,0.975889112026668,0.976164462387969,0.9774216615954701,0.9779754760013669,0.9774228977352805,0.9790988699988749,0.9765828499172341,0.9782544353384788,0.9771361281468519,0.9494449881007623,0.9772924228677611,0.9788320267142366,0.9794996042190979,0.9785299808554825,0.978964295327775,0.9800701006741118,0.9804822938969798,0.97994824507226,0.978965566406019,0.981047930039098,0.9818733388784059,0.9775647074308967],"std_valid_accuracy":[0.08337681339589202,0.10661975670994521,0.09088746202771515,0.07155031706697725,0.05702899850329259,0.03953414739678289,0.03368050922224911,0.035754002321063474,0.028972223585896417,0.04116332392303678,0.02638693971043985,0.028155120791024904,0.019928251739027663,0.019192307121566353,0.016756814643730432,0.0182561966153654,0.017902632671955368,0.014970179558842375,0.015801727355339183,0.02491211477792666,0.01697838347830723,0.01726817856202254,0.01419371798970012,0.014241535042302618,0.009634912652793821,0.01716468315569084,0.025929028666854866,0.010247910664386947,0.010470019094040715,0.010974784243400464,0.012179157245597127,0.009405316569355454,0.007843896461027226,0.010785042928911467,0.009122225523257447,0.009929994259912459,0.011001532265668447,0.012968035817014117,0.03222361017874662,0.010595568914070791,0.008565675300539397,0.01089159554932284,0.01159653387535768,0.011151941286952429,0.009614370249808152,0.010716600350763763,0.006872372868140073,0.010269741327284341,0.00962676446237038,0.008436377512554528,0.013248287533668633],"valid_loss_dist":[0.061886717338819765,0.045050104279545554,0.030740785080895106,0.14202789129215151,0.0454861978333263,0.08442482956832507],