{"test_accuracy":[0.0972,0.7055,0.7876,0.8953,0.8925,0.9021,0.9179,0.8236,0.8755,0.9355,0.9081,0.9341,0.9444,0.9413,0.9459,0.95,0.948,0.9447,0.9539,0.9532,0.9513,0.9564,0.9563,0.9576,0.9587,0.957,0.9432,0.9592,0.9585,0.9607,0.9621,0.9618,0.9639,0.9634,0.9651,0.9648,0.9635,0.9642,0.9645,0.9665,0.9664,0.9661,0.9662,0.9658,0.9665,0.9649,0.9668,0.9607,0.9657,0.9667,0.9668],"test_loss":[2.3084521141052248,1.1480542669296265,0.668256360244751,0.41343756828308104,0.36644565715789795,0.33719108772277834,0.2809715124130249,0.5060658840179444,0.3897304494857788,0.2219014669418335,0.2981921725273132,0.20530496442317964,0.18321406409740448,0.18536458373069764,0.17271015882492066,0.16825289461612702,0.16126081569194795,0.16711989467144012,0.14852328107357024,0.14806175785064699,0.14494029886722565,0.14322461547851562,0.13322200846672058,0.12958595807552337,0.12862658648490904,0.1310613160610199,0.18205432028770446,0.12940087423324584,0.12867421289682388,0.11879097057580948,0.11721827156543732,0.11549710931777954,0.11169860286712646,0.11162788823843002,0.1096560750246048,0.10812194969654083,0.1096301218509674,0.10866088378429413,0.10801745347976685,0.1052855329155922,0.10380992065668106,0.10372449941635131,0.10368890701532364,0.10441175591945648,0.10112527251243592,0.10656783771514892,0.10078985795974732,0.12794061019420624,0.10004499621391297,0.10271611909866334,0.09842112488746643],"train_accuracy_dist":[0.9740177439797212,0.9796672828096118],"train_accuracy":[0.0960116630219723,0.7039466833281266,0.7774653754035198,0.8861814016453192,0.8838904509007601,0.8961782776215765,0.9125273352077475,0.8191190253045924,0.8647297719462668,0.9303342705404561,0.8995105696136624,0.934603769655316,0.9410600853899823,0.9419972925127564,0.9466833281266271,0.9482453399979173,0.9504321566177236,0.9466833281266271,0.9554305946058523,0.9577215453504113,0.9558471311048631,0.9570967406018952,0.9602207643444757,0.9606373008434864,0.962407580964282,0.9618869103405185,0.9464750598771218,0.9649067999583464,0.9635530563365615,0.9668853483286473,0.9687597625741956,0.968968030823701,0.9693845673227116,0.969592835572217,0.9707383109444965,0.9702176403207331,0.9709465791940018,0.9703217744454858,0.9719879204415287,0.9734457981880662,0.9746954076850984,0.9732375299385608,0.9752160783088618,0.9749036759346038,0.9751119441841092,0.9727168593147975,0.9746954076850984,0.9676142872019161,0.9760491513068833,0.9752160783088618,0.9768822243049047],"train_loss_dist":[0.07319386208364619,0.06352233770575996],"train_loss":[2.3090605449021067,1.1618888822679878,0.6847641969067249,0.4335081955392969,0.38438301610658654,0.3487944033019781,0.29638507832192784,0.5242796676625414,0.4020421628056746,0.2257041865918061,0.30530296354061437,0.20779613298475028,0.18577206303468038,0.18533751567297896,0.17068011100237834,0.17162662324626832,0.15967007019234786,0.1611203380308461,0.14157818569393937,0.14055324025164292,0.13659627485632786,0.135104689128347,0.1249029043626254,0.12049813117196904,0.1184719677416717,0.11787035298616852,0.17639446812663911,0.11810846810249392,0.11533931135280945,0.1042900103596577,0.10077134989676073,0.09816367929489256,0.09476245888059343,0.09387714503228038,0.09016919196254075,0.08933997228020096,0.08783774249279709,0.08573468935625585,0.08428376634381879,0.08094844072017522,0.07790209473499926,0.07851372692102841,0.07678031613176457,0.07572824271353325,0.07358985257494155,0.07890432609157315,0.07266106318803078,0.10141207719394146,0.06996193106262855,0.0706605685541782,0.06829011823319028],"valid_accuracy_dist":[0.9679054054054054,0.9614121510673235],"valid_accuracy":[0.08991680472306139,0.719809625981862,0.771439307010761,0.8850962408107806,0.8834292672943579,0.8963363652085657,0.9113247020063585,0.8134984964881873,0.8688584998796516,0.9317247595331491,0.8996653965104019,0.93338979899147,0.9433805192559194,0.9408835644615949,0.9433807610131818,0.9475433999518608,0.9458786022508027,0.9417162856551409,0.9487928846709508,0.9487930458424593,0.948792965256705,0.9512909676658344,0.953372367720928,0.9546207242394588,0.9567030913236032,0.9550384547940538,0.9383850785379404,0.9587850554789765,0.9542054112574909,0.9575358931029034,0.9596168902292258,0.960033976097787,0.9608664555340701,0.9600336537547701,0.9625317367496536,0.9587850554789765,0.9608665361198244,0.961282413202072,0.9600338149262785,0.9625315755781451,0.9650296585730286,0.963780979711481,0.9633640550144281,0.9633643773574453,0.9629479361749181,0.959617937844031,0.9625316561638994,0.9583678084389068,0.9621152955671263,0.9646129756332387,0.9646131368047471],"mean_valid_accuracy":[0.0887171038033107,0.7187645619757689,0.7712708860338171,0.8851670327963432,0.8832538665512804,0.896333294501398,0.9114416910753118,0.8149131274131274,0.868744591266143,0.9318984933209071,0.8994405427595082,0.9335287411796033,0.9433809579283717,0.9410239981360671,0.9434163227266675,0.9474978365064572,0.9459029534460568,0.9418685927306617,0.9488236697288421,0.9488472462610393,0.9488354579949407,0.9513456652465273,0.9533982104025207,0.9545590078995252,0.9567530122487019,0.9551817057204988,0.9384430612878889,0.9588880752673856,0.9542899580615098,0.9576093951093951,0.9596029989348955,0.9601313906270803,0.960940620423379,0.9600842375626859,0.9626062330803711,0.9588880752673856,0.9609524086894776,0.9613039763901833,0.9601078140948831,0.9625826565481739,0.9651046520658589,0.9638967015044602,0.9633918863444726,0.963439039408867,0.9630049538454711,0.9597562463941774,0.9625944448142725,0.9583361070430036,0.9621721475169751,0.9646352017041673,0.9646587782363645],"std_valid_accuracy":[0.08533872542493232,0.07433888630009322,0.011980345493276534,0.005035669906359563,0.012476839524253325,0.00021842963653306846,0.008321822438201731,0.10062741312741313,0.008102699374251121,0.01235826343584967,0.015994596813562356,0.0098834209825589,3.120423379043835e-5,0.009989515377446412,0.0025296232192784096,0.003241079749700393,0.0017321816890782382,0.01083410997204104,0.0021898437846713525,0.003855456441663352,0.00302265011316738,0.003890821239959208,0.0018382760839657508,0.0043900889806062215,0.003551041805352151,0.010189915901122781,0.004124506279678697,0.007328140948830608,0.006014095992544267,0.00522844272844275,0.0009881340700306218,0.00692942018373055,0.005275595792837151,0.003598194869746607,0.005299172325034351,0.007328140948830608,0.0061084021213331785,0.0015338614476545498,0.005263807526738551,0.0036335596680424076,0.0053345371233302075,0.008231676873918237,0.001979735277149064,0.005310960591133007,0.004055856965339721,0.00983834820041718,0.004466365996538435,0.002255025961922563,0.004044068699241121,0.001581014512049006,0.00324662716904095],"valid_loss_dist":[0.1140170254417368,0.11492684563049933],"valid_loss":[2.3093029827328877,1.165098283019402,0.7033119105497964,0.43381128878699377,0.3816573397248126,0.3558072356924445,0.30204851529375426,0.5418162007555609,0.40685209746271644,0.23478981163330404,0.317883999330615,0.2189212927154691,0.19447034916175462,0.19897948167213336,0.18707672600540645,0.18564952430233292,0.1775776745725396,0.1830298209261222,0.1625530070092377,0.16563148503667124,0.1606576228622094,0.1570595239388766,0.15051518864751978,0.14415102152166748,0.1452784251824315,0.1468502241908781,0.19427575699655714,0.14386232113879152,0.14402655412715548,0.1330113158769186,0.12968076609484627,0.13003803486760007,0.12671478397981567,0.12792296940007336,0.125197100943013,0.12759963262990037,0.12591489964860691,0.12412958557585871,0.12467487438491866,0.12025405126208275,0.11736656231487767,0.12077408516018076,0.11754537746422057,0.11898556588319484,0.11719467113641101,0.12591324088880257,0.11705519718895847,0.14782782515970752,0.1163149134281548,0.11666277534746015,0.1144783307108282],