{"test_accuracy":[0.0972,0.3374,0.4942,0.6923,0.7192,0.7445,0.7648,0.7966,0.8121,0.8053,0.8243,0.8265,0.8265,0.8329,0.8358,0.8376,0.841,0.842,0.8469,0.8469,0.8422,0.8373,0.85,0.8513,0.8502,0.8514,0.8515,0.852,0.8568,0.8585,0.8565,0.8611,0.8573,0.8591,0.8568,0.8531,0.86,0.8595,0.8589,0.8599,0.8612,0.8636,0.8638,0.8595,0.8628,0.8639,0.863,0.8635,0.8618,0.8635,0.8647],"test_loss":[2.3084521141052248,2.552534020996094,1.8610237140655517,1.3572417049407959,1.3242064617156983,1.30894866771698,1.3156841102600099,1.2262541984558106,1.2088620025634766,1.2682959581375122,1.2223447986602782,1.249384790992737,1.2403464025497437,1.2514061527252198,1.278140270614624,1.2962713075637817,1.2878916528701783,1.3148348344802856,1.3080707836151122,1.325361044883728,1.3758548181533814,1.4179477437973023,1.3516129919052124,1.3517188669204712,1.3891224910736084,1.3390432216644288,1.363373090171814,1.3986470195770264,1.3502250564575196,1.393897714805603,1.3882576942443847,1.4031500133514405,1.4552681066513062,1.44137537651062,1.4492794036865235,1.479121335220337,1.4774025026321411,1.4867873821258546,1.4907705713272095,1.4893592603683472,1.522332013130188,1.526961302947998,1.5383310195922852,1.5926519437789917,1.5629747440338135,1.572575848007202,1.57182840423584,1.581056968307495,1.6128296569824219,1.590394834136963,1.6186066646575927],"train_accuracy_dist":[0.9769968051118211,0.9918614357262103,0.9686315789473684],"train_accuracy":[0.06700849898152701,0.5249701482053805,0.6886984617545832,0.8371145606518228,0.8543232422560932,0.8786963545690806,0.8881084498138653,0.916134016997963,0.9338343752194985,0.9219638968883894,0.9428250333637704,0.9439488656318045,0.9457750930673597,0.9485846737374447,0.9518156915080425,0.9530800028095807,0.9570836552644518,0.9562407810634262,0.9610170682025707,0.9605253915853059,0.9575753318817166,0.9532907213598371,0.9636861698391515,0.9645992835569291,0.9631944932218867,0.9629135351548781,0.96396712790616,0.9657231158249632,0.9697970077965864,0.9708506005478682,0.9688136545620566,0.9726065884666714,0.9700077263468427,0.9704291634473555,0.9700779658635948,0.9679707803610311,0.9713422771651331,0.9741518578352181,0.9735197021844489,0.9745732949357309,0.9751352110697479,0.9758376062372691,0.9766102409215425,0.9734494626676968,0.9766804804382946,0.9779447917398328,0.976961438505303,0.9785067078738499,0.9765400014047904,0.978576947390602,0.9792091030413711],"train_loss_dist":[0.0575834251424502,0.024238605680370173,0.08451605414716822],"train_loss":[2.3165135372385866,1.5591102085346635,0.9192673877408064,0.5086840757905344,0.45816976303815454,0.3784172329778223,0.3489892088316913,0.2718723876121934,0.22362239087780114,0.24585275830320405,0.18385606609473798,0.17883732422370963,0.17202959069795737,0.16242243398535391,0.1486747654802119,0.1468171397008328,0.12914751359929008,0.133635478862854,0.1177511554722405,0.11696506701548498,0.1280124804585002,0.13747462442188843,0.10685229671024879,0.10501694297756198,0.10417544673726642,0.10825259717324062,0.10296194769074184,0.0984350045258647,0.08890352902590261,0.08034806865815443,0.08904140936000768,0.07647860869990311,0.08381496572208562,0.07813059113113291,0.07977986126031829,0.09287493111226987,0.07708918026412245,0.0721036740486802,0.0748507774015604,0.07283522951043606,0.06536336108396384,0.06879011134902832,0.06552695042041654,0.0728975884009841,0.0645895146043869,0.06025410402254031,0.061669105796166045,0.05800968256296967,0.0625721024354696,0.05892195774006393,0.055345707428755116],"valid_accuracy_dist":[0.9778534923339012,0.989983305509182,0.9562289562289562],"valid_accuracy":[0.0637513440964008,0.5269704595647543,0.6868094962194136,0.8413064519818534,0.8598453535336089,0.8811944086656579,0.8898962628544558,0.9177045296685928,0.9337148128476217,0.9252888560189916,0.9424232579211587,0.9441082370039108,0.9455120285735478,0.9511281766961026,0.9530954047068392,0.9542187069724968,0.957027867427851,0.9550612264284883,0.9575896653135232,0.9570278660177345,0.9564663088591012,0.9497260335527087,0.9609594482216853,0.9629249151983004,0.961240578725803,0.96208169471294,0.96292514746464,0.9648912042728619,0.9651720455016423,0.9660156193219203,0.9671380994896311,0.9682617522699734,0.9674193482420934,0.9671387449201192,0.9688236655837572,0.9657330212893679,0.9713510444640394,0.971632005351281,0.9713508121976997,0.9710698569509244,0.9705088199238517,0.970507942227024,0.9735980023302725,0.972755482874281,0.9719126114934886,0.9744405802053778,0.9724743509600468,0.9735980009201558,0.9735980009201558,0.9719126713227193,0.9747214784431556],"mean_valid_accuracy":[0.06370552988757283,0.5273536054617338,0.6867574335142845,0.841172125129677,0.8597164091452792,0.8811488403596773,0.8898171514089679,0.9176150074099904,0.9336280156727638,0.9251850777119088,0.9423639180604462,0.9440531078157767,0.9454235700411657,0.9510345728059995,0.9530394792754736,0.9541494337162207,0.9569806993987365,0.9549911845579716,0.9575395245262874,0.9569897334421116,0.95639912198387,0.9496764913935212,0.9609078661223113,0.9628665977056584,0.9612142136373323,0.9619846952053573,0.9628890156352167,0.9648450707605233,0.9651166203310654,0.9660005305738921,0.9670907435431216,0.9682207738131439,0.9673947489578595,0.9671094811433764,0.9687953249271612,0.9656557039870987,0.9713376416679006,0.9715978150947847,0.9713152237383423,0.9710189141379589,0.9704945525971295,0.9704533970673164,0.9735595582919204,0.9727178074501696,0.9718650148225182,0.974404655105217,0.9724204939785231,0.9735685923352951,0.9735685923352951,0.9718593267506893,0.9746885846906799],"std_valid_accuracy":[0.08471535615576378,0.06726904080743962,0.07290371271119357,0.08592191113928188,0.08342512388905664,0.09180535322235614,0.05180923734580714,0.04691294405379788,0.04102853847246827,0.04687771081685197,0.04559567003989423,0.04312423517170566,0.03765137538652724,0.02651951850409649,0.03296754496886317,0.03074694570086299,0.03250484501518464,0.029631420850577857,0.03239810567987735,0.03284990468665901,0.03336235522692202,0.04219613709581903,0.02602703377426824,0.020777604996790603,0.028430918310425386,0.018123732464663665,0.02278288037073844,0.02100412016130566,0.020454166690492742,0.027426569824540413,0.01914521437274455,0.019652173564183497,0.022073687964462792,0.023767496914204392,0.020794650079115545,0.015763889441701897,0.01688527832628906,0.016505430039729197,0.014644380741580584,0.014129542950553482,0.019874390280961534,0.013468330025547044,0.014582930214080927,0.015687231057627177,0.014483615070221412,0.013901978741854474,0.014128761017157513,0.014784115508968146,0.014784115508968146,0.014811102318008194,0.013960694923617064],"valid_loss_dist":[0.06598319919237286,0.03827381274586727,0.14300504969025302],"valid_loss":[2.3154431515270217,1.5492500109499012,0.913500081619038,0.5043548823668845,0.45444859315692526,0.37412287578155423,0.3401552658473668,0.26567696478867464,0.21996413012378965,0.24352875485563893,0.185441200825099,0.18021781489720362,0.173269760320195,0.16310182951167598,0.1527697810184183,0.1502673666059767,0.1374637174808895,0.13770224492234914,0.12719505562822606,0.12617807725627286,0.13491624232937105,0.1459189790265793,0.11701236802839755,0.11455635318874864,0.11566155372062148,0.11682431848877468,0.11547358558614634,0.11099158909835043,0.10278572983791057,0.09979776922530341,0.10414182614343066,0.09388737423024006,0.09963219240681194,0.09737528803315385,0.0986700306863154,0.1068937156558724,0.09569977039739287,0.09144075786797462,0.09518487904207798,0.09458701627347,0.08922288166038053,0.09098729990892673,0.08802609791103962,0.09365518905769389,0.0891897256406173,0.08512096185728459,0.08749200131564783,0.08499055136828429,0.08713343966342128,0.08601413661888238,0.08235395216092495],