{"test_accuracy":[0.0972,0.4537,0.4619,0.466,0.4708,0.4709,0.4728,0.4747,0.4747,0.4734,0.4737,0.4755,0.4754,0.4768,0.4768,0.4766,0.4774,0.4771,0.476,0.4773,0.4776,0.4774,0.4779,0.4765,0.4779,0.4779,0.4777,0.4776,0.4781,0.4781,0.478,0.478,0.4781,0.4786,0.4785,0.4781,0.4783,0.4785,0.4787,0.4786,0.4785,0.4787,0.4785,0.4785,0.4779,0.4786,0.4786,0.4787,0.4786,0.4787,0.4784],"test_loss":[2.3084521141052248,4.884278993988037,5.528550004577637,5.3983050712585445,5.649777489471435,5.586520306396484,5.632149083709717,5.753321681213379,5.943352764892578,5.654009615325927,5.967306130218506,6.059498987579346,6.218367110443115,6.313213352966309,6.4180184219360354,6.409477752685547,6.575373892974853,6.6410173904418945,6.865713688659668,6.995889968109131,6.902550554656982,7.102283289337159,7.198803071594238,7.3256119499206545,7.302824221801758,7.294243405151367,7.490271337890625,7.649828453063964,7.819919190979004,7.802991524505615,7.934600155639648,7.943281902313233,8.089098460388184,8.127144330596924,8.276029692077637,8.250704342651368,8.329754747009277,8.529585493469238,8.540631051635742,8.608194973754882,8.701573609161377,8.777406181335449,8.791319645690917,8.901011151123047,8.981085195922851,9.074927795410156,8.988467924499512,9.153285827636719,9.13388742980957,9.164600160217285,9.231188743591309],"train_accuracy_dist":[1.0],"train_accuracy":[0.00362087326943557,0.9324813631522897,0.9514376996805112,0.9640042598509052,0.9744408945686901,0.9757188498402556,0.9784877529286475,0.9844515441959532,0.9859424920127795,0.9844515441959532,0.9838125665601704,0.9899893503727369,0.9884984025559106,0.9931842385516507,0.9933972310969116,0.9957401490947817,0.9961661341853035,0.9968051118210862,0.9925452609158679,0.9965921192758254,0.9970181043663472,0.9965921192758254,0.9987220447284345,0.997444089456869,0.9985090521831735,0.9982960596379127,0.9991480298189563,0.9991480298189563,0.9989350372736954,0.9993610223642172,0.9993610223642172,0.9995740149094782,0.9993610223642172,0.9995740149094782,0.9995740149094782,0.999787007454739,0.999787007454739,0.999787007454739,0.999787007454739,0.999787007454739,0.999787007454739,0.999787007454739,0.999787007454739,0.999787007454739,0.9995740149094782,1.0,0.999787007454739,0.999787007454739,0.999787007454739,0.999787007454739,1.0],"train_loss_dist":[0.001974894424862723],"train_loss":[2.326641233127338,0.2213026198684471,0.16634165558634728,0.11927328300171386,0.08558371342218722,0.07987653035849047,0.06940928476210981,0.054884996590491175,0.04714035328132466,0.05507409652581992,0.05000387970338297,0.032116072952620395,0.03491861263530069,0.02560141628431563,0.025208673734293262,0.020855341950496927,0.01875153489379139,0.016852574000041833,0.0236655333409675,0.01594789391393447,0.01298794803805689,0.013816465770863434,0.010256056936360555,0.013339745312833938,0.00889492043719505,0.01064488164310892,0.007724948275211457,0.00834634505436459,0.007561166502368717,0.005738170647297424,0.0062079751832337295,0.005315130481672998,0.004950763877973167,0.004797610649948144,0.004180419047217304,0.004129883864918313,0.0037927909853894964,0.003939688351715462,0.003264172920556511,0.003091652183029781,0.003359644225063606,0.0032837330151936467,0.0026887163514900197,0.0028047463577191116,0.0031842541826355318,0.002462751603996752,0.0023810802205119588,0.002283727695036747,0.002234838080616753,0.0020828950532768577,0.001974894424862723],"valid_accuracy_dist":[0.9931856899488927],"valid_accuracy":[0.005110732538330494,0.9369676320272572,0.9582623509369677,0.9616695059625213,0.9744463373083476,0.9727427597955707,0.975298126064736,0.9804088586030666,0.9812606473594548,0.9804088586030666,0.9770017035775128,0.98381601362862,0.9812606473594548,0.985519591141397,0.9880749574105622,0.9889267461669506,0.9889267461669506,0.9906303236797275,0.985519591141397,0.9863713798977853,0.991482112436116,0.9906303236797275,0.991482112436116,0.9880749574105622,0.9923339011925043,0.9906303236797275,0.9906303236797275,0.991482112436116,0.9897785349233391,0.9940374787052813,0.991482112436116,0.9923339011925043,0.9906303236797275,0.9931856899488926,0.9923339011925043,0.9906303236797275,0.9931856899488926,0.9931856899488926,0.9940374787052813,0.9923339011925043,0.9931856899488926,0.9923339011925043,0.9923339011925043,0.9923339011925043,0.9897785349233391,0.9931856899488926,0.9940374787052813,0.9931856899488926,0.9940374787052813,0.9931856899488926,0.9931856899488926],"mean_valid_accuracy":[0.005110732538330494,0.9369676320272572,0.9582623509369677,0.9616695059625213,0.9744463373083475,0.9727427597955707,0.975298126064736,0.9804088586030665,0.9812606473594548,0.9804088586030665,0.9770017035775128,0.9838160136286201,0.9812606473594548,0.985519591141397,0.9880749574105622,0.9889267461669506,0.9889267461669506,0.9906303236797275,0.985519591141397,0.9863713798977853,0.9914821124361158,0.9906303236797275,0.9914821124361158,0.9880749574105622,0.9923339011925043,0.9906303236797275,0.9906303236797275,0.9914821124361158,0.989778534923339,0.9940374787052811,0.9914821124361158,0.9923339011925043,0.9906303236797275,0.9931856899488927,0.9923339011925043,0.9906303236797275,0.9931856899488927,0.9931856899488927,0.9940374787052811,0.9923339011925043,0.9931856899488927,0.9923339011925043,0.9923339011925043,0.9923339011925043,0.989778534923339,0.9931856899488927,0.9940374787052811,0.9931856899488927,0.9940374787052811,0.9931856899488927,0.9931856899488927],"std_valid_accuracy":[0.0,0.0,0.0,0.0,0.0,0.0,0.0,0.0,0.0,0.0,0.0,0.0,0.0,0.0,0.0,0.0,0.0,0.0,0.0,0.0,0.0,0.0,0.0,0.0,0.0,0.0,0.0,0.0,0.0,0.0,0.0,0.0,0.0,0.0,0.0,0.0,0.0,0.0,0.0,0.0,0.0,0.0,0.0,0.0,0.0,0.0,0.0,0.0,0.0,0.0,0.0],"valid_loss_dist":[0.023194986095674195],"valid_loss":[2.3254357887086106,0.21673250792379883,0.15966807150962609,0.1152155112278421,0.08717753582045411,0.0875730007201484,0.06897230419049474,0.06010129848523685,0.05837902772752806,0.06819184045140747,0.06179928193836643,0.0433892334574989,0.04371902285686344,0.04039078128398785,0.04260221382942577,0.033591450555361106,0.036227787205444895,0.03203536758557901,0.04364064750872438,0.03581500795290661,0.029595637405243604,0.03429874125709424,0.026725500133491457,0.03262708437656016,0.025299661258137207,0.031148058290909057,0.026749237445286227,0.02508612909057579,0.026402362236781666,0.023725284080638263,0.027008300847048652,0.024754769064079862,0.024911001553121172,0.02412085218618432,0.022382976255638228,0.02327426575644662,0.02294834524875402,0.025853307416354776,0.022153736048519255,0.022275417346627892,0.023932823866884997,0.02247461456380264,0.02185863519350806,0.02172965238432462,0.026528730994848822,0.023569717609801123,0.021962177002044107,0.022252238312739328,0.02363982970558196,0.02217209811308112,0.023194986095674195],"mean_valid_loss":[2.3254357887086106,0.21673250792379883,0.15966807150962609,0.11521551122784209,0.08717753582045411,0.0875730007201484,0.06897230419049474,0.06010129848523684,0.05837902772752806,0.06819184045140747,0.061799281938366424,0.0433892334574989,0.04371902285686344,0.04039078128398785,0.04260221382942577,0.033591450555361106,0.036227787205444895,0.03203536758557901,0.04364064750872438,0.03581500795290661,0.029595637405243604,0.03429874125709424,0.026725500133491457,0.03262708437656016,0.025299661258137207,0.031148058290909057,0.026749237445286227,0.02508612909057579,0.026402362236781666,0.023725284080638263,0.027008300847048652,0.024754769064079862,0.024911001553121172,0.02412085218618432,0.022382976255638228,0.02327426575644662,0.02294834524875402,0.025853307416354776,0.022153736048519255,0.022275417346627892,0.023932823866884997,0.02247461456380264,0.02185863519350806,0.02172965238432462,0.026528730994848822,0.023569717609801123,0.021962177002044107,0.022252238312739328,0.02363982970558196,0.02217209811308112,0.023194986095674195],