{"test_accuracy":[0.0972,0.5621,0.7098,0.7187,0.8136,0.8364,0.8428,0.8506,0.863,0.8825,0.8981,0.9057,0.9107,0.9109,0.9203,0.9256,0.9275,0.9298,0.9332,0.9397,0.9387,0.9348,0.9444,0.9374,0.9436,0.9472,0.9498,0.9494,0.9479,0.9517,0.9504,0.9532,0.9561,0.9551,0.9559,0.9584,0.9584,0.9537,0.9593,0.9613,0.962,0.9613,0.9607,0.9613,0.9595,0.9609,0.9656,0.9648,0.9657,0.9649,0.9634],"test_loss":[2.3084521141052248,1.5099764633178712,0.8955988547325134,0.8347161861419677,0.602615334701538,0.49995689210891725,0.4488928304672241,0.42595248079299924,0.38058695802688597,0.3384227397441864,0.2992054382801056,0.276327108168602,0.2571710879802704,0.2545731048107147,0.23967964534759523,0.21939422142505646,0.21194719262123107,0.20688468682765962,0.19600720789432527,0.17917846300601958,0.17871876971721648,0.1901074556350708,0.16937400603294372,0.18270799322128295,0.16887976915836334,0.1574432525396347,0.14869460480213165,0.15045032179355622,0.15583737354278565,0.14521602001190184,0.1459144986152649,0.14040974287986754,0.13098249249458313,0.1349979731798172,0.1354351358652115,0.1268182464838028,0.12732848229408264,0.1501709829568863,0.12377306163311004,0.11885986514091491,0.11890090732574463,0.11766401436328888,0.11868697996139527,0.1166822238445282,0.12290096154212951,0.12061746039390564,0.10924496483802795,0.10850486172437668,0.10676108183860779,0.10740067586898804,0.1105116055727005],"train_accuracy_dist":[0.976552598225602,0.9907559572719803,0.979765708200213,0.9508564437194127,0.9952003338898163],"train_accuracy":[0.03880298420372608,0.6598174467553036,0.7948151544200391,0.8014837660984454,0.8787563039219772,0.8983870295502855,0.9039303130079607,0.908640020005835,0.9126828658358688,0.9265619138915517,0.9344808902596591,0.9390238819655733,0.9426916183886968,0.9434835160255074,0.9469011795106906,0.9503605218188639,0.9529029300212561,0.9535697911890968,0.9573208852582004,0.9606551910974034,0.9611136581502938,0.9599466511065727,0.9636143875296962,0.9588213228858417,0.9645313216354771,0.9659900804401284,0.9684491309965406,0.9681990580586004,0.9686158462885008,0.9697411745092318,0.9711165756679031,0.9711999333138832,0.9737840203392656,0.9738256991622557,0.9723669403576043,0.9748259909140166,0.9748259909140166,0.9702829992081023,0.9748676697370067,0.976326428541658,0.9767015379485683,0.9772433626474388,0.9757429250197974,0.9765348226566082,0.9762430708956779,0.9770766473554787,0.9784103696911599,0.97849372733714,0.9792022673279707,0.9789105155670403,0.97853540616013],"train_loss_dist":[0.06142598845420329,0.028077090209565794,0.05703496878353742,0.14059688430431422,0.016577282771219396],"train_loss":[2.3182364700982605,1.2119485852429484,0.6337432237110265,0.5741382699195995,0.39824114025486257,0.32773652519116686,0.29530004013927674,0.2787530438935916,0.254668397846404,0.22420043495017083,0.20017507217132904,0.18728489235763338,0.17437256269788243,0.16915752548824248,0.16201251435810482,0.14926918024185654,0.1408805857583193,0.14024009921477415,0.13101913166394932,0.12100808544397523,0.12056671655903968,0.1220227571678098,0.11211467847971462,0.12197834729976902,0.1094678447093944,0.10323055701353827,0.09805354352756165,0.0971191520479918,0.09601100950266205,0.09184860350911218,0.0909028348092915,0.08740463398388584,0.0818758082249223,0.08232205949367541,0.08372353234236374,0.07764593117165446,0.07711707158680656,0.09041611792960876,0.07512744789386394,0.07171842253475093,0.07094238287463113,0.06940239819276528,0.07077625079733899,0.06925729591782472,0.07098682710359569,0.06873565774215483,0.06383687579585971,0.06421113442055869,0.060571881918268365,0.061673781530416034,0.06102507158709262],"valid_accuracy_dist":[0.9771959459459459,0.9827444535743632,0.9778534923339012,0.9315403422982885,0.991652754590985],"valid_accuracy":[0.040480070698107204,0.6608571362144311,0.7970128335756886,0.8080118168232684,0.8793513368554087,0.89818655892041,0.9043530482697382,0.9081888643789404,0.9136899858535343,0.9240159265152169,0.9355135147476139,0.9370125840229976,0.942346298181942,0.9426809093812458,0.9448443314132614,0.9488437608485554,0.9510118815087186,0.9506774620211429,0.9535107491122544,0.9566761147980661,0.9566762660736907,0.9573430059332204,0.9605070146952617,0.9543387247040708,0.9603409176307155,0.964006142644188,0.9640064536254821,0.9636737018032913,0.9648414021727146,0.9663399137549998,0.9651739692564731,0.9671727299811754,0.9683392479361502,0.967840134038462,0.9663397784824046,0.9695057929626325,0.9696724776875908,0.9636716629823053,0.9701727594357548,0.9703387811623329,0.9713382166446002,0.9701720353033707,0.9705060436786013,0.9705053655165602,0.9706718745328197,0.9713390013112998,0.972004303014843,0.9728377380681209,0.9723386486035073,0.9726717070721297,0.9720060681551528],"mean_valid_accuracy":[0.03968846945881992,0.6598163131615509,0.7970037123405957,0.807915693727748,0.8797883226074086,0.8987219329015712,0.9049310724220533,0.9087710966233964,0.9144658483087726,0.9244903633660349,0.9359765832320305,0.9373808390888421,0.9427049347960758,0.9430897722519684,0.9451690680078022,0.9491252427352099,0.9513657611518347,0.9509346044387776,0.9537955689499414,0.9569415491286479,0.9569065364592346,0.9576212677091747,0.9607210547421303,0.9544986386160282,0.9605596639051324,0.9642196622251946,0.9642233440639153,0.9639114281680985,0.9651320628199536,0.9665550035673245,0.9653854515151771,0.9673952190386398,0.9685768547065378,0.9680706013855558,0.9665435997978988,0.9696944022077574,0.9698542598435882,0.9638444189324687,0.9703538275497188,0.9705302988836954,0.9715270586277202,0.970358873073959,0.9707096235492528,0.9706827979532526,0.9708503775197886,0.9715358265820482,0.9721624637044263,0.9730007752006747,0.9725139935060211,0.9728300269389625,0.9721973977486968],"std_valid_accuracy":[0.07389869011121968,0.14363093431992724,0.08560367626769586,0.09469563373107712,0.06863859993668699,0.06991734227908547,0.0693825751341951,0.0747498489737883,0.07990736575685997,0.05631374845333911,0.04871277091205654,0.043895866226877536,0.043999641077908554,0.04807343748336624,0.03875345027104149,0.03584059950083195,0.040342198735889574,0.03606562402929998,0.03588436090375283,0.031852165268869616,0.03172072370909909,0.032824468364751135,0.02480896636654993,0.02232862475844851,0.026152439201090002,0.022405433037043586,0.022838181075651123,0.02468247825327842,0.028571291234234335,0.02318275199304891,0.025143131101442395,0.021967652415133793,0.021817792979302093,0.02388600627132574,0.022731480763557726,0.020508607556367565,0.02021528052348978,0.02020447402917819,0.021021841660623434,0.02012375106645744,0.01834719129123898,0.019518309044881946,0.02139070694673057,0.01941461671509061,0.01912480920228354,0.020324939997833916,0.016159611813266216,0.016342450648720377,0.018697875945162815,0.01762804184481351,0.020974862785654018],"valid_loss_dist":[0.08320464692204385,0.04892984492399698,0.07098047021503547,0.20311987878543727,0.0334869632077635],"valid_loss":[2.318186233156756,1.2089579162168598,0.6253844179193639,0.5611935391328635,0.3915530426872876,0.3253133733864051,0.29399685669599224,0.28104078266614957,0.25836952858109286,0.2286675903187174,0.204573631829409,0.19456318327687439,0.1830009653000925,0.17914802342734887,0.17244835922278218,0.16001221563868587,0.15210963910487055,0.15199238616057978,0.14464983028923298,0.13397573555165676,0.1351453316429667,0.13693409014277474,0.1273422127763012,0.13790768964326883,0.12618726484822823,0.11926281919352343,0.11532946740248164,0.11580871985958471,0.11426337127768472,0.11075763636295272,0.1110404125340747,0.10724974271161086,0.10177610249909337,0.10344943558983244,0.10542949515348797,0.0993479419472912,0.1001519508774979,0.11630085368270823,0.09858296120222255,0.09427967393292228,0.09393220922785052,0.09259510686436946,0.09526368194791134,0.09352592497182795,0.09727412231150885,0.09526318972220771,0.08944412877617867,0.09119827777288375,0.08643948577839722,0.0894122991676768,0.08843846140682497],