{"test_accuracy":[0.0972,0.2286,0.625,0.6904,0.6994,0.6943,0.7283,0.7512,0.7441,0.7635,0.7671,0.7613,0.7647,0.7674,0.7703,0.7679,0.7614,0.7699,0.7711,0.7709,0.7738,0.7735,0.7747,0.77,0.7747,0.7755,0.7744,0.773,0.7771,0.7794,0.7739,0.7787,0.7803,0.7788,0.7769,0.7772,0.7787,0.7824,0.7782,0.7799,0.7799,0.7803,0.7788,0.7809,0.7823,0.7828,0.7829,0.784,0.7822,0.7825,0.7823],"test_loss":[2.3084521141052248,3.604051275253296,2.1270150121688842,2.104141945266724,2.14830238571167,2.354049137878418,2.1725889228820803,2.1048023822784425,2.216409546470642,2.1290181243896487,2.094806398010254,2.1839756927490233,2.2021504806518553,2.1979470813751223,2.2172504135131836,2.260227103805542,2.369584098815918,2.2699268814086913,2.316898731613159,2.4041018264770506,2.320390383529663,2.34184310874939,2.435320310783386,2.460206077194214,2.437829754638672,2.5115103107452392,2.502544009399414,2.5566976287841796,2.5398084774017335,2.527468265533447,2.629385468673706,2.621833531188965,2.5837425483703615,2.627416220855713,2.7148324333190916,2.708206729888916,2.7440787925720214,2.7209180641174315,2.738638353729248,2.7956400184631347,2.7847579586029054,2.8715499076843263,2.8844308349609373,2.8396828315734863,2.902801918411255,2.9036841529846193,2.910934404754639,2.9425181774139406,2.969892443847656,2.9765061126708985,2.9906634822845457],"train_accuracy_dist":[0.9803548795944234,0.989983305509182],"train_accuracy":[0.0038841066554692423,0.41402477430191054,0.812933025404157,0.8805374763804324,0.8918748687801805,0.8864161242914129,0.923157673735041,0.9444677724123451,0.9372244383791728,0.9590594163342431,0.9639932815452446,0.9604241024564351,0.9626285954230527,0.9647281125341172,0.9692420743229058,0.9664077262229687,0.9605290783119882,0.9700818811673315,0.9720764224228428,0.9694520260340121,0.9748057946672265,0.9749107705227797,0.9755406256560991,0.9701868570228848,0.9755406256560991,0.9757505773672055,0.9755406256560991,0.9719714465672895,0.978794877178249,0.979739659878228,0.9730212051228218,0.9783749737560361,0.9805794667226538,0.9800545874448877,0.9784799496115894,0.9791098047449087,0.9807894184337602,0.982993911400378,0.9815242494226328,0.9817342011337392,0.9821541045559521,0.9814192735670796,0.982049128700399,0.9843585975225698,0.9834138148225908,0.9849884526558892,0.9859332353558682,0.9871929456225068,0.9855133319336553,0.9855133319336553,0.9851984043669956],"train_loss_dist":[0.04514583557164261,0.028246132703575746],"train_loss":[2.327669009876031,1.941532705252145,0.5122390217561319,0.34880823320559584,0.318257896559293,0.32241811210834354,0.22863117524262563,0.1657357101940493,0.18116046752645368,0.12623405913620367,0.11128010039391599,0.12165369120479856,0.11440841529816358,0.10579456668327566,0.09552994067462933,0.09890036353751087,0.11732282820379636,0.08894521227321929,0.08334715600564854,0.08948701422379193,0.07360984675653487,0.07268092479559145,0.07232033756039309,0.08473862034512898,0.06834915083401498,0.06779008844263934,0.06797255861760437,0.07616417557501677,0.06063725510559336,0.05366979857721725,0.07421337064795952,0.0570825075489394,0.050574430814175175,0.05599953369191532,0.05756803075136719,0.05715809813316394,0.051775593769705495,0.043552730909020565,0.0497754866645638,0.047761986427495594,0.04676696010060654,0.046858446405461024,0.04874225470988084,0.04194779918200012,0.04286565463626282,0.037676739167956254,0.036364788764005646,0.033428418176116095,0.03761398085220356,0.03564474300866383,0.036644536375361234],"valid_accuracy_dist":[0.9746621621621622,0.9858096828046744],"valid_accuracy":[0.0029386146591689317,0.41814312606749093,0.8152894851076145,0.8858181874925523,0.8967326619607219,0.892535223655316,0.9252798883283873,0.9479486441091521,0.9420710601426538,0.9567621828736147,0.9651575914566677,0.9584419738865466,0.9613814751661173,0.9651584780770694,0.9685171734825315,0.9651586554011496,0.9588620546328399,0.9701957232269011,0.9706159812972744,0.9668368504973585,0.9748134196026805,0.973973790082335,0.9722948856898047,0.966838091765921,0.9760727752211585,0.9743933388563875,0.9743935161804677,0.9697765291010095,0.975652517150785,0.9785911318099539,0.968936899580664,0.9777513249655282,0.9790108579080866,0.9752335003489737,0.9748128876304395,0.9748134196026805,0.9777513249655282,0.9777515022896084,0.9773317761914759,0.9790108579080866,0.9785907771617933,0.9760725978970781,0.9781706964155,0.9798501327802713,0.9777516796136888,0.9798499554561911,0.980269858878404,0.9823683120449863,0.9794302293580585,0.980689407652456,0.980269858878404],"mean_valid_accuracy":[0.0029412760005414432,0.4179382585841267,0.8150528188873347,0.8855891576050174,0.8965244720931282,0.8923064341470017,0.9250778324234084,0.9477831859405315,0.9419105039931417,0.9566711692911609,0.9650924401028742,0.9583356833461174,0.961252284212426,0.9650677649686414,0.9684214682127871,0.9650628299417949,0.9587481105897215,0.9701205274556693,0.970528019672427,0.9667717592383702,0.9747460576185534,0.9739063980508054,0.9722172088616161,0.9667372140504444,0.9760080144835988,0.9743336303749492,0.9743286953481027,0.9696834250778323,0.9756005222668411,0.9785417982673825,0.9688437655100843,0.977707073726481,0.9789640955646799,0.9751584848621577,0.9747608626990931,0.9747460576185534,0.977707073726481,0.9777021386996345,0.9772798414023371,0.9789640955646799,0.9785516683210757,0.9760129495104453,0.9781392410774714,0.9798136251861209,0.977697203672788,0.9798185602129675,0.9802359224834183,0.9823523439967513,0.9793962629156703,0.9806631548075622,0.9802359224834183],"std_valid_accuracy":[0.00043710237783693554,0.03364771804358618,0.03887038645490232,0.03761618463204436,0.03419339101204716,0.03757670441727201,0.03318594053151647,0.0271750778324234,0.026369963452601175,0.014948196318187945,0.010700548210982264,0.017457304967739007,0.021218500428642317,0.01489884604972247,0.01571876551008433,0.015738505617470533,0.01871432680593782,0.01235025718539906,0.014446938591345937,0.01069067815728919,0.011063625186120973,0.011068560212967538,0.012757749402156737,0.016568295131525468,0.010636392861977206,0.009806603347922216,0.010646262915670224,0.015291533185940509,0.008539711456030274,0.008102609078193435,0.015296468212787073,0.00726788453729188,0.007680311780896121,0.01232064702431984,0.008544646482876839,0.011063625186120973,0.00726788453729188,0.008107544105039888,0.008529841402337202,0.007680311780896121,0.006423289942697252,0.009796733294229087,0.005166268104498439,0.00599605761855343,0.008947203672788007,0.005156398050805366,0.005573760321256116,0.0026226142670215946,0.00557869534810268,0.004311803456210794,0.005573760321256116],"valid_loss_dist":[0.08049227277169356,0.04396610392664928],"valid_loss":[2.3272125283200844,1.9064405221757152,0.49361576010972513,0.3307129956405638,0.3028919537946471,0.30844136631052294,0.2203770089949092,0.16029849707638577,0.1747526722514037,0.12461228372177496,0.11185993693201236,0.12116658021613286,0.11401826762306716,0.10859569438484744,0.10025051553224357,0.10583875439293125,0.1211447401473646,0.09505232345753596,0.0913821378071853,0.09985298831683911,0.08378592910951864,0.08005817390156,0.08573811205272353,0.09474121058689473,0.08166906734589456,0.081015716581092,0.08060686116728269,0.09136442763158775,0.07624420345123134,0.06908851867790125,0.09020389530615647,0.07442106256974232,0.06967789398680478,0.0776278801803233,0.07664279279388904,0.077264597420857,0.07258861182161215,0.06616553489868328,0.07248911579357412,0.06876789444915343,0.06795879971779065,0.06986623124070623,0.07054075253120495,0.06597466566760904,0.0668893183278841,0.06357573414005295,0.06132620496266032,0.059223092816412706,0.06563909406101383,0.06267259615777312,0.0621179917402583],