{"test_accuracy":[0.0972,0.4984,0.7508,0.8242,0.8817,0.9037,0.9252,0.8766,0.9385,0.9449,0.9477,0.9526,0.9539,0.9612,0.9637,0.9667,0.9673,0.9671,0.9685,0.9627,0.9701,0.9708,0.9732,0.973,0.9732,0.97,0.9608,0.9758,0.9675,0.9736,0.9743,0.9763,0.977,0.9784,0.9787,0.9779,0.9792,0.9776,0.9791,0.9799,0.9793,0.9806,0.97,0.9812,0.9808,0.981,0.9796,0.9819,0.9811,0.9817,0.9773],"test_loss":[2.3084521141052248,1.4246635730743409,0.7492788417816162,0.5189345468521118,0.37413163638114927,0.301541200876236,0.24294231724739074,0.3584209862709045,0.19632859206199646,0.17949031908512114,0.16883141872882843,0.15719104590415955,0.15365068635940551,0.1307426834821701,0.12333459198474885,0.11090778566598893,0.1121013638496399,0.10685541609525681,0.10077009224891663,0.12277694586515427,0.09664010850191117,0.09234938312768937,0.08884579615592957,0.08632306892871856,0.0861388098359108,0.09289402506351471,0.1175754990696907,0.07655587292909623,0.10120243332386017,0.08060595865249634,0.07746864982843399,0.0781666540145874,0.07212280873060227,0.06791151725053787,0.06697636981010437,0.0659862173318863,0.06392258851528168,0.0695424077987671,0.06447106518149376,0.06284802038669586,0.06090342246294021,0.0591894534945488,0.08486938500404358,0.058232276806235314,0.05850003117322922,0.057780461359024045,0.06159461361169815,0.05559799848794937,0.056412896740436556,0.05543511596918106,0.06302177836298943],"train_accuracy_dist":[0.9706379383185467,0.9895255699322243,0.9884963023829088,0.9818938605619146,0.9787368421052631,0.9845233182005778],"train_accuracy":[0.09562898309781102,0.5346356331393738,0.7910778609032973,0.8508935993349959,0.8929412579661956,0.9130991964533112,0.9282696037683569,0.8787406483790524,0.942366306456082,0.9489124411194236,0.9486007204211693,0.9538653366583542,0.9517525630368523,0.9611041839844833,0.9631823219728457,0.9668883347187587,0.9667151565530618,0.9683430313106124,0.9704558049321141,0.9618315322804101,0.9720836796896647,0.9732959268495428,0.9744735383762815,0.9748545303408146,0.9743349958437241,0.9714948739262954,0.9591299528955389,0.9781795511221946,0.9697977279024661,0.9763784981989471,0.9776946522582433,0.9781449154890551,0.9798074258797451,0.9807772236076475,0.9810543086727626,0.9809504017733445,0.9826129121640343,0.9808464948739263,0.982578276530895,0.9834441673593793,0.9837212524244944,0.9845178719866999,0.9753047935716265,0.9850720421169299,0.9851066777500693,0.9852452202826267,0.983790523690773,0.986284289276808,0.9860764754779717,0.9866999168744804,0.9823704627320587],"train_loss_dist":[0.0773975915473425,0.03413313967369927,0.03582460798886387,0.05085766892085524,0.06136123951171574,0.050086225928401236],"train_loss":[2.3088274070779913,1.299573712688828,0.6583331734856581,0.463737450940568,0.349388552870396,0.2827842487628711,0.23580910895101315,0.3542460486123555,0.19055839446361672,0.17150461960797594,0.16374887649540706,0.151238931935455,0.15084432819628524,0.12717366918232978,0.12268415024495291,0.10930679333400127,0.10663068739025877,0.10258295161231018,0.09614147177447603,0.11591973989153212,0.09096802845205022,0.08683993216902307,0.0825688017246562,0.07956737752546561,0.08306080014833261,0.08718529627853258,0.1182357464586951,0.06923464314659078,0.0928990074413258,0.07350618992453448,0.06954341007078654,0.07125706156229573,0.0623005360017055,0.05955317902865689,0.058396624250378254,0.05738824515686835,0.0546430618601293,0.05911987647440013,0.05338682949707639,0.05149978633397655,0.051431157001330066,0.04852128673789222,0.07426219842351259,0.04690525701824843,0.046294639273873076,0.045919951941571814,0.050337340010703745,0.04358369409894774,0.043804366517157585,0.042367296481371365,0.0514527391535239],"valid_accuracy_dist":[0.9679054054054054,0.9844006568144499,0.9917830731306492,0.9683860232945092,0.9722222222222222,0.9801980198019802],"valid_accuracy":[0.08931066258286167,0.5370579985157345,0.7932469175558734,0.8498871089216303,0.8921245241206189,0.9126187902422744,0.9246667486606515,0.8791072118066859,0.9386536443830916,0.9459926588003748,0.9441927239322203,0.9505630984859548,0.9493158387971524,0.9579023653988489,0.9579019905398695,0.9633031104867373,0.9645489846101813,0.9660720432982713,0.968010921423214,0.9581799373568429,0.9695342017832578,0.9710576419602472,0.9713345229594607,0.973550451844174,0.9692578374303442,0.9696733514774284,0.954577814774225,0.9763201301232339,0.9667639704072937,0.973135314659977,0.9735507767352861,0.9756283051767616,0.9771508592618098,0.9765971543171504,0.9786746557022639,0.9771510419318129,0.9786743693578122,0.9772900040473178,0.9795052763417208,0.9785358511032254,0.9779818330199439,0.979505337118991,0.9702260390260461,0.9811670938101658,0.9799207343148753,0.9808902181434994,0.9783971184412752,0.9814440959591046,0.9828288566394978,0.9824134302089041,0.9775665346586593],"mean_valid_accuracy":[0.08941277608321997,0.5349126330166384,0.792287795914809,0.849104812440267,0.8917094451157941,0.9123176361635436,0.9244463131606273,0.8787446179166274,0.9384910146637745,0.9459005789292328,0.9440367846844743,0.950449979938441,0.9492933397977451,0.9578054116718207,0.9578823353289314,0.9632641518442244,0.9645177715105385,0.9660218512006823,0.9679481016115763,0.9580724268001081,0.9694698268538614,0.9710079733371705,0.9712882370340666,0.9735094539768778,0.9691733619684051,0.9695865829507896,0.9544142673087759,0.9762621003657843,0.9667428705420766,0.9730833670823614,0.9734818387635,0.975570772065966,0.9771107964130934,0.9765428855149002,0.9786207514824272,0.9770849833396661,0.9786240416031972,0.9772408468884565,0.9794601293079789,0.9784980089207965,0.977927840171581,0.9794526694256988,0.9701880365350096,0.9811274126665132,0.9798718887955453,0.9808301025505828,0.9783395842553845,0.9813955520327001,0.9827876123755335,0.9823720225558524,0.9774825667782027],"std_valid_accuracy":[0.0883425210278776,0.19901176626704767,0.1071195586448623,0.08005172817442677,0.04535180342172985,0.02930802792103886,0.02187557708769087,0.036964516040525024,0.017500540822607116,0.011664680677185265,0.016462999328733914,0.01371422058515312,0.006680795283126153,0.011390032296067476,0.00731469548271893,0.008345975489043088,0.0059629620875063846,0.006115427263087024,0.006792382740488394,0.013660473665976324,0.007089143682866017,0.006246153010948337,0.005806498049637566,0.006041946653360067,0.009717675395488314,0.010703152254401641,0.014811955167070784,0.006874680749079118,0.00796308344944242,0.007583137172622511,0.008353279317528954,0.009630231504413486,0.005172241570065688,0.006880576630193804,0.00802226439456896,0.007523775180853033,0.006184423142179482,0.007964953730071028,0.0059276868702027264,0.0055617657132497516,0.006572638934172936,0.006507056668250439,0.006319235922514548,0.005657936204355747,0.006216882759166338,0.007178005271648433,0.006667005714722373,0.006223476770478812,0.005531448045760098,0.005693383827841041,0.008773810317922393],"valid_loss_dist":[0.08975790642403267,0.04627980607483775,0.03444253938883274,0.10129594041682322,0.08350728103508452,0.06639932333906688],