{"test_accuracy":[0.0972,0.5462,0.8625,0.8936,0.9111,0.9024,0.9309,0.9406,0.9411,0.9482,0.9494,0.9529,0.9562,0.9575,0.9539,0.9641,0.9674,0.9671,0.9699,0.9701,0.9723,0.973,0.9738,0.974,0.975,0.9756,0.9727,0.9771,0.9766,0.9772,0.9791,0.9787,0.98,0.9776,0.981,0.9816,0.9817,0.9823,0.983,0.9831,0.9832,0.9828,0.9819,0.9837,0.9828,0.9835,0.9836,0.9846,0.9836,0.9841,0.9838],"test_loss":[2.3084521141052248,1.3078372283935547,0.5785770937919616,0.39301830282211303,0.3141967374801636,0.3167929094314575,0.23297420206069946,0.2051975382566452,0.1952757040500641,0.16559871768951415,0.1604966973900795,0.14972724609375,0.14875672891139985,0.13715678493976594,0.13881637024879456,0.11644442565441132,0.1092267276763916,0.10711872010231017,0.09900022063255311,0.09573912398815156,0.09126405435800553,0.08732016813755035,0.08637312704324722,0.08434076051712036,0.07850483509302139,0.07930080862045288,0.08306888490319252,0.07333165628910064,0.07385910674333572,0.07369168112277985,0.0681194585442543,0.06740150894522667,0.06429352527856827,0.07280877861976623,0.061680311316251756,0.062320320338010785,0.060233886265754696,0.0583829875767231,0.05667359169721604,0.05607438569664955,0.05387899333834648,0.05474246588945389,0.05508978990912437,0.052403449803590775,0.053498945212364195,0.05154351242780685,0.05150428141951561,0.04802981518507004,0.05199759032726288,0.050506118124723436,0.04910172003507614],"train_accuracy_dist":[0.9858470637938318,0.9852125693160814,0.9852102260722586,0.9876746096959738,0.9861554845580405,0.9854318418314256,0.9885225375626043,0.9901052631578947],"train_accuracy":[0.09721278042148199,0.5941797835067719,0.8691627882654395,0.8947863828897139,0.9125398734508184,0.9080688176541337,0.9307117084139518,0.9423207655702557,0.943392773100455,0.9504000418344402,0.9529885478219945,0.9556293468598024,0.9564398891387335,0.9590283951262877,0.9572765779427914,0.9653820007321027,0.9676828949432621,0.9684672906970664,0.9709773571092402,0.9721278042148198,0.9729121999686242,0.9744025519008523,0.9748208963028814,0.9756575851069393,0.976258955184856,0.9767034461120118,0.9741672331747111,0.9785598493960153,0.9780107723683522,0.9774094022904356,0.9805992783559065,0.9806777179312869,0.9815928463107253,0.9767557391622653,0.9823510955394028,0.9819327511373739,0.9832400773937143,0.9837107148459969,0.9840244731475187,0.9837630078962506,0.9851749202530984,0.9850180411023375,0.9846519897505621,0.9856978507556345,0.9852010667782252,0.9859854625320295,0.9853056528787324,0.986194634733044,0.985776290331015,0.986456099984312,0.9867698582858339],"train_loss_dist":[0.04291838802708872,0.04983261398264125,0.049669438962443496,0.037098742250105156,0.03973373025735093,0.05083480960380336,0.039406638312618404,0.03484723391030964],"train_loss":[2.3103838778624306,1.2346212276151063,0.5570718139068718,0.38643192073210186,0.30909834722435786,0.30346282427591964,0.23159955520497852,0.20160313400264154,0.1919794399241601,0.16480542189333844,0.15627325746879828,0.14608815141734807,0.1467033714903035,0.13351864908877253,0.13310943922566684,0.11391028437296111,0.10717857488118031,0.10472431550360446,0.09755676601655598,0.09280160284288828,0.08927884131299087,0.08550186232351854,0.08353094454983884,0.08107651012004784,0.07753755499658539,0.07584855037701964,0.08112727724060909,0.07061491108753253,0.07183207688526941,0.07291825426212463,0.06530036825988839,0.064695953275144,0.06185300814655357,0.07407204882530928,0.0590986962595911,0.0590137701753044,0.056525461645520754,0.054938662583119934,0.053357381448547084,0.05331193514036573,0.05034764382924123,0.050505654004766795,0.051084773180291275,0.04794099821874633,0.04868299182270063,0.04648341110461923,0.04685181277439155,0.0449865194919934,0.046504012094776025,0.04451133568699543,0.04305456449973987],"valid_accuracy_dist":[0.9839527027027027,0.9802955665024631,0.9856418918918919,0.9884963023829088,0.9880749574105622,0.9708818635607321,0.9858096828046744,0.9848484848484849],"valid_accuracy":[0.09010211034703805,0.595094804516972,0.8721424199163502,0.8954559579597087,0.9138564079844985,0.908632746249475,0.9326769436670904,0.9438611759324371,0.9461606043061328,0.950447645310826,0.9545239809010869,0.9575555750663062,0.9596456968598444,0.9616325203995524,0.9594376842287665,0.9663377488114019,0.9694734414598196,0.9691600793527784,0.9729230230291814,0.9734459800920523,0.9742825012450878,0.9753279643667296,0.9754323967070707,0.9764780151990412,0.9764779714765546,0.9766871724167576,0.9729245481884135,0.9775235938386261,0.9772097211249521,0.977104374701826,0.9794051619335882,0.9795096145150028,0.980032179697435,0.9764782535673512,0.9803458459280413,0.9802411918772681,0.9811822558122477,0.9816004886574081,0.9820186143995836,0.9813912784838684,0.9821230032242954,0.9821231146324555,0.9813911255764621,0.9820186796132582,0.9821233323002178,0.983168582642335,0.9829594767303556,0.9830642363228199,0.9830639297440361,0.9831686687496521,0.9834822952649068],"mean_valid_accuracy":[0.08997090479200381,0.5958453625868686,0.8721797449353778,0.8954031798001841,0.9138680442259798,0.9086263627052003,0.9326274071087584,0.9438868160892675,0.9462275490075972,0.9504385249072242,0.9545558435217251,0.9575874444203251,0.959728521794364,0.9616936304076514,0.9594306696117698,0.9663588622650845,0.9695200481324513,0.9691971694380487,0.9729889676013035,0.9734959576881657,0.9743227386751451,0.9753759108589896,0.9754753622720573,0.9765317870396828,0.9765322275404936,0.9767232701450714,0.9729319777379168,0.9775612417572368,0.9772621795843197,0.9771516432475048,0.9794423824410585,0.9795510526536597,0.980055195292693,0.97652370428177,0.9803799851815798,0.9802839616883011,0.9812101860880971,0.9816286943574833,0.9820440676863023,0.9813999602552849,0.982153823736431,0.9821465172796178,0.9814079890802692,0.9820494688862883,0.982141942292419,0.983188725446511,0.9829786619784895,0.9830769206975136,0.9830847773778617,0.9831951000352299,0.9835001815130524],"std_valid_accuracy":[0.08727148525921556,0.08831448089967261,0.026350012939624634,0.020947032195614675,0.019099676298954937,0.03468313011425591,0.027604621086358402,0.015777653346520298,0.015249770634117223,0.016201854746331953,0.013415801431519386,0.011167451257646217,0.01093527015977175,0.009594818221241292,0.01268739803464179,0.011134914819608991,0.008758932259587649,0.0088710886405203,0.008103750969219819,0.007636309837556009,0.008199019221974677,0.008025627472032688,0.007430173817764586,0.008605041360899705,0.007680158930992366,0.008285072272277887,0.011304596777639708,0.00782728063220657,0.007980648705899342,0.005609025618986102,0.00698433260648214,0.00635803466325579,0.00520114048159733,0.008847698004105661,0.005637151699946545,0.005852146701954637,0.005566033247536059,0.00586534437682479,0.0053764280697517,0.004605263742557496,0.005352246312532145,0.005107677129478293,0.004935064386941104,0.006117110094210002,0.0062461174437134885,0.005112909265199699,0.00496734099525201,0.0052879304565717775,0.004003684366950765,0.005401604336014067,0.005330627548010248],"valid_loss_dist":[0.052979371636300475,0.05520898924623609,0.054799893216506856,0.041481142350906414,0.04074369164681922,0.09251290656774988,0.046866361269469255,0.05275818212616323],