{"test_accuracy":[0.0972,0.3944,0.4415,0.6561,0.7294,0.8243,0.7904,0.8574,0.8043,0.8626,0.8854,0.9162,0.8946,0.9128,0.8567,0.9313,0.9193,0.9153,0.9273,0.9183,0.9303,0.9312,0.9381,0.859,0.9336,0.9393,0.9397,0.9272,0.9258,0.9415,0.9438,0.9479,0.9428,0.9519,0.9457,0.9453,0.9493,0.952,0.9526,0.952,0.9508,0.9543,0.9489,0.9561,0.9558,0.9551,0.9603,0.9563,0.9613,0.9584,0.9583],"test_loss":[2.3084521141052248,1.8558893798828124,1.835044401741028,0.849144826221466,0.7112398410797119,0.49405930466651915,0.5668766855239868,0.40654286527633665,0.559038736820221,0.3865051830291748,0.3347348886489868,0.26618138008117675,0.30377014169692995,0.26091994857788087,0.40653685178756716,0.22526027336120605,0.23953066110610963,0.24975977268218993,0.21732220759391785,0.24246152400970458,0.20476473820209504,0.20137408995628356,0.18591888196468354,0.44705708127021787,0.2003909056186676,0.17734390544891357,0.176319237613678,0.20617246630191802,0.22015722773075103,0.1728658783197403,0.16369634428024293,0.15272602071762084,0.16658140194416046,0.14547803065776824,0.15992727544307708,0.15832642409801484,0.14950390603542327,0.14797118396759032,0.14326684724092484,0.14257237799167632,0.14767858443260193,0.13703573155403137,0.15725754482746124,0.1329109455704689,0.13592844705581664,0.13198523131608964,0.12048351140022277,0.13278229477405548,0.11582146482467652,0.1292092495083809,0.1254196500658989],"train_accuracy_dist":[0.9444444444444444,0.980078044773054,0.9969186524239935],"train_accuracy":[0.06419736023771681,0.5098472807684334,0.5705894547716122,0.7346416971874784,0.8034690069794762,0.8696703752332251,0.8441019970976436,0.8938566788749913,0.8606177872987354,0.901181673692212,0.9152097298044365,0.9305507566857854,0.9241932140142354,0.934696980167231,0.889917766567618,0.9440950867251745,0.9398797595190381,0.9388432036486767,0.9483795176560017,0.9416073526363071,0.9513509778177044,0.9515582889917766,0.9564646534448207,0.8983484209798909,0.9549443715016239,0.9591596987077603,0.9593670098818327,0.9502453182226522,0.938152166401769,0.9596434247805957,0.9622693663188446,0.9655863451040011,0.9619238476953907,0.9672448344965794,0.9643424780595674,0.9642733743348767,0.967037523322507,0.9653790339299289,0.9684887015410131,0.9687651164397761,0.9678667680187962,0.971114643079262,0.9659318637274549,0.9713219542533342,0.9700780872089005,0.9702162946582821,0.974016999516274,0.9723585101236957,0.9749844516619446,0.9729804436459125,0.9740861032409647],"train_loss_dist":[0.1458312825382033,0.057502538074419275,0.013453081703990477],"train_loss":[2.311975356596851,1.4615052891835323,1.356985818980584,0.660464017918095,0.5251192354717693,0.3802149227597852,0.4357265002161077,0.3074081894271598,0.40290983438401207,0.28505111600276667,0.2515968410428875,0.21876183679933234,0.2221250368632177,0.19332384631252925,0.3086997830960855,0.17377441659673742,0.17821470064607703,0.1773924183739664,0.15494292113621327,0.17111021449369662,0.1450386637457914,0.1428857956393893,0.1313804995677127,0.29897089884643785,0.13662782665459225,0.12253961366031142,0.12125777466596306,0.1406903639672605,0.17692736151301452,0.11772802045447703,0.11028963758785693,0.10185708766236153,0.10912036620197345,0.09772423465788534,0.10362069980190451,0.10213570383930658,0.0962941627685609,0.09934456299218894,0.0902037767831255,0.09082397202145798,0.09190161547827395,0.08557581800122308,0.09678518972767304,0.08106868120585989,0.08508301012629374,0.08028384861037229,0.07158455206979063,0.077379275468857,0.06928789983603596,0.07483460761956286,0.0715800394689536],"valid_accuracy_dist":[0.9391891891891891,0.9753694581280788,0.9893179950698439],"valid_accuracy":[0.05966906749744721,0.5090125371462422,0.5819542194310161,0.7386199990089398,0.8135023944472807,0.8698658495998419,0.8519065030837089,0.8983238957588667,0.8648974714311393,0.9049556113222685,0.9173891359036025,0.9284363653369203,0.9262301379578443,0.936175462108273,0.8963878834020425,0.9433575222284032,0.9414241842942884,0.9383861585506253,0.9480558118794759,0.939767848930407,0.9505424517033645,0.9494371957730602,0.9538578595311265,0.8955667488020541,0.9486094679821908,0.9555156485481165,0.9549633730708424,0.9480565122550639,0.9300934867545199,0.9574502365779033,0.9588314600406264,0.9596604178014323,0.9571737779775437,0.9635277652941995,0.9580028524676144,0.9593843433151062,0.9613181096398721,0.9629755093676395,0.964081251765717,0.9624234627487268,0.9629761321153917,0.964909869114086,0.9615951564867232,0.9657390505580642,0.9654622900716754,0.9640811448118094,0.9696067971154112,0.9690543612072758,0.9701594176052903,0.9679493387355008,0.9682257973358606],"mean_valid_accuracy":[0.0591447358688738,0.506081789208932,0.5774530224899278,0.7369318697317522,0.8113962891857941,0.8688502742768107,0.8503327009670336,0.8974032161606539,0.864069672842836,0.9040438892551919,0.9167285258622422,0.9278200290263589,0.9255343292997714,0.9355118378039,0.8951495770535666,0.9428060572179094,0.9406727743951131,0.937834594777898,0.947523612405813,0.9391724223383476,0.9500261856881796,0.9489155523753391,0.9534043391917121,0.8950239601413346,0.948267204007542,0.9550935283809013,0.9545776183822327,0.9474778085904938,0.9301547560276274,0.9570882753835109,0.9584566388208399,0.959285740602149,0.9567831673197822,0.9633039714854806,0.9576046351318714,0.9590122927895292,0.9609358604458554,0.9627413581721093,0.963774752293368,0.9620855631041788,0.9626097816966048,0.964603404324985,0.9613274157943072,0.9654405898252056,0.9653142113013758,0.9637590346052365,0.9693191605141213,0.9687796739832555,0.9699601373933041,0.9676537727319753,0.9679588807957039],"std_valid_accuracy":[0.08126611796192033,0.2372637998879347,0.3438053442036508,0.13620502773198304,0.16472288478684372,0.08388231475116524,0.12333136264889444,0.0736908342314144,0.08474644145433426,0.07314850357636929,0.05559926790358471,0.04696293884833572,0.056053431909383396,0.05154145872576983,0.09484512536331949,0.04208162586365862,0.057285449293166216,0.04383124306238221,0.04108176308168805,0.04695248861671067,0.03977497175425021,0.04017935319080088,0.03495067068656396,0.06683396243459425,0.029518444790654314,0.03259208771264342,0.030304556668416947,0.044935368810435874,0.011037679327933607,0.028642670698473625,0.029184053931772452,0.029173392141095544,0.03050479297389247,0.017518159998228908,0.031145848150707218,0.029210021694000752,0.029543479852753272,0.018634872619529185,0.024122402007297396,0.02644219988608291,0.02848304951992408,0.023811596332013046,0.022624366813302446,0.023445067636347638,0.012973595717258845,0.025118397488484562,0.022108563336345952,0.021305987154595557,0.015800300622435825,0.02299941660797711,0.021125210642806574],"valid_loss_dist":[0.18747010827064514,0.07975645780514418,0.03177801033844689],"valid_loss":[2.312405043714961,1.457040340190668,1.3123691646778204,0.6446255725191455,0.5036785908829757,0.37073000521675054,0.41571441151752625,0.30366299193451246,0.3976062649861811,0.28234664679725907,0.2564311384423699,0.22788387961426984,0.22745288122268434,0.19964984384233508,0.3084602001802341,0.18291077452031454,0.18514768744280205,0.18799413738814186,0.16567409360718385,0.18266058340058436,0.15674588735646494,0.1553028117047163,0.14533430503309094,0.3167743249304251,0.15419487710594615,0.13951401079551404,0.1385979271273194,0.15720009517481914,0.21155495775796493,0.13755832188682438,0.12862240704725963,0.12064023225328485,0.13002716965079847,0.1205137045321804,0.1254327074665746,0.12273622126983963,0.11716069236281991,0.12416718665502871,0.11317354692385227,0.11348166899337148,0.11444711091347354,0.10972797277823282,0.12410611902384244,0.10481655356845075,0.11465925328098671,0.10269041094877122,0.09593318351555652,0.10331693000669846,0.09630691869476082,0.1014316156205178,0.09885377927814529],