{"test_accuracy":[0.0972,0.3183,0.5131,0.5865,0.6437,0.6635,0.6709,0.6928,0.7129,0.7364,0.7298,0.7586,0.7669,0.7777,0.7978,0.8007,0.8058,0.8226,0.822,0.8223,0.8202,0.8284,0.8296,0.8408,0.8391,0.8367,0.8356,0.8417,0.8408,0.8507,0.8492,0.8442,0.852,0.85,0.8568,0.8566,0.8575,0.8536,0.7968,0.858,0.8617,0.8592,0.8632,0.8631,0.8627,0.8636,0.8661,0.8655,0.8653,0.8644,0.8735],"test_loss":[2.3084521141052248,2.9837054027557373,2.228932131958008,2.0509237899780275,1.7997235260009765,1.6304285106658936,1.718955306816101,1.4746030448913574,1.4075163854599,1.3349364221572877,1.3771988067626952,1.294264031982422,1.3160187437057496,1.3057745279312134,1.2552187492370606,1.2463386087417603,1.2549982494354248,1.2209851266860963,1.2207502258300782,1.226079676437378,1.2498854084014892,1.2370413198471069,1.2387435707092285,1.2027472240447998,1.2110610895156861,1.2291954801559448,1.248888649559021,1.232290224456787,1.2467795137405395,1.221017226600647,1.229299404144287,1.2567600118637086,1.1915087785720826,1.2102240732192993,1.2146277557373046,1.2242666385650636,1.2744182735443115,1.2629842979431152,1.4633884363174439,1.2341563459396363,1.2348849802017212,1.2709717727661132,1.2516288356781007,1.261218318939209,1.2897284692764281,1.295490493774414,1.2843311929702759,1.3188029357910156,1.3263922868728637,1.3227956977844237,1.29752687625885],"train_accuracy_dist":[0.9852133502323617,0.9822593800978793,0.9733610822060353,0.9890526315789474],"train_accuracy":[0.141718334809566,0.5244099411243682,0.7508987651748034,0.8053456989527432,0.8390559057989893,0.8590110977960714,0.8604178606783723,0.8789141874641796,0.8894388579169489,0.902881258792268,0.8991298911061324,0.9151253061011827,0.9189808784452665,0.9238784973688324,0.936591465638514,0.9389360704423487,0.9408117542854165,0.9457614755379565,0.9489918199343511,0.9505027874746002,0.9475850570520502,0.9545667691345803,0.9560777366748293,0.9622258114937737,0.9608190486114729,0.9604543323086542,0.9598291043609649,0.9625384254676184,0.9626426301255666,0.9687386026155369,0.9675402490491325,0.9651435419163237,0.9688428072734852,0.9683738863127181,0.9713437190642422,0.9724378679726984,0.9730109935914135,0.970770593445527,0.9069452404522482,0.9738967331839733,0.9753555983952482,0.975720314698067,0.977231282238316,0.9765018496326786,0.9773354868962643,0.9783775334757464,0.980149012660866,0.9799406033449696,0.9799406033449696,0.9786380451206169,0.9824415151357265],"train_loss_dist":[0.04198449434744793,0.05200180407084804,0.06695879842934822,0.030798676062571376],"train_loss":[2.307383312997901,1.632983978510288,0.8689596573358552,0.7234869818096641,0.5722868045585174,0.4513254833713353,0.48663094466023127,0.3479564851251332,0.3101829965262852,0.2681488272099437,0.27706996547711843,0.23461698942542084,0.22022601182443519,0.20748546697657025,0.1811554420649934,0.17362737783316196,0.16644573589148406,0.15722376925314982,0.14603256831827877,0.14157803106767913,0.14786733392945725,0.130258505408629,0.12664850508648715,0.1092489427899374,0.11113634457643723,0.1123663011082563,0.11505570885913738,0.10433748974997871,0.10416547458554633,0.09086102734769247,0.09047710273110313,0.097789385947566,0.08810619920304287,0.08854007341256083,0.07726957844525152,0.07718681801805953,0.0753476768103199,0.0811308475526378,0.2809340105595015,0.07202656255533328,0.06713250945720356,0.06917246034796758,0.0637531271651259,0.06439475929549439,0.06219340371769505,0.060693268491969286,0.05587520061015853,0.055836124236189895,0.055092439275984735,0.05825443267956192,0.04802804049155888],"valid_accuracy_dist":[0.9780405405405406,0.9763651181744091,0.9642262895174709,0.9831649831649831],"valid_accuracy":[0.13808939828734684,0.5317663673980558,0.753180542818674,0.8019180845213782,0.8408641979324742,0.8594024689431209,0.8631521649799456,0.8800239702042707,0.8868972527294812,0.8991868126664758,0.9004367622970519,0.9133513937837995,0.919391337252966,0.9235567619123892,0.9341802601262337,0.9362632437480277,0.9398045869478086,0.9435540965085945,0.9489694152889728,0.9502189309621116,0.9456371155663436,0.9527189205393487,0.9548014238344349,0.9587588448088763,0.959800469349214,0.9581341795215524,0.9581343966041252,0.9625082648171235,0.9612586656798496,0.9643829795913859,0.9650079564991536,0.9622998961650268,0.9637578198516714,0.9658410716879617,0.9683402678881833,0.9683402189192095,0.9670906784988953,0.9666741116789593,0.9021060589970429,0.9675070667241604,0.9702149409303781,0.9687568684701947,0.9716728212628726,0.971048057741269,0.9722976587969577,0.9731309844240972,0.97292261828308,0.9731308688199694,0.9727142644011281,0.9720896620525498,0.975422260699804],"mean_valid_accuracy":[0.13746747250644076,0.5320729243629938,0.7534972467503608,0.801991654046438,0.8405441786454839,0.8591015377006037,0.8628998089573297,0.87979921370147,0.8866541031675789,0.8989871735209262,0.9002676200410265,0.9132497492588558,0.9192597819663193,0.9234022187843486,0.9341054931384657,0.936185828511749,0.9397573197198872,0.9435765721642472,0.9489562566315948,0.9501847469910643,0.9456396955727291,0.9527219456579943,0.9547768163941251,0.9587441390389131,0.9597905653615447,0.9581306753159441,0.9581425469333166,0.962506347898563,0.9612701117430781,0.9643983408884143,0.9650260432857706,0.9622963216003506,0.9637443986617278,0.9658583548507674,0.9683358037292139,0.9683365799510283,0.9670931317678958,0.9666800395049704,0.9022950759094853,0.9674975330542127,0.9702239238210574,0.9687549390667144,0.9716677818558052,0.971056581514676,0.9722924528605719,0.9731398632863414,0.9729280503021179,0.9731264205443726,0.9727080148260504,0.9721134005057194,0.9754492328493509],"std_valid_accuracy":[0.07753510292257465,0.06490036878477734,0.04904426517100758,0.046162067077668026,0.0649704055545224,0.07329400708941664,0.0681576149410113,0.06735882383056029,0.0650914351216744,0.06345333154302586,0.056339288689858234,0.0506318814215539,0.04542191422880669,0.04140972830702783,0.031206412538273966,0.03680493162989021,0.039056399224562395,0.018271545887481422,0.02569367105637721,0.025920533811130884,0.03304016289460635,0.03010327345580384,0.026143856308540634,0.017230347882197863,0.023125693310076762,0.020513712098891992,0.024841769453480003,0.01945791756127742,0.01904485776047076,0.01532967383392598,0.01948750042034798,0.016958549813008116,0.01785242021429038,0.01750265770385151,0.016642221258709722,0.013708697535660902,0.02035559382421229,0.018032954243224764,0.024096254705751795,0.01730323167774746,0.01210177757030922,0.016317826530216475,0.012696959122372078,0.010552851511911833,0.011464115818328114,0.011473876162635368,0.009976657139459172,0.013885130795575585,0.013088085477894654,0.009816351097076213,0.006946959432781437],"valid_loss_dist":[0.06706218461732606,0.07392716707742204,0.1124628854918599,0.056906949593889394],"valid_loss":[2.3072753457537525,1.6109036264360495,0.8741988760698863,0.7256365498347254,0.574659491570744,0.45661374148266776,0.48934806424723626,0.3535771699417668,0.31944898725589466,0.2802737807506494,0.28853565373518375,0.24688651508091092,0.23298243469246857,0.22087353366323256,0.1942024330825022,0.1899471138107983,0.1818098398878021,0.17354993095133428,0.16103190621381483,0.15795759691215217,0.16529511840537034,0.14786654061221513,0.14411537268687027,0.12946173224911942,0.1302379813077127,0.13290143973888657,0.13690458683964316,0.12490889538803755,0.12525047903244924,0.11178749245095916,0.11400700020777263,0.12239118149474962,0.11084641437261018,0.11145644440077845,0.10058625243435618,0.1015955852958146,0.10004942994320389,0.10493190944655885,0.3081792855814356,0.10158838157831504,0.09497620533118048,0.09612377421586517,0.09012704118669668,0.09248915230884396,0.09062162748455654,0.08778401119451062,0.08473239738714249,0.08510429952947775,0.08501935150643808,0.08890860946527546,0.07766911815169388],