{"test_accuracy":[0.0972,0.3757,0.5448,0.567,0.5608,0.6638,0.7189,0.735,0.7577,0.7699,0.7451,0.8084,0.8051,0.7966,0.8204,0.8265,0.8146,0.8306,0.8347,0.8337,0.8502,0.8527,0.8561,0.8488,0.857,0.8413,0.8604,0.8604,0.8613,0.8635,0.8538,0.8624,0.8686,0.867,0.8697,0.87,0.8725,0.8722,0.8687,0.8731,0.8704,0.8734,0.8753,0.8768,0.8721,0.8739,0.8774,0.8739,0.8764,0.8754,0.8789],"test_loss":[2.3084521141052248,3.2889100215911866,1.9796758596420287,1.868990514755249,1.6994016965866088,1.4315796077728271,1.3240943731307984,1.3540634916305543,1.2968450801849365,1.308988783454895,1.3699506216049195,1.2094583896636963,1.2606975761413575,1.3304054525375366,1.192598981666565,1.151804503250122,1.2236155487060547,1.17786064081192,1.1583950286865234,1.1886366775512696,1.1056582207679748,1.141060000038147,1.1926337043762207,1.2192995449066162,1.1704517219543458,1.184368898677826,1.1619146854400635,1.209217559337616,1.190043692111969,1.2158468070983888,1.265552492904663,1.2553717609405517,1.1919001750946046,1.2459434944152832,1.2112766651153564,1.2231044617652893,1.181257012939453,1.2189831647872924,1.2492993690490724,1.2255805547714234,1.2513058300018312,1.2539033147811889,1.2727605411529541,1.2536785360336304,1.2674594359397888,1.2834189291000366,1.2646259010314942,1.3034801656723023,1.2879466667175292,1.3189292226791383,1.2967322076797485],"train_accuracy_dist":[0.9860340932429656,0.9913722267871816,0.9783849918433931,0.9736842105263158],"train_accuracy":[0.13918828322417617,0.5902738383786292,0.7673663039554433,0.7888711257800011,0.7810840080449694,0.8464235985766593,0.8762312412975092,0.8889691093806406,0.9013975555670156,0.9104223608890722,0.88546232788407,0.933371151565159,0.9324428858748904,0.9298127997524624,0.9415708318291991,0.9460574493321644,0.9356918157908308,0.9499252230416172,0.9498736527254912,0.9491000979836006,0.9594141612088082,0.9611675519570935,0.9626630911247486,0.9597751534216905,0.9651384662987984,0.9464184415450466,0.9677169821051003,0.967304419576092,0.9691609509566294,0.9699345056985199,0.9642617709246558,0.9704502088597803,0.9729771543499561,0.9718941777113094,0.9737507090918467,0.9737507090918467,0.9758135217368883,0.9751946779433758,0.9744211232014852,0.9771027796400392,0.9750915373111237,0.9776184828012996,0.9794750141818369,0.98086741271724,0.9767417874271569,0.9793203032334589,0.9804548501882316,0.9780310453303078,0.979578154814089,0.9801969986076015,0.9824145222010211],"train_loss_dist":[0.042350411563530234,0.030187349187955567,0.06038639486006189,0.07264598613350015],"train_loss":[2.299089651996494,1.8374960216015945,0.7964688202659304,0.6767957958326856,0.5676527154783155,0.41283330497442433,0.3312186802557356,0.3180746755336364,0.27954939644118826,0.25967596865067333,0.30557521075804883,0.19827172043419913,0.20436281983396598,0.21070580104386405,0.17042012901907638,0.15544619854668543,0.19080514138088311,0.1508816729885817,0.14922416839310793,0.1487074162388197,0.12339969174277941,0.11934572519052207,0.11424083295379832,0.11924549146082715,0.10634260813995092,0.16038328020662787,0.09852947813805171,0.09730755966816634,0.09270018178357353,0.08725782153994148,0.10824374521784105,0.08844335256414805,0.07837044177624448,0.08210671403205208,0.07723097431584236,0.07472309723421897,0.06838068017094127,0.07012170487148861,0.07305164428293431,0.06658365783146616,0.07148315884231704,0.06443764782547151,0.06148938816493184,0.056679593745069035,0.06499473713378719,0.06092266679301164,0.05618178245189462,0.06290835817494576,0.0583985738583429,0.05753043238931378,0.05127943294712318],"valid_accuracy_dist":[0.9835796387520526,0.9778142974527527,0.9649551752241239,0.9638047138047138],"valid_accuracy":[0.13606111252097847,0.5845263477010211,0.7585676942707189,0.7820741032780629,0.7699011590051291,0.8377393461178595,0.8674292758577924,0.8847517606896108,0.8954721198950442,0.9045436708315677,0.8748617231034198,0.9292832164374041,0.9282524388021229,0.9268079559010315,0.9354681217280796,0.943097858172402,0.9321702914723601,0.9457768759565615,0.9439218065438996,0.9455721998715462,0.9515500692283435,0.9542298891949597,0.9591767553668377,0.953815620045121,0.9583529267045092,0.9373235000667528,0.9610333431402744,0.960207504510791,0.9620642935168459,0.9628891170208135,0.9575279407434008,0.9628881065181979,0.9663933902442511,0.9655686572857597,0.9663934816858653,0.9665995491111722,0.9696936581455197,0.9678363868604468,0.9672176875406695,0.9688671973861834,0.9668057508682761,0.9690734430718188,0.96969215432581,0.9721666330451645,0.9682480676995984,0.9711352267226437,0.9711348895897264,0.969072555862924,0.970928567227315,0.9703101875872034,0.9725780945260811],"mean_valid_accuracy":[0.13625164387115318,0.5840673594562935,0.7574254163787354,0.7809637448874238,0.7690567273989874,0.8371389814888667,0.8670733322644399,0.8844612310865299,0.8952767338240881,0.9043223145164337,0.8747853311557078,0.929085425803946,0.92807453415433,0.9264623554739715,0.9353044169728495,0.9430070269206909,0.9319997923273717,0.9456325177646363,0.9438273629693534,0.9455199058916528,0.9515237660582193,0.9541450893387314,0.9590755265434863,0.9536845634129674,0.9582744177398329,0.937192161878679,0.9609785071762231,0.960148612193029,0.9619830474089255,0.9628182781776282,0.9574361722078432,0.9628155883557442,0.9663453811136992,0.9655007878593942,0.9663323409676027,0.966542610021906,0.9696691001735787,0.9677828293147,0.9671279409914794,0.9688179627480293,0.9667339891434689,0.9690101771175322,0.9696379812444857,0.9721209373012247,0.96818379917143,0.971093821442556,0.9710941507220927,0.9690120038986813,0.9708872220160147,0.9702707918774109,0.9725384563084107],"std_valid_accuracy":[0.0788153044045498,0.06215765319755674,0.13135216246716916,0.13257106339601984,0.08514258763953987,0.07403952658960909,0.05229927829109597,0.05907051175461457,0.04477518780314718,0.046149973735973286,0.09569481442642247,0.033552262327392814,0.03132421660169565,0.04151864840624451,0.028818325321496658,0.028808881361830734,0.032559350809843506,0.025433275376369534,0.022407196953654476,0.02514451872385304,0.017859910071274774,0.018028235933526593,0.012411062329924167,0.014965201569112426,0.015884032406986992,0.022186672104597564,0.013612019606068185,0.010791711912922686,0.01589650687402433,0.015061989989507973,0.013151188440109679,0.011157312700116679,0.010658802898620413,0.010923737924675513,0.010821655852665143,0.010531775573665091,0.01555623165731225,0.010516490274588439,0.012444001101526976,0.010350759859727192,0.012440413448367169,0.010600383210064828,0.010692414574768303,0.011045958687354312,0.008893573069872636,0.01016636317500957,0.0085621651776168,0.008233387204929665,0.007983150282560391,0.009018187717148003,0.008419124355571397],"valid_loss_dist":[0.05385509002433818,0.05090107421957771,0.1090106961682451,0.1276863671412773],"valid_loss":[2.299394062411802,1.8634374543281598,0.8132661417833343,0.6795081116956513,0.5767967907390902,0.4214534156417783,0.3462658037413278,0.3273030037537738,0.2927880424544263,0.2722132015381611,0.3341846349768465,0.21139590224572274,0.21889565451008697,0.22602474476272064,0.18661538150576878,0.17352609828380133,0.20673947759233774,0.16820699525637586,0.1679221662198938,0.1685206479582417,0.14453608233892765,0.13921493609568386,0.13439389797437784,0.14184261855068128,0.12837927084559414,0.1862235245754776,0.12205090065051936,0.12307757369966876,0.11751838865679,0.11221601448415547,0.13464556562354932,0.11719811214292768,0.10549471825413509,0.10944987780833824,0.10461606401475071,0.10368297584632487,0.09490416879607537,0.09952357671212432,0.10367469060114158,0.09658501199419593,0.1024412647418094,0.09537444069499339,0.09272311783239935,0.08685943567317575,0.09742883417141716,0.09366583796942785,0.08891607596720057,0.09784594587003481,0.09282362011725967,0.09201771540495957,0.08514803571551482],