{"test_accuracy":[0.0972,0.3541,0.6045,0.7003,0.7049,0.802,0.7962,0.8564,0.8769,0.8566,0.8875,0.7717,0.8327,0.9061,0.9126,0.9181,0.9315,0.9349,0.9244,0.9283,0.9411,0.9395,0.9282,0.9449,0.948,0.9456,0.9489,0.9525,0.9459,0.9506,0.9548,0.9508,0.9549,0.949,0.9565,0.9567,0.9586,0.9569,0.9577,0.9614,0.9612,0.9574,0.9603,0.9591,0.9634,0.9606,0.9661,0.9636,0.9619,0.9628,0.964],"test_loss":[2.3084521141052248,1.9091893993377687,1.381541171836853,0.8960313089370727,0.8685256814956666,0.5410863416671753,0.5290825737953186,0.40724775562286375,0.343967272567749,0.3751887906074524,0.3208100686073303,0.6033991656303406,0.4362851235389709,0.27341521916389466,0.26436589765548707,0.23837169167995453,0.2093823147058487,0.20136541113853454,0.2280117946624756,0.20930391683578492,0.17973457102775572,0.18591915996074676,0.20487082860469819,0.1677536817073822,0.16036633887290955,0.16536392223834992,0.15638929998874665,0.14808134574890136,0.15705150928497313,0.1494368417739868,0.13803623167276383,0.1464541955947876,0.13778317034244536,0.14855421669483185,0.13476648660898208,0.12689966976642608,0.12514900557994843,0.12948942655324935,0.12762144255638122,0.12276561321020127,0.12019497873783111,0.1271106083393097,0.12106336998343467,0.12019976686239242,0.11330619884729386,0.11702351744174957,0.10493258496522903,0.10836760065555573,0.11333276946544647,0.11096125334501267,0.10723828747272492],"train_accuracy_dist":[0.9725390790029573,0.9636475662353666,0.9898584407352631,0.9884984025559106],"train_accuracy":[0.09794545741159161,0.499816089538122,0.7362198518207136,0.8120435079606957,0.7960695707004362,0.8728390520729337,0.8735746939204456,0.9053123850559613,0.9158741001523829,0.9095685986022805,0.9273290946350691,0.8625926120540172,0.8996899795071199,0.9379959014239925,0.9412011980452946,0.9438284903578372,0.9483474331354107,0.9550207556092691,0.948610162366665,0.9520781882192213,0.9583311439230728,0.9581209605380695,0.9515001839104619,0.960800798696863,0.9628500867006463,0.9625348116231411,0.9640060953181651,0.9653197414744364,0.962955178393148,0.9655824707056907,0.9687877673269928,0.9680521254794808,0.9684199464032368,0.9672113919394671,0.969786138405759,0.9710997845620304,0.9735694393358205,0.9719930639482949,0.9719405181020441,0.9734643476433188,0.9747254479533393,0.9726236141033051,0.9733067101045663,0.974094897798329,0.9771951027271294,0.974830539645841,0.9790342073459093,0.9776680153433871,0.9763018233408649,0.9775629236508854,0.9785087488834008],"train_loss_dist":[0.07580528297490292,0.1122010574387461,0.03654466799410962,0.03713118232572422],"train_loss":[2.3108263146037293,1.4242846051409255,0.8731233263318297,0.5786391924674233,0.5800074719401129,0.37107160325076916,0.3488001268904939,0.284780735675075,0.25016196405461344,0.2538292185552616,0.223740800226446,0.3717834094596933,0.2743320368830508,0.19013815538903003,0.18668919990883417,0.16941171096257407,0.1548955168464059,0.1476142760067685,0.1594504972161394,0.1463519962793529,0.13147812879728848,0.13277334164518584,0.14064768527360247,0.12091850575781377,0.11382997478371905,0.11819843570817025,0.11061048657330394,0.10727918040848876,0.10943941047029415,0.10419034123076981,0.09604539171446141,0.09983876654945302,0.09470139499192894,0.09857295753826678,0.09150081541400776,0.0859921056320949,0.08347671368104985,0.08668495883556292,0.08491035214918481,0.08269718923424373,0.07938392698317712,0.08252477974897943,0.07866105987938941,0.07660983738800542,0.07268847225663679,0.07402913095013085,0.06687947986883853,0.06909367995110856,0.0716296840699096,0.06793581579636333,0.06581188444684154],"valid_accuracy_dist":[0.9721283783783784,0.951559934318555,0.9856418918918919,0.9889267461669506],"valid_accuracy":[0.0903231011505435,0.4972871982107236,0.7401448323218703,0.811984606687329,0.8019028236614779,0.8756351218710856,0.8781572215387887,0.9105079402097301,0.9214318454206093,0.9149201649505863,0.9319357642609478,0.8680764580533761,0.9033671145942107,0.9399186211746338,0.943279448754117,0.9439100020245607,0.9512618466834337,0.9581946267162684,0.9485323310962468,0.9525229788710624,0.9611356100012717,0.9592452056724229,0.9516831082029809,0.9623965164132618,0.9647070988427271,0.9628168347087613,0.9640771655342516,0.9661779444999706,0.9623962293419808,0.965547756976958,0.9691187333539868,0.9670182347780334,0.9682786058888917,0.9659683359454204,0.9689091985337231,0.9701692757413202,0.9712195095186089,0.9678584368928647,0.9695392802262212,0.969119110096124,0.9705897377296284,0.9707997772032024,0.9712197522054833,0.9716400186879519,0.972900630062611,0.9718500615000492,0.9758414009305382,0.9735303869854053,0.9720602855484438,0.9739508887216554,0.97437103730852],"mean_valid_accuracy":[0.0895551539551569,0.5007616172033431,0.7423552686799471,0.8134218491423633,0.8030197869785303,0.8765411447981537,0.8790514595487096,0.9111962195414547,0.92196456199845,0.915556620496261,0.9324815370165779,0.8696650748172035,0.9042612294935438,0.9403504426708327,0.9437449004142779,0.944317410982915,0.9514995204884436,0.9585132789294989,0.9489939504588802,0.9528602199974203,0.961382248043585,0.9595467456692894,0.9519928503876692,0.9626799106294679,0.9649553927002086,0.9631099006002629,0.9643314379682089,0.966359908080301,0.9625805118846702,0.9657836049243997,0.9693200847539829,0.9672716351905905,0.968500865232034,0.9662284817304864,0.9691433038802223,0.9703399646872266,0.9714197829743709,0.9681108341638397,0.9697418835395764,0.9693572480927273,0.9708248003959138,0.9710518329032618,0.971391612337869,0.9718333905747626,0.9731038795475513,0.9720563274895099,0.9760209987494397,0.9737224386582057,0.9722733702712077,0.9741478345246959,0.9745642376889441],"std_valid_accuracy":[0.0853147193341438,0.26676077426293265,0.16547319348909195,0.11950025265683684,0.10670544595120185,0.0763183840255819,0.07802007965125121,0.05553170595972625,0.0435365117338014,0.05434910079804286,0.04412196625343924,0.11812056276262706,0.07162622676806046,0.03722283667785087,0.036512442123084285,0.03355442523368037,0.023967817613406172,0.025213702674752262,0.03425422566121499,0.027464146080028017,0.02001999287358575,0.02347543471751129,0.026465911577736295,0.021741496884302554,0.019748527018297077,0.022044449770459856,0.01940764085754053,0.014343845328102912,0.019763489679780213,0.017975769419216567,0.01612874766121414,0.019228451005878035,0.01737078872245002,0.019821338383863504,0.018059407620386207,0.013721830420065,0.015636133409347698,0.019099955181026175,0.015204164252441315,0.01772927328741554,0.01781227967575152,0.019106408321998187,0.013423551416296501,0.01476557599985812,0.015248741478441099,0.01587868204217875,0.01357924401827731,0.01498244157584402,0.015797905491178054,0.01505581137999204,0.0146980224567683],"valid_loss_dist":[0.07988495057499087,0.14549006494786743,0.045047800434199536,0.03859849394421257],"valid_loss":[2.3118928835943553,1.416046159514182,0.8753766418834044,0.5801256263908413,0.5723624852202603,0.36807254757310526,0.3434969109899489,0.28016331329293886,0.2436330560191711,0.24759237058653108,0.2178271462733008,0.37239219128278317,0.27020096354249434,0.18563274639669344,0.18318593908815498,0.1657465116835645,0.15079139088548135,0.14538320184419393,0.15814630335000096,0.14411334488454272,0.13021098621584123,0.13279216118033005,0.14002423320909693,0.12143252684450426,0.11531214031702786,0.12019053648869325,0.11342776048298076,0.10918609563536114,0.11044871545139986,0.10699044853595654,0.10012287040800509,0.10541305531235708,0.09943005042949891,0.10347940906306528,0.09688404481294322,0.0922981904502678,0.09114488585721162,0.09609875121311762,0.09252833172323151,0.09106471086774284,0.08791465495238587,0.09207354497801283,0.086965366436722,0.08634966420961541,0.08272025405066606,0.08402054249698102,0.07749119077281212,0.080236628713926,0.08331582323957386,0.07959427502842642,0.07782027485556815],