{"test_accuracy":[0.0972,0.369,0.6153,0.7021,0.7574,0.7746,0.8151,0.8126,0.8495,0.827,0.8853,0.8692,0.9049,0.9103,0.9209,0.9235,0.9289,0.9317,0.934,0.9303,0.941,0.9153,0.945,0.9451,0.9509,0.9441,0.9468,0.9502,0.9534,0.9521,0.9558,0.9576,0.9556,0.9585,0.9568,0.9601,0.9598,0.9631,0.9545,0.9632,0.9656,0.9658,0.9623,0.9673,0.9679,0.965,0.9644,0.9698,0.9685,0.9659,0.9704],"test_loss":[2.3084521141052248,2.1655654571533205,1.2086339099884034,0.9009175917625427,0.7213993965148926,0.6232286687850952,0.4965808051109314,0.49374024534225464,0.4135328643798828,0.48485421628952025,0.32574605560302733,0.35335351619720456,0.2746492639541626,0.2598740774393082,0.23299661221504211,0.22489533655643462,0.208298051404953,0.2011789391517639,0.19536107499599456,0.20617933368682861,0.17514128410816193,0.24153648400306701,0.16778349232673645,0.1617136952161789,0.14348634583950043,0.15910881127119064,0.15778388109207153,0.14243286179304124,0.131066819524765,0.13215438780784608,0.12489595382213592,0.11948414200544358,0.12468953676223755,0.11825766341686249,0.12988731389045716,0.1122602564573288,0.11265714874267578,0.10523821135759354,0.13664520752429962,0.10601215354204178,0.09969161208868027,0.09976888427734375,0.10763176350593567,0.09447642072439194,0.09273131322860718,0.10138721069097519,0.10052099233865738,0.0871868497133255,0.0908254390001297,0.09565626639127732,0.08711579757928849],"train_accuracy_dist":[0.9905524748408298,0.9921939194741167,0.9631522896698615,0.9847063621533442,0.9804370447450572,0.9874122988031366],"train_accuracy":[0.09342118880877635,0.4938420671335426,0.7206678856038914,0.7995653223858972,0.8364094249146169,0.850967675164729,0.8848449304860799,0.8774968089143409,0.8981267464725566,0.8635940249077173,0.9191016662641874,0.9104426122054714,0.9366612619450099,0.9410080380860386,0.9467692413840687,0.9491496187946321,0.9533584020422948,0.9532549073722704,0.9542898540725153,0.9487356401145342,0.9602580467105944,0.9376617104219133,0.9627074205678408,0.9638113637147687,0.9700900403629213,0.9648808086383551,0.9681581398557975,0.9693655776727499,0.9726429088901921,0.9710559906164833,0.9732638769103391,0.9744713147272915,0.9732638769103391,0.974781798737365,0.9712974781798738,0.9763342187877324,0.9759547383309759,0.9784386104115638,0.9703660261496533,0.9789215855383447,0.9800945251319557,0.9792665677717598,0.9770241832545624,0.9811639700555421,0.9816814434056647,0.9782661192948563,0.9788180908683203,0.983164867009349,0.9820954220857626,0.9808879842688102,0.9831993652326905],"train_loss_dist":[0.029834867590297343,0.02483417910210721,0.11165011675752644,0.04986649647744017,0.06044595296282426,0.037102567655423725],"train_loss":[2.305459154204501,1.6042182333748136,0.8000681699504643,0.5741293631861858,0.4656927673444992,0.41047815173554897,0.3210909813370048,0.3309317344177171,0.2868312961283206,0.3886104108381523,0.23587846577292942,0.2558695077772743,0.19059551021264562,0.17802315458537638,0.16275450481786796,0.1555648417303219,0.1445400212803784,0.14235137756879843,0.13849898102296884,0.15052177548469167,0.12156115549015029,0.17805241747513914,0.11896699267549522,0.10979092236377323,0.09546984497275379,0.10588486663045898,0.10222010190163994,0.09446482485190497,0.0872471520077875,0.089024032996081,0.08317347997263926,0.07871815597076039,0.08248387284882247,0.07790848598365856,0.09108706757513138,0.0733619067996178,0.0728505026003808,0.06782486869693297,0.09178027381908632,0.0661432252831272,0.06217897044131113,0.06376892654692706,0.06811862081077497,0.05895003619841792,0.05741011941973902,0.06520775713749553,0.06355106993195236,0.053474286840193085,0.0556085428363289,0.05768454533404339,0.051924766202529504],"valid_accuracy_dist":[0.9852216748768473,0.990139687756779,0.9522998296422487,0.9731051344743277,0.9600665557404326,0.9834983498349835],"valid_accuracy":[0.09087509239426589,0.48623300955891435,0.7142101998777225,0.7902026658333269,0.8286881314084362,0.8430340057161548,0.8776515451934325,0.8686887917425035,0.8896561831329282,0.8536612212503408,0.9110386384965172,0.9068967742004677,0.9291060609345364,0.9344844820634246,0.9393124274908201,0.9415192925410403,0.9457954474813319,0.9440026099059888,0.9456576383440292,0.940969134834474,0.9524160447225846,0.9304872497870734,0.9577940557558149,0.9547601715193315,0.9634493538191915,0.9555884279133101,0.9630343755660297,0.9602774015582272,0.9630358223768067,0.9612424468458414,0.9659319488995428,0.9680007925237595,0.9652423910167315,0.9667595097387208,0.9641397815542498,0.9677250893512417,0.9666216326223728,0.9696561852938571,0.9642751512276784,0.9702076004153047,0.9722764593466658,0.9713111413536819,0.9686901358819545,0.9733800088841463,0.9733798653536603,0.9703452851605748,0.9695182068844445,0.9743452516386248,0.9735178889741918,0.9725523711524002,0.9742074867437452],"mean_valid_accuracy":[0.09035939831871247,0.4853052524403633,0.7123580951683844,0.7886813236051592,0.827419438246053,0.8418924432509095,0.8765127914718546,0.8677233867809154,0.8889854091326116,0.8534980795863557,0.9106588565221023,0.9062188703316479,0.9287570310447196,0.9341461333662188,0.9390293067845596,0.9412339655901015,0.9455373225222173,0.9437867033942062,0.9454555774357337,0.9408103733083543,0.9522281429062557,0.9303138477331155,0.9575676235252716,0.9545439392015291,0.9632815798555191,0.9554061062747561,0.9627984139435171,0.9601008955852198,0.9628263394818145,0.9610626150403262,0.9657752867926347,0.9678284316655358,0.9650488572537425,0.9665955011965139,0.964026251010845,0.9675655712307004,0.9664519257290394,0.9695036758997558,0.9640357754421283,0.9700329111748923,0.9721338072480071,0.9711508673662798,0.96851301072275,0.9732325365784463,0.9732385841937917,0.9701853073782543,0.9693510135356566,0.9741807476169401,0.9733648235441542,0.9723921402731223,0.9740552053876032],"std_valid_accuracy":[0.08877343590095416,0.19660344328351975,0.1587433812551267,0.12290556849774997,0.10486741455797519,0.09721275994085223,0.09063320987995561,0.08093077042890398,0.060104867374177154,0.06663137141360569,0.04337563432332497,0.05603439312837731,0.03605135259598976,0.032633645531129137,0.030244134404187953,0.029505483928727243,0.027751119931194952,0.026491046631173073,0.024854150620252025,0.026770776130274954,0.021532652970689185,0.033408640189483536,0.021750619665529783,0.02156723539170146,0.01617087374648044,0.02054557982065629,0.01872918254690446,0.01823730060802452,0.02038473034936492,0.01729857382363409,0.01490458469117692,0.015852421312301038,0.018920145485679243,0.015811330772020994,0.014962430071139553,0.015375469137108145,0.016440008557373792,0.015165330107417718,0.017972776455882942,0.01603806516298378,0.01319191717816788,0.015024899365704666,0.015974051805099802,0.013651116585530925,0.013003256649142123,0.014228555477346572,0.016480864137285726,0.014216121769071487,0.014012741490661187,0.015022092155390429,0.01379888231286464],"valid_loss_dist":[0.04038707720504214,0.029638718890183855,0.12917098616213368,0.08055803586577825,0.11971516798121759,0.05444689232720794],