{"test_accuracy":[0.0972,0.4318,0.6765,0.7141,0.8211,0.8621,0.8331,0.8955,0.9172,0.9199,0.9304,0.9298,0.9325,0.9347,0.9477,0.9476,0.9483,0.947,0.9515,0.9525,0.953,0.9511,0.9597,0.9584,0.9545,0.9538,0.9561,0.9581,0.9593,0.9596,0.9587,0.9641,0.9651,0.965,0.9631,0.9637,0.9636,0.9627,0.9633,0.9635,0.9644,0.9631,0.9672,0.9676,0.9667,0.9663,0.9679,0.9681,0.9635,0.9642,0.9692],"test_loss":[2.3084521141052248,1.6257793153762818,1.0113578499794007,0.8131080340385437,0.5335207042694092,0.4303980900764465,0.4924156648635864,0.3439658030509949,0.28520630474090575,0.2726403914451599,0.2529301675081253,0.24560719661712646,0.23262774243354797,0.23015343675613403,0.18477266550064086,0.18242585735321046,0.1734805544614792,0.17804772057533264,0.16504696288108825,0.16020385639667512,0.15606448752880098,0.15834366731643676,0.1323948184967041,0.1386236351966858,0.14483335580825807,0.14602286100387574,0.13912327678203582,0.13467855513095855,0.12847701070308684,0.12851694116592408,0.1314432411670685,0.11155395549535752,0.11309534196853638,0.11504198265075684,0.1152917368888855,0.11822847447395325,0.11239802832603454,0.11624219884872436,0.11572046093940735,0.11539591706991195,0.10984766383171081,0.11320444283485413,0.10524083876609802,0.10353379021883011,0.10232210870981216,0.10564039387702942,0.1020244765996933,0.10103652682304383,0.10944324321746826,0.10787927100658416,0.09421724350452423],"train_accuracy_dist":[0.9888020283118529,0.9910267111853088,0.9762105263157895,0.9727610400330169],"train_accuracy":[0.09748444119031431,0.5212070498404895,0.771873855969876,0.7877203075152973,0.8736990743161969,0.9007897076512734,0.8765231943935987,0.9224935934313059,0.9380785523769677,0.9411641650541289,0.9456618377699911,0.9464986140892213,0.9502118090058052,0.9520422572041212,0.9600439307567595,0.9590502588776738,0.9610376026358454,0.9597824381570002,0.963024946394017,0.9642801108728623,0.9662674546310339,0.9653260812719,0.9705559332670886,0.9694053658281471,0.9671042309502641,0.9684116939490612,0.9699806495476178,0.9695622613880027,0.9723863814654046,0.9720725903456933,0.9695622613880027,0.9754719941425658,0.9762041734218921,0.975367397102662,0.975367397102662,0.9752105015428063,0.977145546781026,0.9764656660216516,0.9758380837822289,0.9760472778620365,0.9778254275404006,0.9781915171800638,0.979498980178861,0.9805449505778987,0.9807541446577062,0.9809110402175618,0.9808064431776581,0.9802834579781392,0.979917368338476,0.9798650698185242,0.9821662046964071],"train_loss_dist":[0.032403008454689235,0.02643073946610715,0.06722324794060305,0.07909592331144567],"train_loss":[2.3091713468198414,1.3127021802580823,0.7259133676780354,0.600488720831216,0.38465600591262983,0.3140347307750255,0.36528328252969616,0.2558670283302179,0.2117083605343213,0.19963727554744845,0.18751033979192025,0.17987208305475483,0.16886822554771325,0.16055168682941862,0.1358965783052711,0.13531238618909075,0.12612063798208464,0.12800855334435327,0.11874683202170258,0.11339957611597823,0.1079417820224019,0.10889653449658039,0.09362030507071542,0.09612980586740176,0.09948381431639244,0.09705909458002432,0.09199630772546584,0.0907599680734743,0.08478732876996697,0.08414353897719976,0.0898818423914352,0.07434913033496685,0.07298440979573026,0.0734637112053133,0.07261653612699258,0.07314570776050164,0.07067772368043482,0.07026304641134472,0.0706624891196894,0.07018710839666399,0.06580197944768405,0.06569161118331561,0.06130272372025749,0.05924756894786561,0.05853415896146703,0.059536718672962535,0.0581401462778375,0.05832368737195465,0.05972863358784611,0.06015475503396996,0.051390032666845865],"valid_accuracy_dist":[0.9864864864864865,0.986644407345576,0.9595959595959596,0.9686468646864687],"valid_accuracy":[0.0896975037710355,0.5221861031777076,0.7699812876630904,0.7906895100854906,0.8766272937011779,0.9021379586975296,0.8795558951568091,0.9232583560122005,0.940823244484196,0.9450051428037117,0.9491871301529867,0.9512784397985263,0.9537871019069637,0.9537866102001724,0.9604786065928397,0.9604784305035468,0.9650786725554127,0.963406088449293,0.9652880933157277,0.9661241608985257,0.9680064639066451,0.9669608918981465,0.9696790166408222,0.9688428060841324,0.9680066888436942,0.9686337758894091,0.970515475640326,0.9703065134714012,0.9705152620563713,0.9713520854798996,0.9673793777120443,0.9721882140734321,0.9728154327811745,0.9730246277533267,0.9721882445942606,0.9721885096205443,0.971561327515119,0.9726068088431684,0.9713517332600834,0.9719790487709947,0.9728153874615653,0.9728156481085878,0.9744884170625223,0.9744882418243437,0.9749066282405002,0.9742793955850907,0.9749066788317151,0.9738609647004387,0.9734427648343249,0.9723974805067608,0.9753247243811504],"mean_valid_accuracy":[0.09042038320001591,0.5218358835941875,0.7698449357594809,0.7904108281547371,0.876818682144106,0.9022835755771166,0.8795282724900879,0.9232466699581342,0.940842296398664,0.945049768817517,0.9491623608744864,0.9512944702214359,0.9538053427789726,0.9538266684457892,0.9604789190717264,0.960482432222151,0.9651128143306216,0.9634288794024388,0.9653051048258768,0.9661618814364366,0.9680571286962767,0.9670018186977145,0.9697129396778359,0.9688836330809494,0.9680449051396816,0.9687006083789244,0.9705744802994604,0.9703369072741398,0.9705620360545959,0.9713922172727019,0.9673969236748684,0.9722062774125102,0.9728640149204952,0.973073030754511,0.9722389031412992,0.9722339681144527,0.9715918533029664,0.9726527522613253,0.9713944070925953,0.972034389089449,0.9728692276408717,0.9728722920819846,0.9745367149238235,0.9745357262920828,0.9749572556459085,0.9743328548049236,0.974944378156363,0.9739120363893088,0.9734619913848083,0.9724507057228984,0.9753434295286227],"std_valid_accuracy":[0.08921560817121488,0.14243585454880275,0.12249638680151691,0.11669371780748898,0.07070939706320102,0.05449188979763879,0.06150115239163182,0.04137983542131584,0.03228957867939218,0.03175754363864786,0.028003842641681615,0.02645943411866949,0.027259234047090436,0.027517682983338666,0.022602189043802283,0.021527938000057995,0.018974372346056735,0.019751717553763037,0.018833094796849553,0.016859914240682273,0.01661569498957159,0.016872393279094452,0.015400382654180587,0.016613108844132154,0.016041452399037853,0.01729660465213418,0.015236749930082222,0.014384734499758191,0.014773339384394896,0.014063355794815945,0.017048350779375717,0.014144369987819845,0.01370458831321406,0.012679067025942084,0.013124481943659658,0.013258707445109544,0.014011874045488301,0.01447616246006764,0.014827558019540799,0.012948335165947527,0.012887863648595007,0.01418647212253207,0.012075926178481548,0.012454412618788942,0.012884630007837112,0.012768301601026676,0.011233987317425325,0.01266822571867402,0.013733157735237875,0.014187126898990692,0.011669475223320576],"valid_loss_dist":[0.04095649195683969,0.04089974321561783,0.12508494675360143,0.09999373041265475],"valid_loss":[2.310308648180171,1.3249938915463446,0.7342873866147872,0.5982552507035709,0.3839753636550206,0.31373429502819605,0.36144438043030086,0.2580097908572497,0.21267003819611252,0.20115259478045208,0.19154854757909676,0.1835647757092619,0.17323898509899976,0.16789692986119636,0.14197293057684354,0.14187801273602918,0.1315787956568203,0.13412367480743673,0.12698561703957303,0.12207900535976676,0.11822729981340974,0.11937643515503542,0.10392809452345139,0.10748401672205515,0.11163899521254458,0.10941175401873383,0.10547535217583795,0.10466395596859954,0.10094938528975031,0.09921559327095364,0.10595654745678561,0.09119573180899365,0.09100202536631921,0.09078390392684862,0.08999830716198966,0.09208005354408706,0.09007137583857171,0.09009087226998753,0.09095086933982785,0.08997042641048261,0.08586381276190407,0.0876706709306615,0.08337769709591407,0.08187840699109193,0.08107691992865429,0.0826890172809196,0.08166344646451185,0.08139515661111008,0.08648108839866923,0.08413200194101333,0.07680360653628443],