{"test_accuracy":[0.0972,0.5693,0.7975,0.8725,0.9118,0.9312,0.9377,0.9483,0.9426,0.9535,0.9578,0.9608,0.9645,0.965,0.9688,0.9695,0.968,0.973,0.9753,0.9754,0.976,0.9779,0.979,0.9783,0.9796,0.9776,0.98,0.9799,0.981,0.9799,0.981,0.9815,0.9819,0.9825,0.9807,0.9821,0.9821,0.983,0.9837,0.9843,0.9831,0.9843,0.9841,0.9848,0.9851,0.982,0.9858,0.986,0.9857,0.9862,0.9852],"test_loss":[2.3084521141052248,1.2713969808578491,0.595777864074707,0.39885440630912783,0.30142709980010984,0.24645320961475373,0.2189368245124817,0.18619305956363677,0.18483496639728547,0.15355693402290344,0.14332273693084716,0.13125738217830657,0.12446167532205582,0.12304127994775772,0.1101418197274208,0.10352543630599975,0.10963216321468354,0.09279923810958862,0.08563253298997879,0.08431380325555801,0.08150842246413231,0.07727395397424698,0.07337189494967461,0.07269863074421883,0.06971361373066902,0.07450499603748321,0.06543592988848686,0.06668581504821777,0.06029666629433632,0.06321909856796265,0.05989713299274445,0.058841694378852845,0.05766311338543892,0.05582811033725738,0.05942235152721405,0.055821200942993164,0.05611137558221817,0.05338026170730591,0.05191624698638916,0.05050611481666565,0.05310078010559082,0.04929514094293117,0.049116276189684865,0.050179312419891355,0.04782836691737175,0.05751855526566505,0.04595142279267311,0.04512878779172897,0.044449832439422604,0.043340433591604235,0.046261049419641494],"train_accuracy_dist":[0.9896493451626531,0.9815157116451017,0.9864779209803507,0.9880854560394412,0.9918433931484503,0.9806451612903225,0.988313856427379,0.9911578947368421,0.9826661163846472],"train_accuracy":[0.10560957021777788,0.6095933119327498,0.8120135793630632,0.8739982910325397,0.9096325719960278,0.9276229186392924,0.9338814346089005,0.9454285120436018,0.9421953303618854,0.9519641578716427,0.9564675180711761,0.9588000277129859,0.961386573058359,0.9618946444654858,0.9653356735410268,0.9685688552227432,0.9653125793861573,0.9716172836655043,0.9734879102099259,0.9736264751391422,0.9744116764047019,0.9759820789358213,0.9770444100598139,0.9773677282279855,0.9779219879448512,0.976305397103993,0.979284543082146,0.9783376827325004,0.9809935105424817,0.9794923904759706,0.9811089813168287,0.9815015819496086,0.9810858871619593,0.9828641370869033,0.9813168287106533,0.9830950786355973,0.9825870072284705,0.9834645851135078,0.9842497863790675,0.9845731045472391,0.9833491143391607,0.9854737765871457,0.985081175954366,0.9845731045472391,0.9859356596845339,0.9821251241310824,0.9864899194013995,0.9864668252465301,0.9868825200341793,0.9875984388351309,0.9866977667952241],"train_loss_dist":[0.03357101120857382,0.05551298319586471,0.04370186983505585,0.04059471125846871,0.031092130486377885,0.057523088747951416,0.03699384506586597,0.03497925955566921,0.052094700064754564],"train_loss":[2.3070682318903653,1.2225146855727864,0.5786478285238772,0.39411295264527796,0.30180641661141583,0.24997767769506585,0.22170449530148362,0.1930381440061369,0.18724869419512072,0.16343161035674525,0.14892556631208026,0.13970287659621614,0.1299481487142919,0.12718049554964572,0.11524347828063251,0.10933306692175214,0.11432183736392866,0.09720146389559525,0.09080806251342821,0.08892963190549752,0.08599459854741616,0.08187040636803186,0.07774859741775794,0.07652165602069909,0.07364939381369641,0.07841784503835803,0.06901285552939422,0.06975732674354926,0.0633972250621139,0.06528371505707531,0.0620036417329454,0.06023751967575285,0.06214188725265209,0.05684054334166839,0.059849407679417106,0.05618502969209907,0.05640677253307406,0.05354778122797198,0.05140980397252816,0.05015716516905309,0.05257882560239597,0.04814898354348893,0.04782016261133113,0.04889650444713358,0.045754184281086005,0.05659765937901122,0.04377352625669482,0.042924322158090306,0.04202326405229486,0.04117106063287688,0.04291875570715599],"valid_accuracy_dist":[0.9890202702702703,0.9770114942528736,0.9864864864864865,0.981101068200493,0.9853300733496333,0.9733777038269551,0.9858096828046744,0.984006734006734,0.985973597359736],"valid_accuracy":[0.10025866901028467,0.6037758064739857,0.8096928351394331,0.8712833132661975,0.9099724583617931,0.9276096685933403,0.935365896514444,0.9447850551900975,0.9410909286709715,0.9498638813150925,0.9558649320301988,0.9573426950331375,0.9619588275291571,0.962697206559763,0.965282746903669,0.9676836486401075,0.9625127169001009,0.9704532741891382,0.9712840024539785,0.9716533153115926,0.9728535927437477,0.9733151116492457,0.9751619384035997,0.9754391027539115,0.976177225222301,0.9747005047264927,0.9771933774983077,0.9768237955264983,0.9788553306501017,0.9778395706334997,0.9786704491385401,0.9796864338586405,0.9802404488450586,0.9801479829369847,0.9791322753914455,0.9799633568443507,0.9807020766223209,0.9806097086317824,0.9818100438213794,0.9822717929679495,0.9809790897119576,0.9828257648131833,0.9827331616145057,0.9824564641366331,0.982918084186871,0.9789482356847666,0.9830104600059321,0.9839335967466448,0.984118499306113,0.9844878025672471,0.9831027008948899],"mean_valid_accuracy":[0.10023395206137625,0.6023886390439948,0.8097220472856554,0.8714495607636374,0.9099513488535411,0.927566018790475,0.935348202093021,0.9447740133562859,0.9411409064299383,0.9498372805547421,0.9558593672818125,0.9573155478397566,0.9619724822031799,0.9627266418099834,0.9653197280214617,0.9676958225303882,0.9625488242877263,0.9704791811958332,0.9712911019532012,0.9716644464564751,0.9728705972542683,0.9733381686117026,0.9751779374328695,0.9754603188617027,0.9761859855768322,0.9747314640189926,0.9772109998466632,0.9768438631182634,0.9788722842771325,0.9778651115236278,0.978687146644973,0.9797031141099557,0.9802463560773362,0.980181200209281,0.9791421671919165,0.9799759653082813,0.9807227298788079,0.980616622601869,0.981824468182627,0.9822847005603,0.9809680756447757,0.9828383912377442,0.9827432256798241,0.9824815652360268,0.982929849550714,0.9789498445256108,0.9830223301438958,0.9839412561671284,0.9841330604723838,0.9844850214453358,0.9831241233953174],"std_valid_accuracy":[0.08842952750667357,0.1364287555060892,0.06498032054767208,0.04474640600907173,0.013635507274495784,0.014946730035515651,0.014112953803324106,0.01411794274990968,0.01702826511834196,0.015312277921873228,0.010380343097395203,0.010908537285699967,0.009322832270524979,0.010021036058813998,0.009750668827541394,0.009358816052042768,0.011155712446331288,0.006867645401434067,0.00574493537585,0.005905752634183328,0.005033075059219669,0.006358395367701367,0.006013018724693687,0.005824560310774579,0.005417755465477478,0.005927387783651571,0.005832918957062022,0.006450954321741649,0.005304385658995522,0.006035197487410629,0.005209876631916857,0.005258165410182846,0.0038533911054297724,0.004813515027078941,0.005115216804303493,0.005634539441281304,0.005037313852633247,0.0048824046684775545,0.005100350891763036,0.0045862640710956385,0.004856047477315467,0.00420068706005109,0.004306649183735392,0.005217436535650629,0.004379633377528544,0.005889262107242524,0.004374527867967532,0.003446492095411738,0.004298477971237445,0.003928787637700904,0.004755075220718323],"valid_loss_dist":[0.04538374917732703,0.062361991549849706,0.039442294352763405,0.053952815461117125,0.049029509484549316,0.0918565004468956,0.04527480464944855,0.05923691075859648,0.05638577476783161],