{"test_accuracy":[0.0972,0.6075,0.7948,0.8591,0.8605,0.8806,0.8975,0.9184,0.9234,0.9127,0.9271,0.9417,0.9438,0.9476,0.9451,0.9467,0.9458,0.9501,0.9537,0.9549,0.962,0.9592,0.9603,0.9619,0.9662,0.9659,0.9661,0.9684,0.9674,0.9693,0.9686,0.968,0.9704,0.9694,0.9692,0.9702,0.9712,0.9708,0.9722,0.9727,0.969,0.9725,0.973,0.9738,0.9737,0.975,0.9751,0.9758,0.9763,0.9751,0.9766],"test_loss":[2.3084521141052248,1.353154182434082,0.6998542183876038,0.4389480094909668,0.38242697701454165,0.3372019997596741,0.28536341614723204,0.25387192935943603,0.23800508303642273,0.23404167580604554,0.21873900933265686,0.188586359167099,0.1818306904554367,0.1711876346349716,0.1705430762052536,0.16554044342041016,0.16075006479024886,0.15483575913906097,0.1452765950202942,0.1422502610206604,0.12931999214887618,0.13482737317085267,0.12885301030874252,0.12320814574956894,0.11333631525039672,0.11577940143346786,0.1099241494178772,0.10483391417264938,0.10853294026851654,0.09625222289562226,0.1022305946111679,0.10281643772125244,0.09667989702224732,0.09892054436206818,0.0993475160241127,0.09541134024858475,0.09196657266020775,0.09349253100156785,0.08907404110431671,0.08760204488039017,0.095603093624115,0.08642954368591309,0.08566611154079437,0.08236066598892212,0.08277561357021332,0.07892500842809677,0.07687038797140121,0.07517089848518371,0.07524411479234695,0.07670908789634705,0.07363237619400025],"train_accuracy_dist":[0.9871144909167723,0.968782090778394,0.9885907458271709,0.9614483493077742,0.988784665579119,0.9893572621035058,0.991578947368421],"train_accuracy":[0.10965737670639543,0.6617080383546913,0.8378289571944917,0.8808435642381336,0.8911192759207814,0.9046509543865938,0.9191385130089315,0.9318636675926756,0.9361352570421484,0.9323714789258297,0.938465214923679,0.9502942318606805,0.9525345759775368,0.9547749200943931,0.9548944051139588,0.9559398990351584,0.9559996415449413,0.9584192131911462,0.960629686053111,0.9620635062878992,0.9649908892672581,0.9643038504047555,0.9654389580906294,0.9670221345998745,0.969770290049885,0.9695313200107537,0.9707859127161932,0.9712638527944559,0.9719210204020671,0.9745795620874033,0.9732652268721809,0.9733847118917466,0.975057502165666,0.9742509782835977,0.9753263434596887,0.9760731248319742,0.9764315798906712,0.9757445410281685,0.9777160438510022,0.9770290049884995,0.97577441228306,0.9779848851450249,0.9788212802819847,0.9789108940466589,0.9792394778504645,0.9806434268303611,0.981629178241778,0.9812408519281896,0.9811811094184066,0.981061624398841,0.9822564745944977],"train_loss_dist":[0.044135370206388434,0.0999293091052194,0.03805593937751911,0.10596994716392412,0.044861461596523954,0.029153697211326463,0.03191350692510605],"train_loss":[2.308323997335522,1.2032885003656806,0.5997090801780475,0.39613286189452956,0.33119389781607705,0.28869789017595676,0.24579058624762848,0.2215892169452641,0.20597919939071876,0.19935247368689282,0.19073091382499907,0.16473769148391118,0.15764127674545086,0.14921527302161544,0.14541141082764358,0.14078851087955205,0.13567372310626113,0.1307554498297498,0.1235002222945461,0.12036609826146849,0.1120901394881477,0.11240857517264449,0.10842117508959306,0.103464582096432,0.09855303736354344,0.09718127313840079,0.09237413896093567,0.08907569966068346,0.08971764851466894,0.08514210739072482,0.08448210589134338,0.08414193346478177,0.0798733641205727,0.08033354496019436,0.07988223304310665,0.07714502739238459,0.07517040662275412,0.07476384484679247,0.071436871901325,0.0706824262202468,0.0739446960538283,0.0695073661438456,0.06683107786195262,0.06473181568927194,0.06444474156512735,0.061477564256347296,0.0597779615486338,0.058343359732039336,0.05822292811450625,0.05867284434563577,0.05629042608952598],"valid_accuracy_dist":[0.9847972972972973,0.9605911330049262,0.9890202702702703,0.9667802385008518,0.9763651181744091,0.9891485809682805,0.9823232323232324],"valid_accuracy":[0.10520124677772713,0.6499441438809602,0.8399623893688086,0.8793753106325903,0.8927526455962658,0.9068448586533346,0.9191462193366181,0.9347915646378241,0.9372994854872967,0.9327605654838717,0.9375377488623989,0.9509153410840364,0.9539004416745348,0.9550952581987522,0.9555728623944861,0.956886279557032,0.9559305713060496,0.9591552502081488,0.9609466801290062,0.9616634224317246,0.9663218306438889,0.9652460524213531,0.9662015633264712,0.9669180761261408,0.9701431369968363,0.9697843518867564,0.970381702505465,0.970501185635806,0.9710982151249692,0.9720547016178477,0.9724119285293596,0.9719342127562586,0.9736062359410951,0.9721727932310253,0.9728895280863016,0.9749197866367848,0.9740836383563485,0.9727702096620923,0.974919804963461,0.975278304571075,0.9736065042667065,0.9744423564404575,0.97539755058629,0.9750393903447437,0.9757560477856067,0.9762335174274973,0.9782642110487911,0.9776670100419612,0.9774279768136679,0.9776669395655834,0.9783835076028238],"mean_valid_accuracy":[0.10452507652852883,0.6505167439195737,0.8401732171031736,0.8795706783906312,0.892927372772672,0.9069496621261448,0.919241695295485,0.9348374171834869,0.9373406720841374,0.9327908503120971,0.9375689262908102,0.9510275130788238,0.9539955257507678,0.9551557167437401,0.9556544368558592,0.9569641269246022,0.9560032882800232,0.9591981175987391,0.9609879939191371,0.9617327429848563,0.966406011439111,0.9652999803903455,0.966244399770791,0.966966144664454,0.9702323638467273,0.9698296976299643,0.9704343438438073,0.9705590647202011,0.9711511910262393,0.9721445475517269,0.9724691182581512,0.9719917471352497,0.9736552362066103,0.9722107941865523,0.9729306525155442,0.974952239645349,0.9741184437937627,0.9728283630021771,0.9749664768883793,0.9753362816744657,0.973669900522127,0.9744981583934275,0.9754381618177156,0.9750861534819064,0.9758141326298219,0.9762829016232778,0.9783335672969086,0.9777325505969073,0.9774711214903938,0.9777266954548717,0.9784322672198955],"std_valid_accuracy":[0.08745019499938533,0.10235493124445115,0.0832106950377953,0.06500079454860117,0.06621737324684479,0.06187095920852859,0.05288194896136971,0.03629429564936341,0.03597841450449407,0.04579880812574845,0.03308292446443212,0.02625094478149705,0.02607385108174088,0.02517231497553056,0.029472947945321668,0.02786939206229417,0.031628673665931056,0.027118408240455135,0.026209484588528443,0.025248136695479963,0.018391941971754457,0.022715422277339845,0.022190167304506354,0.02078885826954905,0.014347129197305067,0.019631396393513988,0.01843918160212242,0.017184411802869785,0.016632945825564485,0.012192262872391866,0.017013989928502646,0.01771896085801163,0.01531273637792769,0.01792445857927752,0.015264193636494748,0.013561534843052149,0.013507108996209244,0.017750178526077142,0.014551052395943028,0.014676471131689513,0.017125452659483866,0.015468375673754685,0.014028024566347528,0.014482978127460574,0.013321038154091046,0.013639519438166405,0.010178955943053151,0.012040909405203836,0.011780288377367144,0.012893281256360856,0.010288324553259455],"valid_loss_dist":[0.053098944796098245,0.11080186174225141,0.04059324846477122,0.10011100410475844,0.07574948876148914,0.03650627620222796,0.06223583601490416],