{"test_accuracy":[0.0972,0.4398,0.6257,0.7207,0.7884,0.8458,0.8598,0.8897,0.9103,0.914,0.9232,0.9245,0.9345,0.9401,0.9523,0.9495,0.9553,0.9293,0.9564,0.9553,0.9613,0.9587,0.9635,0.9606,0.9666,0.9677,0.9692,0.9667,0.9695,0.9706,0.9703,0.9723,0.9728,0.9739,0.9753,0.9756,0.976,0.9782,0.9769,0.9725,0.9759,0.9762,0.9738,0.9627,0.9755,0.9783,0.9774,0.9775,0.979,0.9791,0.9776],"test_loss":[2.3084521141052248,1.827067596435547,1.0505492612838745,0.7542608183860778,0.5757044213294983,0.43051288743019106,0.3918522189617157,0.3209804507732391,0.26844444465637207,0.2579126571178436,0.22758925108909606,0.22936660346984863,0.1996519765138626,0.18184979665279388,0.15615004427433013,0.1622311492204666,0.14882447805404664,0.20958241717815398,0.14030404950380326,0.13888554677963258,0.12322679206132889,0.12854183955192566,0.11349429405927658,0.12063230752944946,0.10515702015161514,0.10376877315044403,0.09665130277872086,0.10111707325577736,0.09716380226612091,0.09222764492034913,0.09123694677352906,0.08704872424602508,0.08481167879104615,0.0805424894452095,0.07747932872772217,0.07825775083303452,0.07639904607534409,0.07189317626357078,0.07538389351367951,0.0847732378423214,0.07456336363554,0.07439427872896194,0.08108947381973267,0.10957667779922485,0.07413311668634415,0.06951256861686707,0.06852215723991394,0.07000224637985229,0.06403012018203735,0.0666856236577034,0.06748463951349258],"train_accuracy_dist":[0.9903470938591087,0.9950698438783895,0.9906199021207178,0.9785639958376691,0.9793405676126878,0.9808421052631578,0.977713578208832],"train_accuracy":[0.107229414198735,0.5415558314121889,0.7328427026068451,0.8085653484660401,0.8524856653070876,0.8829875273393628,0.8996571496128155,0.9196961636223917,0.93012945557723,0.9336170715847963,0.9384642667139563,0.9421883312644086,0.9504640302654135,0.9545427676301945,0.9601584205237336,0.9587397292664184,0.9623455695454277,0.9480995448365549,0.964739611042147,0.9652716202636401,0.9689661287462316,0.9679021103032452,0.9715966187858367,0.9701483714606609,0.9737246556718094,0.9745226695040492,0.9755571318791748,0.9754093515398712,0.9766802624578826,0.9772122716793757,0.9778033930365904,0.9789560796831589,0.9795472010403736,0.980049654194006,0.9808772240941065,0.9808181119583851,0.9818230182656499,0.9820594668085358,0.9807294437548029,0.9796358692439557,0.982473251758586,0.9823845835550038,0.9801974345333097,0.9684932316604599,0.9824141396228646,0.9836850505408761,0.9842170597623692,0.9838919430159012,0.9854584146125199,0.9846012886445588,0.9846899568481409],"train_loss_dist":[0.02948639184025358,0.01987395327822929,0.031943192766283504,0.06862699423725721,0.06296379694432169,0.057599496794374365,0.06739370671865422],"train_loss":[2.3042319843643218,1.4006459231638644,0.7675966649231085,0.555394382457111,0.4224854523587214,0.34121779569729627,0.29480195480121424,0.25065625725629914,0.2154330449517828,0.20124899038096203,0.1855567260174356,0.17900300393844565,0.15541736800028702,0.14390921442837568,0.12813296743768315,0.12979354032615845,0.11982958041747643,0.15402182540086942,0.1111069316672158,0.1092910555816679,0.10106864825231095,0.10109670651663598,0.09108397565668001,0.09521205137274191,0.08502602669290228,0.08400937024066389,0.07803619979315526,0.08007389575898341,0.07676969955417053,0.0733773930480208,0.07169825930328715,0.06852323135074032,0.06647202733629082,0.0644960712679794,0.061793636142297645,0.06158970865008819,0.05951136574563126,0.05810178632476305,0.06270722597670089,0.06293257383065172,0.05642931913808248,0.05592474633203621,0.06030315808449115,0.09316805576958569,0.054609758109968556,0.0518751295293126,0.05003335276074571,0.05167589280100304,0.04688481900894068,0.04858627826279968,0.04813583373392316],"valid_accuracy_dist":[0.9860426929392446,0.9917830731306492,0.9828850855745721,0.9700499168053245,0.9782971619365609,0.9713804713804713,0.9752475247524752],"valid_accuracy":[0.10326400693379797,0.5366503289584132,0.7310260032136348,0.808080300916648,0.8520432326808588,0.8812373852951464,0.8965948012638776,0.9166883513138696,0.9283884220791613,0.9302779684144433,0.9355970228613674,0.9383142789456002,0.9462309863776099,0.9502489983350128,0.9547398990301884,0.9552128972389596,0.9581672374916159,0.9439853423043992,0.9604120099612434,0.9600567800867497,0.9651401406265837,0.9634844279960978,0.966911760577313,0.965494406514907,0.9692755983267045,0.9704570024804262,0.9715203309850536,0.9702207127331829,0.9722298132926236,0.9725845632855105,0.9734112267275927,0.9742385828694625,0.9753021853441042,0.9750662197714677,0.9757748353800474,0.9758929837064863,0.9768384575001351,0.977547354612826,0.976956863138775,0.9749475877710946,0.9781380232198357,0.9784928212899554,0.9771931366987896,0.9606506643267072,0.9776656156299081,0.9788473924436711,0.9792016713200592,0.977547261946548,0.9799107713558936,0.9801473225694955,0.9794380482897737],"mean_valid_accuracy":[0.10329307349976173,0.5354800191101481,0.7298361652184502,0.8071531992669516,0.8514908458554153,0.8808809012648483,0.8962701046538226,0.9164352949589771,0.9281700555196047,0.9300893587893385,0.9354324061426871,0.9381168294304032,0.9460871552324466,0.9501092954657928,0.954632285885076,0.9551058835553476,0.9580648066949969,0.9437756194022209,0.9603033388216796,0.95993164856553,0.9650707489501275,0.9633801723835319,0.9668111842244345,0.9653990480947133,0.9691965332548379,0.9704053830451931,0.9714396443079193,0.9701362242787308,0.9721613261945439,0.9725091354300769,0.9733380755449211,0.9741586191831646,0.9752273164133038,0.9749964470196801,0.9757017923399302,0.9758323950412616,0.97678109643355,0.9775192394113772,0.9769226098385471,0.9748650431926987,0.9780766536258299,0.9784246222301836,0.9771228185605028,0.96056396075125,0.9776057689445515,0.9787870353275363,0.9791470108419418,0.9774925564355759,0.9798629037140936,0.9800929277951107,0.9793837037884712],"std_valid_accuracy":[0.08883376821931378,0.18276821488151937,0.12910942324200564,0.10294328348734219,0.07572135960728471,0.054767826526354646,0.04783094228618318,0.03487508798428817,0.031413515170896245,0.028993749057777657,0.026895788292307814,0.026592510998307478,0.020342626266953028,0.019879645805531063,0.015911596393902838,0.017440548166615992,0.015635849484666262,0.027323364885186885,0.014209542585942946,0.015715965318888872,0.013493382516187338,0.014382999362855052,0.01328180679345062,0.01499366814404454,0.01140340103524823,0.009555978889771454,0.010769775713836891,0.011700519024441308,0.011034757398915625,0.011795773749387251,0.010436514045772397,0.010560888240798589,0.010277291873361544,0.010553517716618888,0.010051090609566564,0.008766106572187363,0.008920393652818024,0.00579596641215867,0.006864716064086498,0.01109805102369509,0.008153868723105188,0.009290758080477367,0.010132577601999768,0.018778470286910855,0.00879823414214359,0.008292530301020501,0.007823596912451903,0.009116730224886405,0.006792508424592279,0.007856258849940382,0.007366003274143834],"valid_loss_dist":[0.033468435113188276,0.029677139832381842,0.059422432271173165,0.11172335888700755,0.07897291126628352,0.09645272432653992,0.08266840130090714],