{"test_accuracy":[0.0972,0.4669,0.6814,0.8012,0.8513,0.8798,0.8616,0.9219,0.9396,0.934,0.9446,0.9585,0.9521,0.9539,0.9555,0.9611,0.9616,0.966,0.958,0.9651,0.9694,0.9695,0.9726,0.9737,0.973,0.9728,0.9599,0.9759,0.9757,0.9762,0.9775,0.9768,0.9747,0.974,0.9775,0.9789,0.9795,0.9791,0.9786,0.9792,0.9806,0.9802,0.9808,0.9802,0.9806,0.9818,0.9815,0.9818,0.98,0.9811,0.9777],"test_loss":[2.3084521141052248,1.6540300968170165,0.877444157409668,0.559132880115509,0.42293034501075744,0.34758265953063966,0.3707876451015472,0.24483003709316253,0.19884671070575713,0.20222776222229005,0.1778501303434372,0.14126431114673615,0.1555658710718155,0.14985243602991105,0.14273700680732726,0.12664795409440993,0.1227504538655281,0.11062983098030091,0.13002705472707748,0.11104935853481293,0.10097645510435105,0.09812274401187897,0.09049544945955276,0.0853422082901001,0.09037018563747407,0.08930923886299133,0.11861492834091186,0.08005509829521179,0.08053434559106827,0.07621688554883004,0.0747813308954239,0.07337798346281052,0.07800524159669876,0.081705679833889,0.0724237647652626,0.06735042644143105,0.06835447596907615,0.06652812142372132,0.06716163648366928,0.06623913483023644,0.06371425789594651,0.06268907908201217,0.05973117921352387,0.06216583299636841,0.05905792558193207,0.0561865504026413,0.057615526020526886,0.056313358986377716,0.06120432670116425,0.05689378342628479,0.0664649831533432],"train_accuracy_dist":[0.9917617237008872,0.9869004859497148,0.969391947411668,0.9908238172920065,0.9733610822060353,0.9856842105263158,0.9690466364011556],"train_accuracy":[0.10862068965517241,0.5593935790725327,0.7412009512485137,0.8204815695600476,0.8688168846611177,0.8921521997621878,0.8809453032104637,0.9275862068965517,0.9423602853745541,0.9396254458977408,0.9484244946492271,0.9583828775267539,0.9549940546967896,0.9566884661117717,0.9585612366230678,0.9628121284185494,0.9646551724137931,0.9678061831153388,0.9609690844233056,0.9672711058263972,0.9702140309155767,0.9706004756242569,0.9728299643281807,0.9749108204518431,0.9731272294887039,0.9733947681331748,0.9612366230677765,0.9773483947681332,0.976307966706302,0.9774375743162901,0.9787752675386445,0.978537455410226,0.9772294887039239,0.9766944114149821,0.9793400713436385,0.9810939357907253,0.9808561236623068,0.9805885850178359,0.9812722948870393,0.9813317479191439,0.9826099881093936,0.9827586206896551,0.9832342449464923,0.9830558858501783,0.9840963139120095,0.9845719381688466,0.9845719381688466,0.9846313912009512,0.9833828775267539,0.9843935790725327,0.9809453032104637],"train_loss_dist":[0.026432766279667605,0.039949955630039224,0.08672135211864063,0.033957294110956236,0.0704436031273885,0.03732480937869925,0.0922132158329848],"train_loss":[2.3087199223310853,1.4080271437250336,0.7480246334204917,0.5042340363124463,0.3748772311924683,0.31474056173111536,0.3290868307588961,0.22685323282234662,0.19050255160065596,0.1902929056626296,0.1675349333189543,0.14185975095950396,0.1461859355792492,0.14030538946035784,0.13326024355058969,0.11993590273100364,0.11595084023297578,0.10560086685101037,0.12082612788632477,0.1034487523127449,0.09551445230936872,0.09329330341073194,0.08600834228893504,0.08056521176434743,0.08368311102139929,0.08216040374336855,0.11172425401110234,0.07385162222935562,0.07301489161404999,0.0700149152206432,0.06775523730233649,0.06669923464361219,0.07298920504332439,0.07293242925011711,0.06502096398233012,0.05998155575790459,0.060353565059035275,0.059474302845808825,0.05842581942963207,0.0576315275689102,0.05484772365649345,0.05409433391791249,0.051992699759929276,0.05350461920460865,0.05007249775273984,0.04794834652377401,0.04828687217463069,0.04698993744822518,0.050880186862725316,0.047042092037781424,0.055456051412044044],"valid_accuracy_dist":[0.9898648648648649,0.9864864864864865,0.9646672144617913,0.9828850855745721,0.9733777038269551,0.9831649831649831,0.9777227722772277],"valid_accuracy":[0.10350246118614807,0.5618932121558909,0.7445739800275119,0.8192222113486919,0.8642653446240587,0.8893441846184675,0.8790033140326099,0.9267853697070557,0.9422374224627476,0.9366502351707835,0.9480611450819039,0.9593533794363255,0.955073203673183,0.9566177081147591,0.9595895832379154,0.9633928598369776,0.9645811728069786,0.9685038309320811,0.9598266356087313,0.9688600522791584,0.9719508926343337,0.9720694316952465,0.9733770207232285,0.9746842090251198,0.9739711898961734,0.9739710707479783,0.9616103903661872,0.9764666896174816,0.9768235033175178,0.9768235063198109,0.9776555496000211,0.9772989320753094,0.9761108311303911,0.9758727239064598,0.9774173936674019,0.9790816341831685,0.9792003943964938,0.9788438030659921,0.9792002996074475,0.9789626673893584,0.9799135863746817,0.9800324209438032,0.9803888033843012,0.9799137828167179,0.9808643700123334,0.9814587042223039,0.981934127898194,0.9814585759596278,0.9797945788527671,0.981339674879678,0.9796756052867462],"mean_valid_accuracy":[0.10364936652877697,0.5619898782773604,0.7451280434265252,0.819725249212894,0.8646748230271696,0.8897037855454057,0.8794134342841871,0.9269333198355495,0.9423789748351034,0.9368132827833672,0.9482043418947029,0.9593734255300308,0.9551914447164644,0.9567266058794802,0.959703425080612,0.9634752419737147,0.9646783777133624,0.9685926575826913,0.9599457150037928,0.9689643055897059,0.9720386719564761,0.9721578588700751,0.9734701882411009,0.9747574265200979,0.9740489067978506,0.9740452904258968,0.9617304086409104,0.976540986760254,0.9768974095070063,0.9768959419364671,0.9777273444923996,0.9773713941657328,0.9761730508573023,0.9759523303898675,0.9774956365052293,0.9791497876610007,0.9792674437842541,0.9789061704468773,0.979262299079311,0.9790134596254586,0.9799697887016358,0.9800863847968486,0.9804313236571264,0.9799695669873888,0.9809151949960443,0.9815029564113902,0.9819834589055824,0.9815121160967788,0.9798604663845053,0.9813885014756775,0.9797384443795544],"std_valid_accuracy":[0.08887840608822266,0.1493788146819798,0.11623453454819824,0.07563328439123705,0.06411436468412364,0.053402452071876355,0.0652638498038539,0.023459350900835355,0.017202428110715907,0.02399605858434269,0.01631574484834274,0.00496258742287467,0.013567964327791636,0.013885333658980006,0.012466309711930142,0.009974402669842458,0.011774158495925452,0.00926850174670328,0.015079433853086653,0.01052832724403296,0.009325498200124092,0.010055459733877161,0.009196198825776856,0.008054516029607935,0.008031938054321397,0.008175185022034882,0.015639550589824552,0.008064993447040134,0.007494467616643341,0.007779824093922366,0.006950176642256862,0.007252854564338262,0.0065913475976994845,0.008699725361334947,0.008715698129830517,0.006891212582034753,0.007262226959934742,0.007547730496004824,0.007213182929398646,0.006715502622483051,0.006631242775121043,0.0063292864249267404,0.0070627831132175686,0.005830839886528656,0.006339798175856273,0.006284585289885728,0.006034677920117277,0.0063165343102961355,0.007491644916850564,0.006686616694795795,0.007940735020100316],"valid_loss_dist":[0.03794278159133486,0.03312243370188249,0.10266776526792185,0.054160263677778146,0.10328670946909069,0.05817834823470726,0.08446086151371694],