{"test_accuracy":[0.0972,0.4558,0.6876,0.7373,0.8014,0.8124,0.8365,0.8477,0.8757,0.8619,0.9094,0.8932,0.9182,0.9275,0.945,0.9377,0.9392,0.9396,0.9469,0.917,0.9441,0.944,0.9492,0.9508,0.9646,0.939,0.9565,0.9583,0.963,0.9613,0.9614,0.9646,0.9638,0.963,0.9637,0.9666,0.966,0.964,0.9607,0.97,0.969,0.9704,0.9704,0.9709,0.971,0.9707,0.9704,0.9721,0.9725,0.973,0.9664],"test_loss":[2.3084521141052248,1.6728556928634644,1.1000335605621339,0.9193585253715515,0.6571786720275878,0.5558399796009064,0.4670804579257965,0.44309956188201904,0.3679471992969513,0.403086781835556,0.27233529272079465,0.33639054412841796,0.24191192727088928,0.2127398048877716,0.1704443237543106,0.1841189757347107,0.1819081617832184,0.18335435020923616,0.1666142739534378,0.2510580768585205,0.16434767739772796,0.16535204340219498,0.1587343236207962,0.14418954877853393,0.11096331474781036,0.1768279225587845,0.13262367391586305,0.12644593427181244,0.11352530634403228,0.11943750879764557,0.11885185304880143,0.10753121032714844,0.11080469698905945,0.11324547588825226,0.11162185435295105,0.10085245985984802,0.10350076268911362,0.11199483344554902,0.11473795992136002,0.09242899315357209,0.09341863160133362,0.08824534529447556,0.09189065018892288,0.08966976618766785,0.0897564151763916,0.09018778797388077,0.08837913932800293,0.08464659799337387,0.08380772886276246,0.08249193773269653,0.09782662574052811],"train_accuracy_dist":[0.9903470938591087,0.9891125718981101,0.9855165069222577,0.9531737773152965,0.9843489148580968,0.98],"train_accuracy":[0.09635498106258035,0.5434865700684527,0.7697974217311234,0.8184092567497133,0.8754300010424267,0.8847770944091178,0.8997532923312137,0.9052434066506828,0.9219222349629939,0.9061120956252823,0.9380451023315612,0.9170575767052365,0.9470794676673964,0.953299280725529,0.9600403071684214,0.9602487925223253,0.9615691997637166,0.962681121651204,0.9655651690468745,0.9527433197817853,0.9673025469960735,0.9671635567601377,0.9678932554988012,0.9702908370686959,0.9735223600542062,0.9651134507800827,0.9666075958163939,0.9741130685569339,0.9766496403627645,0.9758156989471489,0.9752944855623893,0.9782480280760276,0.9777615622502519,0.9772403488654922,0.9742520587928698,0.9789082316967233,0.9789429792557073,0.9778658049272039,0.9673372945550575,0.9812015705896661,0.9814448035025539,0.9819312693283296,0.9808540949998262,0.9819312693283296,0.9824524827130894,0.9818965217693457,0.9818617742103617,0.983112686333785,0.9838771326314326,0.9836686472775288,0.9804371242920185],"train_loss_dist":[0.03154224264141862,0.032742700834154786,0.04461275185036837,0.1264577085003024,0.04443201583146253,0.06105128075260865],"train_loss":[2.30814013968598,1.3206994497584246,0.7661061945541129,0.5784141635067571,0.40780642925253535,0.3555125484390667,0.30389646491098404,0.2824271753411726,0.2354848366621002,0.2728223650876077,0.18959663875242838,0.25063933748361605,0.15996022444394312,0.14378468705014177,0.12602832947339154,0.1253009564459268,0.12034057018327442,0.11731592932336544,0.10866753486136842,0.1403568686582227,0.10338585230088962,0.10273347136834866,0.10064592374684626,0.09096262741597948,0.08207555791727054,0.10444143224084157,0.09892546138455474,0.079399385104846,0.07301229583920488,0.07407363569696301,0.07485089881297152,0.06770657053331657,0.0675761420799462,0.06859010382992269,0.07831680952157465,0.06325412522793673,0.0630120445386395,0.06517956453112454,0.0957108790420534,0.05612244191353478,0.05654337189744957,0.054474665601831805,0.055993453470617974,0.052392424037807854,0.05164665385293459,0.05244444072435023,0.05506565989331335,0.04948762936659403,0.047950888614825986,0.048106878385838485,0.056741673088099825],"valid_accuracy_dist":[0.9844006568144499,0.9884963023829088,0.9787052810902896,0.9351081530782029,0.9808013355592654,0.9713804713804713],"valid_accuracy":[0.0902942804168526,0.5460794253959603,0.7747810179205572,0.8139602222029927,0.8760685850071345,0.8830186210222801,0.9001077019647042,0.9049696905843152,0.9223369910815231,0.9045532799178205,0.9359520904338052,0.9176112541465727,0.9447046245368176,0.949983864335283,0.9572079784507593,0.9555416873460182,0.956236609835793,0.9577639143109238,0.9613765214075985,0.947345465113584,0.9622110983062093,0.9617930851209495,0.962905065734669,0.9645718757689072,0.9690172878132709,0.9588767245559379,0.9637377236585021,0.9690175668276327,0.970685537056432,0.9716576588256556,0.9701294599979374,0.9730469256805476,0.9730465218664326,0.9723521761519898,0.9690185460131988,0.9734639819491013,0.9729079943594612,0.9724916585072841,0.961931057245768,0.9766593690912346,0.9758248486461897,0.9762423694834329,0.9745748631443064,0.9774928752827077,0.9774928167851337,0.9761031787112368,0.9766583038916609,0.9777705648446925,0.9783263546181951,0.9781876254601021,0.9731860039385131],"mean_valid_accuracy":[0.0901188640469961,0.5443399099555216,0.7738993311675931,0.8135243820100003,0.8756960771087902,0.8827712950958566,0.8998337339305603,0.9047510448423016,0.9221609279859232,0.9044864822813713,0.9358173776935209,0.9175095226032468,0.9445883250376981,0.9499066587190613,0.957124362658153,0.9554546615802554,0.9561582885042114,0.9576924214775796,0.9613213505651426,0.9472554149526738,0.9621599981592642,0.9617442755119142,0.9628477891564544,0.9645307949120302,0.9689325017008512,0.9588139095200657,0.9637059530448684,0.9689722231344461,0.9706400021762195,0.971613321012864,0.970085627636556,0.9729977544253,0.9730022916937852,0.9723070946015127,0.968976963368513,0.9734176131505824,0.9728625422086027,0.9724451871537719,0.9619758989780843,0.9766179529337978,0.9757782294171351,0.9761989176775742,0.9745250236341301,0.9774574973052296,0.9774586683553711,0.9760554155290339,0.9765833496628514,0.9777390154108659,0.9782909296119655,0.9781484081421469,0.9731487000509315],"std_valid_accuracy":[0.08764206788621537,0.19884319597385564,0.11802700006129974,0.09767412689853108,0.08358243811372365,0.08962942156278497,0.07723015257977733,0.07019432608404204,0.0608692339980335,0.07098391337152908,0.044895147128398254,0.04312100243151078,0.0389307149556102,0.030379360069049274,0.024335588550222532,0.03016733057962433,0.03128918273290484,0.02946048886451415,0.02518969372987049,0.04604120430956232,0.029382082045542726,0.027351942633399167,0.024871634955976826,0.02300710213100691,0.0167278108682982,0.03421665767331801,0.018638246667252466,0.02086853489572741,0.02140524766479531,0.019956887683283818,0.019915289402174546,0.01881220051231335,0.01800330752922501,0.01925811156300212,0.018507724724513314,0.018616117867516574,0.01875601921947778,0.02108488309797498,0.0154817203759503,0.016208131897100117,0.0132955288159274,0.016072223999434018,0.014918516570552045,0.015709937822028928,0.01570153710957316,0.015422172522083617,0.012387872121059386,0.014354234443337431,0.014607085484919437,0.014700452157243285,0.017803575006321872],"valid_loss_dist":[0.03912527880620682,0.034853135880722606,0.06339388905534143,0.1891218972037517,0.06616563152192231,0.08565119403078901],"valid_loss":[2.3078375066336907,1.3169489658983065,0.7551111061712853,0.5805429431487593,0.40676769345713565,0.35821067116056465,0.3076321187877491,0.2869129253439214,0.243088308868257,0.2867718315014713,0.19587390967231635,0.24968649654514305,0.16880289419539474,0.15253634756212478,0.13490498604975418,0.1342046750789225,0.13080877940411675,0.12901668673281058,0.11996700694797303,0.1556992056058028,0.11587390442707388,0.11480885831355768,0.11146859605687653,0.10333341770128027,0.09699924915951022,0.12033468934403978,0.11098378234401911,0.09425574465605638,0.08765508840901652,0.08926580044683118,0.0903414845371441,0.08318042568792766,0.08319003660081249,0.0841202317723767,0.09390647595687451,0.08012563941722788,0.08019790016409967,0.08220329298851434,0.11170971726171312,0.0732558977977426,0.07479037350251747,0.07379734389442617,0.0757452638953594,0.07097421923136336,0.07113021444927359,0.07229168085536672,0.07629785011927956,0.06928431697916318,0.06779946697879999,0.06925024411986172,0.0795871972984792],