{"test_accuracy":[0.0972,0.3387,0.7714,0.8348,0.8661,0.8989,0.912,0.9202,0.9235,0.9328,0.9394,0.9392,0.9453,0.9453,0.9485,0.9501,0.9528,0.9517,0.9565,0.958,0.9605,0.9562,0.9605,0.9596,0.9631,0.9634,0.9676,0.9669,0.9589,0.963,0.9689,0.966,0.9676,0.9685,0.9697,0.9699,0.9704,0.9699,0.9706,0.9714,0.9706,0.9728,0.9583,0.9737,0.9731,0.9739,0.9724,0.9713,0.9743,0.9742,0.9727],"test_loss":[2.3084521141052248,1.6619398849487306,0.7930639543533325,0.5626089604377746,0.4730423607826233,0.36987720308303834,0.3136585832595825,0.2864049569129944,0.26574878497123716,0.2394470666885376,0.2120401164293289,0.21208380522727965,0.1974332018136978,0.1947736079931259,0.17950064041614533,0.16991784889698028,0.16376846523284913,0.17001328909397126,0.1518534264087677,0.1519977051258087,0.1393591585636139,0.1427677579641342,0.13563976497650146,0.13322832288742065,0.12577542234659195,0.12343329883813858,0.11331711677312852,0.11240274441242218,0.1392150541782379,0.11294409810304641,0.10421310603618622,0.11175372806787491,0.10753369098901748,0.10586411743164062,0.09917974073886872,0.09929407485723496,0.09729586763381957,0.09790696699619293,0.0937007994055748,0.09384360345602036,0.09399961031675338,0.0899833736538887,0.12841455717086792,0.08495889884829522,0.0860841878771782,0.08269425466060638,0.0858801048874855,0.08639961538314819,0.07957508935928345,0.07988590891361237,0.08311708779931068],"train_accuracy_dist":[0.9818335445711872,0.9724789484493735,0.9837312486794845,0.9725239616613418,0.9891485809682805,0.987578947368421],"train_accuracy":[0.09802960837153957,0.4730689812060337,0.8098554579498127,0.8611976341301228,0.8844713540755258,0.9123648199349036,0.9221292828894411,0.9296888671123088,0.9359885206313653,0.9422531760753159,0.9480628565428901,0.9479228642424666,0.952367619780912,0.9515976621285829,0.9555524446155461,0.956392398418087,0.959087250201239,0.9583522906240157,0.9623770692611906,0.9616771077590732,0.965491897945613,0.9631470269135197,0.9657018863962482,0.9648619325937073,0.9675917824519651,0.9680467574283415,0.9711615861127638,0.9718965456899871,0.9647219402932838,0.9695866727329997,0.9727015014174221,0.9722115283659398,0.9731914744689042,0.9737164455954922,0.9745913974731389,0.9748013859237742,0.9754663493507857,0.9756413397263151,0.9765862877541736,0.9768662723550204,0.9770762608056557,0.9779512126833024,0.9643719595422252,0.9794561299128548,0.9797011164385959,0.9802960837153957,0.9784061876596787,0.979911104889231,0.9815560144192069,0.9817660028698422,0.9812060336681483],"train_loss_dist":[0.06128105684724547,0.08898109191648768,0.04861841693177375,0.07356308258443087,0.03519739648436067,0.04319633709600097],"train_loss":[2.3110614010347548,1.3596683853763079,0.6577601549066169,0.46516393686047636,0.39770066503656887,0.3128248206616341,0.2693905231551979,0.24702874722740653,0.2236871593217039,0.20202634539195072,0.17923215540984572,0.17667071472729431,0.1639056457128706,0.16198350425228267,0.14876455870621497,0.1421464258689598,0.1356053125704252,0.13801662690348993,0.12423564292561147,0.12747956940047872,0.11490378692562069,0.11788262472198645,0.11076532206894599,0.10883207721458711,0.10259519951045878,0.10024796099829748,0.09312749581590556,0.09060427674675761,0.11052043133869356,0.09167799178189001,0.08473963013295427,0.09014662269109007,0.08319896887532181,0.08312437718233037,0.07785265328350785,0.07732147121728895,0.07506335575896404,0.07633910193677937,0.07199653287653877,0.0712088251534856,0.07139467394058766,0.0682060444065937,0.1047469105345824,0.06312185023639036,0.06354687976598514,0.060444404563814044,0.06429976896684922,0.06205752347368317,0.057409766736244046,0.056904434860774816,0.05854098711676364],"valid_accuracy_dist":[0.9822635135135135,0.964696223316913,0.9822635135135135,0.9804088586030665,0.988313856427379,0.9781144781144782],"valid_accuracy":[0.09108500803657263,0.47608318158839696,0.8091300616969036,0.8672035328020478,0.8844166978478759,0.9136618582314768,0.9258355540403526,0.9303141346406987,0.939689455092197,0.9455671482003123,0.9522836057874043,0.9524238248151105,0.9553621372699304,0.9559219794844674,0.9580208876138654,0.9602601011630973,0.9616591421531298,0.9594199030315134,0.964597349544415,0.9633380247028085,0.9676760476529859,0.9651576884252098,0.9679560000610579,0.965856816037547,0.9690753886606345,0.9703347084704286,0.971873587881659,0.9724334739010225,0.9669753563889071,0.9693553688868891,0.9742528151185567,0.9735534816392027,0.9735531773927939,0.9738328069907768,0.9752322735150433,0.9749524608149436,0.9753720209919398,0.9759319585571523,0.9753721667105689,0.9762117070298925,0.9760719476268308,0.9763515313323792,0.9626362533867322,0.9778906573280526,0.9777508631937745,0.9788703112570948,0.9766316210999542,0.9777509836014026,0.9787303456950832,0.9794299577831529,0.9792901674989554],"mean_valid_accuracy":[0.09070441215750259,0.47784309090624316,0.8094929414601665,0.867538488737567,0.884687358461426,0.913820570221579,0.9260010590144744,0.9303824662596275,0.9397996657090113,0.9456541624479904,0.9522980373538686,0.9524932771003748,0.9554309660519054,0.9559741397599296,0.9580791277254761,0.960342660708548,0.9617061551045646,0.9594772577024627,0.9646255911285992,0.9634271973921051,0.9677310736921507,0.9652167224674101,0.9680203548591391,0.9658870266625948,0.9691299569971905,0.9703802112601604,0.9719313091250029,0.9724841715267879,0.9670358661021904,0.9693851366448318,0.9743142148444534,0.9735917666043794,0.973612140516253,0.9738931698290826,0.975275078731826,0.9750054491072403,0.9754293592874949,0.9759921138370785,0.9754306957829643,0.9762767125370515,0.9761420511147229,0.9764008124140005,0.9627554825060821,0.9779430544113693,0.9778101713173258,0.9789211956148698,0.9766647946741545,0.977808165990417,0.9787829371116444,0.9794803292559,0.9793434072481441],"std_valid_accuracy":[0.0870921965165253,0.1570563490365475,0.04940499015212039,0.04774104533154155,0.03835184851782489,0.028887438611210223,0.024991265272200677,0.020718484656741476,0.020571600922782457,0.020716961772442137,0.016904248653600885,0.016728477198458245,0.016867508955817397,0.013464331946564625,0.014039790499008593,0.01633859837595085,0.012549684956527092,0.013773528902228459,0.010960337124371215,0.01597296727563908,0.012486806414225721,0.012297107230590331,0.012053799565844295,0.009810641336731846,0.010791340306756988,0.010158015811512749,0.010764660515627968,0.009770881537591144,0.008124170028842272,0.011313222121486022,0.009647351754442425,0.009875156067869584,0.009298578863070997,0.010037014597246924,0.008274638427766394,0.00858843092524841,0.008744054347323373,0.009441381797474164,0.008976195572873462,0.008944238106800093,0.009555278383627408,0.008281692853844416,0.01364461215516255,0.0068960441855595534,0.008235925941443302,0.006458249497691353,0.00714071798016835,0.007722190624745703,0.007119817660710517,0.0063111867880696875,0.007242334455591995],"valid_loss_dist":[0.06578174384461867,0.1051188004256665,0.05512857437133789,0.06694581501782448,0.042230002442141604,0.07899469373001394],