{"test_accuracy":[0.0972,0.3466,0.4926,0.6325,0.7149,0.7842,0.8084,0.8435,0.8565,0.8811,0.8727,0.905,0.902,0.9094,0.9174,0.9235,0.91,0.9189,0.9334,0.9329,0.9432,0.9403,0.9418,0.9461,0.9433,0.9442,0.9421,0.9456,0.9322,0.9497,0.9528,0.9458,0.9485,0.9549,0.9509,0.9562,0.9532,0.9471,0.9555,0.951,0.9566,0.9528,0.9577,0.9589,0.9591,0.9671,0.9522,0.9558,0.9568,0.9597,0.9584],"test_loss":[2.3084521141052248,2.262001578140259,1.5631269533157348,1.1130585834503173,0.869096722984314,0.6508155042648316,0.5820705547332764,0.4837117172718048,0.43836913294792174,0.369515710067749,0.37789095845222476,0.3037752624034882,0.3060117560863495,0.28494254088401794,0.2677041338920593,0.24704775681495666,0.2724237455368042,0.2481051748275757,0.21087271583080291,0.21094488196372985,0.18483982882499694,0.1915246399641037,0.18214743592739105,0.17028169729709625,0.17901651864051818,0.17493112397193908,0.18306553225517272,0.16759840857982636,0.20522766375541687,0.1576647567987442,0.1490831456899643,0.16815485150814055,0.15621236443519593,0.1411662070274353,0.14661699442863466,0.13585369808673858,0.14522291848659516,0.16141092042922975,0.13533784811496735,0.1450789906978607,0.13557290172576905,0.14206402328014373,0.12888109622001648,0.126139306473732,0.1260781450510025,0.10760033984184265,0.1464863575220108,0.1330003627061844,0.128211771607399,0.12036077852249145,0.12659449117183685],"train_accuracy_dist":[0.9904942965779467,0.9869004859497148,0.9761448349307774,0.9570526315789474,0.9717292612463888],"train_accuracy":[0.07929960434379998,0.5381345231080057,0.6553161040491624,0.7680360299688526,0.8237646266520751,0.8674551729943598,0.8807138648034346,0.9005387658893846,0.9124084518898897,0.924320228975503,0.9195218452731712,0.9397255661250947,0.9382944692314168,0.9447344052529674,0.9464180486572944,0.9488172405084603,0.9437242192103712,0.9490697870191094,0.9542048994023066,0.9547099924236047,0.9599713780621264,0.9590453741897466,0.9619496590622106,0.963970031147403,0.9626652075090496,0.9632123916154558,0.9624547520835087,0.9662429497432444,0.957193366444987,0.9676740466369222,0.9695260543816819,0.9665375873390016,0.9686000505093021,0.972682885764795,0.9701574206583046,0.9717568818924152,0.9709571512753599,0.9701995117434128,0.973903527232932,0.971209697786009,0.9736088896371748,0.9723461570839296,0.9744928024244465,0.9747032578499873,0.9741139826584729,0.978238908999074,0.9717568818924152,0.9733563431265257,0.9756292617223672,0.9770603586160451,0.9764289923394225],"train_loss_dist":[0.02853585563105876,0.04015753203174566,0.0651335622738408,0.12365329201284207,0.0919785815338384],"train_loss":[2.3157728013993113,1.5613085912658626,0.9834508008502912,0.6839600485431314,0.5321044824921489,0.4077067254546295,0.3676364572003881,0.31480771283169007,0.27911985529079736,0.24034343194647695,0.24183750609570215,0.19861976022826058,0.19923574220938248,0.17821729031036834,0.1720785449377133,0.16353895044046296,0.17619063558847387,0.1619791062991721,0.14328008210621268,0.1392796353629637,0.1251353399201027,0.12640435983102996,0.11954957114910325,0.11276328721714748,0.11491746263631376,0.11349662198952534,0.11745295422851804,0.1059734773575088,0.1287178762450906,0.10139150036705412,0.09517410347619681,0.10402063751328708,0.09615422235849641,0.0863120411170275,0.09080810832918589,0.08642069248785055,0.08882987075967062,0.09069600212001618,0.0806249172214843,0.08678019900630396,0.08023182892145954,0.0834648303246333,0.07694190608307573,0.0761829323944961,0.07677873418406837,0.06747574880904211,0.0834865413342897,0.07697793272141154,0.0722680133040259,0.06853040847957124,0.07004115488312769],"valid_accuracy_dist":[0.9890202702702703,0.9839527027027027,0.9812606473594548,0.9461279461279462,0.9702970297029703],"valid_accuracy":[0.07336872220374925,0.5482930897552682,0.6696328312971125,0.7748224592227425,0.8263204039381318,0.8729374019200165,0.8867382892560225,0.9025579478816281,0.9141701997988574,0.9278009277481191,0.9247717853300707,0.9416019808745106,0.9385727846114077,0.9449677693424468,0.946818433209304,0.9496797980078917,0.942107490444261,0.948838687941327,0.9557391882080394,0.9559073007802384,0.9606193092405219,0.9604509763038795,0.9617975477604392,0.9628073477943718,0.9626388676338083,0.9641532936772719,0.9594414658681925,0.9656680520435195,0.9543928758052221,0.9666776671835354,0.9681924888361501,0.9639849711844447,0.9670146163082203,0.9702121659987136,0.9673512402213398,0.9688654855329591,0.968865775273998,0.9676875353336807,0.972063144296064,0.9681926743356868,0.9703800571392868,0.9693705516947259,0.970885444623123,0.9723999071568391,0.9720632189044429,0.9762703751558766,0.9688659159104167,0.9705487846019374,0.9734095687521364,0.9734097168370305,0.9740826665019078],"mean_valid_accuracy":[0.07353329401881362,0.5494586925983144,0.6707300873625279,0.7754693076107341,0.8267762801381048,0.8732129167860231,0.8869372803342308,0.902688287738868,0.9143109740283235,0.9279709936860746,0.9249417912423714,0.9417309638959198,0.9386571705327291,0.9451253999350546,0.9469582007101826,0.9497744650687118,0.942177858309873,0.9489312334724271,0.9558293057846079,0.9560037206239157,0.9607079833422665,0.9605481953416575,0.9618726438519353,0.9628756215266538,0.9627284896963536,0.9642447417981052,0.9595371823275917,0.9657387907264565,0.9544813330247953,0.96675514499015,0.9682663182539841,0.9640608607973924,0.967079606239013,0.9702587503539863,0.9674129729090133,0.9689355910129436,0.9689279358415298,0.9677688081667876,0.9721125758768918,0.9682500640002918,0.9704496080296213,0.9694260176819591,0.9709374922770145,0.9724536685447172,0.9721020819602717,0.9763194013394312,0.9689330885085223,0.9706040128584279,0.9734469914753957,0.9734330092213146,0.9741317192326688],"std_valid_accuracy":[0.08664481202393669,0.16664444146260082,0.16863156867858606,0.12133506128180861,0.10063741946017964,0.08008720815754944,0.07502543521940773,0.06393189014722492,0.06134109573510086,0.04358873738679647,0.047960425352196454,0.039162308067551735,0.04046704310538735,0.039936266928465164,0.03316514717371679,0.031529684399131515,0.039008498620166865,0.03318414153192278,0.02628893771027332,0.0271333973595944,0.023945658866635192,0.023610948714951955,0.023245862135693525,0.022019275348045687,0.024338647292225204,0.01991854106986692,0.025892718652360158,0.02019998302673527,0.030671062265551753,0.018290651911716478,0.017587027216784557,0.02218939846531716,0.019618767436533423,0.01788144233046777,0.01937814831760407,0.015200450233214834,0.017866730904538938,0.022323262744709867,0.016911693971654432,0.01861087451084383,0.01628146852044313,0.01834606240355769,0.01688682600973396,0.014130188251730588,0.015333734147826556,0.011872990417538703,0.019836456683125295,0.016565385473344175,0.01819694234591861,0.016175448683477228,0.015283052289675596],"valid_loss_dist":[0.035908118242750295,0.04632592966427674,0.056967818966766844,0.15883133648220538,0.09994975339756547],"valid_loss":[2.316574876285097,1.5295593971077317,0.9537588323883647,0.6586060523666141,0.5117106378178545,0.3924978198269122,0.3531476079113628,0.30464951112400634,0.269280842073276,0.23300813356405228,0.23382591059967353,0.19363695663297414,0.19383597419016457,0.17585472558530427,0.1703613719844974,0.16128272242055244,0.1750264212625098,0.16117834511413104,0.1419858284078734,0.13865982998364917,0.12430487771230818,0.12619646057734515,0.11986860182380417,0.11503880396833789,0.11666439537571512,0.11491991610987469,0.1209235582608453,0.10968188319631941,0.13362887668311996,0.10486496997936251,0.09831980108492866,0.10796525861571356,0.10088060158795549,0.09199603253317931,0.09638299387528786,0.09131346971015361,0.09521703526337597,0.09827186146208078,0.08752526982692202,0.09510746799055939,0.08753837402494306,0.09173053601234613,0.0845336190934896,0.0837183768107502,0.08388733978566948,0.07456059716257718,0.09308258196652464,0.08685423059547538,0.08137923487918955,0.07903362681817677,0.07978444819287187],