{"test_accuracy":[0.0972,0.4575,0.7075,0.728,0.7514,0.7728,0.7572,0.7969,0.8286,0.8329,0.8827,0.8785,0.8967,0.9248,0.9161,0.9115,0.9171,0.9194,0.9265,0.9323,0.9338,0.9325,0.9394,0.948,0.9371,0.9382,0.9388,0.9449,0.9562,0.9496,0.9463,0.9586,0.9585,0.9549,0.954,0.9535,0.9562,0.9538,0.9576,0.9547,0.961,0.9577,0.9595,0.96,0.9626,0.9596,0.9588,0.9626,0.9665,0.9606,0.9652],"test_loss":[2.3084521141052248,1.683138348388672,1.035612787246704,0.9893609479904175,0.7623775824546813,0.6017702152252197,0.6989089705467224,0.4806933401107788,0.41031011009216306,0.4090931233882904,0.32469686350822446,0.31179930448532106,0.28344334497451784,0.23063430805206298,0.23125918803215026,0.2393442363500595,0.22677276158332824,0.22060714223384859,0.20878683123588562,0.19233038578033448,0.1891389091014862,0.18868784723281862,0.16868256242275237,0.15359167127609252,0.17581761462688447,0.1709513364315033,0.16887606258392335,0.15381175806522368,0.1356245445728302,0.14518464858531951,0.15512607066631318,0.12290643546581269,0.12537703108787537,0.13230278491973876,0.1331126429438591,0.13400044586658477,0.13201080131530762,0.1363390384912491,0.1292268172264099,0.13498696085214615,0.11612664813995362,0.1300152261734009,0.12245849332809448,0.11940632181167603,0.11640398423671722,0.12448699042797089,0.12502194287776947,0.11419677447080612,0.10559199424982071,0.11996907849311829,0.10616764953136444],"train_accuracy_dist":[0.9915504858470638,0.9924874791318865,0.9682105263157895,0.9669830788278992],"train_accuracy":[0.050151657776383224,0.5374437820311683,0.7983474531952724,0.8210438238677963,0.8459366175086288,0.8610500993619914,0.8503817592302061,0.8776278631942266,0.8991214308126765,0.9004288254366698,0.9241711118083883,0.9251124359376635,0.9334274657462609,0.9487501307394623,0.9462399330613952,0.944148101663006,0.948436356029704,0.9506327789980128,0.9536136387407175,0.9572743436878988,0.9591046961614894,0.9587386256667713,0.9621378516891539,0.9645957535822612,0.9609350486350801,0.9629745842485096,0.9635498378830666,0.9663738102708922,0.970505177282711,0.9683087543144022,0.965223303001778,0.9739566990900533,0.9730676707457379,0.9722309381863822,0.9709235435623889,0.9718125719067043,0.9734860370254158,0.97264930446606,0.9729107833908587,0.9713942056270265,0.975787051563644,0.9739566990900533,0.9751072063591675,0.9762577136282815,0.9770421504026775,0.9757347557786843,0.9753163894990063,0.9762577136282815,0.9790816860161071,0.9766760799079595,0.9797615312205836],"train_loss_dist":[0.028551616885765827,0.024756591903894693,0.08386517273438604,0.08762494804898029],"train_loss":[2.3183217339405466,1.3269476974911925,0.7030069250159527,0.6270239080030939,0.4788612148094945,0.38628328606001616,0.4385995990330299,0.3145824985865232,0.26360649101365224,0.2602256844076399,0.21619751293945857,0.2019346221274642,0.18724400061448115,0.1597338092322754,0.15522789129037237,0.15801536474653946,0.14735688527543578,0.14213523435735725,0.13531983572311349,0.12545277917578984,0.12091025370345082,0.12137196441761072,0.10920802630202009,0.10199681163494986,0.11128373683744203,0.10560222816366292,0.10410058114534672,0.0971904896315035,0.086101917894599,0.08938014276630396,0.09679496613721844,0.07650717971547417,0.07727833879623948,0.08008297263793573,0.07964875943465483,0.07849662407185352,0.0768597579248785,0.07710476988742818,0.0748018445845488,0.07913829952138648,0.06651664939334472,0.07188800338045154,0.06865882583959197,0.0651881948702568,0.06392318611262658,0.06751877986983318,0.06673301821080707,0.06423560779644205,0.05997845930001649,0.0637723377311302,0.056311421999496444],"valid_accuracy_dist":[0.9881756756756757,0.989983305509182,0.9595959595959596,0.9645214521452146],"valid_accuracy":[0.04704666038470034,0.5420490481163948,0.8009321819990108,0.8241450122319158,0.8473566920780798,0.8632488946966868,0.8498652149133206,0.8783042262613187,0.8977504454576636,0.8992141599705226,0.9274423067216615,0.9253515596358092,0.9347608850490815,0.9527430560014394,0.9454247754923729,0.9437519978139629,0.9470974316268758,0.9491883890034483,0.9535794363593988,0.9562976726567585,0.9583888011807464,0.9571342370017966,0.959643365400924,0.9636162112460084,0.9594342877347989,0.9611070191521368,0.9629888866590139,0.9646613092441585,0.9690526000972616,0.9675890947884627,0.9634074578461765,0.9700982586497987,0.9709345547931113,0.9700981636362881,0.9709346314806525,0.9700983321480381,0.969679992613733,0.9698891545357333,0.9709346425357209,0.9692618677904081,0.9730254996686811,0.9705163480109151,0.9734439536909686,0.9721892038228012,0.9744892656108717,0.9730256789380669,0.9723982986251655,0.9734437050049425,0.9749074006381955,0.973234686592687,0.975534746042525],"mean_valid_accuracy":[0.0473460588756916,0.5419288499711317,0.8009838633418156,0.8242376011437794,0.8475281960959411,0.8634863794583635,0.8500707212151565,0.87852351277302,0.8980328032502448,0.8993891888888088,0.9274787792491855,0.9255130446144451,0.9348729755399701,0.9527801755311457,0.9455088434623479,0.9438656892820649,0.9472338368319604,0.9493229674792593,0.9536220249187871,0.9563577151544773,0.9584551229632657,0.9571771516976706,0.9597329956829701,0.9636382144706146,0.9594808871387823,0.9612346168473389,0.963100808534075,0.964757999851426,0.9691010816276059,0.9676620082544922,0.9634457529595776,0.9701330886958697,0.9709675510078719,0.9701515136045821,0.9709929297475425,0.9701660906640792,0.9696848002665817,0.9699441973405178,0.9709665053708706,0.969316340354369,0.9730865621770067,0.9705863121520043,0.9735028788104562,0.9722513889267937,0.9745286999912335,0.9730754257980432,0.9724625375754423,0.9734712571780386,0.9748727697955164,0.9732861982072714,0.975569098231508],"std_valid_accuracy":[0.0786192645121257,0.11777773239183613,0.10133762733906407,0.10307328462620478,0.10172962654387868,0.09441468957702606,0.09816971810615349,0.08099825314176583,0.07461110248644927,0.07331004962570115,0.048223149633562445,0.0530892099848454,0.04312709429670299,0.029859721648672524,0.03449941406366503,0.03755149118031708,0.03580094516982966,0.03451576965241601,0.031586373324877785,0.02811264702688172,0.027116638881566384,0.027209943432146486,0.025001690528843157,0.02090189099348871,0.025542820745179128,0.026088711087794224,0.02465056220599652,0.02115979203671417,0.01799381528677382,0.020225086182696434,0.022578690409641545,0.018047042627036276,0.016300226834581277,0.017299624051408235,0.017692213093639407,0.01895628280662568,0.019353762511452315,0.018356064508088667,0.017229169927184023,0.018583475049666526,0.015212386386000405,0.01770197672570979,0.016467549018988767,0.016455399307197374,0.014207331362305422,0.016472352719525976,0.01665178761741878,0.01332361419758002,0.014813326661742982,0.015002628318482689,0.013637144204506237],"valid_loss_dist":[0.045053511757302926,0.033495262492205545,0.1301521426098114,0.09275073346623493],"valid_loss":[2.318187142283488,1.3257477720886692,0.7006695090300208,0.6201530756869952,0.4746312079460092,0.380299503075226,0.4321654346823875,0.31356749108181586,0.2622533671769265,0.2607820664678394,0.2155895615753453,0.20320046333282987,0.18883062486806076,0.16149345759742573,0.1583811436790228,0.1609372432469033,0.14982870383168786,0.1457514622118498,0.1404562128486836,0.130721919698855,0.12687322738098458,0.1284908544131817,0.11582750858362757,0.11115422855662478,0.11992051459445745,0.113753646020207,0.1120145404953719,0.10544930923044421,0.09729278208592569,0.10003619375093402,0.10942485035000975,0.0885222689579431,0.09056671110959595,0.09283306305960413,0.09216190447024179,0.09150482753536238,0.09189774545669069,0.09063083643325165,0.0905192094218125,0.09408322407945849,0.08230337556561709,0.08812990997550636,0.08378131109013447,0.08217166950735319,0.08141653659727036,0.08473330159727117,0.08442976748283453,0.08453502373874217,0.081235613940935,0.08243555353913055,0.07538360811085136],