{"test_accuracy":[0.0972,0.4436,0.5844,0.7051,0.8147,0.8477,0.8946,0.9039,0.9266,0.9306,0.9325,0.9506,0.9415,0.9462,0.9418,0.9522,0.9546,0.9608,0.9572,0.9551,0.9626,0.9642,0.9667,0.9683,0.9633,0.9658,0.9561,0.9666,0.9659,0.9716,0.9703,0.9711,0.9635,0.9646,0.9706,0.9729,0.9725,0.9744,0.9721,0.9764,0.9729,0.9732,0.9786,0.9744,0.9751,0.9767,0.9773,0.9758,0.9742,0.9766,0.9718],"test_loss":[2.3084521141052248,1.7444701488494874,1.047735836315155,0.7831113717079162,0.5290229681491851,0.43108026061058047,0.3291095271587372,0.30191172246932985,0.24961070065498353,0.2320210284948349,0.22340529880523682,0.1661013747215271,0.19244140598773957,0.179177490067482,0.18544541544914245,0.15727207667827606,0.14801357958316802,0.12927504675388335,0.137168798828125,0.1424391230583191,0.1189476994752884,0.11439294452667237,0.10695891729593276,0.10281322176456452,0.1120641734957695,0.10935381053686143,0.12805189116001128,0.10275850178003311,0.10237263468503952,0.0892413948059082,0.09284713506698608,0.089994411444664,0.10245771118402482,0.10110748647451401,0.09127402222156525,0.08367681239843369,0.08529099455475807,0.07823321563005448,0.08396451528072357,0.07460450248718262,0.08143876986503601,0.07997285066246987,0.06771096767187118,0.07637970314025878,0.07387000412940979,0.06922370755672455,0.069201808822155,0.07176538807749748,0.0765522978901863,0.0704689269065857,0.08228218285441398],"train_accuracy_dist":[0.9953527672158851,0.9917599830974012,0.9601703940362087,0.9787928221859706,0.9679500520291363,0.9797894736842105,0.9636813867106893],"train_accuracy":[0.10948098126512684,0.5732512624376251,0.6988077807989961,0.7698927301520901,0.8578898616547644,0.8805390384557923,0.9143036423940001,0.9229688947321242,0.9368034182926465,0.9394029939940838,0.9433172976364778,0.9578091851674784,0.9501598589655481,0.9538351211641318,0.9507873427555502,0.9594227149131981,0.9611557653808229,0.9664445573251262,0.9637254609017838,0.9626198942241612,0.9683867690560851,0.9695819762751366,0.971673588908477,0.973526160098007,0.9710162249379987,0.9714046672841904,0.961066124839394,0.9743329249708669,0.9740938835270565,0.976514178145636,0.9763946574237309,0.9765440583261122,0.9741237637075328,0.9727492754056235,0.9764544177846834,0.978874712403263,0.9783069889742134,0.9797412376370753,0.9788149520423103,0.9807272835927929,0.9798906385394568,0.9803388412466011,0.9821017718947023,0.9814145277437476,0.9820420115337497,0.9834762601966116,0.9834762601966116,0.9833866196551827,0.9805480025099351,0.9828188962261332,0.9767532195894463],"train_loss_dist":[0.01667542215598016,0.029315168908924123,0.10769491486719496,0.06353300869416258,0.08062964104247763,0.056795484467556605,0.10345758951268706],"train_loss":[2.309924162388432,1.382962977077271,0.7871430202618218,0.620695576714234,0.4131853851110788,0.34820878327740606,0.2727489069415424,0.24595393331371737,0.21170604031371712,0.19733562605853402,0.1849984794847994,0.14752470566599357,0.16011860297160932,0.14979228871168318,0.15237344974739256,0.131464855459529,0.12489841274778431,0.11168669595004062,0.11630753842643986,0.11603266674020409,0.10275225811325289,0.09769974946746404,0.09186773622513644,0.08749014674899476,0.09299263697885957,0.09116635106800722,0.1131468783016828,0.08386241334482436,0.08218672123437118,0.07470876583686208,0.07508548300047764,0.07425390171792583,0.08146879631103957,0.08384572039858527,0.07370470353774343,0.06754129489457844,0.06799084599980476,0.06394945909572619,0.06616238929672141,0.06036502077608297,0.06313801833720666,0.06202678053836045,0.05568630999029257,0.058581809860788,0.05660171255273524,0.053863040428556004,0.05299164985842001,0.05350749545634393,0.05787160619698187,0.053027020588980914,0.06554047563505787],"valid_accuracy_dist":[0.9932432432432432,0.9932432432432432,0.9667802385008518,0.9714751426242869,0.9625623960066556,0.9755892255892256,0.9735973597359736],"valid_accuracy":[0.10475446510202537,0.577937904127448,0.7069584900770214,0.7782822218522886,0.8627383200846297,0.8842411330204111,0.9176915076872582,0.9270105149904834,0.9378816350365387,0.9426598289858142,0.9479158791258335,0.9601011130367894,0.9548443422024907,0.9569944355143535,0.9559197115324972,0.9632065480968232,0.9646399527772598,0.968701921405036,0.9655956533232452,0.9652378887654042,0.9681045866963637,0.9702547703161527,0.9716885191448351,0.972524868283308,0.9708523673430497,0.97132982219802,0.9606978781180748,0.9724053757232202,0.9731223171261272,0.9762279303162604,0.9749140449654298,0.9758694871812441,0.9703753681074291,0.9715695177016908,0.9744361792662624,0.9770641053722222,0.9759891095463222,0.9780196990932881,0.976347351500676,0.9786168897735257,0.9761086827800551,0.9773031664832995,0.9801698412046747,0.9793338603444091,0.978617157426641,0.9790949675245368,0.9800506852625245,0.9796925145096625,0.9790948412654323,0.9800505473485424,0.9765857424512538],"mean_valid_accuracy":[0.10437947117710988,0.5789105393691357,0.7079921983122063,0.7790080293186595,0.8631338244440625,0.8845098165782799,0.9179179145474209,0.9272402408051127,0.9380831507639578,0.9428245989994607,0.9480808994881074,0.9602140259238026,0.9549751772981281,0.9571131586108157,0.9560843152410224,0.9633350173340058,0.9647691244097506,0.9688180735187669,0.9657100435938656,0.9653857342547792,0.9682279165478956,0.9703710537092943,0.9718059505676216,0.972641692561362,0.9709694432985639,0.971417133458144,0.9607854927494588,0.972518372776843,0.9732468390543144,0.9763278151445797,0.9750203394422169,0.9759753672511202,0.9705251827127662,0.971692768040486,0.9745510907131044,0.97716019170276,0.9760911577143173,0.9781113008068988,0.9764478133937274,0.978697665904236,0.9762094867991006,0.9774063612650897,0.9802415650408485,0.979423219864665,0.9787070835124274,0.9791801104723127,0.9801356424312703,0.9797868522011711,0.979180557163276,0.980121274480041,0.9766415498490686],"std_valid_accuracy":[0.0880410109947022,0.18054104844081614,0.15839149249947143,0.09269757891805336,0.06086526710185394,0.05482882844685939,0.034375451238438166,0.029074056791763742,0.025934975867995737,0.021732268613006728,0.021628469800315336,0.013418062059871044,0.018568144216219655,0.01778997290791337,0.021052292151161934,0.01636207788766045,0.015912387233889085,0.014202867309984839,0.014713767829160966,0.016140026494999262,0.014187291687482355,0.013144002345852805,0.012933407898286441,0.01247269451775917,0.01375161583285625,0.012135336572923493,0.01742912684182163,0.012452655508534248,0.012382361050243441,0.010625992445556978,0.011216474792345853,0.011300220757563949,0.014788855889960048,0.012461184776561557,0.011860847553973824,0.010744417884382039,0.010580326866446683,0.009823617498110145,0.010099294267172999,0.008352191747425563,0.010465582004832252,0.010939597207373244,0.008007061177046797,0.009104992632905835,0.00896302293863021,0.009659610389252695,0.009214337158991443,0.010148169620353325,0.009565391211368264,0.008449689256254151,0.01123620884804351],"valid_loss_dist":[0.025985019734582386,0.026166038738714682,0.09201431943316273,0.08971924553667032,0.1153975917822906,0.07552997892101605,0.09527236928935885],