{"test_accuracy":[0.0972,0.5618,0.7008,0.8065,0.8413,0.8701,0.9111,0.8374,0.9243,0.931,0.9338,0.9444,0.9474,0.9511,0.9548,0.9592,0.9572,0.9544,0.9514,0.9574,0.9654,0.9564,0.9675,0.9707,0.9701,0.9722,0.9518,0.9721,0.9637,0.9688,0.9747,0.9727,0.9733,0.9751,0.977,0.9769,0.9775,0.976,0.9766,0.9775,0.978,0.9789,0.9661,0.9784,0.9798,0.9738,0.98,0.9796,0.9801,0.9803,0.9798],"test_loss":[2.3084521141052248,1.4790947036743165,0.8539368434906006,0.5542923555850983,0.4501082857608795,0.3665498190402985,0.2728928237438202,0.4617571192741394,0.22849057517051696,0.2104364518404007,0.2007751057624817,0.17469924688339233,0.1613334111213684,0.1552809531569481,0.14527599036693573,0.1327016636967659,0.1366115289926529,0.1452824681043625,0.14256815066337586,0.13563170337677002,0.11054118371009827,0.13657232133150102,0.10353167760372162,0.09631277875900268,0.09291076657772064,0.09041768102645874,0.14108052064180374,0.0879837782382965,0.10415707205533982,0.09439586091041564,0.08102714284658433,0.08650640774965286,0.08095394904613495,0.07373607827425004,0.07049071424007415,0.06879738281965256,0.07075655852556229,0.07114742568731308,0.06949645199775696,0.0666613903105259,0.066495213752985,0.06407779611349106,0.09894411526918412,0.06407374766469001,0.059603726196289064,0.07477132759094238,0.06344439383149147,0.060890610468387604,0.06036524469256401,0.05976642454266548,0.06040922365784645],"train_accuracy_dist":[0.9740177439797212,0.9878825220784555,0.9911668036154478,0.9738019169329073,0.9898042414355628,0.9877211238293444],"train_accuracy":[0.09440692640692641,0.6021818181818182,0.7481212121212121,0.8344935064935065,0.8625800865800866,0.8841212121212121,0.9193766233766234,0.8414199134199134,0.9332987012987013,0.9405367965367966,0.9428571428571428,0.9495411255411256,0.9526926406926407,0.9532813852813853,0.957056277056277,0.9611774891774891,0.9614891774891775,0.9583376623376624,0.9553939393939394,0.9615584415584416,0.9678268398268398,0.9599653679653679,0.9710822510822511,0.9724675324675325,0.9735064935064935,0.9743030303030303,0.9514112554112554,0.9749610389610389,0.9708744588744589,0.9720865800865801,0.9763463203463203,0.974025974025974,0.9775930735930736,0.9785281385281386,0.97991341991342,0.9803636363636363,0.9802943722943723,0.9790822510822511,0.9807099567099568,0.9816796536796537,0.9816450216450217,0.9825108225108226,0.9707012987012987,0.9821991341991342,0.9837922077922078,0.97991341991342,0.982995670995671,0.9838961038961039,0.9838961038961039,0.9844502164502165,0.9841731601731601],"train_loss_dist":[0.07607678552191621,0.04006659241672854,0.032110977927092756,0.08163707573700764,0.03651651604553809,0.038436571258225874],"train_loss":[2.3088581168765114,1.3167312760167307,0.738036059661345,0.4855993106726444,0.4046760754564624,0.33602830794311705,0.25639946507427086,0.44262532094237095,0.2135450046795271,0.19412996353112258,0.18437201990142013,0.16445302314985366,0.15219892397277798,0.14716581712347088,0.13687881386796116,0.12585996238390604,0.1257966435404567,0.13501237181306402,0.1361617364346723,0.12325912002128957,0.1032086311026569,0.12745100895744382,0.09506684479027083,0.0897450814092314,0.08607244914228265,0.08355085892620541,0.1401400300143085,0.07966528807186977,0.09378670268063938,0.08684878782895736,0.0744903876193158,0.08218171118038557,0.07134647029754404,0.06659597807238886,0.06353217300217905,0.06174044653824914,0.06228576157116271,0.06407317571993514,0.06057535587651131,0.057668760350256254,0.05733117788888159,0.05551842898633573,0.09073582204195844,0.055181907375847106,0.051117016971627356,0.06300705715459147,0.05379522677275526,0.05082756553629002,0.05011586672067642,0.0493148181016569,0.050514243181133685],"valid_accuracy_dist":[0.9712837837837838,0.9819376026272578,0.9884963023829088,0.9710391822827938,0.9853300733496333,0.9742096505823628],"valid_accuracy":[0.09178145615500703,0.5927752876721605,0.744390169568397,0.8295500174064916,0.856550515364264,0.8777403352796144,0.9141523742978933,0.8310816860563914,0.9259223468215142,0.9322916533570005,0.9378306049296284,0.9443382390979669,0.9461388912331469,0.9482165951532309,0.9520928095371716,0.9566614344043136,0.954584432922927,0.9538938273214105,0.9507098334879411,0.9569381474970673,0.9637230158527355,0.9558315962779133,0.9658000705484953,0.9680156224614674,0.9696772692294321,0.9703690621060906,0.94641748248982,0.9709232086306396,0.9651072320867198,0.9670475944870519,0.9721700392551831,0.9706454572960644,0.9742462446762731,0.974939108251622,0.9754925979679533,0.9738308903017459,0.9748006376187754,0.9757695466000526,0.9761851740898638,0.976461782938231,0.9768774399464342,0.9770157463854741,0.965660766596877,0.976184845190515,0.9786768592069656,0.974524099940543,0.9782621251671668,0.9792312985306014,0.9788156930484917,0.9788156156822694,0.9788147751063939],"mean_valid_accuracy":[0.09092246138177551,0.5903547385933217,0.7422402280355415,0.8282717518920006,0.8554450319366143,0.8771741615862342,0.9137453127979808,0.8309880766561274,0.9256081334784315,0.9320169959347459,0.9376297959673748,0.944176749018273,0.9460019954317594,0.9481219831084492,0.951987699322666,0.9565660827660527,0.9544733496026964,0.9539828480664125,0.9506458807691457,0.9568272623121571,0.9636346516109309,0.9559003821885975,0.9657295575203503,0.9679717272020687,0.969656600524336,0.9703091755207547,0.9463374872879152,0.9708455813410652,0.9649666884864372,0.9670537411750365,0.9721169502577968,0.9705353491224495,0.9741961473510434,0.9749070676059853,0.9754457797581136,0.9737769581601361,0.974766298283849,0.9757616557257621,0.9761500229484495,0.9764097934040096,0.9768468106924848,0.9769727771234636,0.9656082087241399,0.9761108892766878,0.9786179682915536,0.9745469738440479,0.9782197367955906,0.979206714980403,0.9787751526313206,0.9787555232152485,0.9787160991681235],"std_valid_accuracy":[0.08820743756927761,0.21123596975776027,0.1537804573237626,0.09914292946598297,0.08270293835477655,0.05895177337123029,0.03163606014399724,0.05136936402121925,0.025745044193002834,0.022567611723146856,0.018396813391147036,0.01480726703682114,0.016357798003438975,0.016612344997208005,0.0133278215574123,0.00951334256742589,0.01073666660369563,0.011304843520162295,0.020773337265659542,0.010169357313779517,0.009162899613621277,0.009245001052932073,0.007977750576611283,0.006675860875722761,0.006073686316610122,0.005992434725197197,0.024099312211844463,0.007963437559544147,0.011168052332478327,0.009612117584673232,0.00900380998769291,0.008071000643643115,0.006083281813059697,0.007028627474462309,0.0063046960781697,0.006119581007432127,0.007025235817772097,0.00452621687472001,0.006564737243644642,0.0064276644876102625,0.005966480543144407,0.00614833412759402,0.004713308808263621,0.007546316630357102,0.005476669772982287,0.006646502113239726,0.006690093631130321,0.005439713446012934,0.005468768071592041,0.0064340370775630195,0.006883041450139684],"valid_loss_dist":[0.0941277353747471,0.05075322689828027,0.03835173346096116,0.08156380193146165,0.0604428776282553,0.08313751592612306],