{"test_accuracy":[0.0972,0.4242,0.5362,0.6655,0.7618,0.7675,0.815,0.816,0.8195,0.8501,0.8713,0.9204,0.8694,0.9069,0.9189,0.9294,0.9166,0.9132,0.9217,0.9343,0.9311,0.9421,0.9411,0.8747,0.9395,0.9449,0.9442,0.9375,0.9469,0.9475,0.9444,0.9483,0.9417,0.9458,0.9466,0.951,0.9486,0.9484,0.9476,0.955,0.9512,0.954,0.9477,0.9523,0.9516,0.9568,0.9519,0.9547,0.9572,0.9544,0.9549],"test_loss":[2.3084521141052248,1.742527352142334,1.4841164583206177,0.8629291868209839,0.5698638321876526,0.5766813093185424,0.4569126907348633,0.4652158757209778,0.47239756307601927,0.37845010638237,0.3459912572383881,0.2579846652030945,0.3387256091117859,0.26103459901809695,0.23501258447170256,0.21502894620895385,0.22855842757225037,0.23409385471343994,0.2182559693813324,0.18906344531774522,0.20193888654708864,0.17205022733211517,0.17490736694335937,0.34689384655952454,0.17243895411491394,0.16490870280265807,0.16049958517551421,0.1799494911670685,0.1557428735256195,0.15272576780319214,0.15937126576900482,0.14846788914203643,0.16732935569286347,0.15652374558448792,0.14946159381866456,0.13962469754219056,0.14742542119026184,0.15169898822307587,0.15118127253055572,0.13150469150543212,0.13952150690555573,0.13095934505462647,0.14906298358440398,0.13620700991153717,0.137500679731369,0.1245453173160553,0.13685023349523545,0.13229962902069092,0.1238637812614441,0.12857368701696395,0.12834095913171767],"train_accuracy_dist":[0.95099281791297,0.9730950913945369,0.9962855963681386],"train_accuracy":[0.06394906221883867,0.5567167278012319,0.6710498996470344,0.7666966572081113,0.8283618243477058,0.8368745241885251,0.8678801301128106,0.8695411447158973,0.8678801301128106,0.8929337670427019,0.9033843172537892,0.9319676102152398,0.9051145407986712,0.9298221330195862,0.9388192954529725,0.9448404733891619,0.9389577133365631,0.9371582808498858,0.944148383971209,0.9518997854522805,0.9496850993148315,0.9586822617482179,0.9570212471451311,0.9127967333379473,0.9590283064571943,0.9598588137587376,0.9617274551872101,0.9566752024361548,0.9640805592082498,0.9650494843933837,0.9621427088379819,0.9646342307426119,0.9607585300020762,0.9642881860336355,0.9658107827531317,0.9682330957159665,0.9656031559277458,0.9656723648695411,0.9665028721710845,0.9714859159803446,0.9691328119593051,0.9717627517475258,0.9676794241816042,0.969824901377258,0.9714167070385494,0.9743926915357464,0.969824901377258,0.9731469305834314,0.97404664682677,0.973285348467022,0.9736313931759983],"train_loss_dist":[0.11912604595129632,0.08478572712337047,0.01469103866643063],"train_loss":[2.310962999937105,1.3540346633605012,1.0489827774414036,0.6255169520906795,0.4370189449602992,0.4250662626661358,0.34236277298507695,0.3444645629534549,0.3527819505302343,0.2820796310020917,0.261102036961726,0.2240648491690832,0.24859235323596862,0.19685581799539054,0.1781181789956808,0.1650857429146247,0.17382276200824925,0.17156122664836743,0.1575167320825454,0.13991464217506616,0.14500778176638648,0.12496793398816525,0.12543575798013532,0.23531450189305092,0.12044339400452309,0.11629705508455816,0.1113035350610508,0.12167444049613856,0.10574895959365277,0.10383293413709163,0.10685489171557347,0.09919028794932438,0.10972950147039849,0.10134321103383367,0.09777390231260487,0.09034140257960092,0.09435192918002346,0.09605028795428908,0.09375268519770372,0.08205759596638806,0.08547877638741087,0.07989565994858915,0.08992179669104622,0.08234999723695345,0.08160198944797978,0.07332979232001671,0.08033244664408822,0.07531796629289308,0.07127718249973611,0.07302085835336082,0.07252800749357398],"valid_accuracy_dist":[0.9527027027027027,0.9556650246305419,0.9925742574257426],"valid_accuracy":[0.059759919423874215,0.5642021566590338,0.6707255174800272,0.7689557166277121,0.8331502583779434,0.8422813542684422,0.8724412490440422,0.8743793549337099,0.8752112843423686,0.8943021006594876,0.9106268049439534,0.9283341763739377,0.9117325183053155,0.9333154592721604,0.9382961282627778,0.9421696994766805,0.9396784880201953,0.9382962488836415,0.943553157409867,0.9490869454714103,0.9479805066001569,0.9546214324926842,0.955174886417984,0.920311941201084,0.9546219199197258,0.9573886318978193,0.9576651900828713,0.9540680055756012,0.9607091002457263,0.9590488379421733,0.9582186278032411,0.960709102946548,0.9562814913660135,0.960432276969608,0.9593254496856028,0.9637527988758926,0.9626457065008213,0.9626461912270411,0.963752804277536,0.9643061803370628,0.962645599384066,0.9670732109646003,0.9612628674188267,0.9670733689389114,0.9662434319935108,0.9681803006388502,0.9654129513618689,0.9673501976166732,0.9690102402850725,0.9684567544079686,0.9670733234829989],"mean_valid_accuracy":[0.0591447358688738,0.5629201987067299,0.6685500109556956,0.7675259774845812,0.8322269481474841,0.8413841583865483,0.87170308446768,0.8738244780409342,0.8749154064321356,0.8939324222163929,0.910278291509087,0.9280751817026996,0.9111924988930792,0.9329999306847206,0.9380347080607407,0.9419314360207157,0.9392681163336677,0.938017905604966,0.9432569808871447,0.9488011642330522,0.9477183967731082,0.954441008523033,0.9549650474134087,0.9200524919520311,0.9544987300620623,0.9572303077232234,0.9574882627225577,0.953851929344845,0.9605786055406234,0.958903779224281,0.9580513257856208,0.960572101511842,0.9560583833479873,0.960274852292179,0.9591695930676812,0.9636310089536447,0.9624799514800367,0.9625441770478472,0.9636180008960821,0.9641927172014233,0.9624642337919053,0.9669779519557601,0.961169309581737,0.9670080325167385,0.9661818652408444,0.9681355134581491,0.9652966216106367,0.9672987777076204,0.9689551767052621,0.9683712467405706,0.9669806615863291],"std_valid_accuracy":[0.08126611796192033,0.20316273279636848,0.22509788591880167,0.15886920430356752,0.10557473350126473,0.1023921341458985,0.0810334791884727,0.07428719587021097,0.07154204268648785,0.05897047446246869,0.04925214220693291,0.025662424772258278,0.05775939713019347,0.03698242778948245,0.03195408507632134,0.027230977422246096,0.03784989751345773,0.03482522005628809,0.032606058984955194,0.029470296340447278,0.030283392157793788,0.022973081377384692,0.026383365133949455,0.04743101102390505,0.02293332698082196,0.02273374093058403,0.02302386630892471,0.02626942915932745,0.020621799638065742,0.021419127241776026,0.022438083580704364,0.02126321222323721,0.02575070218394157,0.021853529353143605,0.02148451191710796,0.01957879733306446,0.020763763553829643,0.020108203772137217,0.020859744562232344,0.018553417617088563,0.021274351013338452,0.01703649534054441,0.02162329845946577,0.016335595403038354,0.018141017098223706,0.016266085414449453,0.01841377575740876,0.016809401375224898,0.014976747904712274,0.01657278835795773,0.018137768124266224],"valid_loss_dist":[0.13204712239471642,0.137390468312406,0.031632473858276215],"valid_loss":[2.311656770142025,1.3595953594996657,1.0417568950850655,0.6227546102419793,0.43089052902665226,0.42586994798772937,0.3414609993450967,0.3483265266494766,0.351567641377923,0.28368563622411297,0.2678395282820131,0.23296502378840234,0.25021108667424413,0.20115162473005752,0.18607604958101173,0.17253486695701248,0.17634326574281592,0.17795053087938967,0.16403191885604135,0.14694322974952786,0.15204447486243455,0.13810468371030615,0.13758885571403803,0.2404895703521996,0.13346178083563337,0.13055666104693936,0.12476927892932228,0.13658697360650882,0.12293217924681778,0.12184354822561075,0.12305542989018226,0.116063692895077,0.12754248910498256,0.12097679921258034,0.11798737634716183,0.11044768349874877,0.1126560835164569,0.11952005688579237,0.1144964765790647,0.10683397648206573,0.10864858789259695,0.10384546093825119,0.11651074087274502,0.10425346868779498,0.10781353898491915,0.09868772042790497,0.10336598037618935,0.10219872066594299,0.0972023563612886,0.0993435756187926,0.1001699934906844],