{"test_accuracy":[0.0972,0.6342,0.7411,0.8365,0.8393,0.9048,0.9103,0.9281,0.9363,0.9243,0.9411,0.9283,0.9555,0.9567,0.9608,0.9621,0.9631,0.9663,0.9657,0.964,0.9681,0.9691,0.9684,0.9737,0.9715,0.9719,0.9294,0.9758,0.9748,0.9751,0.978,0.9769,0.9777,0.9784,0.9758,0.9781,0.9778,0.979,0.9376,0.9788,0.9785,0.98,0.9794,0.9798,0.9812,0.9826,0.9831,0.9818,0.9822,0.9823,0.9813],"test_loss":[2.3084521141052248,1.261607481956482,0.7182348941802978,0.4692714231491089,0.42584064164161683,0.30808336124420166,0.2789658323764801,0.23176495308876038,0.2119503918647766,0.2264672276496887,0.1878198654651642,0.2293518205165863,0.15057266647815704,0.1476673039197922,0.13363314633369447,0.12649647883176804,0.12394583590030671,0.11174252059459687,0.11139682283401489,0.1167530118227005,0.1036588674902916,0.10179984713792802,0.10293140660524368,0.08623804765939712,0.0899344955444336,0.09232297147512436,0.19898029634952547,0.07909008975028992,0.08036419429779053,0.07998423982262612,0.07242556892633438,0.07307890022993088,0.07307889708280563,0.07073122754096985,0.07480403974056243,0.06907581071853637,0.07068522701859474,0.06799788037538529,0.17818921036720275,0.0700404107928276,0.06622289841771126,0.06326604326963425,0.06382612327337266,0.06375416001975537,0.06274721641540527,0.05877094200849533,0.05540297891497612,0.059778881347179416,0.05889449182152748,0.05726476473212242,0.059581159776449205],"train_accuracy_dist":[0.9915504858470638,0.9889071487263763,0.982321618743344,0.9818515497553018,0.9823157894736843,0.9859678085018572],"train_accuracy":[0.06375664131680384,0.6581935618293572,0.765079695801646,0.8588394624440046,0.8599506893079141,0.9132895787755669,0.9217279577733791,0.9344028891898462,0.9402715560648679,0.9274924471299094,0.9422856547557037,0.9279438830433726,0.9570788623814981,0.9574955724554641,0.9606903496892037,0.962773900059034,0.9629475292565198,0.9674271625516547,0.9671840816751744,0.9664201132062368,0.9688161961315415,0.972601312636733,0.9689550994895302,0.9760044449074556,0.9738861686981283,0.974650137167066,0.9312081119561065,0.9781574469562802,0.977115671771365,0.9777407368823141,0.9803799006840991,0.9800673681286245,0.9806924332395736,0.9810396916345453,0.9792686738201896,0.9816300309059971,0.9809007882765566,0.9823939993749349,0.9407924436573254,0.9821856443379519,0.9824981768934264,0.9836788554363302,0.9845817272632565,0.9840955655102962,0.9840261138313019,0.9857624058061604,0.9862485675591207,0.9849637114977254,0.9848248081397368,0.9860402125221377,0.985484599090183],"train_loss_dist":[0.027413488654116816,0.03573737589790866,0.050002948633525064,0.05967917226461563,0.05643534670691741,0.044527239006687626],"train_loss":[2.3149208404390533,1.1946131615612736,0.6584344404449222,0.4276256817616319,0.3861260302125503,0.28607745519482347,0.25545316990263767,0.22225197158805876,0.2000518972849388,0.21913606376899555,0.18376878047894366,0.22365475885693462,0.14335258784339913,0.13925080991763722,0.12809756512144652,0.1202431881253279,0.11767582693043925,0.1061979318147265,0.10500570440463533,0.10620496543292168,0.09927818801111864,0.09254054257752733,0.09787332611996444,0.08096925913394956,0.08339203712899607,0.08246587216776477,0.19330874103123302,0.07209265646412666,0.07324083240725193,0.07174197163854693,0.06537511234330515,0.06543054964888712,0.06428206794024192,0.06215085125105159,0.0651468992932876,0.05931284881505481,0.06079063975721899,0.057368163663391876,0.16745451192867042,0.0567191879939287,0.05526590687115892,0.05206836403724356,0.051285020722848663,0.05119947843667835,0.05093357188352678,0.04730738571825235,0.04481904766748638,0.04776021363791591,0.04683319758284259,0.04433499818208399,0.045665256897036134],"valid_accuracy_dist":[0.9881756756756757,0.9802793755135579,0.9863713798977853,0.9657701711491442,0.9739057239057239,0.9834983498349835],"valid_accuracy":[0.06357854404600072,0.6645385717312919,0.7727003081945819,0.8572652609684577,0.8601779606229509,0.9159995872764398,0.9232214812960032,0.9337709131714241,0.9402977537653415,0.925862681587187,0.9418230842439648,0.9291884133477378,0.956542608679604,0.9568194176183511,0.9597348632496543,0.9612626227062917,0.9611238288443861,0.9666777257088695,0.9641781857005332,0.9634846014051617,0.9665386740021971,0.9684833612928784,0.9670935064053406,0.9719539796632534,0.9705645801157575,0.9716765639669922,0.9261251325287657,0.9741754536360526,0.9740362351618762,0.9754248420711361,0.9765353808017785,0.9763967274680626,0.9761190360559663,0.9768134922866899,0.9757021277945913,0.977368822707848,0.9768128722108248,0.9780629085780761,0.9354287919449361,0.9772302307429389,0.9779240546957505,0.9791737898129119,0.9791741896870004,0.9791737073439645,0.9788959325027804,0.980284875944368,0.9805622829709467,0.9788957615400108,0.9798676577838373,0.9804235226147855,0.9795902138568835],"mean_valid_accuracy":[0.0632399761955131,0.6638422828574105,0.7728436845725891,0.8574006086709373,0.86032986488172,0.9160637334297044,0.9233822467897315,0.9338365416883101,0.9404027534972772,0.9261428868365232,0.9418711197487397,0.9292691649019345,0.9566280514977694,0.9568961502850587,0.9598164990484422,0.9613418997833375,0.9612250012350309,0.9667636242489337,0.9642556205244671,0.9635952725445,0.966558461593433,0.9686076189916978,0.9671325624371477,0.9720343901146792,0.9706370907055099,0.9717863519716228,0.926177142379942,0.974264221099955,0.9741188301919754,0.9755060094028646,0.9766078944554235,0.976486379065801,0.9762046625657024,0.9769016845620571,0.9757898199710784,0.9774522553328522,0.9768849557769911,0.9781425910881358,0.9355125440700958,0.9773204189298386,0.9780216296115575,0.9792520441585965,0.9792488555287123,0.9792431339644517,0.9789548113669843,0.980341593280694,0.9806254845289417,0.9789614811957253,0.9799241854026226,0.9804880148168023,0.9796667793294783],"std_valid_accuracy":[0.086459802285854,0.06447650321240148,0.05888881388747332,0.04289188695850715,0.03576175429570841,0.028700677284404785,0.03727921784039809,0.016020723651620807,0.023383402616818847,0.04788780356205441,0.013507245838503067,0.017031031699850856,0.016813411653373606,0.013364403913763607,0.011640078896821147,0.012073667491674192,0.012293911069862905,0.010251768834056207,0.009973706803301015,0.013604544535138992,0.008871096651756893,0.014312226279403512,0.0076053273562764895,0.010276528331565612,0.008204440310813575,0.012638331994827915,0.04288067956149629,0.00966163142082592,0.008634054564719022,0.010213501064586917,0.007893657131136989,0.008959738870984817,0.008527406618545461,0.00913353429977781,0.00815691743763687,0.008733497916091907,0.007511382399130251,0.008189256574880031,0.03755900734770747,0.00952419328997856,0.008797124399139555,0.008513493061417078,0.008752953617692143,0.008377537068063344,0.007303243169659129,0.008375048403468921,0.006984649219507528,0.006826861873341321,0.005619406483708489,0.008136306596082882,0.007732126388727944],"valid_loss_dist":[0.04119730307846456,0.05414439555358573,0.05096483951532861,0.09438354068397019,0.0829902514313608,0.04365361121670641],