{"test_accuracy":[0.0972,0.46,0.4456,0.4728,0.4758,0.4798,0.4843,0.4831,0.4857,0.4872,0.4878,0.4863,0.4885,0.4878,0.4903,0.4893,0.49,0.4887,0.489,0.4906,0.4906,0.4908,0.49,0.4911,0.4914,0.4905,0.4911,0.491,0.4906,0.4914,0.491,0.491,0.4911,0.4906,0.4912,0.4915,0.491,0.4909,0.4913,0.4914,0.4914,0.4917,0.4912,0.4915,0.4913,0.4912,0.4913,0.4914,0.4914,0.4914,0.4912],"test_loss":[2.3084521141052248,4.4273942344665524,4.895650866699219,4.81029061126709,4.819390301513672,4.9134186874389645,4.839059038543701,5.070663497924805,5.044205893707275,5.144381078338623,5.257825205230713,5.358446508026123,5.473223245239258,5.611078704833984,5.637212629699707,5.704652854156494,5.784061940765381,5.907725594329834,5.967265305328369,6.130538744354248,6.1771735717773435,6.3166905059814455,6.374936334228516,6.551093456268311,6.618685779571533,6.643495191192627,6.817782819366455,6.818820996856689,6.871907441711426,7.037197121429443,7.085877687072754,7.150739347839355,7.323118600463867,7.269528807067871,7.406580840301514,7.482577174377441,7.532827924346924,7.56016196975708,7.6666737564086915,7.763980204772949,7.762748666381836,7.8357262008666995,7.86893528137207,7.930598020935059,7.948485122680664,8.015631494140624,8.054529649353027,8.116744432067872,8.140821410369872,8.186248564147949,8.22736969909668],"train_accuracy_dist":[1.0],"train_accuracy":[0.1936842105263158,0.915578947368421,0.8894736842105263,0.9557894736842105,0.9635789473684211,0.9705263157894737,0.9713684210526315,0.9770526315789474,0.980421052631579,0.9856842105263158,0.988421052631579,0.987578947368421,0.9896842105263158,0.9903157894736843,0.9947368421052631,0.9941052631578947,0.9951578947368421,0.9943157894736843,0.9943157894736843,0.9981052631578947,0.9987368421052631,0.9987368421052631,0.9981052631578947,0.999578947368421,0.9991578947368421,0.999578947368421,0.9993684210526316,0.9997894736842106,0.9997894736842106,0.999578947368421,0.9997894736842106,1.0,1.0,1.0,1.0,1.0,1.0,1.0,1.0,1.0,1.0,1.0,1.0,1.0,1.0,1.0,1.0,1.0,1.0,1.0,1.0],"train_loss_dist":[0.0014895647948999938],"train_loss":[2.3032372175517835,0.2721763740715228,0.3167350891075636,0.14677762753712503,0.12209721529483795,0.09962513855883949,0.0866824983860317,0.074013385299005,0.06622792887373974,0.05184105470776558,0.0410050592900891,0.04303473635174726,0.03470650796121673,0.03325189209533365,0.024099836878870663,0.022268134603374883,0.01932239473375835,0.022740619108865136,0.02014564777106831,0.013252206022213948,0.01156355994194746,0.00990137413771529,0.010592574046630608,0.008360594111837838,0.007932427789035596,0.007112675116348424,0.007297593312043893,0.005951283915262473,0.0055950375026778175,0.005067851188347528,0.00474442013568784,0.003998402783058976,0.0044649790452891275,0.0037430748745406928,0.0035588528562925364,0.0030693524857296757,0.0030195929610023374,0.0029972907690037237,0.002609269365276161,0.0031751952897267123,0.0023383644865335603,0.0029517162508870425,0.0020476505515214646,0.0022090680935469113,0.001884283445481407,0.001792964176078768,0.0017278891518515975,0.0019054923952115993,0.0016179364511841221,0.0018337500150021361,0.0014895647948999938],"valid_accuracy_dist":[0.9856902356902357],"valid_accuracy":[0.1835016835016835,0.9116161616161617,0.8872053872053871,0.9444444444444445,0.951178451178451,0.9587542087542087,0.9705387205387206,0.9671717171717171,0.9713804713804713,0.9755892255892256,0.9806397306397306,0.9797979797979798,0.978956228956229,0.9797979797979798,0.9831649831649832,0.9823232323232323,0.9831649831649832,0.9806397306397306,0.9823232323232323,0.9848484848484849,0.9840067340067339,0.9831649831649832,0.9840067340067339,0.9823232323232323,0.9848484848484849,0.9840067340067339,0.9831649831649832,0.9831649831649832,0.9840067340067339,0.9856902356902357,0.9848484848484849,0.9840067340067339,0.9865319865319865,0.9848484848484849,0.9848484848484849,0.9865319865319865,0.9856902356902357,0.9840067340067339,0.9865319865319865,0.9848484848484849,0.9865319865319865,0.9865319865319865,0.9865319865319865,0.9848484848484849,0.9856902356902357,0.9865319865319865,0.9865319865319865,0.9856902356902357,0.9865319865319865,0.9848484848484849,0.9856902356902357],"mean_valid_accuracy":[0.1835016835016835,0.9116161616161617,0.8872053872053872,0.9444444444444444,0.9511784511784511,0.9587542087542088,0.9705387205387206,0.9671717171717171,0.9713804713804713,0.9755892255892256,0.9806397306397306,0.9797979797979798,0.9789562289562289,0.9797979797979798,0.9831649831649831,0.9823232323232324,0.9831649831649831,0.9806397306397306,0.9823232323232324,0.9848484848484849,0.984006734006734,0.9831649831649831,0.984006734006734,0.9823232323232324,0.9848484848484849,0.984006734006734,0.9831649831649831,0.9831649831649831,0.984006734006734,0.9856902356902357,0.9848484848484849,0.984006734006734,0.9865319865319865,0.9848484848484849,0.9848484848484849,0.9865319865319865,0.9856902356902357,0.984006734006734,0.9865319865319865,0.9848484848484849,0.9865319865319865,0.9865319865319865,0.9865319865319865,0.9848484848484849,0.9856902356902357,0.9865319865319865,0.9865319865319865,0.9856902356902357,0.9865319865319865,0.9848484848484849,0.9856902356902357],"std_valid_accuracy":[0.0,0.0,0.0,0.0,0.0,0.0,0.0,0.0,0.0,0.0,0.0,0.0,0.0,0.0,0.0,0.0,0.0,0.0,0.0,0.0,0.0,0.0,0.0,0.0,0.0,0.0,0.0,0.0,0.0,0.0,0.0,0.0,0.0,0.0,0.0,0.0,0.0,0.0,0.0,0.0,0.0,0.0,0.0,0.0,0.0,0.0,0.0,0.0,0.0,0.0,0.0],"valid_loss_dist":[0.05959013540937443],"valid_loss":[2.301991021191632,0.2982279228843021,0.3614856905808754,0.17539391769503904,0.15021906993806564,0.137060946537188,0.1245445236814544,0.11432563852180135,0.09880805863475157,0.0904377028596923,0.07806599651924287,0.07506652932726976,0.07837510248175775,0.07494341780240286,0.06462351139948425,0.06264683046074027,0.0620088144534766,0.06250480283992459,0.0690070174709715,0.06043777021544951,0.05691995617215481,0.056401525213311016,0.05426933734304576,0.05525248852693273,0.056957382940834626,0.057435960831866924,0.05538276783645354,0.05725682895592969,0.05549715415446044,0.055407045967249755,0.056873633102937186,0.05727370595402689,0.05297932593208371,0.056234587341396504,0.05934365168966428,0.05450024694103986,0.05456154159448966,0.05542523484137724,0.05486301084359488,0.05916976423225419,0.05815224209957151,0.055025226866155366,0.05716687089666374,0.055709461245673275,0.05754246668081091,0.05703324410650464,0.05722984897367882,0.06137303884693042,0.058880386228111856,0.05714654814614993,0.05959013540937443],"mean_valid_loss":[2.301991021191632,0.2982279228843021,0.3614856905808754,0.17539391769503904,0.15021906993806564,0.137060946537188,0.12454452368145438,0.11432563852180135,0.09880805863475157,0.0904377028596923,0.07806599651924287,0.07506652932726976,0.07837510248175775,0.07494341780240286,0.06462351139948425,0.06264683046074027,0.062008814453476606,0.06250480283992459,0.0690070174709715,0.06043777021544951,0.05691995617215481,0.056401525213311016,0.05426933734304576,0.05525248852693272,0.05695738294083462,0.057435960831866924,0.05538276783645354,0.057256828955929685,0.05549715415446044,0.055407045967249755,0.05687363310293718,0.05727370595402689,0.05297932593208371,0.0562345873413965,0.05934365168966428,0.05450024694103986,0.05456154159448966,0.05542523484137724,0.05486301084359487,0.05916976423225419,0.05815224209957151,0.05502522686615536,0.05716687089666373,0.055709461245673275,0.05754246668081091,0.05703324410650465,0.05722984897367882,0.06137303884693042,0.058880386228111856,0.05714654814614993,0.05959013540937443],"std_valid_loss":[0.0,0.0,0.0,0.0,0.0,0.0,0.0,0.0,0.0,0.0,0.0,0.0,0.0,0.0,0.0,0.0,0.0,0.0,0.0,0.0,0.0,0.0,0.0,0.0,0.0,0.0,0.0,0.0,0.0,0.0,0.0,0.0,0.0,0.0,0.0,0.0,0.0,0.0,0.0,0.0,0.0,0.0,0.0,0.0,0.0,0.0,0.0,0.0,0.0,0.0,0.0],"meta":{"task":"mnist_classification_cnum10_dist1_skew0.5_seed0","algorithm":"fedavg","model":"cnn","pretrain":"","sample":"full","aggregate":"weighted_scale","num_rounds":50,"proportion":1.0,"learning_rate_decay":1.0,"lr_scheduler":0,"early_stop":-1,"num_epochs":2,"num_steps":-1,