{"test_accuracy":[0.0972,0.4039,0.7183,0.7426,0.7736,0.8092,0.8235,0.8605,0.8704,0.8846,0.9275,0.9258,0.9164,0.9229,0.9273,0.9355,0.9309,0.9342,0.9356,0.94,0.9398,0.9421,0.9403,0.945,0.9448,0.9536,0.9515,0.9497,0.9548,0.9525,0.9539,0.9524,0.9543,0.9572,0.9517,0.9572,0.9568,0.9564,0.9598,0.9538,0.9598,0.9606,0.961,0.963,0.9599,0.9624,0.9604,0.9605,0.955,0.96,0.9628],"test_loss":[2.3084521141052248,1.842426038169861,0.8429192326545716,0.7388800930976868,0.6398175847053528,0.5263448272705078,0.45966101546287536,0.38627195444107054,0.35342131233215335,0.3141317354679108,0.23784883739948273,0.2285065420627594,0.2486151244163513,0.23066942439079285,0.21956183547973632,0.19876216104030608,0.21228496906757355,0.20251414153575897,0.19797024731636048,0.1880748856782913,0.18613214361667632,0.17592231323719024,0.1749855905532837,0.16298898761272432,0.1701414934158325,0.14989870865345,0.15123142132759093,0.15712682428359986,0.1411018902540207,0.14523096675872801,0.14620263121128083,0.14599883975982667,0.14008821437358857,0.1315910723209381,0.14782001348733903,0.13379675931930543,0.133321902179718,0.13576771574020385,0.1248510594367981,0.1417955311059952,0.1241220558166504,0.12241351158618927,0.12278981148004532,0.1146901534795761,0.12445847840309143,0.11723054623603821,0.12519874749183654,0.12334814616441726,0.13594778463840484,0.12250344843864441,0.11566475861072541],"train_accuracy_dist":[0.9731671244453834,0.9609695973705834,0.991231647634584,0.9943656093489148],"train_accuracy":[0.09426335699849718,0.496450225423641,0.8049437736435715,0.836969477120796,0.8560397989324765,0.88303881432347,0.8881691454630254,0.9079649686479764,0.9159454837539514,0.927657148779603,0.9387987770119708,0.9501476913509872,0.947712079597865,0.9510286573042441,0.9542934134839612,0.9584909571435974,0.9558998808104887,0.9577136342436648,0.9595792092035031,0.9613411411100171,0.9624293931699228,0.965175934083018,0.9664196507229103,0.9683370472094108,0.9667824014095455,0.9705135513292221,0.9693734777426543,0.969891693009276,0.9722754832357361,0.9720163756024253,0.9721718401824118,0.9722754832357361,0.9735710214022905,0.9748665595688449,0.9720681971290874,0.9744001658288853,0.9749702026221693,0.9747110949888583,0.9771985282686428,0.9724309478157227,0.9777167435352645,0.9782867803285484,0.977561278955278,0.9792713893351298,0.9769394206353319,0.9786495310151837,0.977561278955278,0.9778203865885889,0.975488417888791,0.9779758511685754,0.9799450691817381],"train_loss_dist":[0.08073206181357936,0.11079672700744628,0.031885836246084626,0.01783376957642813],"train_loss":[2.3071246051897054,1.434606142363326,0.632307055330452,0.4978824857233003,0.4238611099114225,0.3419506881557277,0.31469048988623294,0.26057258308097514,0.23362692236674848,0.20788049271929948,0.19770343165950663,0.1612688838561446,0.16549002305704083,0.15557444288352923,0.1461217162060467,0.1331593364132756,0.14003788573467504,0.13293150470804388,0.12745862071125683,0.121592607197999,0.11855649778313135,0.11156537634721474,0.10910029666559211,0.10149599193766827,0.10473404926973136,0.09467479381774963,0.0961364062300567,0.09464967743719824,0.08668119914823168,0.08747780273530485,0.08875657724107604,0.08572017540800489,0.08278163718698173,0.07772463910529148,0.08629674453691985,0.07817389895543846,0.07728925200918892,0.07751470921318747,0.07088785019392929,0.08328527169131353,0.06991381650967117,0.06813849109148383,0.06815391995142876,0.06364075327878475,0.0680963943937365,0.06384915657464646,0.06726407926691229,0.065867094759043,0.07141038976061831,0.06522651183082877,0.060283509374356746],"valid_accuracy_dist":[0.9755067567567568,0.9465899753492194,0.9747351263243684,0.9858096828046744],"valid_accuracy":[0.09134700610053138,0.4966860665053107,0.8046053200762433,0.838174073638959,0.8570263030977413,0.8820929500025069,0.8860298864603123,0.9044744091748687,0.9133821401105211,0.9233281390226011,0.9363953672256025,0.9417749147818741,0.9392876119862034,0.9434314205899857,0.946124845337159,0.9504762402894664,0.950477534108296,0.9510981354217705,0.9513060596449596,0.9552436702112334,0.955242488470338,0.9573135857183567,0.9566904703919386,0.9606277430835479,0.9581422985985315,0.9645674168897355,0.9624950258228874,0.9622868758029682,0.9660171258174467,0.9658093889377687,0.9666401658782882,0.9641508374754912,0.9660161874590302,0.9676737068911352,0.9639443960555037,0.9676747389213075,0.966638158677341,0.967053087171482,0.9695385876954656,0.9649831908909681,0.9691249162077966,0.9707825669444455,0.9701606149527439,0.971818265689393,0.969953591455183,0.9718186035640575,0.9701605396871672,0.9680877915190452,0.9658068372920368,0.9701605773199558,0.9705744177449569],"mean_valid_accuracy":[0.0914072280132666,0.4943230698669883,0.8040220489984039,0.8377134647196154,0.8567588553533036,0.8820473486339636,0.8860938846167639,0.904451135628771,0.9134918521203401,0.9234162791681854,0.9364949395386489,0.9418315025433146,0.9393007083435015,0.9434745291201981,0.9461841345332652,0.9505495533047846,0.9504732642066047,0.9511230057157611,0.9513277259820161,0.9552544614755618,0.955312506694779,0.957401703761619,0.9568123903133897,0.9607422933529614,0.9582266572849221,0.9645732795119671,0.9625766613607649,0.9623340590171319,0.9661038206297414,0.9658793660018528,0.966675076779692,0.964234399727846,0.9661085748216565,0.9677583885779203,0.964050379362472,0.9677437672051885,0.9667535592660216,0.967139829511351,0.9696284248407051,0.9650507171162241,0.9692184564918954,0.9708527708807695,0.9702431105828934,0.9718871988622425,0.9700360103478048,0.9718970631701831,0.9702348271750896,0.968199536496441,0.9659323943953865,0.9702454848059747,0.9706603853087546],"std_valid_accuracy":[0.09025552573799968,0.177687270004145,0.09170577402738316,0.09114532555216451,0.07783326601892679,0.06974563868353363,0.0642639159934735,0.052084510225240195,0.05043295702789053,0.04571585400993142,0.027684981955481386,0.02665517800876898,0.031033594150122676,0.028247984486746296,0.02851522895901164,0.023570142989643657,0.02542673113376343,0.025561035036897033,0.024193877802925215,0.020025055744393432,0.02241186443362477,0.023505389588050568,0.025744458328753755,0.02303221508040783,0.022059525314645913,0.015108845693587194,0.015924672842984683,0.019107481416398345,0.015051048954150057,0.01729799341492084,0.01346989358191369,0.018200285746340333,0.017080793206653365,0.016321308746128506,0.018965438965078955,0.014507323765344015,0.017325280081193897,0.015650630665110316,0.015234607474343735,0.01598705022148537,0.016020662489301077,0.013127578782936168,0.013306192202572894,0.012162116834777716,0.014623607799270253,0.01259279007034839,0.014451899823851514,0.01722640169340644,0.021977298283904215,0.015013876653238455,0.014568602204709876],"valid_loss_dist":[0.08401020998890335,0.16873565941877608,0.06527317287407955,0.0449187573176095],"valid_loss":[2.308615842223475,1.446440406599537,0.6291359759461176,0.4979677033952462,0.4278091528340265,0.34727743587109755,0.321283402230996,0.2686469436171979,0.24354063754317753,0.21589148139419417,0.20151224598985865,0.16882964893323665,0.17567773288305008,0.1675077256726903,0.1579700963039257,0.14575001401041693,0.15247453572767258,0.14555647456229867,0.14146685030423925,0.13659115289343843,0.1352777745989708,0.12764752895374806,0.12609142237827817,0.11823033882471028,0.12213640838776334,0.11122680547883372,0.11427686458761872,0.11350039166049909,0.10576871868076089,0.10685719677589078,0.10864245891712114,0.1070894833437115,0.10455302943365381,0.09931225896173747,0.11046386137214864,0.10102615754386918,0.10088836578356453,0.10149265846832715,0.095265581059472,0.1101480617505828,0.09446974533438804,0.09287740573007852,0.09432764749766816,0.08954672438128002,0.09593427804139563,0.09193075317138734,0.09610228543302334,0.0962879320123416,0.10259863638953964,0.09550948468098555,0.090914434304221],