{"test_accuracy":[0.0972,0.382,0.5878,0.7501,0.8288,0.8666,0.8823,0.9113,0.9029,0.9157,0.9291,0.9142,0.9399,0.9409,0.951,0.9542,0.9459,0.9589,0.957,0.957,0.9621,0.9637,0.9656,0.968,0.9696,0.9508,0.9724,0.9688,0.9624,0.9707,0.9694,0.97,0.968,0.9691,0.9726,0.9726,0.9753,0.9608,0.9746,0.9749,0.9755,0.9761,0.9773,0.9785,0.9783,0.9756,0.9775,0.9775,0.9768,0.9785,0.9763],"test_loss":[2.3084521141052248,1.8163201210021973,1.0954532796859742,0.6640394232749939,0.5041077467918396,0.4105494921684265,0.3643725557804108,0.2845598958969116,0.30107851884365083,0.25953079266548157,0.22797554233074188,0.2591021458387375,0.19764185371398926,0.18690414445400239,0.1661024248123169,0.15554356670379638,0.17114270093441009,0.14056257662773133,0.1387258327960968,0.1446865203142166,0.1250296096086502,0.12312595834732055,0.11463707571029663,0.11205049376487732,0.10232856837511063,0.1541032721042633,0.09716314512491227,0.10554666335582732,0.1177671548962593,0.0993604303598404,0.10011795731782913,0.09722948858737945,0.10252903368473053,0.10323440259695053,0.09195434178113937,0.08618054594993592,0.0837823802113533,0.12454296903610229,0.08479315669536591,0.08318345576524734,0.08292835035324096,0.0789456541776657,0.07708242775201797,0.07222907596826553,0.07170779508352279,0.07610321569442749,0.07490563408136368,0.07086395683288574,0.07241383867263794,0.06585127329826355,0.07014187071919441],"train_accuracy_dist":[0.9782425010561893,0.979872663791333,0.9857294994675186,0.9893860561914672,0.9877894736842106],"train_accuracy":[0.11608602691485348,0.5017817465308347,0.699325032490672,0.81960340418396,0.8680249863748795,0.896700624659372,0.9054626252463003,0.9245377939881776,0.9161531044313085,0.930532847021339,0.9388336896826395,0.9299039953045738,0.9481826185385486,0.9492726281809416,0.9575734708422421,0.9612627342472645,0.9513268771223745,0.9639458349054626,0.9639039114576783,0.9631492893975601,0.9681801031316816,0.9691443424307215,0.9704020458642518,0.9724143713579004,0.974300926508196,0.9577830880811637,0.9758940175240012,0.9736720747914308,0.9691862658785059,0.9755586299417264,0.9748878547771769,0.9760197878673542,0.974426696851549,0.9739655389259213,0.9767324864796881,0.9788705823166898,0.9806732905714166,0.966419318324739,0.9797928981679453,0.9806313671236323,0.9797928981679453,0.9813440657359661,0.9820986877960843,0.9828113864084183,0.9835660084685365,0.9815956064226722,0.9822244581394374,0.9834402381251834,0.9828952333039869,0.9841948601853017,0.9841948601853017],"train_loss_dist":[0.05849757696921734,0.06716979775041446,0.04324450217607938,0.035638082836067515,0.04142620665658461],"train_loss":[2.3093180194449006,1.458290951034985,0.828148199305696,0.5082193944072672,0.3984147251946708,0.33026744822548637,0.2967594674571837,0.2387583313684506,0.2518122742392255,0.2152785225295223,0.19342469894008427,0.2126729037296106,0.16704108347585356,0.16039199161825904,0.1400971627021013,0.13107676386479605,0.14997566036296853,0.11858756776321401,0.11757986837732454,0.1188937393946952,0.10540841229405837,0.10161114726833281,0.09658691385307287,0.09257024888239561,0.0861821071708739,0.12831434900150285,0.08129207445246486,0.08491104228163339,0.0931493635454333,0.07901172702840373,0.07944590552022701,0.07747346767466563,0.07970915201142295,0.07955099105839959,0.072801935734856,0.06731240388084217,0.06412278509971377,0.1002399268547344,0.0635249496870649,0.062090736094452884,0.06234031510244764,0.05788109854531529,0.05748225448155912,0.053722959351868584,0.05188759251247061,0.055116443438024805,0.0539211958620966,0.051626898953205026,0.05151932472979623,0.04734361630933589,0.04926112782383],"valid_accuracy_dist":[0.9771959459459459,0.9712643678160919,0.9829642248722317,0.9692179700499168,0.9831649831649831],"valid_accuracy":[0.10910880557413509,0.5057085004196381,0.6966194570247348,0.8156249617728178,0.8627239275685153,0.8902121040051154,0.89859285387278,0.9215572496113059,0.9151881242250087,0.9309430820027709,0.93848568379679,0.9267531406168122,0.9451898115045205,0.944352236217842,0.9545770154765434,0.9574262438979955,0.9477051604275867,0.9606112265591407,0.9606111192168425,0.9591023808964315,0.9619519211840398,0.9642984342704354,0.9663097499919009,0.9666454715385321,0.9688240802379232,0.95290141965035,0.9708357267682052,0.9674834254847199,0.9636283218622365,0.9691598301895133,0.9679860943255261,0.9699976776794956,0.9668130998402836,0.9663101991328727,0.9694948103012662,0.9730145031633427,0.9726794246039774,0.9626223900747227,0.9746909308719928,0.9721767190319791,0.9733498815483277,0.9758643331666192,0.9755289196749208,0.9763671061353659,0.9765346588110554,0.9743556895233836,0.9763670717439722,0.9770372918974957,0.9748586230092428,0.9765346558236047,0.9767020864001723],"mean_valid_accuracy":[0.10831747780753007,0.5071736671356216,0.6973859668666058,0.8161055030789699,0.8630093426421194,0.8904170951347508,0.898760025206716,0.9217056335601411,0.9154096215126966,0.9310350880286397,0.93859363631219,0.926884152837944,0.9452573343507001,0.9444182458924718,0.9546840083219195,0.9575090877560581,0.9478011196567783,0.9607177070987772,0.9607189038476873,0.9591791525677869,0.9620238704706476,0.9643817746303416,0.9663818593874177,0.966758404719639,0.9688873770299697,0.9530617338922441,0.9709275399183692,0.9675783320465576,0.9637279485385741,0.9692740998813131,0.968061596895474,0.9700913276991889,0.9669207706903965,0.9664088191403046,0.9695801951975833,0.9730740620652905,0.9727527215589339,0.9627296074312628,0.9747905033909413,0.9722679243463409,0.9734274846548054,0.9759644517021728,0.9756095902802991,0.9764548768010093,0.9766220130583341,0.9744449708361598,0.9764517317169442,0.9771071665822759,0.9749628219594877,0.9766269532861068,0.9767614983698338],"std_valid_accuracy":[0.08503765387752496,0.16699547366155137,0.09713653864847922,0.06446420466279684,0.035991688592503866,0.029074133032942106,0.02402800182674043,0.014995310712357959,0.02104451709865288,0.013577118042089073,0.012024070853735956,0.01201436892522709,0.009963828511637263,0.00860422525411865,0.00897217808438212,0.007403845101930323,0.01116776431144785,0.008723532906368799,0.00907313259935189,0.00740009051652014,0.006541019912123754,0.00708597039367062,0.006177445473478447,0.009014893263761436,0.005373758558544578,0.0134489980908139,0.007397114796295809,0.007547713993288617,0.00793795481355448,0.009042975487297567,0.00660851035062699,0.007459438249911878,0.008607028261315838,0.007882262559978303,0.007263346061976071,0.0058873017503772,0.006519713351764004,0.010367535144291819,0.007949033369302121,0.007474048844882782,0.006614471791369408,0.008034629187952173,0.006731739837681136,0.007165352965458271,0.007005904229379612,0.007302944464583488,0.007326681203172664,0.006152611483156378,0.008277922507664558,0.007341717433181558,0.005775646147746916],"valid_loss_dist":[0.07083000690751784,0.08940467182149245,0.05038543597016058,0.08717797793906659,0.06376273042023783],"valid_loss":[2.308914278063184,1.4612957675907965,0.8395959116746023,0.5183220268114153,0.407439202652764,0.34391529129400594,0.30623372123861403,0.2504298255438702,0.25913471202620086,0.22660389045042806,0.20269417680484347,0.2250522063511669,0.17783729462339562,0.17426548144246942,0.15163697074277083,0.14213280948898896,0.16377738947093234,0.1299607100161735,0.1291216833366242,0.13109136421543388,0.1187700425748757,0.11489850748905428,0.11010496646981176,0.10608468732925909,0.1000677609568541,0.14149935294056018,0.09536908468401037,0.10065547480070657,0.10828407322289346,0.09488093237726386,0.0957565340626481,0.09375979920284694,0.09671832930143702,0.09660779120763868,0.08967164929915561,0.0853490752258447,0.08238370336685209,0.11701869150183669,0.0830161920321822,0.08124826483131034,0.08133992986669891,0.07778186625942415,0.07702703961886812,0.07310496029371019,0.07221507418068292,0.07647940543941192,0.07408595522065613,0.07294016177098614,0.07384612565186183,0.06992734626645326,0.07248326731112585],