{"test_accuracy":[0.0972,0.4488,0.6625,0.769,0.8075,0.8518,0.8471,0.8912,0.9071,0.946,0.9114,0.8843,0.9397,0.9414,0.9297,0.9411,0.9516,0.9585,0.9586,0.9627,0.9629,0.9627,0.9608,0.9677,0.96,0.97,0.9194,0.9691,0.9695,0.9719,0.9719,0.9738,0.9737,0.9769,0.974,0.9755,0.9767,0.977,0.9184,0.9711,0.9721,0.9796,0.9784,0.9804,0.9806,0.9802,0.9692,0.9784,0.9795,0.9811,0.9823],"test_loss":[2.3084521141052248,1.6697089990615845,1.129920059967041,0.6421624286651612,0.5543511462211609,0.39896021757125855,0.4066349672794342,0.3067334969997406,0.2633222393035889,0.18484723784923554,0.2505237570524216,0.32911055998802186,0.1830993417263031,0.1738179246902466,0.2008319016933441,0.17285467538833618,0.14959377894401552,0.1333246815919876,0.1338478690624237,0.12007570455074311,0.11864693918228149,0.11763610714673996,0.12394138820171356,0.10396946430206298,0.12175401020050049,0.09443777047395706,0.23905645220279695,0.09816118606328965,0.09428556079864502,0.0875816024839878,0.08940453675985337,0.08229179931879044,0.08423057942390443,0.07781507172584534,0.08267295732498169,0.0790903092265129,0.07402892764806747,0.07375720224380493,0.256012713766098,0.09010806683301925,0.08443218569755555,0.06953879071474076,0.07126097781062127,0.06528943493962287,0.06444343231916427,0.06712413934469223,0.09174018688201904,0.07094439545869827,0.06746778008937836,0.06276690577864646,0.05729914918243885],"train_accuracy_dist":[0.9877482044782425,0.9835661462612982,0.992047308319739,0.977939646201873,0.9833055091819699,0.9928421052631579],"train_accuracy":[0.09510276227775274,0.5308633417668873,0.7334072713409351,0.8188749870030846,0.8521124319828094,0.8827504938827851,0.8832357120576716,0.9127300454025578,0.9254150348317333,0.9502651370741344,0.9275985166187225,0.9052091636918171,0.9498145773403113,0.9518247669219838,0.9444078605344332,0.9521366928915538,0.9596922330433577,0.9650296329671091,0.9650296329671091,0.967282431636225,0.9695005718642775,0.9693619381000242,0.9674557238415417,0.9735556094686861,0.9655841680241223,0.9752538730807888,0.9397289709908848,0.9740408276435726,0.9752885315218521,0.9769867951339549,0.976466918518005,0.978511766540741,0.9780265483658545,0.9799674210654005,0.9783038158943611,0.9795515197726407,0.9806605898866669,0.9811111496204901,0.9417391605725575,0.9775066717499047,0.9780958652479812,0.9826014625862128,0.9816656846775033,0.9836758742591758,0.9841610924340624,0.9834679236127959,0.9770907704571449,0.9824974872630229,0.9835372404949225,0.9844730184036322,0.9862405988978615],"train_loss_dist":[0.04088514445827236,0.047083179960019685,0.030534570577871935,0.06139123242515121,0.04786772186399899,0.024734926387667656],"train_loss":[2.3111821934986216,1.3899512401185894,0.8781874732897152,0.5137880061134096,0.4342365082544053,0.3312197681847583,0.32919587239282727,0.2526872186465672,0.21853691891062485,0.17026497610139296,0.20813775957673938,0.27344169659936496,0.15432703153238353,0.1456570680932115,0.16212640788558616,0.14273781339335068,0.12441132463347217,0.11194638752999911,0.11069274557281135,0.104842803161233,0.09875736094150568,0.09729008112020503,0.10295935787059891,0.0865271332021483,0.10231074937734018,0.0798129388385392,0.17745559102902522,0.07948863085383737,0.07654985649838454,0.07091272386044715,0.0731161712423425,0.06709719527252885,0.0668967940230632,0.06248031018296486,0.0657441354521099,0.06252467574974094,0.05912252010065084,0.05910179029639018,0.17946269674584864,0.06717892211585574,0.06399670976907737,0.05326563639915746,0.05448031259437072,0.049546159513492755,0.04858277335778988,0.050329897081596214,0.0680932058316126,0.05225736911892808,0.04990278425712737,0.046556808515056926,0.04208749950928074],"valid_accuracy_dist":[0.9831081081081081,0.9761709120788825,0.9837000814995925,0.9717138103161398,0.9841402337228714,0.9856902356902357],"valid_accuracy":[0.09227289437247593,0.5328249202823678,0.7365417614593612,0.8221937038292463,0.8558720109005192,0.8819257887453567,0.8842816430175954,0.9146327443542082,0.925441902240556,0.9512211812173629,0.9266905206875967,0.907006189119303,0.9478930233984459,0.9502484122029498,0.9401312957265432,0.949278799645353,0.957178196361309,0.9645224258255821,0.9623054080580465,0.9635547841064733,0.9664633484688019,0.9666021110891148,0.965077089712812,0.9697896794685047,0.9602271321525806,0.9729770594874133,0.9359736604906079,0.9714518712232025,0.9729763719175399,0.9754709718454376,0.9733927545587862,0.9761640765454165,0.9757480117316695,0.9767184439780676,0.9749172930875112,0.9761643095671947,0.976718647372208,0.9764418325759937,0.9361118905581711,0.97380828222876,0.9751931252132711,0.977272608016578,0.9767185584372692,0.9797671876284394,0.979628582018575,0.9781042661468614,0.9728372149641644,0.977272664522476,0.9779656032684615,0.9793512824294246,0.9807372703550915],"mean_valid_accuracy":[0.09206234394141126,0.5316394983275833,0.7361380488011809,0.8221570995350027,0.855989133492964,0.8820222518779414,0.8844089413854084,0.9147441045027698,0.9255212796096481,0.9512207489692647,0.9267979190578428,0.9071529265151573,0.9479430683976906,0.9503102015770611,0.9402583954392761,0.9493828299225551,0.9572293030537272,0.964539764936231,0.9623371942336463,0.9635585828397457,0.9664912267787783,0.9666703359055334,0.9651252483934917,0.9698367649481242,0.9602393754261582,0.9729977561446564,0.9361644866395366,0.9714680759270986,0.9730094048019927,0.9754933737412607,0.9734259783997615,0.9762044337470219,0.9757662301736082,0.9767444816162101,0.9749550678827569,0.9761986535500489,0.9767421285213685,0.9764664556804487,0.9363379716089605,0.97385913935623,0.9751891640683276,0.977299914434206,0.976749224529318,0.9797766850242319,0.9796391982818055,0.9781257112407413,0.9728354999783054,0.9773005365285187,0.9779939702521933,0.9793741148181626,0.9807538969026384],"std_valid_accuracy":[0.09017521147161749,0.11877091627361004,0.08911892727004588,0.06632446311127906,0.07079671184092086,0.05759255309722558,0.06111542833223738,0.03695380795415542,0.03271901462800098,0.011128714656839164,0.0371755545596782,0.03763782324039128,0.021841512644500835,0.019867331075444885,0.03780483615137505,0.025530577409620194,0.01751768372922173,0.010394105286679741,0.013749910182224087,0.00887890354831409,0.010227479351678689,0.013673235594756963,0.011230140047813617,0.009956303091172203,0.01893344710555129,0.007145284154641321,0.048196609246442756,0.010075612863989006,0.00952318462847062,0.006933481275209553,0.007924406646831758,0.007571558835336669,0.006434744483795375,0.006811597750248505,0.008539839777370523,0.008335410118971947,0.007291836545735928,0.006674885245149765,0.05501326947138012,0.01129942029222816,0.009314101827463101,0.0074071555738893825,0.0077779765382986294,0.006474365746505583,0.006684232334241961,0.0067052096142979885,0.01109354013432229,0.0077926422698572665,0.008000616815140107,0.007120170899423848,0.0050461858063204764],"valid_loss_dist":[0.06232208748524253,0.0684356731389425,0.053622901773637356,0.10130021662858878,0.05498683097490882,0.0547375547690223],