{"test_accuracy":[0.0972,0.2432,0.7379,0.7866,0.8233,0.8407,0.8478,0.8499,0.8673,0.8876,0.8956,0.8909,0.907,0.9192,0.9247,0.9236,0.9213,0.922,0.9228,0.9306,0.9322,0.9341,0.9407,0.9389,0.9451,0.9443,0.9391,0.9466,0.9455,0.9469,0.9511,0.9491,0.9519,0.9532,0.9532,0.9517,0.952,0.96,0.9577,0.9592,0.9614,0.9543,0.9589,0.9588,0.9656,0.9651,0.9508,0.9591,0.9577,0.9617,0.9617],"test_loss":[2.3084521141052248,2.2105028141021728,1.0402515419006348,0.872266208744049,0.7167288293838501,0.5624335572242737,0.5220705873012542,0.5007895442008972,0.41051818046569827,0.3472039400100708,0.31906852593421936,0.33007805380821226,0.291671865606308,0.2561007575511932,0.23291305456161498,0.2360633421897888,0.2367220166683197,0.23983885698318483,0.23496770253181457,0.20799209094047547,0.20448410654067994,0.19918792667388915,0.18099273133277893,0.18458665187358855,0.1655373220205307,0.1688462901353836,0.18051521699428558,0.15938867931365966,0.16530913820266724,0.15673333468437195,0.1451858455657959,0.15376563611030578,0.14098254017829895,0.13687400329113006,0.13771693465709686,0.14503833808898925,0.14167163712978362,0.1217037351667881,0.12623548848629,0.12157563099861145,0.1181331960439682,0.1369424699783325,0.1267293509721756,0.12364535167217254,0.10607985311746597,0.11187726213932038,0.14876090505123138,0.12163598272800445,0.12570826370716096,0.11462187956571579,0.11564952244758606],"train_accuracy_dist":[0.9875369666244191,0.9801916932907349,0.9891485809682805,0.9517894736842105,0.9826661163846472],"train_accuracy":[0.040979132552378554,0.35991098794978377,0.8087080656673804,0.8511147499685099,0.8810093630599991,0.8966284586639796,0.9035982701431751,0.9057395977663014,0.9143468950749465,0.92946214888525,0.9353822899609523,0.9310996347146996,0.9421841541755889,0.9464668094218416,0.9498257547130201,0.9511693328294916,0.9522190032329848,0.9511273460133518,0.9529327791073603,0.957215434353613,0.958768946550783,0.959398748792879,0.9640172985682496,0.9625057731872192,0.96552882394928,0.9654868371331402,0.9641852458328085,0.9678800856531049,0.9664945207204938,0.9676701515724062,0.9712390309442835,0.9692656505857161,0.9721207540832179,0.9728345299575933,0.9729185035898728,0.9705672418860478,0.9716588991056808,0.9738002267288072,0.9745979762354621,0.9754796993743965,0.9758155939035142,0.9735902926481085,0.9758155939035142,0.9758155939035142,0.9779569215266406,0.9775370533652433,0.972246714531637,0.9771171852038459,0.9765713565940295,0.9774530797329638,0.9782928160557585],"train_loss_dist":[0.038697147602628545,0.049095556748529084,0.03503479663662003,0.13612605480771317,0.05468649185618929],"train_loss":[2.3199617683714804,1.7037763340264858,0.7133412939035038,0.5603529219801662,0.4516146704933077,0.3576400888232934,0.32449134093119103,0.31422126260648453,0.2597047409043733,0.22691621039297827,0.20792519451113647,0.21265008224964033,0.18667020366517403,0.1720240774361929,0.15900012126318597,0.15431634998524996,0.15110379758568931,0.15339941071408889,0.14608230466709662,0.13268482879823396,0.1288692329601176,0.12609399018483314,0.11373877224828782,0.11654578413281406,0.10552749814114573,0.10587440418167009,0.10957076065638016,0.09872323230363167,0.10186993524857,0.09578402884041437,0.08943470655243849,0.09214611819603083,0.0854062111972799,0.0831200333833244,0.08248159135230598,0.08729265875500916,0.08382494994716623,0.07622044273501315,0.07541807513251865,0.0718603673860166,0.07129061409959807,0.07734160013838638,0.07149185078099628,0.07013156991230654,0.06384927621302489,0.06587021729871384,0.0799495280903414,0.06700403371968698,0.06847607711678154,0.06416121788553479,0.06269438556659536],"valid_accuracy_dist":[0.9856418918918919,0.9880749574105622,0.9874791318864775,0.9377104377104377,0.9785478547854786],"valid_accuracy":[0.03877991053212838,0.3525960064068493,0.8117919364342715,0.8552767113467227,0.886004486162863,0.9026254256787085,0.908669758776759,0.9120275018825096,0.91924761404573,0.9313340768184716,0.9367066573209833,0.9328458690130774,0.9444297636919694,0.9469479158569415,0.9504735808192978,0.953495636233416,0.9531602744102674,0.9521526560828464,0.9536639681536704,0.957189346527243,0.9588682197741291,0.9588680762090966,0.9645761256525917,0.9617221485960189,0.9650797933508206,0.9639044837225297,0.9622260958216902,0.9660870258616461,0.9654156388023349,0.9679338761397662,0.9694445832285844,0.968605445985252,0.9716271665707801,0.9716272740539347,0.9709556906559432,0.9702839366925442,0.9699485014973995,0.9721306876657753,0.9717948698979357,0.9731381672313854,0.9731378754246184,0.9722987760931254,0.973306146617521,0.9734738157069984,0.9751526162333483,0.9728023049185232,0.9697805578739009,0.9746489909640403,0.9729702605657861,0.9749848158426635,0.9754884378668099],"mean_valid_accuracy":[0.03889899360821938,0.3530050735829497,0.8116434743586467,0.8552052182404883,0.8857664024275994,0.9024617705322623,0.9085407404834301,0.9118945817125305,0.9191401205375763,0.9312682764077561,0.9366573253380871,0.9327452141908082,0.944401991138119,0.9469155669810905,0.9504082755219374,0.9534603267213481,0.9531183100175381,0.9521179173659867,0.9536412791058124,0.9571624278925759,0.9588421395677102,0.9588467657459938,0.9645782454599423,0.9617250433483656,0.9650780674639516,0.9638905276290503,0.9622371330047639,0.9660672175553501,0.9654470793754157,0.9679281577239671,0.9694580155938997,0.9686206144817291,0.9716217510213333,0.9716178821762533,0.9709577034210664,0.9702812787621731,0.9699504800756831,0.9721334352875948,0.9717836680431269,0.9731236014418737,0.9731439922996783,0.9723083011212477,0.9732992212663815,0.9734575032902539,0.9751366428724708,0.9727845096722785,0.9697816889400336,0.9746311853119949,0.9729485537102833,0.9749674296467127,0.9754908547369696],"std_valid_accuracy":[0.07232013999207836,0.09464376092847256,0.10653294653311186,0.09098934312540012,0.09492048359592584,0.08658466941394606,0.08619669554003423,0.0820010856173713,0.0810018946682305,0.05673221923028495,0.05442592804976526,0.06277679636484806,0.05169545632305178,0.04180580234321044,0.03636872353879008,0.03759241698998851,0.04207223639913343,0.04037233975654989,0.04085535290069403,0.0357412902463165,0.035645338627034145,0.034025816986869746,0.027429418126551485,0.030385496098974694,0.027140701614521444,0.027235746266496427,0.031637945841810074,0.024930823053228295,0.02583509947268616,0.025919827945827305,0.020782246005136597,0.025398871254429124,0.02163398508182427,0.02206527719863461,0.021218142583547015,0.02138643264732508,0.02321705589900292,0.0195024723613857,0.020269778350402296,0.02057834638618763,0.01727173704572077,0.023294353999795403,0.020421367627452686,0.020216445541375708,0.017095860197442376,0.018758833795492435,0.028602921398352327,0.021070941431509733,0.02403464605363955,0.020849022329803703,0.019192848378647657],"valid_loss_dist":[0.04703662413600329,0.05037868602337788,0.04333541800698673,0.17995518445968628,0.06414647954869585],"valid_loss":[2.3196160162367447,1.6989035382725572,0.7030605983174394,0.5473176046950183,0.44260519430915035,0.3475385443177992,0.3153459295381923,0.3069127120566042,0.25242055980405614,0.21914084980618506,0.20253219533707034,0.20911628458870343,0.18124908680290264,0.1686403294059142,0.15731309491362114,0.15152917907728028,0.14968708968331082,0.15196373068799032,0.1451043114426357,0.13265857386225063,0.1297388198475306,0.1270278909632841,0.11429631406455198,0.11723081817867903,0.10856728911580672,0.10926661786995281,0.1131230636912379,0.10341846350873911,0.10534683701128547,0.10122981806360887,0.09473063720267934,0.09754237780964341,0.09132268472411456,0.09124212647373224,0.08978853646303506,0.0942421326837604,0.09245082129012602,0.08474059222216691,0.0848901404326425,0.08194097523363962,0.08107114811604678,0.08821215743473591,0.08300753706645222,0.08212400145525166,0.07682363192317179,0.07910709860063847,0.09124165710716999,0.07927155008244312,0.08355480785435393,0.07912478973496813,0.07694099167424819],