{"test_accuracy":[0.0972,0.4366,0.6005,0.6515,0.7052,0.7511,0.7493,0.8383,0.8576,0.8905,0.9046,0.8945,0.8754,0.9224,0.926,0.9245,0.9349,0.939,0.95,0.9528,0.9505,0.9548,0.9518,0.947,0.9509,0.9576,0.9669,0.9602,0.9582,0.961,0.9633,0.9614,0.966,0.9634,0.9654,0.9689,0.9683,0.9641,0.9651,0.9642,0.9685,0.9702,0.9706,0.9694,0.9727,0.9727,0.9716,0.9707,0.9701,0.9708,0.9728],"test_loss":[2.3084521141052248,1.8508333505630492,1.4431307931900024,1.1510954238891602,0.8220700174331665,0.6271741513252258,0.6445568670272828,0.4577560778617859,0.38512166175842283,0.31410290207862857,0.2799034762859344,0.30508015813827516,0.3484334633350372,0.23980291001796722,0.22326064004898072,0.22241554758548737,0.20183643941879273,0.19894189734458922,0.16143883001804352,0.15420924549102782,0.15703514149188996,0.14394724646806717,0.15044854102134705,0.16473319261074065,0.1514888467311859,0.1347226678609848,0.10772436794042588,0.12536164129972457,0.12745298702716829,0.12119687948226929,0.1165809624671936,0.1206345145702362,0.11083114928007126,0.11464167306423187,0.10821468125581742,0.09974512968063355,0.10017963631153107,0.1089449055314064,0.10725379076004028,0.1078260082244873,0.09626119036674499,0.09183003472089768,0.09238850221633911,0.09415385154485703,0.08656963276863099,0.08831668545007705,0.0848971566081047,0.09181022330522537,0.08972135484218598,0.0885251121878624,0.08408150391578674],"train_accuracy_dist":[0.9885931558935361,0.9866892034650327,0.9580936729663106,0.990415986949429,0.9758584807492195,0.9932631578947368],"train_accuracy":[0.12683197888448983,0.5950892547058415,0.7341807320969647,0.7789122733902897,0.8174272417864833,0.847120927971105,0.8445509481141904,0.8887268180871015,0.9057095228172536,0.9226227686323539,0.9345002431062027,0.9271028686531917,0.9145308050288254,0.9446065152462318,0.9480794609988192,0.9458567757171633,0.952802667222338,0.9573522261582275,0.9640897409182468,0.9654789192192818,0.9625616447871084,0.965965131624644,0.9648885184413419,0.9624921858720566,0.9667291796902132,0.9690560533444468,0.9756893797318886,0.9711745502535251,0.9705841494755852,0.972528999097034,0.9735708828228103,0.9733625060776551,0.975029520038897,0.9745085781760089,0.9757241091894144,0.9786413836215878,0.9780162533861221,0.9757935681044662,0.976140862679725,0.9762103215947767,0.9788150309092172,0.9803431270403556,0.9804820448704591,0.9797179968048899,0.9812808223935542,0.9810377161908731,0.9815239285962353,0.9804473154129333,0.9807598805306661,0.9811071751059248,0.9820795999166493],"train_loss_dist":[0.03434716853937571,0.040258641894485664,0.11846436937274557,0.034919887802413195,0.0665723510574972,0.02267108829397904],"train_loss":[2.307707921642392,1.3096230406496039,0.9302936354291731,0.7209436974339479,0.5162870323613691,0.4012724833195927,0.41848572449004506,0.32658258628887027,0.2633746804848946,0.22636693571094854,0.1978486555701512,0.21413178777277797,0.2405553981454793,0.17020221242202838,0.15876172005875605,0.1584794248627703,0.14157921376623173,0.13838434359786486,0.11717165377584358,0.1118921772765436,0.11386794241511003,0.10603287282236883,0.10739265632039847,0.11574318633078617,0.10469134123951265,0.09491830487537817,0.07906775064471427,0.08812378759310192,0.089596959124251,0.08488449998442651,0.08110780760728926,0.08198776103512427,0.07615318416777009,0.07782307896337952,0.07365415402643256,0.06742217361131621,0.06779390492252635,0.07365892423840685,0.0715009971514873,0.07208954731688538,0.0642796079166616,0.06048148820062739,0.060571564213898234,0.061447301056167976,0.05662769116378476,0.05800906611848285,0.05547400291758382,0.05860474141785688,0.05756554952424467,0.05675858390971841,0.0530889471441703],"valid_accuracy_dist":[0.9839527027027027,0.9890202702702703,0.9589153656532456,0.9853300733496333,0.9750415973377704,0.9865319865319865],"valid_accuracy":[0.12092181684733004,0.5934143022344771,0.7351874698544154,0.7825353815230116,0.8193304737962265,0.84807470214896,0.8447435136348871,0.8927951146340112,0.904457997786435,0.9209854699450059,0.9325110787943599,0.9261229044367022,0.9145959100337614,0.943759779407704,0.9459819286854261,0.9443145413131258,0.9519525446951667,0.9561193441777109,0.9630632090020661,0.9650073948394182,0.9620903317579944,0.9655625684722507,0.9645898597495673,0.9604236071497553,0.9657002111529109,0.968894252160337,0.9734774423836908,0.9712553959826218,0.9704217348289416,0.9715329003687818,0.972505007228428,0.9718103052164788,0.9741715879913013,0.9730605988144861,0.9734769276079986,0.9770874242343168,0.9762543019603503,0.9727822560485953,0.9740325684758666,0.9747266088920539,0.9775042802805354,0.9776426372943428,0.9780593629676227,0.9770872847151026,0.979587085607222,0.9775040990714907,0.9790316147760237,0.978337257687502,0.9781983437716574,0.9786149506004074,0.9797258291562587],"mean_valid_accuracy":[0.1209242609502398,0.594066032703786,0.7355272272385291,0.7830644506876641,0.8200616183608865,0.8487194666453833,0.8453500292047087,0.8931692774757449,0.9048368091005496,0.9213311442131068,0.9327618465916666,0.9264253211664363,0.9149945346982488,0.9439955353641735,0.9461811041593141,0.9445415547906947,0.952121403656183,0.9562581579795587,0.9631640761487952,0.9650978127922692,0.9622070073635594,0.9656654850021639,0.9647144343870856,0.9606103715798362,0.9658531346928507,0.9690313667539838,0.973565378230688,0.9713594095139119,0.9705608677023788,0.9716593891554693,0.9726307605585921,0.9719458173750176,0.9742822170307154,0.9731668246932191,0.9735767053099392,0.9771799475737767,0.9763387399335821,0.9728863111273641,0.974129951433563,0.9748286478730007,0.9776131522242295,0.9777322714930555,0.9781443528891276,0.9771774845673905,0.9796533221300949,0.9775792936796623,0.9791073292292332,0.9784173025338246,0.9782720776152706,0.978690557927958,0.979798665974268],"std_valid_accuracy":[0.08442143728148302,0.15142841898999015,0.12264863931253232,0.12366693472615375,0.12679857097164685,0.11675027035953064,0.11267342511817349,0.056746033857895097,0.06478007348179615,0.05167874345739436,0.041674171999009905,0.047906606848970065,0.0670635888250971,0.032503238331921785,0.03052664778253565,0.035911095584411926,0.02823105566869196,0.020915508249310565,0.014891291333714056,0.013424544834868967,0.01948755025529859,0.013883738173309854,0.018735217071365134,0.024371233468777738,0.021012300693219722,0.019422923147451376,0.011265929057922069,0.014167591530829835,0.017945999600295335,0.015220751541971058,0.01506400824206586,0.017245178971660446,0.012863953104065866,0.013502218334701516,0.014620858212064877,0.011940292006196687,0.012207561066159759,0.016346515644547945,0.014116135685928774,0.015568482196353256,0.012039795067918508,0.0123189021191345,0.01161464197523596,0.012283774698291476,0.009743909010105592,0.010824239566269742,0.010568985601381116,0.011069026416805317,0.010964272301473487,0.010834528443630684,0.01030347849457352],"valid_loss_dist":[0.04836370785896842,0.04156195704598684,0.13741470197477396,0.05132822650496126,0.10401205210241422,0.044544045283437174],