{"test_accuracy":[0.0972,0.3781,0.4923,0.4336,0.4992,0.5016,0.5031,0.5042,0.5038,0.5054,0.4943,0.5059,0.5068,0.5067,0.5069,0.5072,0.5077,0.5072,0.5078,0.5077,0.5081,0.5074,0.5081,0.5079,0.5084,0.5082,0.5084,0.5086,0.5081,0.5087,0.5086,0.5084,0.5087,0.5087,0.5088,0.5083,0.5088,0.5089,0.5085,0.5086,0.5089,0.5087,0.5088,0.5084,0.5083,0.5089,0.5089,0.5047,0.5089,0.5088,0.5086],"test_loss":[2.3084521141052248,5.915968807983399,5.081127197265625,6.3114100959777835,5.33272045135498,5.44202162322998,5.639847039794922,5.592806549835205,5.83395472946167,5.7655858825683595,5.958033933258057,6.086438306427002,6.255422680664062,6.362882678985596,6.451499948883057,6.5563319999694825,6.563626422119141,6.797762554168701,6.9209150787353515,6.967378616333008,7.06203609085083,7.123826337432861,7.182740521240234,7.320366053771973,7.517830081939698,7.504736267089844,7.649836676025391,7.841074925231934,7.638695237731934,7.886844230651856,8.03867554473877,8.02141942138672,8.27369947052002,8.294591777038574,8.38884206085205,8.396155026245117,8.433987528991699,8.632377743530274,8.64018392791748,8.759727684020996,8.775217321777344,8.795276425170899,8.919855410766601,8.827658862304688,8.777843365478516,8.90839503326416,8.961935432434082,9.788772036743165,9.047386418151856,9.0955487991333,9.160031083679199],"train_accuracy_dist":[1.0],"train_accuracy":[0.001437962202136401,0.729252259654889,0.9539852095316351,0.8368940016433853,0.9679539852095317,0.9753492193919474,0.979252259654889,0.9829498767460969,0.9854149548069022,0.9864420706655711,0.9665160230073953,0.9917830731306492,0.9928101889893179,0.993631881676253,0.9940427280197206,0.9952752670501233,0.9940427280197206,0.9956861133935908,0.9963023829087921,0.9975349219391948,0.998151191454396,0.9969186524239935,0.9985620377978636,0.9979457682826622,0.9987674609695973,0.9989728841413311,0.9995891536565324,0.9995891536565324,0.9991783073130649,0.9995891536565324,0.9995891536565324,1.0,0.9997945768282662,0.9997945768282662,0.9997945768282662,1.0,1.0,0.9997945768282662,1.0,1.0,1.0,1.0,1.0,1.0,0.9997945768282662,1.0,1.0,0.9884963023829088,1.0,1.0,1.0],"train_loss_dist":[0.0018764887982328944],"train_loss":[2.3177252664072356,0.6763148200541318,0.14199278920570552,0.463744188074999,0.09354826312698883,0.07324778286153993,0.06245466747804068,0.0526120351656549,0.04456106518856697,0.041209530780182184,0.08870821659535096,0.02916889716071385,0.02606158055389574,0.024270735621366623,0.022344055522046526,0.0188531059826875,0.020346166737432742,0.016662005208059227,0.014822660793834224,0.012824697173587004,0.011711852252330316,0.012557250944990894,0.009927021976998084,0.011338359659083109,0.008719379455004202,0.007796508857931394,0.006892135560025837,0.007324732415341362,0.0067189371101588815,0.005856800120746321,0.0056096503848551285,0.0048108298431748285,0.005235447270157475,0.004711971671038117,0.004202111898718636,0.003904720447688144,0.003760817507014058,0.0036727383345573675,0.003231003255856544,0.0031922631967818897,0.0029484721440355076,0.0027673098740023283,0.002684241748662113,0.003084029173864941,0.004281356197995368,0.002433680921112667,0.0022899127686235535,0.03081821396812221,0.002069416819040831,0.0019793456882137373,0.0018764887982328944],"valid_accuracy_dist":[0.9926047658175843],"valid_accuracy":[0.0,0.7460969597370584,0.9679539852095317,0.8455217748562038,0.9819227608874281,0.981101068200493,0.9852095316351684,0.9819227608874281,0.9868529170090387,0.9835661462612982,0.9663105998356615,0.9884963023829088,0.9868529170090387,0.9884963023829088,0.9876746096959738,0.9884963023829088,0.9868529170090387,0.9893179950698439,0.990139687756779,0.9893179950698439,0.9893179950698439,0.9884963023829088,0.9893179950698439,0.990139687756779,0.990139687756779,0.9909613804437141,0.9917830731306492,0.9909613804437141,0.990139687756779,0.9917830731306492,0.990139687756779,0.9909613804437141,0.9917830731306492,0.9909613804437141,0.9917830731306492,0.990139687756779,0.9909613804437141,0.9917830731306492,0.9917830731306492,0.9917830731306492,0.990139687756779,0.9917830731306492,0.9909613804437141,0.9917830731306492,0.990139687756779,0.9909613804437141,0.9917830731306492,0.9827444535743632,0.9926047658175843,0.9926047658175843,0.9926047658175843],"mean_valid_accuracy":[0.0,0.7460969597370584,0.9679539852095317,0.8455217748562038,0.9819227608874281,0.981101068200493,0.9852095316351684,0.9819227608874281,0.9868529170090387,0.9835661462612982,0.9663105998356615,0.9884963023829088,0.9868529170090387,0.9884963023829088,0.9876746096959738,0.9884963023829088,0.9868529170090387,0.9893179950698439,0.990139687756779,0.9893179950698439,0.9893179950698439,0.9884963023829088,0.9893179950698439,0.990139687756779,0.990139687756779,0.9909613804437141,0.9917830731306492,0.9909613804437141,0.990139687756779,0.9917830731306492,0.990139687756779,0.9909613804437141,0.9917830731306492,0.9909613804437141,0.9917830731306492,0.990139687756779,0.9909613804437141,0.9917830731306492,0.9917830731306492,0.9917830731306492,0.990139687756779,0.9917830731306492,0.9909613804437141,0.9917830731306492,0.990139687756779,0.9909613804437141,0.9917830731306492,0.9827444535743632,0.9926047658175843,0.9926047658175843,0.9926047658175843],"std_valid_accuracy":[0.0,0.0,0.0,0.0,0.0,0.0,0.0,0.0,0.0,0.0,0.0,0.0,0.0,0.0,0.0,0.0,0.0,0.0,0.0,0.0,0.0,0.0,0.0,0.0,0.0,0.0,0.0,0.0,0.0,0.0,0.0,0.0,0.0,0.0,0.0,0.0,0.0,0.0,0.0,0.0,0.0,0.0,0.0,0.0,0.0,0.0,0.0,0.0,0.0,0.0,0.0],"valid_loss_dist":[0.0411863089323881],"valid_loss":[2.318524430203653,0.6341773232869076,0.11441900787435796,0.4182514076166302,0.07586797543525108,0.06612365920595586,0.05907394213872849,0.055053044064620915,0.04854643416201471,0.051452788994965144,0.09886065329943118,0.041009835445841705,0.041362715568225114,0.03978578843506957,0.037039404110516205,0.03784234962298327,0.04475668105759773,0.037597617264546225,0.03655764239479772,0.0362605842889494,0.03772323217852104,0.04236737265264586,0.037190778113231245,0.03862974628799992,0.036515103786228714,0.037533330379073845,0.036700829845947275,0.03576057000298454,0.03885712290233217,0.03708139748099025,0.035822328968102155,0.03756256522756183,0.03624367079373844,0.03688670363623095,0.03715694862844127,0.037536028028758904,0.03853105702234666,0.03813493740343127,0.03834458041994319,0.03889667076856853,0.038391986274487214,0.03966454335931465,0.03932304132114499,0.042698311497784094,0.04410701799118431,0.038525377299970257,0.04019179444181547,0.06140897359665339,0.039908684422809176,0.039483525367850096,0.0411863089323881],"mean_valid_loss":[2.318524430203653,0.6341773232869076,0.11441900787435796,0.4182514076166302,0.07586797543525108,0.06612365920595586,0.05907394213872849,0.055053044064620915,0.04854643416201471,0.051452788994965144,0.09886065329943118,0.041009835445841705,0.041362715568225114,0.03978578843506957,0.037039404110516205,0.03784234962298327,0.04475668105759773,0.037597617264546225,0.03655764239479772,0.0362605842889494,0.03772323217852104,0.04236737265264586,0.037190778113231245,0.03862974628799992,0.036515103786228714,0.037533330379073845,0.036700829845947275,0.03576057000298454,0.03885712290233217,0.03708139748099025,0.035822328968102155,0.03756256522756183,0.03624367079373844,0.03688670363623095,0.03715694862844127,0.037536028028758904,0.03853105702234666,0.03813493740343127,0.03834458041994319,0.03889667076856853,0.038391986274487214,0.03966454335931465,0.03932304132114499,0.042698311497784094,0.04410701799118431,0.038525377299970257,0.04019179444181547,0.06140897359665339,0.039908684422809176,0.039483525367850096,0.0411863089323881],"std_valid_loss":[0.0,0.0,0.0,0.0,0.0,0.0,0.0,0.0,0.0,0.0,0.0,0.0,0.0,0.0,0.0,0.0,0.0,0.0,0.0,0.0,0.0,0.0,0.0,0.0,0.0,0.0,0.0,0.0,0.0,0.0,0.0,0.0,0.0,0.0,0.0,0.0,0.0,0.0,0.0,0.0,0.0,0.0,0.0,0.0,0.0,0.0,0.0,0.0,0.0,0.0,0.0],"meta":{"task":"mnist_classification_cnum10_dist1_skew0.5_seed0","algorithm":"fedavg","model":"cnn","pretrain":"","sample":"full","aggregate":"weighted_scale","num_rounds":50,"proportion":1.0,