{"test_accuracy":[0.0972,0.2567,0.7182,0.7071,0.764,0.812,0.8115,0.8512,0.8597,0.8791,0.8761,0.889,0.9054,0.9062,0.9161,0.8997,0.9236,0.9135,0.9338,0.9359,0.9356,0.9409,0.9367,0.9428,0.8715,0.938,0.9495,0.9495,0.9526,0.9379,0.9593,0.9551,0.9618,0.9614,0.9616,0.9598,0.9507,0.9586,0.9652,0.9669,0.964,0.9627,0.9636,0.9677,0.9693,0.9673,0.9681,0.9645,0.9679,0.9675,0.9686],"test_loss":[2.3084521141052248,2.164444240188599,1.1306929594039916,0.9948125946044922,0.7613112350463868,0.5048400886535644,0.5191150172233582,0.40759479622840883,0.3841532952785492,0.333794935131073,0.33678198890686034,0.3088008442878723,0.26034624021053315,0.25966785831451417,0.23403417375087737,0.2774948813915253,0.21811247420310975,0.2418663791656494,0.18223385481834412,0.17516113407611847,0.1754576140165329,0.16303167867660523,0.1763354590177536,0.15636471123695372,0.36623024435043333,0.17457230941057206,0.14053675730228424,0.14255897369384765,0.13281108989715576,0.17265989482402802,0.11715727446079253,0.12744127588272094,0.1105976291179657,0.11044709281921387,0.10986626123189926,0.11411743216514587,0.13963601167201997,0.12146792726516724,0.09725032856464386,0.09577620159387588,0.10123806045055389,0.10493883484601975,0.10426543370485306,0.0921594488620758,0.08803862645626068,0.09306945317983627,0.09346370445489884,0.10017751717567444,0.09104556163549424,0.09085103104114532,0.08923645364046097],"train_accuracy_dist":[0.9921955226945984,0.9612353567625133,0.988784665579119,0.9900104058272633],"train_accuracy":[0.1400404711254086,0.31847662533077364,0.7921963368442899,0.7842577699372179,0.832771234369325,0.8681056400145281,0.8662377419187465,0.8926477455507705,0.8990297307113578,0.9155813832823121,0.909303170238157,0.9234161780729518,0.9372178695584497,0.9350905411715872,0.9438073989519016,0.9333264151922378,0.9390857676542314,0.9411612099828776,0.957453432262751,0.958439267368858,0.9572977740881026,0.9603071654646397,0.9598401909406943,0.964042961656203,0.8946194157629845,0.9534582057801069,0.9665334924505785,0.9667410366834431,0.9689721371867379,0.9588543558345872,0.9731230218440305,0.9703211747003581,0.973278680018679,0.9742126290665698,0.974627717532299,0.974939033881596,0.9664816063923624,0.9706843771078711,0.9790380324806724,0.9795050070046178,0.9784153997820786,0.9760286411041353,0.9775333367924038,0.9801276397032117,0.9819955377989934,0.9799719815285632,0.9801276397032117,0.9802832978778602,0.9828257147304519,0.9820993099154257,0.9832408031961812],"train_loss_dist":[0.02838526915779506,0.11613604504777728,0.041919551738104854,0.030787872939402553],"train_loss":[2.3000290755669406,1.7318786635963213,0.7875052816840736,0.6728506755480625,0.5139657678211607,0.3707365496956318,0.3738736573552415,0.3065564044734942,0.28679494921914184,0.24331973867000606,0.25485489985020365,0.2219724540383123,0.19054771647308016,0.19100556071660765,0.17124087159946488,0.19487538513192215,0.17477828716072624,0.17108532137144758,0.1321179097946367,0.12830016282599455,0.1284430668259384,0.11802067905618054,0.1236397646089598,0.11025990791885952,0.29566013022653415,0.1379475694259715,0.09992675479167673,0.0999832898309754,0.09372774506569471,0.11793643116300759,0.08154848482926967,0.08849168215842887,0.0789351925181964,0.07740155925135078,0.07610151345539522,0.07876764935853169,0.09699914419146698,0.08605613417319224,0.0649265128126997,0.06312310146490187,0.0660954175269261,0.0689881057011449,0.06658883151323174,0.059212146641963254,0.05744195162437376,0.06005184368933932,0.05922874565780045,0.06089334515141957,0.055362924054251104,0.05564921682433097,0.053804587673227516],"valid_accuracy_dist":[0.9819376026272578,0.954855195911414,0.9755501222493888,0.9708818635607321],"valid_accuracy":[0.1366780627423123,0.3096591410219184,0.7861160260692232,0.7745036405025082,0.8215908925722659,0.852089252054117,0.8502260527510894,0.8763618748496859,0.8819667895775923,0.9049885591370355,0.8913031665674089,0.9087237580432541,0.9257342457915637,0.9209643695206908,0.9280174294223134,0.9172281503765248,0.9251170045573688,0.9311260883073535,0.9473071722335247,0.9458564298053038,0.9431613999271781,0.9504207481903648,0.9487597077296511,0.9549839471131596,0.8720216190840102,0.939430887112136,0.955606660986406,0.9545697096661023,0.9576815389028301,0.9460649734099731,0.9632824035134264,0.9595487057292648,0.9634905317113263,0.9636973656399835,0.9647342358572062,0.9649426925625417,0.953741263205227,0.9589285960202442,0.9680541114959211,0.96888382459079,0.9663945360163134,0.9666019877939652,0.9659802435054428,0.9701288965064407,0.9697140256898072,0.9688842374984284,0.9680548672129504,0.968054153748602,0.970336069842208,0.9703358173344317,0.9709585682517785],"mean_valid_accuracy":[0.1355390974780687,0.3076861804370943,0.7839694513546408,0.7724413352566568,0.8197715848423615,0.8507584175016484,0.8491686167317831,0.8753468655473556,0.8812754433095724,0.904147216312075,0.8907631875654929,0.908001454253807,0.9251659107880332,0.9204230824816277,0.9275406000920011,0.9165038541904482,0.9248708909716076,0.9304480528982821,0.9468028579558982,0.9454273416757438,0.9428391386148897,0.9500724958339185,0.9482864133459995,0.9546266696017576,0.8720176159100793,0.939322826189177,0.955286300913502,0.9542536162455277,0.9573964286453166,0.9457173294934779,0.9630334558788891,0.9592868642580087,0.9632869297606912,0.9634523803762339,0.9644672264193961,0.9647670812930087,0.9535113632925001,0.9588149760681228,0.9678651832371077,0.9686841919189009,0.9661891403988094,0.9663994153637014,0.9658243435113848,0.9699886929397492,0.9695712140277011,0.9687308518061474,0.9679168575692113,0.9678713703762611,0.9701646223466542,0.9701442764994136,0.9708061960871982],"std_valid_accuracy":[0.0754815787732439,0.1316233542065971,0.14274726560781226,0.14144291301354375,0.1236281015163014,0.09118360331075796,0.0772262177193667,0.06944691571074031,0.05333474389466682,0.05679690004471253,0.04496136285605777,0.05042348045085352,0.04129051055791787,0.03954722908237818,0.034944152019905556,0.05077728591940035,0.026942077001438,0.04473521300769343,0.033360855167117495,0.029979456223777047,0.024656866266167813,0.025786118483415343,0.032729159546394715,0.025532830117133646,0.06209755214099396,0.017715759936743784,0.022117815730862522,0.021855961380173334,0.019882265690939153,0.025865538401806828,0.016747799986246103,0.018086594645480594,0.01447183451918549,0.016146052164778126,0.017838625039124537,0.012193313816179163,0.01675270778922187,0.011497852683217008,0.01260287987593286,0.013493763746225951,0.013339246517598545,0.01395603313340979,0.010253232259866057,0.00945450110710754,0.009244760263035924,0.009963766659428495,0.00995106784828035,0.01192911794390456,0.011255847138248374,0.012739348082041847,0.010010659058808479],"valid_loss_dist":[0.0440994809474949,0.13104471102280754,0.08105231592008129,0.09201413672572364],"valid_loss":[2.3001272834006263,1.7609853807292544,0.8029590178876681,0.6987611765453816,0.5371658258695349,0.39761028913909446,0.4075499771175009,0.3378519424580165,0.31994045319142145,0.270331543722416,0.2922752859964214,0.2520555938287884,0.2123760434697572,0.22198137942544716,0.20051917825970816,0.22544464143724652,0.20978005645028833,0.19723256842557246,0.15340249227732758,0.1529865352230393,0.1575819556213215,0.14416595385537267,0.15110066876234224,0.13645409594321092,0.36413040585247575,0.16686272813642689,0.127035060936472,0.12813318539526428,0.12255754149065465,0.15106678225143255,0.1067576960464112,0.11851687884117672,0.10934573265855868,0.10582472599866614,0.1055505447491077,0.10298884781459078,0.13484178013111522,0.12434580963231143,0.09425179653673449,0.09264882469822379,0.09651917562883779,0.1016903063626512,0.09851004600955096,0.09004501015170761,0.08686842686519519,0.09180657484243733,0.09183210516617464,0.0926406804756532,0.08708924956309376,0.08877737120575882,0.08662812095805608],