{"test_accuracy":[0.0972,0.4297,0.6689,0.6805,0.7617,0.7847,0.8246,0.8506,0.8504,0.8848,0.8686,0.8924,0.9105,0.9037,0.9127,0.9302,0.9353,0.9365,0.9359,0.9426,0.9459,0.9479,0.9534,0.9478,0.9507,0.9537,0.9574,0.9422,0.9607,0.9626,0.962,0.9603,0.9612,0.9554,0.9635,0.9673,0.9678,0.9659,0.9668,0.9676,0.9653,0.9685,0.9707,0.9646,0.9675,0.9654,0.9686,0.9715,0.973,0.9711,0.97],"test_loss":[2.3084521141052248,2.023674645423889,1.2446796669006348,1.0480818140029908,0.7290660019874573,0.619788062286377,0.4683433143615723,0.40496834859848024,0.39720889992713926,0.3142057683467865,0.3574835862636566,0.2956339730501175,0.2493473115205765,0.2619637547969818,0.2441814149618149,0.19677397243976594,0.18418841168880462,0.17985650193691255,0.17878752126693725,0.16409760863780976,0.15545166275501252,0.14712533000707625,0.13979571554660797,0.1460537573337555,0.1419434189081192,0.13329513075351715,0.12775676048994064,0.17031292080879212,0.11659923915863037,0.11094605901241303,0.11348969041109085,0.11837962117195129,0.11394494938850402,0.13225020439624785,0.10653201422691345,0.09580216759443283,0.09532566446065903,0.09978019115924835,0.0984257417678833,0.09481794281005859,0.10385912928581238,0.09283193755149842,0.09031495207548142,0.10539173159599304,0.09647602951526642,0.10217177650928497,0.0940687846660614,0.08836816282272339,0.08262993943691253,0.08716310466527939,0.09097594165802002],"train_accuracy_dist":[0.9905505341002465,0.9938825448613376,0.9852237252861602,0.980421052631579,0.9678085018572018],"train_accuracy":[0.11206718239357961,0.5410582054358168,0.7586149836594548,0.7718528937244032,0.8603400488147933,0.8718818516526703,0.894055351011459,0.9109336863442684,0.9086997890208084,0.9311628676622679,0.9197451702312497,0.9352583460886112,0.94361477681711,0.9415877218384148,0.9444421461961693,0.9566458445372936,0.9592106896123774,0.9601207959293426,0.9605758490878252,0.9653332230174161,0.9657882761758987,0.9691804906300417,0.9698837546022422,0.9693873329748066,0.9694700699127126,0.9725313366152318,0.9740619699664915,0.9561080544409052,0.9762131303520457,0.9761303934141398,0.975840814131469,0.9755926033177512,0.976957762793199,0.9723244942704671,0.9783229222686468,0.9808050304058247,0.9810946096884954,0.9799776610267654,0.9808463988747776,0.9817978736606958,0.9805981880610598,0.9819219790675547,0.982666611508708,0.9789434493029413,0.9812187150953543,0.9787366069581764,0.9813428205022132,0.9831630331361436,0.9847764034253093,0.9844454556736855,0.9836180862946262],"train_loss_dist":[0.028612021724911577,0.02376860629335702,0.04207253311872172,0.061070351696328115,0.09417327350751949],"train_loss":[2.3053969708048445,1.5089665754093993,0.7913659145463876,0.6671549512840632,0.4380119261250756,0.3788535737830566,0.3069424633372384,0.2592913385078262,0.261418545940357,0.2069033266127255,0.22493965375341074,0.18669337244061035,0.16636098595912063,0.1699431989004012,0.15943555832365344,0.13299973016909994,0.12354023767017941,0.12004059130639604,0.11818924490330814,0.10785883924574509,0.105360252271444,0.09712257346584736,0.0947727032351917,0.09382429760673298,0.091553375874212,0.08639549009826489,0.08176080110028904,0.1347304680060873,0.07603113937435504,0.07322063990557134,0.07268665108705062,0.07410173622083542,0.07034508459843596,0.08278337012894267,0.06697069381938171,0.05989332273260362,0.05879008323287054,0.06064614197715863,0.05892317046335475,0.056526438390538454,0.060399675754968095,0.054366343078746236,0.053254532130488356,0.06277656177283739,0.05603704457926976,0.06257400492987783,0.05491733901439699,0.05178552567810887,0.046494005039671486,0.048771976845323764,0.0498262914255553],"valid_accuracy_dist":[0.9884963023829088,0.9853300733496333,0.9733777038269551,0.9722222222222222,0.9686468646864687],"valid_accuracy":[0.10897929831157924,0.5365362133227554,0.7616509196794949,0.7735614721593156,0.857922784952947,0.8701610534589901,0.893483859883774,0.9105201232865302,0.9040723318699074,0.9283830599888822,0.9189540023780846,0.9358249892458361,0.9426069534011853,0.9404557440308058,0.9444256547417382,0.9502158549314985,0.9545155556867184,0.9538536508545563,0.9569964225762811,0.9579895638602475,0.9601391257779409,0.9621238879727532,0.9626202717522014,0.9631162801988189,0.9631159808600656,0.9644392631659291,0.9665896628101202,0.9498875499309589,0.970394080672222,0.9707246575168745,0.9695671559356832,0.9675820871819896,0.9690706627761242,0.9674162878028992,0.9705593255025545,0.9755215143422229,0.975852007542453,0.9743629871560566,0.9740329321079187,0.9751908976463196,0.974528779598905,0.9766787328511972,0.9758525225585607,0.971551262447527,0.9745285323795357,0.9723785203663101,0.9725438371051512,0.9766789047244958,0.9786640036758321,0.978498907162705,0.9776716505366029],"mean_valid_accuracy":[0.10929830232947695,0.5355650465824767,0.761123482808099,0.7729693511572504,0.8572489144324061,0.8696494435108881,0.8932114148158284,0.9102991364771231,0.9038443917133915,0.9282505606133942,0.9186565320614267,0.9356907705306352,0.9424684596783758,0.9403577324278836,0.9443131902171839,0.9501084314966647,0.9544033224691569,0.9537705699186094,0.9569093517943796,0.9579074699976733,0.9600488007949319,0.9620396321192007,0.9625335347722297,0.9630412683953414,0.9630337701756894,0.964344596073959,0.9665033820992021,0.9497990857915989,0.9703275156262603,0.9706553905537735,0.9695016373969343,0.967518710254413,0.9690212159065087,0.9673288935718771,0.970482876177233,0.9754621756337961,0.9758183630783799,0.9743271852711576,0.9739763491546813,0.9751515400867152,0.974466018592533,0.9766400828361779,0.975804300374125,0.9715178883540844,0.9744854444429819,0.9722958647991824,0.9724978963674594,0.9766392475366302,0.9786282709656196,0.9784545701586849,0.9776146332936376],"std_valid_accuracy":[0.08932411189493793,0.15634844286670083,0.09482530448790431,0.09499586028142054,0.08567902914012589,0.07489993948395494,0.05504648818968413,0.049236401246844634,0.04754427394382711,0.038898173989230476,0.04430380177938552,0.03448799269358299,0.027086832386092302,0.029866619762630837,0.027486627369022843,0.022163263207224827,0.019646621509756736,0.01944826205770747,0.019682268800983505,0.01716937490448075,0.016657532052948947,0.016710806224406873,0.014734975772097389,0.016885193396131606,0.016892455052749434,0.015086609520315169,0.014309429013709922,0.017884134464346807,0.01175556709989876,0.008416435398616076,0.00955639057306681,0.010809520812670143,0.01176398775024603,0.013998266617164015,0.010514101863826075,0.007809046906480964,0.0073082478898063175,0.008443034971543613,0.010208160072519385,0.01042529118304338,0.011867538368638235,0.008156033252732432,0.008121866787262368,0.008568832244384232,0.007820816406659431,0.010978309676470002,0.0065070073555601364,0.006451260127859736,0.006392662226218703,0.008927688501099266,0.007815232302197456],"valid_loss_dist":[0.03888654815080524,0.04814657163309099,0.08851839959026375,0.10194530533720748,0.10954312235116959],"valid_loss":[2.305818999286815,1.4992609197087774,0.7823319382393827,0.6642150268745616,0.4433115049912597,0.3873150811098917,0.31911302493296084,0.2709122381965345,0.2760771131017603,0.22020392003003117,0.2358310374126274,0.20003387814787532,0.17953209482946003,0.18331550168342467,0.17392809918719065,0.14934735946032154,0.1398631351627146,0.13614973914850664,0.13410596062090366,0.12424816082109234,0.12189017560250945,0.11455345036201411,0.11201134607492966,0.11168533838910065,0.10974397508116147,0.10546187982198292,0.10059342170702368,0.14763054743891615,0.0943011042872389,0.0932249495181698,0.0937844831279885,0.09589582381907055,0.09177606443116378,0.10725928908693141,0.09005006726344142,0.08264764013500098,0.08089824333425197,0.08374703371007679,0.0829741291124165,0.07932871865556655,0.08478525548802221,0.07856769103860595,0.07769906609639449,0.08712961472163161,0.08008465270244888,0.09005400142289016,0.08122767968744839,0.07622428224423085,0.07149389168992074,0.07423463192581874,0.0771864305209746],