{"test_accuracy":[0.0972,0.481,0.7461,0.8067,0.8507,0.8649,0.8739,0.9075,0.9176,0.925,0.9294,0.9325,0.9434,0.95,0.9497,0.9523,0.956,0.9568,0.9553,0.9593,0.961,0.9625,0.9659,0.965,0.9672,0.9661,0.9646,0.9669,0.9697,0.9714,0.9716,0.971,0.9707,0.9716,0.9733,0.9737,0.9753,0.9749,0.976,0.9774,0.9739,0.9775,0.9761,0.9757,0.9773,0.977,0.9778,0.9783,0.9774,0.9786,0.9778],"test_loss":[2.3084521141052248,1.4813467239379883,0.7892903847694397,0.5904453758239746,0.4501061318397522,0.40324675703048707,0.35939866557121275,0.27899502325057984,0.25144229588508604,0.23688302698135377,0.21920916290283204,0.20774081509113312,0.17822593948841095,0.16032914673089982,0.1575916482925415,0.14736120059490204,0.13989686928987502,0.13505801436901094,0.13933546526432036,0.12613641347885132,0.12058676357269286,0.11544402468204498,0.10767808576822281,0.10613280020952225,0.10168365333080291,0.10233626079559326,0.1081990718126297,0.1008898708820343,0.09223752888441086,0.09081570680141449,0.08592756717205048,0.08960962363481521,0.08731765983104706,0.08609002624750137,0.08311476554870606,0.08295234670639039,0.07569223866462707,0.07791175417900086,0.07394804128408432,0.07206905097961426,0.08161834415197372,0.07066267783641815,0.07283096239566803,0.0744250008225441,0.07006267317533493,0.06880304882526397,0.0686826362490654,0.06870268995761872,0.07006465111374854,0.06748313257694244,0.06508330472707749],"train_accuracy_dist":[0.9850021123785382,0.9742235368687936,0.98746918652424,0.9850905218317358,0.973694942903752,0.9912353923205343,0.9919521254643004],"train_accuracy":[0.05534373882997736,0.5542118432026689,0.7971523888955082,0.8490408673894912,0.8859466221851543,0.8961932562849994,0.9009889193375432,0.9268735851304659,0.9336053854402478,0.9374776599547242,0.9416478017395449,0.9452519957107113,0.953473132372215,0.9569581794352436,0.958149648516621,0.9610687477659955,0.9627963779339926,0.9640474204694388,0.9607708804956512,0.9667877993566067,0.9677409746217086,0.9686345764327415,0.9712558084117717,0.9711962349577028,0.9731025854879066,0.9718515429524603,0.9707792207792207,0.9735195996663887,0.9754855236506612,0.9762004050994877,0.9773323007267961,0.976974860002383,0.9772131538186584,0.9780769689026569,0.9790301441677588,0.9792088645299655,0.9804896937924461,0.9799535327058263,0.9815620159656857,0.9818003097819612,0.9798343857976886,0.98185988323603,0.9818003097819612,0.981442869057548,0.9827236983200286,0.9826343381389253,0.9829024186822352,0.9830215655903729,0.9827236983200286,0.9838853806743715,0.9840938877636125],"train_loss_dist":[0.04150449723496334,0.07235630469256216,0.04422518800432895,0.044777194558145904,0.08087637936650832,0.02974839899720055,0.03037465565687632],"train_loss":[2.314979446022357,1.2867355819227413,0.6390778775878733,0.4723132948492006,0.3596398487969404,0.3239232352764448,0.29142685615287045,0.23063387148979736,0.21101579689848526,0.20041126361673586,0.1859146082776246,0.17456097453548558,0.15097743400345823,0.1389907558590536,0.13603670603308166,0.1258485275660814,0.12063572442019907,0.11569821532652799,0.12125032079764164,0.10582060659725703,0.10242618296557723,0.09850986575692036,0.09199474047526343,0.09047112892014889,0.0861306040176391,0.08741732997679745,0.09077938819359813,0.08369322459623005,0.07682640606500399,0.07476884202252025,0.07098669589822384,0.07301046222450125,0.07128326410362665,0.06964612800424216,0.06714888557627038,0.06611345838176136,0.06186721522734324,0.06295570042874253,0.05926758209475332,0.057302693241178974,0.06300254579445723,0.055770408578752324,0.05699565422988742,0.057731911981003185,0.05416356704418532,0.053364163379480176,0.05238830318347545,0.05207948319846514,0.052909252118844355,0.05089617023512146,0.0491728076193538],"valid_accuracy_dist":[0.9839527027027027,0.9780405405405406,0.981101068200493,0.9829642248722317,0.9592502037489813,0.9858096828046744,0.9917491749174917],"valid_accuracy":[0.05369686968999937,0.5583673239288621,0.8014661335002516,0.851731815789902,0.8884152235477814,0.8967500412369586,0.9029376296474706,0.9304521229958,0.9352147938887885,0.9394992244670826,0.9427163263404211,0.9454558500595786,0.9547448018925421,0.9573645699494827,0.9591505376598206,0.9624858552582993,0.9643904068234785,0.9647484807940169,0.9633174878510454,0.9668924538836545,0.9676062638734909,0.9691545493861747,0.9715360903754597,0.9708215422568214,0.9715359278583283,0.9704640645379626,0.9698687244799377,0.9718938677029777,0.9745137746693646,0.9754664549958759,0.9760619650134105,0.9754664613152346,0.976181116824831,0.9764194418645004,0.9770146791811767,0.9771340680347428,0.9789199939934836,0.9778479938368411,0.9789202795063896,0.9793966659166542,0.9776100019114922,0.979158573322665,0.9790393527860582,0.9792776760204537,0.9804684738449895,0.9795157005443121,0.9799919402687363,0.9798731084543482,0.9801113397020722,0.9808255661023619,0.9803495326338398],"mean_valid_accuracy":[0.053445431852825034,0.5581717608091071,0.8015868731772667,0.8517838153332885,0.8885406840269515,0.8968207361960925,0.9030846320934172,0.9305942492019381,0.9353301868303395,0.939638247614961,0.9427927905222644,0.9455648112095031,0.9548699752850263,0.9574414427280781,0.9591812411739723,0.9626096173974997,0.9644690115837514,0.9648366342783816,0.963358550000809,0.9669795056488951,0.9676709057469565,0.969218925384335,0.9716231897657857,0.9708911161907164,0.9716064321547769,0.9705072464905405,0.9699114571698207,0.9719542338073397,0.974600191558731,0.9755560600137638,0.9761525507589371,0.9755385201138538,0.9762600301754026,0.9764792868051828,0.9770843049790806,0.9772079333804743,0.9789797870152359,0.9779052531548439,0.9790033127425984,0.979489113844658,0.9777184665350472,0.9792399437751467,0.9791180023784909,0.9793478113701395,0.9805474303115548,0.9795791596413322,0.9800642304189271,0.9799553926619148,0.9801737636685469,0.9809074150058512,0.9804096568267308],"std_valid_accuracy":[0.08110663066363336,0.09971497854891458,0.07348330960620847,0.07790152154239802,0.06945646907045504,0.05922070809805267,0.03986577327946857,0.03861122111412127,0.032707962969626705,0.024513853328710627,0.024968280632010124,0.025305723758368787,0.020646812452426607,0.017240381506527788,0.015747834661133664,0.017346889249758787,0.013382355531301548,0.01509559524337705,0.010711582895877642,0.01516168714990516,0.012303841813713518,0.012424200964445884,0.010723985091397725,0.010876984071940503,0.009905617887629628,0.00994796871168656,0.010827050601949955,0.011935309650758747,0.010883105450310444,0.011027807552768276,0.01091141921425334,0.010162329953000704,0.010788374006280271,0.010576928072710743,0.009672930396598564,0.010467393344379036,0.008570067469562704,0.009380229095670248,0.010075140069546294,0.00996505939224289,0.010516404525827382,0.010138712682122143,0.009794965922738824,0.009447019418771999,0.009382157732203656,0.009618923319689202,0.008955545723299981,0.009734846212679324,0.009164715879685516,0.009272242600521303,0.009491629088579942],"valid_loss_dist":[0.0503790543691532,0.06782436995087443,0.05513710029661998,0.05202970708985345,0.1157036875150703,0.04104646047008207,0.03501392955040381],