{"test_accuracy":[0.0972,0.5664,0.762,0.8303,0.8945,0.9133,0.9179,0.9387,0.9397,0.9421,0.9415,0.952,0.9556,0.9567,0.9563,0.9638,0.963,0.9663,0.9688,0.9675,0.9724,0.9722,0.9625,0.9733,0.9717,0.9733,0.9761,0.9755,0.9764,0.9689,0.9768,0.9785,0.9781,0.9792,0.9793,0.9794,0.9799,0.9789,0.9806,0.9802,0.9811,0.981,0.981,0.9807,0.9817,0.9815,0.9815,0.9822,0.9822,0.9817,0.9823],"test_loss":[2.3084521141052248,1.4083377155303956,0.7296688339233398,0.5428522614479065,0.3548301462173462,0.2928838520050049,0.2681479570388794,0.2104432038784027,0.19527728345394135,0.18466700649261475,0.18989588718414308,0.15686383104324342,0.14689676430225374,0.1407344639658928,0.14080226287841796,0.11888676834106446,0.1216862001478672,0.10797620277404785,0.10256179332137108,0.10327254128456116,0.09071988575458527,0.0908852802991867,0.11398640527725219,0.08464593791961669,0.08933245534896851,0.08444273108243942,0.0796087635755539,0.0779919474720955,0.07481925574541091,0.09194751302599907,0.072483573615551,0.06890122638940811,0.06843755553960801,0.06628021253347396,0.06581052566766739,0.06403512514829636,0.06456013500094414,0.06547801095247269,0.06171099899411202,0.05976401621103287,0.058264550960063936,0.05793316888809204,0.05733629384636879,0.06009688811302185,0.056941301798820496,0.056604816460609435,0.05642887628078461,0.05282964621782303,0.05354561804533005,0.05316004903316498,0.05189701610803604],"train_accuracy_dist":[0.9828897338403042,0.9839802834257547,0.9833086837101205,0.9884963023829088,0.9908238172920065,0.9864724245577523,0.9884440775897647],"train_accuracy":[0.10770461210343908,0.6140288515655085,0.7987795847033383,0.8474480879172961,0.9039663497141504,0.920673005716994,0.9249385349092094,0.9409935128410202,0.9446369856927042,0.9474510500903462,0.945762611451761,0.9554192955952486,0.9587961728724193,0.9596255813264611,0.9582629817233923,0.9657572795402708,0.9654314405047543,0.9687490743209218,0.9698747000799787,0.9700820521934892,0.9734589294706597,0.9732219556266477,0.963920732249178,0.975265855031251,0.9746437986907195,0.9760063982937883,0.9768061850173287,0.9773393761663557,0.9787019757694244,0.9710003258390355,0.9797091146064754,0.9801830622944993,0.9806570099825231,0.9810124707485411,0.9815456618975681,0.9817530140110785,0.981604905358571,0.9810124707485411,0.9827897745786309,0.9828786397701353,0.9834414526496638,0.9838265351461832,0.9842116176427027,0.9835895613021712,0.9843597262952102,0.9845670784087206,0.9846559436002251,0.9860777866642969,0.9857519476287805,0.9863147605083089,0.9863740039693119],"train_loss_dist":[0.047737822386726934,0.0463576932742038,0.05248691158921326,0.03787207197560183,0.034510346722058334,0.04405070057257033,0.03619345628244789],"train_loss":[2.3058070355729505,1.2479888272990287,0.6377816677266533,0.4922300424166259,0.32819224781578527,0.274100996981392,0.2525717448800155,0.2033370055573653,0.1874688792508192,0.17681496878719263,0.17858367691650157,0.151427341587079,0.14028969316992235,0.13443215544791812,0.13781101055088624,0.11509404589023603,0.11584419068546599,0.10425173189941149,0.09963687736199059,0.09953483150988175,0.0886301664385211,0.08703685274396823,0.11325502285633456,0.08107165170531055,0.08462518131818748,0.07914611485038925,0.07540549663207487,0.07338562059178987,0.069625644393495,0.08887689749150872,0.0666983720444719,0.06440385826676444,0.06276619796181813,0.06109937566034217,0.06050866146924308,0.058101249542861416,0.05863214369459723,0.06056708833699017,0.05537734216386936,0.0537590892118833,0.051961332818686305,0.05134638919161763,0.049794063235749024,0.05203831760666481,0.04888060480290448,0.048454886497063726,0.04774339499373621,0.04475800753650131,0.04505077162690479,0.04409089134868409,0.042678518450805905],"valid_accuracy_dist":[0.981418918918919,0.9761904761904762,0.9864864864864865,0.9868529170090387,0.9837000814995925,0.9733777038269551,0.985973597359736],"valid_accuracy":[0.10242209870497762,0.6122645144473708,0.7921603808013156,0.8458115444835989,0.900757388479803,0.9185225679376406,0.9182853943908078,0.9375898731196816,0.9409051014498386,0.942326740464786,0.9400766329289465,0.950024141952015,0.9538139732779123,0.954998273481185,0.9518000392082732,0.9598535362385934,0.9590246269237641,0.9631697637783055,0.9650645999090832,0.9647096406660982,0.968972627178636,0.9696832527198611,0.9596191848601554,0.9713411109530937,0.971815346022648,0.9713410267150644,0.9725251481516249,0.9738285540136845,0.9738281161611563,0.9674346528060016,0.9758417456804164,0.9765519825875404,0.977262356013291,0.9773809962149177,0.9766700079898323,0.9788020181299713,0.9777363669167703,0.9777367421074071,0.9790387619368607,0.9796314016136419,0.9801052182165543,0.979867971880891,0.9803416549377784,0.9792756533741461,0.9805783183283525,0.9804600915351079,0.9802231406854919,0.9817626541039733,0.9812889793699323,0.9817626802462796,0.9819995334767597],"mean_valid_accuracy":[0.10229995877542833,0.6112020884668645,0.7907987378519701,0.8451268938517661,0.9004675907945806,0.918316404683443,0.918188020967876,0.9374407651967722,0.9408083212608213,0.9422377067808302,0.9399977889338798,0.9498995398707518,0.9537400482843686,0.9549321495238724,0.9517874612825745,0.9597939272027006,0.9589938048595981,0.9631195122554674,0.9650521252120526,0.9646775535558947,0.9689662142420363,0.9696777351519863,0.9595718826399464,0.9713372187486574,0.9717736146107466,0.9713159906183283,0.9725246808885021,0.9738140946252478,0.9738150594957913,0.9673643101369808,0.9758410038492205,0.9765548483930843,0.9772825697317773,0.9773873827080478,0.9766659037327905,0.9788271695789893,0.977726269002592,0.9777081647219207,0.9790379813512479,0.979608593874104,0.9800989682585121,0.9798701295434645,0.980334379860704,0.9792892226466547,0.9805991393782328,0.9804508180014363,0.9802192983718602,0.981772853017015,0.9812938412027288,0.9817677744817512,0.9820000258987435],"std_valid_accuracy":[0.08771995101001603,0.10194847618291955,0.11005561605548908,0.060879910522423177,0.024385791063244972,0.017747611502400173,0.01339068629103173,0.013819574249438612,0.009633800491431681,0.009505745611961396,0.00876427934698476,0.011232109771577086,0.007840363617129722,0.008631623916925315,0.009162836133392069,0.007993993881222922,0.006517994890710872,0.00746586243162386,0.007309250733691303,0.0077984515536172845,0.005995686142347943,0.005594031140732867,0.014365660595773117,0.005376330640946995,0.005820446115136483,0.004833462737082078,0.006500682957739041,0.007248223762355882,0.005332212267252548,0.011730253769299452,0.006229247391486129,0.006376512402753417,0.00558955419483051,0.0057640614378936215,0.005509478590240492,0.005941992041454804,0.005848942149589,0.0064737970932029765,0.004168959731201584,0.00604891667541915,0.005734291669761375,0.0052614098091696695,0.00468971686434975,0.0045391688143047075,0.00544808247255608,0.004533609034251258,0.004548132131432084,0.004809176892952891,0.005101902775525321,0.004635770341835126,0.0049395102559410065],"valid_loss_dist":[0.06140780599938857,0.05501379390753353,0.0464816526383967,0.043557927303242705,0.056559412845675304,0.08743529401087324,0.04572368228174869],