{"test_accuracy":[0.0972,0.5044,0.6687,0.7827,0.8139,0.878,0.8688,0.9125,0.9259,0.9498,0.9324,0.8955,0.9473,0.9526,0.9379,0.9526,0.9598,0.9598,0.9618,0.9626,0.9676,0.968,0.9656,0.9708,0.9661,0.9737,0.9328,0.9705,0.9743,0.9746,0.9746,0.9763,0.9759,0.9761,0.9759,0.9767,0.9777,0.977,0.9313,0.9738,0.9713,0.9798,0.9791,0.9776,0.98,0.9791,0.9654,0.9776,0.9799,0.9815,0.9805],"test_loss":[2.3084521141052248,1.526214813041687,1.0269642042160034,0.5605131411552429,0.4873055206298828,0.3508912449359894,0.3474631272315979,0.2626274781227112,0.2275398859024048,0.17309089539051056,0.2057642449617386,0.3088777762889862,0.1716169310092926,0.15340355002880096,0.18317479410171508,0.1446246518135071,0.12805379934310912,0.13322348334789277,0.12455958585739135,0.11945743625164032,0.10796950777769089,0.10515951721668243,0.11290523847341538,0.09853501917123794,0.10515007745027542,0.08801273069381714,0.18748196041584014,0.09360813947916032,0.08447561390399932,0.08258405558466911,0.08140588972568512,0.07772068201303482,0.07657640943527222,0.07545938521623612,0.07778728443384171,0.07329848991632462,0.06892740574479103,0.0697073493361473,0.19568003232479095,0.08127381333112717,0.08830765385627747,0.0656601118683815,0.06758159618377685,0.0688958375275135,0.062207164573669434,0.06481870608329773,0.11044573230743408,0.06773307693004608,0.06332791367769242,0.05741624258160591,0.0562665905892849],"train_accuracy_dist":[0.9858440735263047,0.9833607230895645,0.9940864600326265,0.9810613943808533,0.9828881469115192,0.9951578947368421],"train_accuracy":[0.12647303479828087,0.5931651185359768,0.7488215721613753,0.8352280604464162,0.8583460418688479,0.8989324830167753,0.8961943712740884,0.9274920282822682,0.9371274088451407,0.9521350339664495,0.9419797587688895,0.9141827256342715,0.9533481214473867,0.9585817274365729,0.9495355607930126,0.9595175377790102,0.9647511437681963,0.9638499930680715,0.966137529460696,0.965998890891446,0.9710245390267572,0.9716137529460696,0.9697074726188826,0.9745598225426314,0.9694301954803827,0.9752530153888812,0.9498821572161376,0.9746984611118813,0.9764661028698184,0.9776791903507556,0.9785803410508803,0.9787882989047553,0.9797587688895051,0.9804866213780674,0.9794468321086927,0.9808332178011923,0.9815610702897546,0.981873007070567,0.9528628864550118,0.9797934285318175,0.9773325939276307,0.9835713295438792,0.9831900734784417,0.9829127963399418,0.9847150977401913,0.9844724802440039,0.9709898793844447,0.983917925967004,0.9848190766671288,0.986101483432691,0.9870719534174407],"train_loss_dist":[0.04363461284444268,0.05115809900748896,0.024096898609988062,0.053357869432803,0.052782257431138534,0.0225668141826203],"train_loss":[2.305117737250339,1.2964103440669543,0.8027271001675779,0.45864132158153514,0.38965136058082134,0.30135474812239926,0.2889432359430523,0.22301498321129679,0.19721392874729776,0.16222947607849567,0.17778930600237272,0.2589833161667243,0.14872905836449274,0.1339418326667087,0.15208905386074428,0.12442236411818168,0.11145165357204188,0.11605896641141736,0.10664547112112269,0.10665171253694404,0.09297731514432907,0.08986855111215675,0.0965690269971231,0.08404211468558717,0.09250238414558908,0.07672819432527608,0.14309878087707528,0.0783522469448007,0.07187059484037438,0.06861497077678505,0.06724270277368813,0.06549445963114124,0.06261370787530018,0.061642506908980176,0.06258729994183404,0.05877509281059509,0.05637001319797822,0.05681068920005517,0.13880183855505498,0.061218317972609,0.06822409693956888,0.050795395100022116,0.051200656070799135,0.05256828392211399,0.04741066918484624,0.0488334276385344,0.08332623000224826,0.049951448639627284,0.04680587117168079,0.04311223708447722,0.041253325486852406],"valid_accuracy_dist":[0.9831081081081081,0.9778142974527527,0.9853300733496333,0.9758735440931781,0.9799666110183639,0.9848484848484849],"valid_accuracy":[0.12054032826350955,0.5912959349045716,0.7485925995806624,0.8342452092590167,0.8591940931150889,0.8964751568838915,0.8960587192958154,0.9266884444482464,0.93528083147174,0.9512206657602401,0.9383308940397256,0.9139322650126422,0.9527421928509552,0.956622441451072,0.945535006203941,0.9592564203127258,0.9663243422122064,0.9624433361729596,0.9661854004833038,0.9631382695935957,0.9697884319649134,0.9718670244414851,0.968818243191585,0.9728369166786732,0.9681256546229368,0.9738080850554435,0.9480289888892964,0.974223086795497,0.9753323623882877,0.9757478435325465,0.9764408087286316,0.9757476984419865,0.9782420158651438,0.9781036605461522,0.976856721806164,0.9787965584229729,0.9787963732775613,0.9774114251190501,0.9495535009224221,0.9778261829530613,0.974084501551441,0.9794893653139025,0.9799047918178584,0.9789350985878051,0.9803207297099022,0.9793507588453435,0.9697880145909064,0.9789347245319718,0.9800434592662011,0.981290855109292,0.9811525037356268],"mean_valid_accuracy":[0.12077856015762749,0.5901176003064644,0.7482050860890719,0.8341592653591987,0.8591979353751659,0.896488570742407,0.8960817782964314,0.9267232620959311,0.9353036793966241,0.9512114175672862,0.9383879026396923,0.9140241343781602,0.9527577023956392,0.9566544025630651,0.9456182574705004,0.9593167642351627,0.966347816993795,0.9624522526621412,0.9661906837965657,0.9631370121775538,0.9698089522518701,0.9719052199120871,0.9688550533474051,0.9728720185267242,0.9681378095422914,0.9738225247310366,0.9481714885595559,0.9742420903865345,0.9753495487100117,0.9757690352381401,0.9764549099896164,0.9757726090163574,0.9782582596227662,0.9781259582776357,0.9768743162308017,0.9788314101262966,0.9788046036610814,0.9774122136576144,0.949704573071517,0.9778621943491217,0.9741117087313649,0.9794963923758067,0.979915763702469,0.9789434936654837,0.9803326702790764,0.9793547536894479,0.9698153327886523,0.9789481342869344,0.9800498434166295,0.9813019943367939,0.9811568531450868],"std_valid_accuracy":[0.08462469068064166,0.15337217568730743,0.1086547229219648,0.0735391537848982,0.06771761107521466,0.0459268271612482,0.04692604404105028,0.02774694077040342,0.022767386175099196,0.012981449229042664,0.02870477386752211,0.038100531804367,0.01483972859270305,0.01179117006516329,0.03093999772962593,0.01865612685320558,0.009981683207055038,0.009667529799553088,0.0097752425658525,0.007321357404186099,0.0074354068705664465,0.008289442067372843,0.00812118070670087,0.008403397136375258,0.013711056507700825,0.005739148565392617,0.03887978026107939,0.00841383227935195,0.007439314310176996,0.006897990297372161,0.0061661804435825425,0.007780283790572636,0.007045227129890314,0.006167728586025248,0.00681434797252567,0.007389803850510863,0.006196450129343135,0.004851812663569864,0.04346796061645195,0.008691976476191316,0.00886889109190572,0.0063267262503267155,0.006426955340503974,0.00577798299304791,0.005321137858832475,0.006007902807428216,0.012275367672667382,0.00676680871743733,0.0059359349761780415,0.0059588379681652075,0.003543868339692416],"valid_loss_dist":[0.05015141073916409,0.06752927258500528,0.04722019678138093,0.09614887843512854,0.06562083578343582,0.05313095303647446],