{"test_accuracy":[0.0972,0.3917,0.5137,0.6411,0.7305,0.7776,0.8352,0.853,0.8789,0.8731,0.8972,0.9172,0.9159,0.9242,0.9297,0.9281,0.9404,0.9359,0.9425,0.9467,0.9503,0.949,0.9469,0.9474,0.9301,0.9507,0.9563,0.9557,0.9609,0.9599,0.9591,0.962,0.9611,0.9639,0.964,0.9612,0.9663,0.9696,0.9669,0.9696,0.9703,0.9684,0.9693,0.9699,0.9686,0.9694,0.9712,0.9703,0.97,0.9716,0.9712],"test_loss":[2.3084521141052248,2.3335280216217043,1.6461778648376464,1.0007659936904907,0.7118099725723267,0.6014163809776306,0.4615007357597351,0.40470671153068544,0.35358796157836914,0.36039669880867004,0.30469385094642637,0.24867596988677979,0.251629882979393,0.22739401512145996,0.2123443330526352,0.21447071812152863,0.18225633940696717,0.19734652330875396,0.18038771421909333,0.1641748640537262,0.15189499237537385,0.1532287519931793,0.1590240391731262,0.159252645945549,0.1962278338432312,0.1496621971130371,0.13275370724201202,0.1319428508758545,0.11783157300949097,0.12057617791891098,0.12301684466600418,0.11420543849468232,0.11538673949241639,0.11219149289131164,0.1092614709019661,0.12011079864501953,0.1018855768084526,0.09374895830154419,0.0997007330775261,0.09360383242368699,0.09090167279243469,0.09592621074914932,0.09422172720432281,0.0924089564204216,0.09462930831909179,0.09309256201982498,0.08707157690525055,0.08857112587690354,0.09013672752380371,0.08334599299430848,0.0865658237695694],"train_accuracy_dist":[0.9742235368687936,0.9765817584223501,0.9934747145187602,0.9902185223725286],"train_accuracy":[0.14044536509580527,0.5269808389435525,0.6496116002071466,0.7634386328327292,0.8252718798549974,0.8529259451061626,0.8853961677887106,0.8949766960124288,0.9161574313827032,0.9120662868979803,0.914810978767478,0.9416364577938892,0.9411703780424651,0.9482651475919213,0.9508026929052305,0.9494562402900052,0.9585189021232522,0.9535991714137753,0.9563438632832729,0.9621957534955982,0.9648886587260487,0.9653029518384257,0.9629207664422579,0.9634904194717763,0.9412739513205592,0.9665458311755567,0.9700155359917141,0.9704816157431383,0.9735370274469187,0.9730709476954945,0.9722423614707405,0.974883480062144,0.974883480062144,0.975712066286898,0.9754531330916624,0.9743656136716727,0.9782496116002072,0.9788192646297256,0.9793371310201968,0.9807353702744692,0.9811496633868462,0.979440704298291,0.981046090108752,0.9817711030554117,0.9816675297773174,0.9818228896944589,0.9813568099430346,0.9823407560849301,0.9820818228896945,0.9837907819782497,0.9836872087001554],"train_loss_dist":[0.0759043895147352,0.06771485920116954,0.025717012611556598,0.03257830968973664],"train_loss":[2.301948997234817,1.6676980767887162,1.1108458409310622,0.6659428356472906,0.4837460625702578,0.4173821953187515,0.33289145988343233,0.3043380544916883,0.25234096166554787,0.2605229429850487,0.25313086843456645,0.18446424249762208,0.1834702404097286,0.16521278473648426,0.15387308765019486,0.15569306535001,0.13358190283372204,0.14504219675962324,0.13367923639139814,0.11802481504910539,0.10983486884248991,0.10967868931672538,0.11599625951226111,0.11265051741768417,0.16927878110790612,0.10613641023273174,0.09425043829175118,0.09259647034660391,0.08200275241568537,0.08389584609765052,0.08514745845572742,0.07826681635880303,0.07805768505707267,0.07578818451696144,0.07413101993744266,0.07897007776620103,0.06797036597035451,0.06518176334381011,0.06400909879602248,0.059085020064103794,0.058515851171364104,0.06203472916478631,0.05857977272141079,0.05677589694957298,0.05800279891595885,0.05669633176511492,0.053638419842107314,0.05299640996434694,0.054273210905766256,0.049185580913612165,0.050313123670160186],"valid_accuracy_dist":[0.9746621621621622,0.9737058340180772,0.9837000814995925,0.9750415973377704],"valid_accuracy":[0.13434472058134547,0.5355750573521029,0.6550359420473554,0.7498753810830494,0.8124110249306785,0.8426436308605895,0.878878836499437,0.8819822198006707,0.90972851610101,0.9057928905321914,0.9037297439977371,0.9345732809956772,0.9331245170466853,0.9401643598853391,0.9451331565173996,0.9430632655492694,0.951139735282404,0.9469958672518229,0.9490663535496314,0.9540370875312127,0.9571417247031426,0.9573487921144906,0.9534141226661487,0.9550714929777577,0.9275425623804521,0.9585915779537244,0.9608690650169263,0.9614904169717002,0.9674941583787439,0.9666662243047867,0.9656307605601205,0.96645894063755,0.9679082074526159,0.9668724147404985,0.9677009264594287,0.9679072685808375,0.9697714187629349,0.970599518439639,0.9716345830769718,0.9734979063897715,0.9745331182360636,0.9728767687259184,0.974326710835381,0.974533418275809,0.9726700177831361,0.9734980791433051,0.9741191588409505,0.9739121415359409,0.9722557716670412,0.9751546311545677,0.9768107761986277],"mean_valid_accuracy":[0.13466637595534423,0.5347713245568826,0.6540770432485238,0.7485828505422171,0.8113497607078111,0.84165972669319,0.8782137585888771,0.8814190007649112,0.9091929422674389,0.9053073859939594,0.9035233824339093,0.9343447423770115,0.9327978488715284,0.939903305198375,0.9449010093368035,0.9427780718964873,0.9508452606355747,0.946804800018399,0.9488627101798516,0.9538208952433579,0.9569830465476981,0.9571799943042383,0.9532617593597483,0.9549263332716026,0.927254329030317,0.9584883739454588,0.9607163178485527,0.9613362266286721,0.9673948663281838,0.9665508701762678,0.965503350643454,0.9663606583608392,0.9677892391463856,0.9667889720190123,0.9675963985302352,0.967860403923682,0.9697075382788073,0.9705600656998705,0.9715673037983626,0.9734445533073803,0.9744882471541153,0.9728210705459461,0.9742563480934072,0.974484195867679,0.972595308983671,0.9734399035782656,0.9740870731111985,0.9738790864223466,0.9722429962530698,0.9751224779639004,0.9767774187544006],"std_valid_accuracy":[0.07789981260246136,0.1428520563791177,0.15120776458319382,0.13860631975686585,0.09852865546301953,0.08660083211631907,0.06036626514002474,0.048026332301215474,0.04551982411425727,0.04361404901689711,0.02243855517840556,0.021224995311876504,0.027041325443951814,0.02279187826421355,0.019512624662033056,0.023453450337292934,0.022561383326831167,0.017305734364711934,0.017561889357979477,0.016418718966259224,0.013972908598299008,0.014293504505684769,0.014357706968786119,0.012945857489572988,0.02901915186887093,0.011093622593153891,0.012015596194870743,0.01226135772774875,0.008584539797474516,0.00941142067616652,0.010135706107450375,0.008062231036884152,0.00997050288554506,0.00819651401742561,0.009165374626928935,0.0068199439058621285,0.005848047454235391,0.006497945409873855,0.006564260994178258,0.00562963430937017,0.005087672340874205,0.005818075044485765,0.006219138665150996,0.004674243783963554,0.006643662041491836,0.005587730370578442,0.004214467816233891,0.004304957700304701,0.003769114353738,0.003545551277448307,0.00402632831241826],"valid_loss_dist":[0.08034307268020269,0.07866583028678142,0.05518015699055784,0.09270997992569516],"valid_loss":[2.3036090927391775,1.6786923074753874,1.1158874614877639,0.6859285684163101,0.5035416044821172,0.4395342582792144,0.356432172260233,0.3340739625231854,0.2738860903346266,0.280686716114382,0.2776321568712746,0.204840814328202,0.20323733656932472,0.18559649542479617,0.17280893466514813,0.1745718255771507,0.14900336816825333,0.1632313705831001,0.15197706467917776,0.13493336554865434,0.12692304960038187,0.12808113929168483,0.1362138014928855,0.1319775784970298,0.19439654916413984,0.12468532677996404,0.11341642357122673,0.11113892574852353,0.10025082154828399,0.10315365582463902,0.10362091520301624,0.09842882153867845,0.09788670648462935,0.09596279943403588,0.09565797755507023,0.1018838848822155,0.09059065967920865,0.08937778295398402,0.08613218592277297,0.0808156295490395,0.08123658686957659,0.08535634176463831,0.0811274391780946,0.08050190609619497,0.0819050426111571,0.08147959628184959,0.07877429146150954,0.07823544379895998,0.08138696151246985,0.07399618336547609,0.07660714491227924],