{"test_accuracy":[0.0972,0.4481,0.7617,0.8233,0.8948,0.9061,0.9188,0.9227,0.9334,0.9116,0.9506,0.9423,0.954,0.9567,0.9617,0.9621,0.9631,0.9624,0.9674,0.9635,0.9726,0.9666,0.9737,0.9672,0.9749,0.9683,0.971,0.9741,0.9756,0.9745,0.9732,0.9759,0.9749,0.9754,0.9767,0.9769,0.9754,0.9741,0.9712,0.9762,0.9772,0.9784,0.9737,0.9788,0.9789,0.9794,0.9745,0.9804,0.9818,0.9801,0.9738],"test_loss":[2.3084521141052248,1.4175120809555053,0.7412260498046875,0.5174552548408509,0.352164275598526,0.30725033869743346,0.2657169734954834,0.24578091397285462,0.21214286313056946,0.2658899192094803,0.16173031740188598,0.188659224152565,0.1491101418018341,0.14006985206604003,0.12574848524332047,0.12285268902778626,0.11787181289196014,0.11890890576839447,0.10618798979520798,0.11776889148950577,0.0890674213886261,0.10750011221170426,0.08945402038097382,0.10043935053348542,0.08262853978872299,0.09884887241125107,0.09477770185470581,0.08164046439528465,0.07453262680768967,0.08011987982988357,0.0811660961508751,0.07347502852678299,0.07610241656303406,0.07362418577671051,0.07220474737882614,0.07136440896987915,0.07461528482437134,0.07797239141464234,0.08923057209253311,0.07019508366584779,0.07010468585491181,0.06584184497594833,0.07725318055748939,0.06500620028972626,0.06314681823253632,0.06205645091533661,0.07841108260154724,0.06040983682870865,0.05600795085430145,0.05851499780416489,0.07795575761795044],"train_accuracy_dist":[0.9818297063173463,0.9704190632703369,0.9927582534611289,0.977315296566077,0.9673684210526315,0.9857614527445315],"train_accuracy":[0.09690908457330034,0.5228769557793498,0.8045788758406802,0.8432937240826567,0.9072028435028052,0.9162630240094783,0.9267867721364602,0.9296790605289752,0.9387740878837509,0.9167857267310172,0.9523643586437607,0.9411088267066244,0.9574519984667387,0.9606230616440743,0.9644910617834617,0.9652576924417187,0.9657803951632575,0.9661985573404885,0.9702756385684915,0.964038052758128,0.9737254765306478,0.9690559988849009,0.9732376206572115,0.9718088998850054,0.9771404676447015,0.9690211520367983,0.9695787016064397,0.9779767919991637,0.9789525037460362,0.978290413632087,0.9775934766700352,0.9799282154929086,0.9796494407080879,0.979893368644806,0.980834233543576,0.9812175488727045,0.9797539812523958,0.9783949541763948,0.9694741610621319,0.9819493326828589,0.9826462696449106,0.9830295849740391,0.979893368644806,0.9838310624803986,0.98438861205004,0.9846325399867581,0.9789525037460362,0.984737080531066,0.986514269784298,0.9854688643412204,0.9791964316827543],"train_loss_dist":[0.05142650908630947,0.0798980297372296,0.02395738938920541,0.06308403720073286,0.09838252542520824,0.04249835282478065],"train_loss":[2.3099970157567595,1.2824219389547848,0.6465730060921498,0.4660666287547683,0.32014758602118587,0.28277105347101467,0.24321715082238102,0.22572097367960706,0.1973779989170788,0.2478279973634607,0.15591961788398803,0.19126672619786225,0.13961194496722937,0.12923146880602063,0.12121053539723055,0.11433190263395741,0.10957316358517233,0.10791433876701031,0.09779806281563447,0.11075759232776375,0.08543281632433657,0.09554221233554297,0.08648181238996777,0.08855116758938886,0.07629356806367,0.09233062443519031,0.09408070567195521,0.07146759492456113,0.06707353096632013,0.06908808825354848,0.06951823826684152,0.06362908546169828,0.06397615837195936,0.062297703508683216,0.06011387826660333,0.0587835305832498,0.060720394328200235,0.06458061745195379,0.08923166099245546,0.05588578543192743,0.05573472269062452,0.05200595419134623,0.05910427466648393,0.05023853114394636,0.048802662524885555,0.04793071759197506,0.06451727453619631,0.04629158965544734,0.04281431415846245,0.044727185285028156,0.05997867483558572],"valid_accuracy_dist":[0.9755067567567568,0.9745275267050123,0.9880749574105622,0.9608985024958403,0.9570707070707071,0.9793729372937293],"valid_accuracy":[0.08957640995843671,0.52556804778398,0.8093847922120377,0.8439448324502652,0.9106858023718784,0.9182114899373679,0.9281040882349227,0.9285230909527739,0.9398089434382897,0.9162616512162568,0.952766578286693,0.9441284046304532,0.9591753913419115,0.9604289119877853,0.9648870346698382,0.9651665950438152,0.9648882576592475,0.9650274128161677,0.968510700308692,0.9644718728648705,0.973526782574369,0.9668390426455826,0.9732487334076564,0.9679534694601644,0.975477213415044,0.9676764447714065,0.9699026089631887,0.9751989886362732,0.9778464442187781,0.9751988136432346,0.9745025210195132,0.9774282834162611,0.9757563916808493,0.9765926561564041,0.9774283078125943,0.9785429731446896,0.976174381127927,0.973945751389473,0.9696240013181091,0.9767319267339601,0.9778454456938217,0.9785432096678842,0.9757568321320946,0.979100315981322,0.979379297828188,0.9806331426055046,0.9763124724511056,0.9791003166039545,0.9813296749883919,0.9791006164105299,0.9725521769514619],"mean_valid_accuracy":[0.08997147618445078,0.5267090412763542,0.8099047636187855,0.84433419631148,0.9108188087976955,0.9183145985356246,0.9281881049630618,0.9285869867565321,0.9398815027640026,0.9164426628858652,0.9528069366039386,0.9441550718499833,0.9592144488314239,0.9604997659542344,0.9649438632012459,0.9652242298381851,0.9649466553779539,0.9650871633197392,0.9685594999994285,0.9644996013609433,0.9735396071015933,0.9668882004562013,0.9732668150336073,0.9680092537297291,0.9754972268980896,0.9676921656469064,0.969979295130845,0.9752353486300857,0.9778745264587544,0.9752419295695246,0.9745314287898448,0.9774570300893207,0.9757920287909241,0.9766243846120134,0.9774747422112268,0.9785708873267969,0.9761989730488642,0.9739766257006449,0.9697144906874723,0.9767673883337714,0.9779095304424955,0.9785623444113449,0.9757782927004519,0.9791274214904505,0.979403389145071,0.9806525421891789,0.9763910092243421,0.9791320025146012,0.9813383829745087,0.9791068184350505,0.972575231288768],"std_valid_accuracy":[0.08832354500390761,0.138097371223186,0.0638770303795924,0.06741883775143988,0.023088146042862048,0.02469282268967571,0.024248084279091406,0.02126241334187742,0.02120920745129346,0.04367081730846424,0.01677798676626304,0.007469447292566964,0.013612131182690442,0.01389266188527871,0.010013891626438306,0.01137350666735222,0.011178958586700516,0.01003526628426623,0.007616102765406733,0.01246325490307998,0.004822237491482006,0.009765411714317423,0.004846225559750068,0.00928004908285038,0.005718339230932904,0.010129401345634496,0.007801274954843173,0.006063239518294559,0.005690906953893218,0.006435385044046314,0.0061008074297991535,0.005417048103168625,0.0058672265629315734,0.005824673999241127,0.006214412483655236,0.0054620849781850216,0.0055796322421112505,0.007890367176324353,0.009309515431842927,0.006159121418140791,0.006640326847740159,0.00539681313977754,0.007248265997580279,0.005111249222607942,0.005686679997163198,0.00452896271999909,0.006523496739881198,0.005377558121977558,0.004128315134013127,0.005499200226947859,0.010611250965165037],"valid_loss_dist":[0.05920116709092179,0.0741535357230985,0.03349514696524943,0.11980953140683262,0.11353585648315924,0.05533363373808735],