{"test_accuracy":[0.0972,0.6371,0.8324,0.8679,0.9166,0.9304,0.9384,0.9463,0.9447,0.9518,0.9566,0.9603,0.9632,0.9645,0.9611,0.9672,0.9695,0.9707,0.9697,0.9735,0.9749,0.9739,0.9735,0.9779,0.9785,0.9754,0.9779,0.9796,0.976,0.9811,0.9818,0.9818,0.9808,0.983,0.9806,0.9816,0.9831,0.9839,0.984,0.9851,0.981,0.9839,0.9849,0.9854,0.9852,0.981,0.9858,0.9863,0.9859,0.9863,0.9856],"test_loss":[2.3084521141052248,1.2399078443527223,0.5852701786994934,0.4052870384216309,0.2935236093521118,0.2479249876022339,0.2257821967601776,0.19186537082195282,0.1821974972963333,0.15971392338275908,0.14478990716934204,0.13626841974258422,0.12315973397493363,0.11842464156150818,0.12308641996383667,0.11030025019645691,0.10719397821426392,0.10173164799213409,0.09892515304088592,0.086825610268116,0.08447824053764343,0.08304868862628936,0.08945087108612061,0.0735464996099472,0.07146368432044983,0.0832772901892662,0.0740951230943203,0.06716162991523743,0.07486966972351074,0.06344602565169334,0.060597732543945314,0.06102622089385986,0.0659321996331215,0.05693294921517372,0.061533641648292545,0.05688804326057434,0.05412587586045265,0.0525971702337265,0.05153052611351013,0.05012724212408066,0.06183231847286225,0.051801035875082016,0.04915294482707977,0.04831357360184193,0.048444076818227766,0.06073466972112656,0.04545426616072655,0.044271315622329714,0.045526248121261596,0.04498031895756722,0.04534704122543335],"train_accuracy_dist":[0.9890156316011829,0.9811049496816595,0.9877456158884429,0.9862366474938373,0.979765708200213,0.9902120717781403,0.9845993756503642,0.9872704507512521,0.9930526315789474],"train_accuracy":[0.10632676709154114,0.6612746234067207,0.8397450753186558,0.8739976825028969,0.9156662804171495,0.928505214368482,0.9336964078794902,0.9438702201622248,0.9426419466975666,0.9500347624565469,0.957242178447277,0.95837775202781,0.9632676709154113,0.9645191193511008,0.9603707995365006,0.9665353418308227,0.9663267670915411,0.9684356894553882,0.9692468134414832,0.9724217844727694,0.9732329084588645,0.9736964078794902,0.9726071842410197,0.9771263035921205,0.9773348783314021,0.9741830822711471,0.976523754345307,0.9784472769409038,0.9757126303592121,0.9799768250289688,0.9810428736964079,0.9803012746234068,0.9786095017381228,0.9822247972190035,0.9811819235225956,0.9820625724217845,0.9824565469293164,0.9836384704519119,0.9843337195828505,0.9845422943221321,0.9812514484356895,0.9840324449594438,0.9848899188876014,0.9853997682502897,0.9853302433371959,0.9806025492468134,0.9863731170336038,0.987045191193511,0.9866048667439166,0.9866975666280418,0.986558516801854],"train_loss_dist":[0.03454500053551664,0.05689757917145974,0.042339396708070944,0.0416603368433803,0.05863022363255707,0.037841390408150134,0.05202397199795348,0.039898862617590986,0.02985273641426312],"train_loss":[2.308337109406605,1.2090601914672143,0.571154035618518,0.4002896789603825,0.29747853342171754,0.25180871835831004,0.2311115306995697,0.19960501806864456,0.18732625713371182,0.16792102156446542,0.14974298670421746,0.14222206034189303,0.12950406876320358,0.12397282858988916,0.12907807503849578,0.11614553996509638,0.11210789551636849,0.10575226915963555,0.10209912240833285,0.09174634356142333,0.08900355534025857,0.08758747024416302,0.09238318235510885,0.07757012347633566,0.07579183627692669,0.08630384517037164,0.0781091874452828,0.07183241783398465,0.07862054007060973,0.0665295063433165,0.06335425068051279,0.06458832267529373,0.06900659000162178,0.059228942723187204,0.06296753607750767,0.0590436583639987,0.056343648554638526,0.05399890764231167,0.05233995038761324,0.05112162488468449,0.060717286750898714,0.051185945917011554,0.049116913189297826,0.04806892991117779,0.047807266218274795,0.06173426647425596,0.04544237398250009,0.04394518212632191,0.044096303162740186,0.04374130928101124,0.043744596558324085],"valid_accuracy_dist":[0.9890202702702703,0.9811165845648604,0.9881756756756757,0.9819227608874281,0.985519591141397,0.9845150774246129,0.9767054908485857,0.986644407345576,0.9856902356902357],"valid_accuracy":[0.10116559712819927,0.6569584769050563,0.8406189744270667,0.8722171484702864,0.9149374278937776,0.9302271123718252,0.9324507865442946,0.9445915461169164,0.9420883620486414,0.9487612801952332,0.9575629153984732,0.958581295897506,0.9628441911783785,0.9639559130403068,0.9602497621687215,0.9659952725534185,0.9669206223885587,0.9698855348387524,0.9685888842785753,0.9722027889501653,0.9735922354198048,0.974240622507514,0.9725726485517054,0.9769278697811946,0.9771131208051336,0.9726655375395853,0.975815639382746,0.9774838667410599,0.975351653428333,0.9790589848152462,0.9798000070660997,0.979522579134058,0.9773911576685226,0.9808194764815253,0.9786885359394938,0.980356077351375,0.9810049116693735,0.9819312598734736,0.9823949703576831,0.9828579879257747,0.9790589460254406,0.9823946806791136,0.9826730098752627,0.9832285004673326,0.9832285969590681,0.9783184891719704,0.9835994546458171,0.9841554232967015,0.9837848132473505,0.9839700250008829,0.9843404172846806],"mean_valid_accuracy":[0.10080181123230186,0.656334407810947,0.8403987833700641,0.8721171904897643,0.9148533905831686,0.9301954232729863,0.9324815081471325,0.9446154245423022,0.9421317931554262,0.9487982078363691,0.9576067363539948,0.9585919473614043,0.9628805199372822,0.9639954684202015,0.9602961031969897,0.966034118992822,0.966948451167306,0.9699096149375913,0.9686311500519604,0.9722478542515458,0.973627417937554,0.9742588430067243,0.9726319142932867,0.9769699200390877,0.9771434443096135,0.9727122857254796,0.9758263783165059,0.9775006700578311,0.9753884993225448,0.9790972682142,0.9798380519271223,0.9795566680145014,0.9774280074500257,0.9808537538249882,0.9787177410535176,0.9803799893717239,0.9810390207919115,0.9819582772287219,0.9824238571740415,0.982889037514668,0.9790969858084687,0.9824267768490006,0.9827093241426001,0.9832523312444275,0.9832532222414072,0.9783459535975229,0.9836174889403595,0.9841761388906755,0.9838110999530577,0.9839917202524229,0.9843677882054046],"std_valid_accuracy":[0.08779819764394502,0.111522998644184,0.04470691617119377,0.043369795788137044,0.014934450335820948,0.014253569063138738,0.017619619098994788,0.015822391853187897,0.01722067467090696,0.016151639309987167,0.010677626402182722,0.009358869520052094,0.008684629266979263,0.008102592989060112,0.009475594427655451,0.009844144086479085,0.008833567452253468,0.007090455784153264,0.0061792772207747175,0.0064719147134751015,0.005483728408105846,0.00613884075340486,0.007037792940214918,0.006047111778156011,0.005393732473723191,0.00617563940866642,0.005422567463609755,0.005388378508467203,0.008923757470210278,0.005490277750974091,0.005187237841155958,0.005315037932553891,0.0056873165854798916,0.004858410864611192,0.005452983898411307,0.004835989512836119,0.005297262832899971,0.004218232328459104,0.004051757292973557,0.004430012368141407,0.0057586181609995115,0.0047589394691747175,0.00436893497884345,0.00393455981467996,0.003982810221458362,0.006526165440584423,0.003742095634191284,0.003627645330413413,0.0034690011739653935,0.0034008831432508044,0.0036466893206088483],"valid_loss_dist":[0.043303025936758194,0.06146906290588708,0.04268228675465326,0.05265325946992014,0.052349011418512774,0.05694552473936415,0.08648796573578815,0.04701030779884932,0.048304439193070536],