{"test_accuracy":[0.0972,0.4637,0.7453,0.8294,0.8557,0.8705,0.888,0.9076,0.909,0.9215,0.9277,0.9339,0.9419,0.946,0.9471,0.9471,0.954,0.9549,0.961,0.9638,0.9608,0.963,0.9654,0.966,0.9646,0.9677,0.9663,0.9681,0.9677,0.97,0.9703,0.97,0.9682,0.9708,0.972,0.9718,0.9726,0.9758,0.9745,0.9766,0.97,0.9757,0.9761,0.9758,0.9768,0.9762,0.9767,0.9767,0.9755,0.9775,0.9757],"test_loss":[2.3084521141052248,1.5334236879348755,0.8453893057823181,0.585794635295868,0.46457243781089785,0.41831485714912414,0.3465197856903076,0.29664626932144167,0.2873510712623596,0.2541570309400559,0.226941650724411,0.21028161973953247,0.18813750236034393,0.1726742847919464,0.16889902250766753,0.1648339768409729,0.1454386979699135,0.14055381630659103,0.12876826587915421,0.11947968187332153,0.12393057515621185,0.11747008526325226,0.11218179569244385,0.10855843706130981,0.11270274136066437,0.10440059477090835,0.1049993161201477,0.09879367529153824,0.10138819788694382,0.09607316911220551,0.09107287576198578,0.09286957982778549,0.09531601628065109,0.09085940638780594,0.0874990569114685,0.08772073216438293,0.08332986602783203,0.0772427697300911,0.07693019429445266,0.07490894014239312,0.09147108736038208,0.07480295233726501,0.07743167820572854,0.07610655903816223,0.07201974693536758,0.07325524425506592,0.07291749260425567,0.07308755605220794,0.07553423179388047,0.07282008112668992,0.07127357740402222],"train_accuracy_dist":[0.9866920152091255,0.9721107120219734,0.9858258011503698,0.9897763578274761,0.9908180300500835,0.9728421052631578,0.9861741642591828],"train_accuracy":[0.05709497875396493,0.5294452091687115,0.7991800825902209,0.86507271530313,0.8881441139505656,0.8980788796456999,0.9122329283619606,0.9256089532587228,0.9280327966963912,0.9367406786761625,0.9430247172182656,0.946914836315758,0.9540666706565324,0.9571488419414687,0.9583158776707164,0.9588545095457538,0.963163564546053,0.9638817403794362,0.9654677120114908,0.9678017834699862,0.9683703393380813,0.9690585911784069,0.9709138787479802,0.9712729666646718,0.9713926626369023,0.9728589382967263,0.9727691663175534,0.9739960500329163,0.9742055179843199,0.975582021664971,0.976719133401161,0.9757316416302592,0.9760308815608355,0.9774073852414866,0.9784248010054462,0.9782153330540427,0.9790831288527141,0.9809982644084027,0.9807887964569992,0.9820755281584774,0.9775869291998325,0.9821353761445928,0.980968340415345,0.9817164402417858,0.9829133999640912,0.9820456041654199,0.9828834759710335,0.9829433239571489,0.982763779998803,0.983422107846071,0.9834819558321862],"train_loss_dist":[0.037627144153637125,0.0772445417819405,0.046620040476909895,0.030872458256820775,0.03295673676090119,0.08177569977546993,0.04272658713976805],"train_loss":[2.3166276294415,1.3188918319422822,0.6760753606769311,0.46410339138164536,0.36676627664320544,0.32631110699028104,0.2775438576642426,0.23788627325637712,0.22823964742475114,0.20390262613400173,0.18414723341935085,0.17163292049569712,0.15259501082101767,0.14169755508168194,0.13700652941820637,0.13298850245981136,0.11961469323836899,0.11518622769678372,0.10889278999420812,0.10128085154234504,0.10125289713383413,0.0975456782672134,0.09175254408959263,0.08883008902790024,0.08913574495468014,0.08517422160554317,0.08550907605747873,0.07939048114086296,0.07931191351252899,0.07501506690221077,0.0715836142606998,0.0727228910124197,0.07294822288704408,0.06947980404637669,0.06678867770528474,0.06614960492521416,0.06341753765277164,0.05953586017089245,0.05834554886810263,0.056000908861581426,0.06656119147548271,0.05514911053563671,0.056996985230106836,0.055734951851044615,0.05221875593533521,0.053016147896263084,0.05173792411996337,0.05145886280864354,0.05315364901977693,0.05048569593081619,0.0499441667067344],"valid_accuracy_dist":[0.9856418918918919,0.9670608108108109,0.9835661462612982,0.989778534923339,0.986644407345576,0.9654882154882155,0.9851485148514851],"valid_accuracy":[0.05251942372723306,0.5349993210302262,0.8086667319554405,0.8732897533083251,0.897340922726593,0.9073913082968201,0.9177986038571796,0.9335936465527825,0.9373034677804557,0.9407718972262648,0.9479512693167412,0.9508235963815813,0.9583609303485013,0.9601556147389653,0.9630272845189001,0.9635061431974454,0.9670952594007924,0.966736547766237,0.9681716108286533,0.9712826730074964,0.9702062213121376,0.9712829097774166,0.9725992565545739,0.9730776418589219,0.9731976660481226,0.9746332118044169,0.9747530104695337,0.9746332897455852,0.9746335383329019,0.9766676655554982,0.9770264277722768,0.9776247550728305,0.9766675948024234,0.977744577765007,0.9785818942763362,0.9782230843697153,0.979778479304673,0.9803766044510218,0.9797782787487831,0.9806159951375535,0.9767870544239434,0.9808553409904871,0.9802574156514787,0.9810947577881827,0.9809749331922427,0.9810947349751659,0.9808554928927072,0.9814538477800293,0.9816928101627332,0.9812143267350191,0.9804966330058106],"mean_valid_accuracy":[0.05288152053096751,0.5355224716465069,0.808778865243068,0.8729819690131143,0.8971005110827693,0.9071573038587847,0.9176910681920986,0.9334836588210206,0.9371831644904322,0.9407021968418288,0.9478706441424828,0.9507270494479931,0.9583264776951346,0.9601211699616838,0.9630093434712826,0.9634880810582986,0.9670839499140931,0.9667207647133589,0.9681738887168534,0.971311214459156,0.9702032577217402,0.9712729599092863,0.9726072157413448,0.9730863406097147,0.9731895892822886,0.9746325337905575,0.9747403938356507,0.9746261249527205,0.9746347504722956,0.9766596761903089,0.9770275913027097,0.9776197234247963,0.9766598320723415,0.9777378101160558,0.9785815682297031,0.9782163274166397,0.9797739496882689,0.9803764517527039,0.9797813384083366,0.9806166615143905,0.9768058095780301,0.9808511239305716,0.9802306354863847,0.9810797773304938,0.9809748959827588,0.9810772377006088,0.9808438346754978,0.9814326873905245,0.9816825722611341,0.9812066840996023,0.9804755030818024],"std_valid_accuracy":[0.08018142667856061,0.11654338680992397,0.07805475947960591,0.0815265795826114,0.06936987185630164,0.06384823360920962,0.042168403731417475,0.039835431342725144,0.03956411374236656,0.03153748635921253,0.02976340236699905,0.029197880603551215,0.021364652085155315,0.020048542768750063,0.019755801032505748,0.02083012947846701,0.016429832650598768,0.015577268575666946,0.01292053220097456,0.012695732799318297,0.014121771827311627,0.013165691710106188,0.013033542374791218,0.012424347925990183,0.013479481824756572,0.01198038395916062,0.01225001037350612,0.012114831498131157,0.013033594042256055,0.011112301641500313,0.011156528995520276,0.01064335419721932,0.012471485718611525,0.011337119135471793,0.009930971158363638,0.010189249813076893,0.01003537770818561,0.008136410643441911,0.009192187705684671,0.007595329153746739,0.01070617645297469,0.008382281014997254,0.009877921240073416,0.009149776427315322,0.00816769473978887,0.008876951820199824,0.00872792905942149,0.009356051868831563,0.009386348487776698,0.008651571904311699,0.009159345165287337],"valid_loss_dist":[0.0460064620585055,0.07981771663636775,0.05377224507690358,0.03500905107021383,0.03915909977508507,0.10582926993568738,0.04915564753754501],