{"test_accuracy":[0.0972,0.4624,0.6822,0.7825,0.8696,0.8837,0.9158,0.9263,0.931,0.941,0.9463,0.9477,0.9503,0.9507,0.9504,0.9563,0.9592,0.9603,0.9614,0.9606,0.9651,0.9636,0.9691,0.9695,0.9658,0.9681,0.9723,0.9714,0.9726,0.9736,0.975,0.9744,0.9748,0.9756,0.9755,0.977,0.976,0.9754,0.9775,0.979,0.9774,0.9794,0.9791,0.979,0.9794,0.9797,0.9766,0.9802,0.9799,0.9808,0.9795],"test_loss":[2.3084521141052248,1.5169381769180297,0.8121669423103333,0.5787773350715637,0.4048009617805481,0.3620633437633514,0.2787351805448532,0.2447064504623413,0.22597031662464143,0.1951896292924881,0.17931262106895446,0.1700244682073593,0.1621207387804985,0.15721540112495422,0.156265074467659,0.13899978643655778,0.1320514151096344,0.1271312465429306,0.12243445672988891,0.12169485566616059,0.10787970398664475,0.11058929691314698,0.0976720474600792,0.09547503173351288,0.11033601884841919,0.09204473357200622,0.08495544273853302,0.08800070971250534,0.08347791798114777,0.08200129011869431,0.07743550238609313,0.07819481383562088,0.07788573986291886,0.07296496045589447,0.07728691403269768,0.07053644403219222,0.07013836957216263,0.07093562452793122,0.06866686964035035,0.0637811891913414,0.06798073050975799,0.06434149144887924,0.06440668269991874,0.06337620885372162,0.06136031401157379,0.06065365892648697,0.07126918774247169,0.058380420386791226,0.058664719611406325,0.0575462759077549,0.06111867505311966],"train_accuracy_dist":[0.9909632368042719,0.9835199661948024,0.9842985318107668,0.9760665972944849,0.9860183639398998,0.9913330581923235],"train_accuracy":[0.12525475836816471,0.5548723617396111,0.7518048982693702,0.8300804863725862,0.8885971881584857,0.8989602404228125,0.9255241977270372,0.9321220076686587,0.9387889046253757,0.9478047600953401,0.9518808939859753,0.9537807869011019,0.9565097239973747,0.9576496597464507,0.9566133545200179,0.962416663788041,0.9643856437182632,0.9655255794673391,0.9665964282013195,0.9653183184220526,0.9703271270164773,0.968669038654185,0.9730215206052023,0.9735742167259663,0.9693944523126878,0.9752668485958064,0.9770976544958375,0.9763031538222391,0.9778230681543404,0.9782030467373657,0.9798956786072057,0.9787902863656776,0.9787557428581298,0.9802756571902311,0.978306677260009,0.9807938098034474,0.9821064630902622,0.9821410065978099,0.9821410065978099,0.9830391377940516,0.9826246157034785,0.983971812497841,0.9835918339148157,0.9840408995129365,0.9849044872016305,0.9855953573525856,0.981277418909116,0.9858717054129676,0.9860789664582542,0.9861480534733497,0.9853880963072991],"train_loss_dist":[0.03196279564748055,0.051722604879775314,0.049454824862239025,0.06780185852661093,0.041989947139022744,0.02848028664193122],"train_loss":[2.3012251504662,1.285954953796559,0.6817499563273479,0.481790003841325,0.3489634624229301,0.31212618489375227,0.24455910734555614,0.21731877900847146,0.19921176672978344,0.17442894955097965,0.15953076412967748,0.15086854713455772,0.14399948619392822,0.13946734773900218,0.14150987654541428,0.1229714055772853,0.116324326417556,0.11117962985106662,0.10766572561290681,0.10788985482696968,0.09538125761900526,0.09879557996969766,0.08725681700024226,0.08484336558858481,0.09697961487392551,0.07961434330740405,0.07483281125957153,0.07617074723177147,0.07209623130990325,0.07092319702761561,0.06679539289869169,0.0679907583677226,0.0669142141255023,0.06279743151693107,0.0697991887335971,0.0599894319552577,0.058325857753171846,0.0580464337127792,0.05717177025976628,0.05269878978905896,0.05588013521948356,0.05152223546202967,0.05212094543212259,0.05119149492519965,0.048261825634680885,0.0471336339221762,0.05819652130846417,0.045572512717577514,0.04511292073456797,0.04389750103988447,0.045182065978283906],"valid_accuracy_dist":[0.9876847290640394,0.981418918918919,0.973920130399348,0.9667221297836939,0.9833055091819699,0.9884488448844885],"valid_accuracy":[0.11930202725268911,0.5427353198590472,0.7503197198215004,0.826275927906266,0.8845509687790474,0.8949093698544437,0.9205958407687804,0.9272232900790169,0.9320572417495308,0.9415859565624396,0.9462817158492037,0.9489049957839949,0.9500098342095608,0.9533235011048847,0.951528386764251,0.9574664744182609,0.9595379047582118,0.9605045228616479,0.9620235478090645,0.9598143770494815,0.9657520220091743,0.9653377509074497,0.9693428789987033,0.9690661460849794,0.964647672329188,0.9704482261175638,0.9722424759314351,0.9711373972806305,0.9733473247402253,0.9726565656359206,0.9748665276339149,0.9754186409042834,0.9747277690404924,0.9748660016209575,0.9732095163989605,0.9766615330271725,0.9769376118038092,0.9759713171760788,0.9765232348758073,0.9777662002802258,0.9756945972489632,0.9783185869673043,0.9776281424371008,0.9777660313307118,0.9787330506326987,0.9796996492834324,0.9748653369659429,0.979699533179368,0.9792852484024843,0.9796994427541923,0.9802521656863911],"mean_valid_accuracy":[0.11920425111205406,0.5414131939935746,0.7494830856129578,0.8260630301261345,0.8842973258013535,0.894788773954831,0.9204674234995393,0.9271925490899688,0.9320272857254389,0.9415351034124377,0.9462579954485307,0.9488753247254396,0.9499989785929402,0.9533027830942515,0.951515873418332,0.9574348313384408,0.9595166927485872,0.9604818329500576,0.9620093418823984,0.9598094925639521,0.9657699321308604,0.965322115523599,0.9693431976029981,0.9690782981197366,0.964609938612508,0.9704649220971774,0.9722379924026202,0.9711302097345871,0.9733406124190109,0.9726551478250238,0.9748580084568982,0.9754260368139612,0.9747364017566963,0.9748697451403364,0.9732129554959656,0.9766548316268778,0.9769427780943167,0.9759653164765872,0.9765270854198728,0.9777722488262542,0.9756877141305381,0.9783163024292375,0.9776306653012163,0.9777678924326856,0.9787359527820737,0.9796882215127671,0.9748415350314158,0.9796927181624225,0.9792657742778926,0.9796962984695278,0.9802500437054098],"std_valid_accuracy":[0.0835238849476892,0.1246206984554137,0.11604206856827702,0.0826744532939276,0.04906461382759442,0.04577475055223232,0.03695321677665632,0.02850610546737113,0.02783052646570401,0.024072756217363465,0.024086302721019803,0.02127070755949758,0.0209885758857613,0.016711015790444237,0.018265062707257577,0.01701914315535555,0.01641401228431206,0.015569689241061885,0.015984231407652254,0.018272234775363154,0.013399148044120289,0.012460361925372825,0.013557869777105684,0.010686156894802777,0.01606707769861744,0.015163016770463916,0.01026567996852933,0.009758938063134366,0.0118762522214155,0.009029676665215295,0.010419124840505636,0.009117802382194597,0.007241092085913159,0.007826100866956278,0.010716824534509553,0.008312288976459638,0.008441184464736413,0.01077169678564312,0.008116036973021452,0.007607942525834431,0.007817766009454885,0.00863066757859591,0.008058222116130175,0.008205262126339844,0.008001300994074324,0.00834376866372258,0.00680262733419959,0.007950672600197559,0.00852497129570399,0.007140744996736214,0.007705726044471771],"valid_loss_dist":[0.040958292635497204,0.05215943493955844,0.08334348544466272,0.1293437345799511,0.05769097548792876,0.0482081799912374],