{"test_accuracy":[0.0972,0.4553,0.7288,0.801,0.8297,0.8831,0.8736,0.9075,0.9244,0.9277,0.9386,0.9395,0.9499,0.9492,0.9388,0.9548,0.9592,0.9629,0.966,0.9658,0.9673,0.9617,0.9664,0.965,0.9661,0.9715,0.9728,0.9741,0.9745,0.9742,0.975,0.9738,0.9751,0.9765,0.9779,0.9763,0.9784,0.9794,0.9746,0.977,0.9783,0.979,0.9791,0.9791,0.9797,0.9796,0.9742,0.9797,0.9813,0.9826,0.982],"test_loss":[2.3084521141052248,1.5186506063461305,0.8856511143684387,0.5628151605606079,0.46837264513969423,0.3392819770336151,0.33700582098960874,0.2746563925266266,0.23215516576766967,0.21815084993839265,0.19327397072315217,0.18656141834259032,0.16028983618021012,0.16528735496997835,0.18007171809673309,0.1437540754556656,0.1340161698102951,0.12357509157657623,0.11793926315307617,0.11026601366996765,0.10702093710899353,0.11625300705432892,0.10474549368619919,0.11053810322284699,0.1015415828704834,0.0883844542503357,0.0872998265028,0.08404539430737495,0.08250271338224412,0.08303448904156685,0.07959998481273652,0.08013960622549057,0.07679997391700745,0.07473600813150406,0.07018604778051377,0.07341185516119003,0.0676472436785698,0.0658484411418438,0.07450203785896302,0.06951501107215881,0.06845689581632614,0.06474043617248536,0.06476887424588204,0.06254824569821357,0.06128735706806183,0.062052755177021024,0.07989087394475937,0.06310259149074554,0.05893854019641876,0.056015256589651105,0.05390273835062981],"train_accuracy_dist":[0.9915504858470638,0.9829605963791267,0.9871533442088092,0.9858480749219563,0.9818447412353923,0.9894736842105263],"train_accuracy":[0.09602510460251046,0.5572175732217574,0.7816248256624826,0.8378312412831241,0.8643654114365411,0.8985704323570433,0.9000348675034867,0.922489539748954,0.9340655509065551,0.9384588563458857,0.946373779637378,0.9480125523012553,0.9552649930264993,0.9543933054393305,0.9487796373779638,0.9588214783821478,0.9618549511854951,0.9647140864714087,0.9673988842398884,0.9679567642956765,0.9700139470013946,0.9670850767085076,0.9710599721059973,0.9690376569037656,0.9700139470013946,0.9747907949790795,0.9748953974895398,0.9764644351464435,0.9763249651324966,0.9768479776847978,0.9773361227336123,0.9764993026499302,0.978765690376569,0.9800557880055788,0.980020920502092,0.9793933054393306,0.9821478382147838,0.9819037656903765,0.979602510460251,0.9813110181311018,0.9809274755927475,0.9822175732217573,0.9826359832635984,0.9834030683403069,0.9834379358437936,0.983647140864714,0.9775801952580195,0.9829497907949791,0.9841004184100418,0.9850069735006973,0.9864714086471409],"train_loss_dist":[0.02829207743100592,0.05022474574490477,0.05018662347125579,0.048667261307588104,0.052259438859301933,0.03418733042949124],"train_loss":[2.3126022787107416,1.2808472019234463,0.7196820726932508,0.47752006636462285,0.39478293174106205,0.30258073026529997,0.2907311814339673,0.24349677064137812,0.20750153861846385,0.19538909070962726,0.17401208285128014,0.16596417005071248,0.1462484588358172,0.14922578268044082,0.15816996699482244,0.1306733161733178,0.12183008398782758,0.11384790897125188,0.10739873917994182,0.1041781527048686,0.0979143900691559,0.10453685713955299,0.09470538569762367,0.09884615828577985,0.09398847884749227,0.08192727688253133,0.07898249756934503,0.07555066495328476,0.0744845258976064,0.07330133760103766,0.07158030910194024,0.07140244793931394,0.06697966750098114,0.06576839792236915,0.06206687102185217,0.06422920996366092,0.0593642268958534,0.05777448285111282,0.06334885603720984,0.058937491465949635,0.05784298009550877,0.05459045224785389,0.05452749607259748,0.05194655148652765,0.05082292884407692,0.05045435723349857,0.065606157704954,0.05097304994287164,0.047763848852696134,0.04552677631263869,0.044020861871358695],"valid_accuracy_dist":[0.9856418918918919,0.9821124361158433,0.9771801140994295,0.9733777038269551,0.9849749582637729,0.984006734006734],"valid_accuracy":[0.09366613356333715,0.5658540431870285,0.7861327013335382,0.839954341153322,0.8679799114882081,0.8994854524211809,0.9014371523977579,0.9223499421192236,0.9365688630070089,0.9390795249275165,0.9460502946161342,0.9493956998408352,0.9562264721729105,0.9555291668983376,0.9463274038876611,0.9597119525056146,0.9626393359914861,0.9668205728769407,0.969191133727216,0.9666830141998083,0.969469958512239,0.9672394658346333,0.9700276670882413,0.9682149826016078,0.9686329481618723,0.9742100502723929,0.9746274406218217,0.9764396287620682,0.976161052531217,0.9760215095828348,0.9754644758987426,0.9761608522366231,0.9775550066475174,0.9782519812786077,0.979228433132537,0.9781127924954857,0.9795067691029741,0.9789492894262407,0.9781128746910841,0.978531197883056,0.9793671028293175,0.9802039214213086,0.9797857094097847,0.9806220098152774,0.9800644780511354,0.9799248998733513,0.9757422635969187,0.9796462464882355,0.9813190495856504,0.9815978104346094,0.9811802558139543],"mean_valid_accuracy":[0.09291413269779969,0.5663548496128142,0.7857775584622138,0.8397645577859153,0.8678544413205644,0.8993261750430316,0.9012609904171888,0.9223340867280546,0.9365233730391248,0.9390854386012556,0.9460784963284051,0.9494004664534906,0.9562591127051062,0.9555862056921369,0.9462417979332992,0.9597360392981699,0.9626806941065675,0.9668521465325978,0.9692193459056181,0.9667888043230436,0.9694923952953468,0.9672896697705854,0.970047465981331,0.9682458195744558,0.9685821165397887,0.9742535728948932,0.9746203707905393,0.9764247995750441,0.9761668125172903,0.9760017473175134,0.9754926651121587,0.9761621135327799,0.9775489050331153,0.9782443488434934,0.9792414756178017,0.9781171723909908,0.9795132241588286,0.9789723293911127,0.9781287304974718,0.9785497118379363,0.9793602051104981,0.9802081985386867,0.9797924525614592,0.9806338640797172,0.9800719029202677,0.9799184378899545,0.9757036549839299,0.9796453193536977,0.9813086733941866,0.9816006532256273,0.9812156397007712],"std_valid_accuracy":[0.08932167231678083,0.15877279351041002,0.09591109462201357,0.08039130503158774,0.07850538266536705,0.05908207919687267,0.06181868888506949,0.03778366416458248,0.029728073138421792,0.03239753953412023,0.02702702853754139,0.02700779639451353,0.02039752171335343,0.017916226276799067,0.030605041229463822,0.021559131106295985,0.0171148825600882,0.010054898374377114,0.011903236737064065,0.011249530345030415,0.012249386219131369,0.013002313098705854,0.01340096178920405,0.013965357367454396,0.017259934278215937,0.007054823246285055,0.009753107106748824,0.008917739024910543,0.008769121801433653,0.00918673035933921,0.008496891980103902,0.008159561226842683,0.0077660445805814585,0.006742218147080013,0.008003129753573502,0.007691803297139446,0.005837779739376956,0.005294001912221604,0.007755027930371089,0.006663687140344761,0.005860682282899986,0.005886673001652214,0.005622337690386607,0.004869424177320027,0.005588661427911651,0.005107660883407594,0.011520721719430872,0.006331024184327827,0.006388880064136193,0.00505080028237508,0.004472831716663237],"valid_loss_dist":[0.040809827428814525,0.050289471692435785,0.0764433022196835,0.09222237770747821,0.04957291826245084,0.05728843046182936],