{"test_accuracy":[0.0972,0.4086,0.5299,0.5827,0.6587,0.734,0.7941,0.7925,0.8374,0.8491,0.861,0.8698,0.8894,0.9019,0.9084,0.9003,0.9097,0.923,0.925,0.9248,0.9363,0.9338,0.9394,0.9427,0.9382,0.9391,0.9411,0.9393,0.9393,0.9462,0.9468,0.9486,0.9472,0.9544,0.9468,0.953,0.9546,0.9531,0.9532,0.9535,0.959,0.9558,0.9528,0.9536,0.9593,0.9617,0.9495,0.9589,0.9577,0.9648,0.9636],"test_loss":[2.3084521141052248,2.241518011856079,1.5227534692764282,1.174525661277771,0.9654178109169006,0.7569643411636352,0.5954410384178161,0.5708297534942627,0.48600322575569155,0.42812407913208006,0.40425510082244875,0.36489344058036804,0.32108778133392335,0.28719682111740114,0.26649848151206973,0.28568018202781675,0.26177934136390685,0.23330476365089417,0.22290729711055757,0.2241282215833664,0.193363796544075,0.20046375489234924,0.18158766436576843,0.1723893346786499,0.1806756490468979,0.18346710937023164,0.17546079487800598,0.17766139347553253,0.1725488963127136,0.1603446747779846,0.1574252325773239,0.15373917438983917,0.1554388985157013,0.13826873301267623,0.15726934168338777,0.14027497172355652,0.13659900863170624,0.1377495265007019,0.14145951912403107,0.13520057022571563,0.12077640156745911,0.13085586650371553,0.13666219239234925,0.14001393551826477,0.12059981837272644,0.11537333860397339,0.15231455492973328,0.12161318912506104,0.12407863471508027,0.10707981255054475,0.11032716962099075],"train_accuracy_dist":[0.9957752429235319,0.9928163955208114,0.9765708200212992,0.9520799347471451,0.9852237252861602],"train_accuracy":[0.11486741234133467,0.5784843533995224,0.725063885048804,0.7620124837669139,0.8095597168111935,0.8524988479745298,0.881236646977504,0.8651920740647647,0.905785262452348,0.9108960663566671,0.9195257844246156,0.9200284864479913,0.9356541410079176,0.9422311591470822,0.9457500733107117,0.9431108876879896,0.9484311507687152,0.9539608730258473,0.9537933056847221,0.9554689790959742,0.9618365380587324,0.9581500565539777,0.9633446441288593,0.9653973440576432,0.9637635624816723,0.9630095094466089,0.9655230195634871,0.9643081563403293,0.9664027481043944,0.9679527460098027,0.9688324745507101,0.9696703112563362,0.9694189602446484,0.9723932805496209,0.9700054459385866,0.9720162540320891,0.9741108457961544,0.9742365213019982,0.9729797662435591,0.9732730090905283,0.9773365171128147,0.9753676008545934,0.9730216580788404,0.9707176071383687,0.9768757069247204,0.9778392191361903,0.9691257173976792,0.9773365171128147,0.9770432742658456,0.9800175945708182,0.9803108374177872],"train_loss_dist":[0.015695935792758287,0.023926736224193213,0.06901202539539439,0.14067877595712466,0.04161335935391695],"train_loss":[2.3102785316781462,1.4585778395389812,0.8580826176203649,0.6636150430089383,0.5418046695315579,0.4287421648867703,0.34889345757710377,0.37471173152438025,0.2854359145550718,0.2604991302613933,0.24152342550970582,0.23014492990565258,0.19320626038413288,0.17511370722214592,0.1623702225597639,0.16780805642545352,0.15478995327320155,0.14027287111708178,0.1351346137258594,0.13388949278795914,0.11816862239655894,0.12543115569298496,0.1108766837534562,0.10497682644061707,0.10930850536176138,0.1099283122850638,0.10241263548324159,0.10304176406393722,0.09802456534893328,0.09497549331522544,0.09298633808042016,0.0900722511460624,0.08769978494010608,0.07986221816906529,0.08789548788137447,0.0801389653383618,0.07643918910783899,0.07679434675570532,0.08083902762509962,0.07749625247529446,0.06728353520951987,0.07239171289170332,0.07640178641419468,0.08601565844834708,0.06777400867004188,0.06413950619122873,0.09004618230649845,0.06539818904346661,0.06634552871463441,0.05876024564384264,0.05870730890254749],"valid_accuracy_dist":[0.9923986486486487,0.9907094594594594,0.9787052810902896,0.9421352893235534,0.9700499168053245],"valid_accuracy":[0.11035083100567578,0.5903566802461641,0.7353881049047755,0.7730674048559832,0.8110873613695194,0.8539617739828593,0.8837741832987136,0.86534800557053,0.9065522735815299,0.9140870559087622,0.9219594887197109,0.918105955289993,0.937032864141498,0.9422243165807286,0.9502629034260178,0.9457415425390698,0.9505983031044688,0.9547841845343197,0.9562914363978443,0.9561241365465734,0.9613159238394924,0.9579654783519411,0.962990330686725,0.9648326347690013,0.9619863981229153,0.9631578321142087,0.9641630077054139,0.9648331009573972,0.9636618441480324,0.9665075416777467,0.9653354396496234,0.9671776761477114,0.9670103653901293,0.9710293044289722,0.9658380630739407,0.9690196370462821,0.9705274492414151,0.9666761916896542,0.9681822574240149,0.9675129138784079,0.9727041160991757,0.9711967369841205,0.9693554212365968,0.9688512752107491,0.9728713749236653,0.9732061112236798,0.9660039398382176,0.9705268840602137,0.9711969115897549,0.975048248508608,0.9745459209138924],"mean_valid_accuracy":[0.10943092294761714,0.5913369763376659,0.736412234706612,0.7738496564119954,0.8119187035002209,0.8546521471721699,0.8844151429576547,0.865778254891984,0.9072182670652248,0.9145913440944934,0.9225122266998292,0.9185581067049424,0.9375717494602686,0.9427138218561595,0.9507129167007665,0.9462508364776276,0.9510734606984267,0.9551825198946589,0.9566721664926352,0.9565191076686247,0.9616883148990112,0.9582806608779737,0.9633265259135658,0.9651667104154494,0.9623814209674719,0.9634926329005259,0.9645248841736656,0.9651992389766242,0.964094360607124,0.9668447563305694,0.9656815219322402,0.9675166472984491,0.9673750798453884,0.9713340236150867,0.9661977065486308,0.9693390068658296,0.9708753209234089,0.9670851974009086,0.968498032574551,0.9678642088659182,0.973000578159257,0.9714961622018506,0.9697118041609585,0.9691020874270853,0.973157769787943,0.9734618104187721,0.9662609057853573,0.9708314653957647,0.9715046772363618,0.9752918244224233,0.9747997190654552],"std_valid_accuracy":[0.08599482892300918,0.14552211663442827,0.16378277075331807,0.15392309731239265,0.1287385947440326,0.09770292730664575,0.07268256368412972,0.08599441263432049,0.06265694468911469,0.05406888590226178,0.05128857999129384,0.05166943116579376,0.04528385984040999,0.04057049108432607,0.03737330679928296,0.04213880492162377,0.038363055827635786,0.03417187738985027,0.03212531283104745,0.03284294606934288,0.02928871196666649,0.028725685004415073,0.026795838298152762,0.02610065870011863,0.02914128219837681,0.026467999143763268,0.028040476221387486,0.0281749777572171,0.030575939179264284,0.02577716464410552,0.025863515859199927,0.024856875258193238,0.027157976064178874,0.022412109541805288,0.0264286182393798,0.02362596651031013,0.024869378957715287,0.02826340686705446,0.023348753166232316,0.024774627658211458,0.020975594369053812,0.022004130396430833,0.024855540108484443,0.02150129470805188,0.021012164515061795,0.01876193619953982,0.023874429571824403,0.022194661744935982,0.021953707415669002,0.01748698026575334,0.018262645856954154],"valid_loss_dist":[0.027178604936076177,0.02649378706071828,0.06530720334392187,0.18101604380011072,0.09102530973326545],"valid_loss":[2.3111925227843058,1.4111348640592893,0.8263961817985006,0.6405499507118566,0.5223622513634161,0.41794873176235275,0.34097613574542357,0.38405215441711094,0.28420245361009894,0.25982199420920166,0.24090246344097474,0.23564351755670837,0.19694920704049995,0.18042179577909437,0.16615714224462066,0.1718439080456046,0.16141429790463022,0.1474479229372196,0.14323926503343729,0.14208499672645697,0.12932648737743246,0.13642085309049268,0.12091834433498976,0.11640342237045141,0.1203779940673261,0.12168953644206448,0.11269820278896192,0.11375758316966866,0.10980450101159239,0.1075359436347078,0.10623072096425278,0.10387306471507962,0.10061898897580544,0.09366540149798476,0.1013537709206207,0.09530114967866975,0.09258668453257102,0.09596532360007608,0.0988527419646416,0.0948779877476601,0.0845269912424501,0.0889943651892142,0.09219032320497918,0.10330652627555457,0.08615864296255726,0.08198321406802195,0.10906933584636343,0.08373721316022292,0.08591478649424122,0.07934061972521071,0.07899774712787737],