{"test_accuracy":[0.0972,0.4984,0.6914,0.8256,0.8609,0.8907,0.9025,0.9131,0.9242,0.9354,0.9421,0.9283,0.9489,0.9463,0.9522,0.9508,0.9575,0.9575,0.9634,0.9624,0.963,0.9662,0.9647,0.9674,0.9693,0.9719,0.9678,0.9723,0.9708,0.9726,0.9735,0.9737,0.9716,0.9776,0.9766,0.9764,0.9766,0.9768,0.9786,0.9776,0.9796,0.9798,0.9793,0.9801,0.98,0.98,0.9807,0.9806,0.9795,0.9808,0.9802],"test_loss":[2.3084521141052248,1.6268061193466186,0.8332437404632569,0.5359776363372802,0.4237216218948364,0.3400130594730377,0.30374796299934387,0.2742640253543854,0.2374077006816864,0.2058188764810562,0.18864065866470336,0.2188730333328247,0.16435079818964005,0.1680741537332535,0.1522426692724228,0.14851001172065734,0.13281312272548676,0.1273667407155037,0.1196308136343956,0.11301024475097657,0.11212705165147781,0.10630258462429047,0.10605372551679611,0.09960768029689789,0.09653450021743774,0.09001014519929885,0.1015885405421257,0.08544832798242569,0.086873386490345,0.08572469546198845,0.0819567848443985,0.07857203475236893,0.08561589423418045,0.06958787361383438,0.07131618932485581,0.07188404544591903,0.07073859974741936,0.07095950650572777,0.06644674397110939,0.06882465012073517,0.06478165999650955,0.0627455893278122,0.06174775239825249,0.06149074580669403,0.061051800453662874,0.06065210499763489,0.05926562662124634,0.05903906072378159,0.06055014088153839,0.05869985748529434,0.06042358084321022],"train_accuracy_dist":[0.9862394742246868,0.9723219945066554,0.991988496302383,0.9916394779771615,0.9764828303850156,0.9849749582637729,0.9876186545604623],"train_accuracy":[0.1074311736700476,0.5758642103084247,0.7688440725079102,0.8545997575184079,0.8889611733743383,0.9145695951740249,0.9215483336783274,0.9295324836620634,0.9371322116095455,0.9445545140018334,0.9502321317680457,0.9388768962356211,0.9570334447171541,0.9562646006446461,0.9601383919330514,0.9614395126711417,0.9651950202560842,0.965697725995801,0.9680042582133247,0.9701333648756543,0.9706064996895053,0.9717893367241328,0.9720850459827898,0.9738001596829997,0.9743915782003134,0.9761066919005235,0.9719371913534612,0.9777035218972706,0.9779400893041961,0.9778809474524648,0.9785906496732413,0.9797734867078688,0.9760179791229263,0.9811337492976905,0.9809858946683621,0.9821391607771239,0.9820504479995269,0.9821095898512583,0.982996717627229,0.9823461572581837,0.9837064198480054,0.984031700032528,0.9842978383653193,0.9846822604015731,0.9847414022533045,0.9849779696602301,0.985746813732738,0.985658100955141,0.9852145370671556,0.9859833811396634,0.9845344057722447],"train_loss_dist":[0.04042629545799734,0.07671665648514389,0.03026371280262484,0.029028912559516278,0.06984515625995107,0.045487545729181005,0.03901455249580479],"train_loss":[2.3036004120556863,1.3435339356637683,0.6637448012726598,0.4558751665111493,0.34969877346983946,0.28176930216455964,0.2527989153420724,0.22912037198007096,0.19972501624212874,0.17950161114133686,0.16196166430874148,0.18454367318801335,0.14037971739071253,0.1414794087247817,0.12830910280668098,0.1242590111009976,0.11327228519812067,0.10957292882891333,0.10321856003101419,0.0966934161814555,0.09696436235339403,0.09123452565170556,0.09000737020813016,0.08456955559730836,0.08242238458613597,0.07752832036085243,0.08949305733014391,0.07284098728853626,0.07294939839018051,0.07199940779542033,0.06851963730733353,0.06586576902823973,0.07374728214113897,0.0612493496844591,0.06027626033042749,0.0593158352741027,0.05834198914624496,0.05802107728579517,0.0549843787255115,0.05582964497926523,0.052718763271820984,0.051273800800507224,0.05045935117600797,0.05014979593276451,0.04847719287715975,0.0476107443106298,0.046267005386216066,0.0459215529294966,0.04721268215082714,0.0454137026510145,0.04708471849076473],"valid_accuracy_dist":[0.9844006568144499,0.9755067567567568,0.9860312243221035,0.9812550937245313,0.9675540765391015,0.9816360601001669,0.9818481848184818],"valid_accuracy":[0.10212834926037487,0.5653877029662118,0.7663834335312706,0.849619293772875,0.8875664435474939,0.9119228425167578,0.9199604078759002,0.9262291355768074,0.9336780549213611,0.9402978309567834,0.9464450336605409,0.9340336988607747,0.9520016571853925,0.9522374038237776,0.9563757496953791,0.9567311561810402,0.9615774213128664,0.9622874719338151,0.9648869730105005,0.9687894199300944,0.9673709755649829,0.9699710184223426,0.9700899026691215,0.9719815027538615,0.9718629027236191,0.9731632622121648,0.9685526525582028,0.9750548145509691,0.9746997907014661,0.9748184098859861,0.9752910051219964,0.9773012148160075,0.9731632591417223,0.9775374639637477,0.9768280674178993,0.9782467537046019,0.9786016536118975,0.9783648943730143,0.978601453673379,0.9793104551377173,0.9796653432521296,0.9795469890289774,0.9799014948506932,0.9807292697126204,0.9803747626163696,0.9804930116367192,0.9807293911207571,0.9807293161944245,0.9812016519831251,0.9809655453538556,0.9797832125494613],"mean_valid_accuracy":[0.10217507238176061,0.5639023712654739,0.7649413147192295,0.8490324822329965,0.8870067206770585,0.9115378880412424,0.9196398915664162,0.9260062126723262,0.9334955516410942,0.9401658752844008,0.9463159627650194,0.933905072090125,0.9519168409337978,0.9521288593902326,0.9562683553243484,0.9566212895049274,0.9615064588148491,0.962195026012485,0.9648131827479487,0.9687263651407091,0.9672958529139241,0.969896911699302,0.9700269181614839,0.9719325973860062,0.9718195549532355,0.9731221341162876,0.9684933623668183,0.9750284708267319,0.9746411874141151,0.974767350838923,0.9752401947566405,0.977254712812657,0.9731214457516089,0.9775333597549191,0.9767989051160114,0.9781981140101161,0.9785516454520385,0.9783134015105086,0.9785584067407562,0.9792556962499628,0.9796282300056351,0.97950701692632,0.9798657053959499,0.98067980481762,0.980321307081047,0.9804543046936445,0.9806779191977331,0.9806811908988272,0.981145758505873,0.9809134901687457,0.9797474361536559],"std_valid_accuracy":[0.08786120477054106,0.1500454304433986,0.145688420705581,0.07656996656490352,0.05798372515738265,0.04433405710930014,0.03390394270037079,0.03366102917415597,0.03344947135501898,0.024784986847039128,0.021743143832272785,0.03393134615347926,0.01885843705933644,0.018663381607331008,0.01813859333238501,0.021298248137053454,0.014760988597631893,0.01799353523060163,0.012927620524703025,0.014098318913308856,0.015095455165045206,0.012622693804546843,0.014495105755243182,0.013736729585538999,0.012196230984964477,0.01213947504607358,0.01318623728439829,0.011166869251674962,0.011332258898182224,0.0112155510693114,0.011300475202968032,0.01123567693748286,0.012311555064673638,0.00884649457328196,0.010100363642462052,0.01035623711866849,0.010643032266725647,0.010606146311054299,0.009534800794927491,0.00951975938505304,0.008714045577389095,0.008281516093418834,0.007990165523041484,0.008370307807691485,0.009573232984104176,0.009009279098238336,0.00889507493430683,0.008709277047490398,0.008228076273183773,0.008386668476289386,0.005831600042823501],"valid_loss_dist":[0.04840032542231439,0.07224891294498702,0.04316791438098902,0.05045604477799706,0.11928669736409148,0.06552773297691286,0.05340993261155319],