{"test_accuracy":[0.0972,0.3997,0.5502,0.6854,0.7323,0.7542,0.8032,0.8147,0.8305,0.884,0.8933,0.8908,0.8997,0.8922,0.9214,0.92,0.9208,0.9381,0.9273,0.9333,0.932,0.9453,0.9448,0.948,0.9512,0.9123,0.9542,0.954,0.9587,0.959,0.9575,0.9608,0.9604,0.9594,0.9607,0.961,0.9613,0.9643,0.9623,0.9652,0.9649,0.9671,0.963,0.9668,0.9665,0.9652,0.9692,0.9682,0.9679,0.963,0.9659],"test_loss":[2.3084521141052248,2.0766685108184815,1.3642614128112793,0.9096441034317017,0.7754299518585205,0.6866331596374512,0.5584107809066773,0.5209691618442536,0.47238460988998415,0.3356649661064148,0.3082850029468536,0.3166909486532211,0.29502764954566957,0.31133707695007323,0.2262006056547165,0.22911907725334169,0.2317511471748352,0.18930115077495574,0.21344563660621643,0.19679485776424407,0.1981434693813324,0.16525289200544357,0.16341059484481812,0.15416272850036622,0.14736855759620668,0.2533328009605408,0.14157639224529267,0.14322845594882966,0.1263375159740448,0.126502241230011,0.1279254175424576,0.1181540415763855,0.11958826010227204,0.12351967077255249,0.11864745466709137,0.11942590606212616,0.11908705685138703,0.10646717929840088,0.11929770047664642,0.10292417989969253,0.10608338861465454,0.10060107746124268,0.11304937449693679,0.10085767302513123,0.10103449801206589,0.10783411855697632,0.09509880561828614,0.094642254281044,0.09605910977125168,0.11342894612550736,0.10260580323338508],"train_accuracy_dist":[0.989114807968782,0.9903451109285127,0.9853035143769968,0.9711578947368421,0.9686339248865043],"train_accuracy":[0.07691027135009156,0.5461544864324954,0.6703429332445481,0.780256367571167,0.8219160978857999,0.8398951223572498,0.8711919427334777,0.8786415848177127,0.8871316797070085,0.9178042284001998,0.9253787248210421,0.9238804727817547,0.9276261028799734,0.9244215082403863,0.9442733477609455,0.9451057100049942,0.9446895288829699,0.9564674546362577,0.950016647244881,0.9550940569335775,0.9537622773430997,0.9633344431496588,0.9626685533544198,0.9670800732478775,0.9677875811553188,0.939570501082071,0.9704511403362743,0.9692858331946063,0.9734060263026469,0.9731563176294323,0.9730314632928251,0.9755701681371733,0.9752372232395539,0.9745297153321125,0.9754869319127685,0.9759031130347927,0.9763609122690194,0.978441817879141,0.9764441484934243,0.9797735974696188,0.9797735974696188,0.9809805227234892,0.9779840186449142,0.9808140502746795,0.981146995172299,0.9781088729815216,0.9824787747627768,0.9825620109871817,0.9822290660895622,0.9784834359913435,0.9809389046112869],"train_loss_dist":[0.03575198780795,0.030177273955150227,0.043955731834260166,0.08782791541908917,0.08243741116898147],"train_loss":[2.308998666310521,1.5519513307275403,0.9480331985480539,0.6305715390181054,0.5150886836897539,0.45847065043524815,0.3696744436516289,0.35061392819765347,0.32552594080504105,0.2380762213175341,0.21672720830457787,0.21831129167606614,0.20565074499165018,0.21400014705061715,0.16235739490305978,0.15820803235337544,0.15896126621131326,0.13149472174504612,0.14537171373617902,0.13168155455340735,0.1343842354729159,0.1120804444432013,0.11165723523156991,0.10064800682803081,0.09748275029523085,0.17261781544950644,0.09118324213395981,0.09131483385311162,0.08064171764030631,0.08030331810117412,0.08126586281145787,0.0746058864867529,0.07484114721271069,0.07618364269360069,0.07382187377804103,0.07241066890024982,0.07078670258846197,0.06465798924085288,0.07066726230862574,0.06058608394969501,0.06158064114572041,0.05749284743562537,0.0647500757130636,0.05794943754431167,0.05716114509658492,0.06328478984321406,0.05358545712725727,0.05316757085545983,0.05338255018668706,0.06305957406405617,0.05593581871058719],"valid_accuracy_dist":[0.9786535303776683,0.9893179950698439,0.9744463373083475,0.9595959595959596,0.9628712871287128],"valid_accuracy":[0.07254476936960103,0.5421905937539322,0.6699977469039388,0.7731780595314199,0.8174420422804138,0.834915451042321,0.8687002871578257,0.8755217441494243,0.8813430333888765,0.9166268626524807,0.9257800403451805,0.9237827484424044,0.9286090218309714,0.92062046922993,0.9442525178551799,0.9455837370442992,0.9430868615195667,0.9578978445719116,0.9489120442536719,0.9539044785348247,0.9529057324208469,0.960560716985339,0.9582306779445561,0.9625580272106459,0.9627242900709695,0.9382632616146126,0.9683819777186923,0.9662185336621123,0.9688814549543829,0.9688814245022884,0.9667182826121412,0.9690479933187904,0.9687151192687422,0.9683823157458923,0.9693810088845717,0.9702128561358474,0.970212620012313,0.9713776738433091,0.9720433952289481,0.9735410216364145,0.9720432883275367,0.9750385466399977,0.9733741456326519,0.9723762652577324,0.9737074281832896,0.9735402208732179,0.9752052895951453,0.9755378925348556,0.9747059447152145,0.9703791631813934,0.9730416455209799],"mean_valid_accuracy":[0.07253364905365141,0.5393144333253614,0.6685753280458889,0.7725873709163605,0.8172658584517178,0.8347556983185178,0.8686600209074624,0.8754825732314524,0.8812890232771086,0.9165197568071207,0.9256477778176485,0.9236905514939137,0.928541470556316,0.9205299771772107,0.9441235304338427,0.9455154093094237,0.9430359926131244,0.9578449670199356,0.9488310219026468,0.9538531633211338,0.952782652942035,0.9604811632607595,0.9581863495276182,0.9625095042277172,0.9626813492975368,0.9381829820076387,0.9683259648847082,0.9661444249196046,0.9688453014055287,0.9688332928225012,0.9666587393206111,0.9690031532795299,0.9686716592675495,0.9683291567518835,0.9693232903628839,0.9701591673251609,0.97016063874335,0.9713353147610075,0.9719865446165112,0.9734928898253195,0.971999909128065,0.9750084863694568,0.9733006831760569,0.9723305081408574,0.9736512389935695,0.9734125375960023,0.9751768595079433,0.9755088472792808,0.9746741948555145,0.9703072157987421,0.9729770218961062],"std_valid_accuracy":[0.08682023715490571,0.23077736547350902,0.14581821417899557,0.08983926530950923,0.07712911180573728,0.07147096939449236,0.06271510331341079,0.05817716106561228,0.06129568174668433,0.037072265213623244,0.03451342064915118,0.034916297637503986,0.030788257125784552,0.03560506690856694,0.0242019592241403,0.025638969143226664,0.02558705858834481,0.017969009831419483,0.022922201999518235,0.022746156025554253,0.02217598527667608,0.01713051624198792,0.020946911839763827,0.01745406617171387,0.015906735257471487,0.02958399270282364,0.013992844529207432,0.016095099476145437,0.014079549292508077,0.013813160778051838,0.014147738977007003,0.011630790052446027,0.012086850386377317,0.013803558426569553,0.012210773318116,0.012127306481021708,0.013035618198517694,0.011613395522015546,0.011983155064065129,0.010797400827653344,0.011348981617155652,0.009639636214706763,0.01217864193406973,0.010298041911045287,0.010670446390873766,0.012311230991509148,0.009328377905050046,0.009878820211780739,0.009838469986253795,0.012550102725284664,0.010794329474830932],"valid_loss_dist":[0.04952683481456611,0.035844949904397655,0.073179779494946,0.1292377890962543,0.10436425682636771],"valid_loss":[2.3091244402722038,1.5598598278348035,0.9499373872308767,0.621734362963846,0.5140517908961076,0.45991806057225243,0.36796804544804734,0.35103931236365804,0.3311285734593012,0.2378175507756036,0.21714836619079955,0.22111496834342603,0.20833625849173237,0.22001605884631223,0.16642095069398088,0.1636107640627069,0.1663076700539111,0.13779473374505774,0.15328138006885217,0.1404807704607688,0.1446848077994982,0.12207830952196656,0.11958971269588284,0.11083790238479133,0.1089441532062013,0.1844587381501391,0.10239913856998772,0.10450581942661007,0.0929546498629117,0.09310445233557417,0.09558351673894591,0.08925587488018347,0.09015340834277309,0.0919377019604643,0.08943565736551709,0.08820133710227326,0.08737717513770911,0.08269843950355865,0.08807667503024268,0.0781021449497844,0.08024319322603121,0.07575259199619176,0.08270265334023529,0.07712926279644304,0.07700342675812873,0.08543599390022348,0.07343947722632817,0.07327225990379144,0.07368641299664307,0.08506381217898859,0.07819407051620142],