{"test_accuracy":[0.0972,0.3703,0.6648,0.7307,0.7616,0.786,0.7931,0.8239,0.8425,0.8472,0.8465,0.8748,0.8769,0.889,0.8978,0.9035,0.9035,0.9062,0.9107,0.9061,0.9184,0.9103,0.9342,0.9245,0.9324,0.9309,0.941,0.9438,0.9359,0.919,0.9423,0.9413,0.9502,0.9484,0.9463,0.9444,0.9489,0.9517,0.956,0.954,0.9559,0.955,0.9344,0.9538,0.956,0.9577,0.9491,0.9593,0.9582,0.9597,0.9596],"test_loss":[2.3084521141052248,1.955410297012329,1.137428289604187,0.863652408027649,0.7561949164390563,0.6410050252914429,0.6020089400291443,0.49492254400253294,0.40893653755187986,0.39644562287330626,0.41443608713150026,0.3149834503173828,0.3074017346858978,0.28141721277236936,0.2585179134607315,0.2450015688896179,0.24042962112426758,0.2365116735458374,0.22566517057418822,0.24674117612838745,0.2117366525888443,0.22743414721488953,0.18394033920764924,0.19698382618427276,0.18318634104728698,0.18660307524204253,0.16697022082805635,0.15957180802822113,0.1762784503698349,0.2108714358329773,0.15867283518314362,0.15920114598274232,0.14220262286663055,0.1461565578341484,0.14455266432762146,0.15089764263629912,0.14216130411624908,0.13696549983024597,0.12407248872518539,0.1277537558555603,0.12602578117847443,0.12834191246032714,0.17887968938350676,0.1300254024028778,0.12487241222858429,0.11720541291236877,0.14261080408096313,0.11726258080005646,0.11643456225395203,0.11242820283174515,0.11355350036621094],"train_accuracy_dist":[0.9457118715673849,0.9747381392483057,0.9807732938939362,0.9870074547390841,0.9876878130217028,0.9915394139496492],"train_accuracy":[0.06568070040810632,0.4762286790610067,0.7829711535107607,0.8287697512993129,0.8526980362063553,0.8725103770623321,0.8747427534968084,0.9014266280651575,0.9119606543653423,0.9156580278349437,0.9175764763333217,0.9284593114513935,0.933028706965712,0.9368307230806795,0.9435278523841083,0.9455160626460637,0.9464578464543584,0.9478879626076947,0.9516550978408734,0.9476089155533852,0.953852593393561,0.9516899787226621,0.9591544874254421,0.9560500889462485,0.9601660329973142,0.95894520213471,0.9632704314765077,0.9667236387735882,0.9623984094317904,0.9565035404095016,0.9665492343646448,0.9668980431825317,0.9711535107607521,0.9698629181345705,0.9703861313614008,0.9695838710802609,0.9710837489971746,0.9724789842687224,0.9746415989396212,0.9740137430674247,0.9750601695210855,0.9743974327671003,0.9619100770867488,0.9742230283581569,0.9754089783389724,0.9766298092015766,0.9724441033869337,0.9774320694827165,0.9775367121280826,0.9784087341727999,0.9779552827095469],"train_loss_dist":[0.13298952318554846,0.08288890505307116,0.056136210410275826,0.03830712874230549,0.03749745610933471,0.029779612370760933],"train_loss":[2.3129783572855906,1.5035276082933475,0.7207765890095463,0.5387872134074904,0.4586202714907586,0.38523469783199144,0.3710104613147959,0.292773747437188,0.25319854576618694,0.24316540019952274,0.23935985392883236,0.20262476241201055,0.19101188967203944,0.17858617223097284,0.16078162159461595,0.15858851716370914,0.15248294906267304,0.14747611943703443,0.1386270601116699,0.15289872342634803,0.13105687130623445,0.13356902359078246,0.1185571594998844,0.12167697263520132,0.11324331268975876,0.114491829604109,0.10565385702048743,0.09655863588306889,0.10995046066196867,0.1215003587090103,0.09587643655438223,0.09602641799521315,0.08544438038183882,0.08894751064108758,0.08568865992044387,0.08875804347106928,0.08457824293907484,0.08172486011904218,0.07653093436443313,0.07583468269017894,0.07460553651300895,0.07401431187979012,0.106751023915727,0.07411011308574561,0.07125932339774689,0.06730952441273681,0.07778381066653271,0.0661533374834159,0.06487926675503189,0.06231892969701116,0.0628798683597401],"valid_accuracy_dist":[0.9577702702702703,0.9638752052545156,0.9805743243243243,0.9872231686541738,0.986644407345576,0.9876237623762376],"valid_accuracy":[0.06037667647968165,0.47296124653589167,0.7908093015049122,0.8371118194189238,0.8605421720923586,0.8782510741530732,0.8797846428344829,0.9064214563880074,0.9175785831712665,0.9182760439358267,0.9195303896779379,0.9330584035542464,0.9373814414675468,0.9426810499433984,0.9496540665185543,0.9493752502452419,0.949514660363924,0.9530011673136154,0.9557904628858226,0.951326617294034,0.9581612019643446,0.9570455219806014,0.9631820775709988,0.9608112258971689,0.9637398378049317,0.9636003137758995,0.9661106030172268,0.9700156006327387,0.9668070499439477,0.9595557848415625,0.9693182487981522,0.9695980079380883,0.9728049561247636,0.9701551962788318,0.9729443241419025,0.9715498910501991,0.9723867654591536,0.9733632858215496,0.9753154984320057,0.9747573299882764,0.974896764279844,0.975175786557232,0.9648528554096661,0.9748967741482868,0.9762915069885721,0.9764308895057792,0.9735023503253362,0.9771282387754424,0.9769886134735201,0.9782438258577972,0.9772677330976776],"mean_valid_accuracy":[0.06012079824055535,0.47289248647175847,0.7909877761440248,0.8370546456602694,0.8604074513514425,0.8781240691027449,0.8795159167520047,0.9063078048040766,0.9174676409215485,0.9181251160224014,0.9193243496353108,0.9329514383112882,0.9372981680008587,0.942622954392113,0.9496323865971289,0.9493468241858097,0.9494821291614411,0.9529804440377901,0.9557972785381145,0.9513168184213107,0.9581602159951541,0.9570228404612616,0.9632170046757272,0.9607865902549618,0.96373874191401,0.9636036642200733,0.9661031727356441,0.9700243151100195,0.9668284156570381,0.9595256140862672,0.9693116643494569,0.9695798551126159,0.9728327940554177,0.9701880601513189,0.9729305341146123,0.9715639293270795,0.9724096849451326,0.9733824072228997,0.9753512895125195,0.9747729125958365,0.9749148017512278,0.9751863834477614,0.9649159102721372,0.9748941490362498,0.976304882155481,0.9764342676336243,0.9735087303345136,0.9771469985451656,0.9769739099528089,0.9782416685305305,0.9772851897041829],"std_valid_accuracy":[0.08115223999683722,0.10791968083862839,0.10838418757390571,0.08580721049454482,0.08272619957860745,0.0721440059664839,0.0752914003983632,0.0638508738802949,0.058136564527445124,0.058627272615613304,0.06473313676833922,0.04390794594854594,0.04506940829678613,0.03798246076869081,0.03635839069267647,0.02991589551895238,0.0314159157048162,0.030775685006790954,0.02917930076999734,0.029784951310563194,0.026345630191257928,0.028954924938609797,0.018890063887977617,0.025193606166554198,0.02109017997604374,0.02127676040494169,0.01857142884646545,0.018543820853735068,0.019155951512970344,0.025242576933392727,0.01817554408996833,0.01813619799012029,0.015412291347550908,0.01620754373045955,0.015140495062632504,0.016253441219699096,0.01605587539901553,0.015031523777991369,0.012454656101191064,0.012975514716150825,0.01214644314913957,0.012802724130372353,0.018637873024168264,0.014063219376133243,0.012601748461724864,0.012559876140054698,0.015413544345390513,0.011632316973567236,0.012525246188453333,0.012365704906269799,0.012005017252289519],"valid_loss_dist":[0.11398240944018236,0.09721208205951258,0.05974015170657957,0.04535504066888275,0.0484221837357408,0.041648621345092555],