{"test_accuracy":[0.0972,0.3108,0.6697,0.7434,0.7323,0.7718,0.7778,0.8023,0.7851,0.8346,0.8508,0.8558,0.8623,0.8879,0.9007,0.8596,0.8977,0.8994,0.9242,0.9109,0.9085,0.9175,0.9199,0.9279,0.9233,0.9323,0.9322,0.8733,0.9267,0.9346,0.9367,0.9386,0.9407,0.9565,0.9462,0.9361,0.9374,0.9451,0.9408,0.9449,0.9494,0.9506,0.9497,0.9541,0.9444,0.95,0.9573,0.9517,0.9459,0.9537,0.9511],"test_loss":[2.3084521141052248,2.008230532836914,1.3629519855499268,0.9853760679244995,0.9108155952453614,0.709037786102295,0.6693298558235169,0.5666979987621308,0.5860277159690856,0.46903256149291994,0.416496741104126,0.3858626232624054,0.3753047824382782,0.3070441623210907,0.27737389454841616,0.3802208218574524,0.27715405735969545,0.27242215909957884,0.21571590731143953,0.2394575018644333,0.2518698110818863,0.22891789684295655,0.22121832666397095,0.20380938255786896,0.21187822225093841,0.19305022554397583,0.19136453025341035,0.38348583202362063,0.20835403513908385,0.18676467571258545,0.18092934613227843,0.174603972363472,0.1706720041036606,0.12576916301250457,0.1537649085521698,0.1805532722234726,0.17745315952301025,0.15913002132177353,0.17088113045692443,0.15966649594306945,0.1490593115568161,0.14303458476066588,0.14679502022266389,0.13393699226379394,0.16042239503860473,0.14512716183662414,0.12502624950408936,0.1419190625190735,0.15804105265140533,0.13442813634872436,0.14355359880924226],"train_accuracy_dist":[0.9890156316011829,0.9931842385516507,0.9525494276795006,0.962228714524207,0.9929839042509286],"train_accuracy":[0.04046581769436997,0.40013404825737264,0.7980479222520107,0.8533009383378016,0.8447553619302949,0.8746648793565683,0.8807808310991957,0.8922168230563002,0.8707272117962467,0.9150050268096515,0.9221263404825737,0.9257707774798928,0.9296665549597856,0.9391756032171582,0.9445375335120644,0.9248073056300268,0.9462969168900804,0.9478049597855228,0.957774798927614,0.9545911528150134,0.9530412198391421,0.9572721179624665,0.960455764075067,0.9625921581769437,0.9625921581769437,0.9648123324396782,0.9659014745308311,0.931928619302949,0.9638488605898123,0.9669906166219839,0.9695459115281502,0.9708026139410187,0.9709282841823056,0.9735254691689008,0.9738605898123325,0.9690851206434317,0.9706769436997319,0.9731065683646113,0.9715566353887399,0.9737768096514745,0.9753686327077749,0.9765834450402144,0.9750754021447721,0.9776725871313673,0.9746983914209115,0.9768766756032171,0.9781752680965148,0.9775050268096515,0.9745308310991957,0.9775888069705094,0.977923927613941],"train_loss_dist":[0.03427420699135583,0.022222727866440663,0.13568022141347444,0.11494065547526779,0.021304044203722818],"train_loss":[2.3190536345917003,1.5011742239138837,0.7769729643036429,0.5553547788390155,0.5057464906297894,0.3899542651371406,0.3640712625815236,0.32068342103338215,0.3609790843162416,0.25276623087674227,0.22871001377850322,0.2154301282133278,0.20447630595276006,0.17850218585788474,0.16308130493797063,0.20819731998530744,0.1558075887238452,0.15111275389993403,0.12544557673188086,0.1329726052455524,0.138723923577384,0.12564806955717953,0.11867594879667397,0.1128206517579828,0.11167710994953295,0.10568100782941488,0.10335855249795518,0.2086104862727462,0.1081229430861645,0.09827737256220727,0.09306783700969205,0.0892354679606348,0.08772176287221864,0.0806448889414695,0.07864661073067472,0.08954975152119492,0.08660839056406087,0.07844114956131078,0.0854553318709346,0.07861365383208777,0.07293039876605627,0.07054107817640183,0.07257432113181557,0.06697437250757297,0.07488342250758799,0.06892485795673682,0.06545690146511128,0.06769022439377402,0.07306898885519146,0.06523415735891855,0.06587501199608269],"valid_accuracy_dist":[0.9881756756756757,0.9906303236797275,0.9384359400998337,0.9599332220367279,0.9892739273927392],"valid_accuracy":[0.03751095468391973,0.39263941293410715,0.8045318652118585,0.8564505486889628,0.8519328298550514,0.877224825640117,0.8815801993956062,0.8892867979224959,0.871368187157472,0.9140736425455975,0.9207743836389365,0.923956818302006,0.9293157445720345,0.939870228093485,0.946401632101695,0.9252969155129682,0.9465687325190176,0.9477404654209006,0.9576229973664137,0.9541057969838028,0.9519284588297775,0.9567857137894796,0.9592973716873817,0.9606377505689822,0.9618092446236417,0.9633182290724568,0.9641548064253114,0.9274778758590614,0.9616442222377565,0.9661659826270105,0.9659978974036308,0.9666676848051967,0.9673374373840863,0.968175682289327,0.9708548054319965,0.9659972353657951,0.9671693864635756,0.9701848453859336,0.9686777161067237,0.9695153693092251,0.972530025102475,0.9725300594053441,0.9701852968527025,0.9728652136583795,0.9711897467264705,0.9728648294263349,0.9745397704245824,0.9743725224752386,0.9681749292119962,0.9718602742333318,0.9732003670681084],"mean_valid_accuracy":[0.03730680998608567,0.3928102457013868,0.8048881395356116,0.8567914845045994,0.8521914236295259,0.8775257602374911,0.881907258551523,0.8895355453810382,0.8716944930130275,0.914343999599039,0.9210044719673004,0.92415245697168,0.9295002079837689,0.9400322030088493,0.946511434322795,0.9255144804702203,0.9467002087602723,0.947867357045315,0.9577218827864442,0.9542303154820742,0.9520520561322711,0.9569000999065945,0.9594150443819706,0.9607431564211921,0.9619018484415159,0.9634138852571292,0.9642535458207622,0.9277180097265931,0.9617731263324494,0.966258824833368,0.9660970845442947,0.9667660547917183,0.9674315462131171,0.9681871616529296,0.9709368520921526,0.9660895006875532,0.9672682555045491,0.9702663471392874,0.9687514754307655,0.9696085693440093,0.9726088260771272,0.9726072756576325,0.9702754539935583,0.9729452384180787,0.9712860851776887,0.9729440023812728,0.9746074109825825,0.9744523327140288,0.9682519475727285,0.9719389356210419,0.9732898177769409],"std_valid_accuracy":[0.06913663843498952,0.10183290460507098,0.12302263909238456,0.09612894236674487,0.10468354254860276,0.09535324520327951,0.09237732811911306,0.08547959163915635,0.0963537426790948,0.06915683565336965,0.06348865278464777,0.05862625612362413,0.054060602073389474,0.047190970513797684,0.03782022610102203,0.05972362866416722,0.038385994535185625,0.03615109733136097,0.028725722694038697,0.03414865644179861,0.03553242205343812,0.03210639267453896,0.030004860565762074,0.02783642426161055,0.02673677740191843,0.025730664543788,0.025274563653295463,0.059830509404083417,0.03198754989316508,0.025407353194622985,0.02578662777753912,0.024968334319075705,0.023464550392161602,0.015267081457602083,0.020357716422400602,0.02531033518286446,0.023488807738772956,0.02156647643395105,0.022713866405769882,0.022035071194172393,0.02091196211891724,0.01998122391390509,0.02006293018208366,0.018057130438969334,0.022241860905514284,0.019981982785075292,0.0162021657565018,0.019971702266420626,0.022187636577763778,0.019686379500701148,0.02083729881464479],"valid_loss_dist":[0.04602308072955222,0.03618958685071139,0.2077478453541754,0.12582322746167,0.032935491864486494],"valid_loss":[2.318940762544932,1.491386559383208,0.7656910180349059,0.5497247174973905,0.5029765650594266,0.38787750065228704,0.36173857417791416,0.3215868904305163,0.36468226171452356,0.25164268969318954,0.22896383643669665,0.2179781280574881,0.2068998795189479,0.1838829210269539,0.16929433454321674,0.21400984387174984,0.1627276407147119,0.1585557491800457,0.13359434932863512,0.14129732282483826,0.1484561889879139,0.13559225297325647,0.12927243265878588,0.12378767901908917,0.12369053703360397,0.11956064265266672,0.11709287537070813,0.2223002491397445,0.12147248048903087,0.11326212251615775,0.10800283271971642,0.10530316833808606,0.10464622668124753,0.10215070515431222,0.09578986090139358,0.10894593497515681,0.10621725945149664,0.0972821265109007,0.10659976148861083,0.09939507200507552,0.09322538906702106,0.09141183476309075,0.09424997177127258,0.08661420311689551,0.09675914659447303,0.09156089679277292,0.08574081651594702,0.08973567706056221,0.09787065120650786,0.08989220863452496,0.09000343795811942],