{"test_accuracy":[0.0972,0.2857,0.7212,0.7863,0.8236,0.8487,0.8501,0.8709,0.8479,0.882,0.8934,0.8906,0.9076,0.9097,0.9256,0.9262,0.9406,0.9357,0.9413,0.9342,0.9397,0.9501,0.8994,0.9498,0.9528,0.9496,0.9477,0.9568,0.9549,0.9631,0.9642,0.9635,0.9614,0.9641,0.962,0.956,0.9627,0.957,0.9685,0.9644,0.9717,0.9669,0.9641,0.9706,0.9697,0.9723,0.9717,0.9712,0.975,0.975,0.9727],"test_loss":[2.3084521141052248,2.0723550598144533,1.0297916023254394,0.8460779043197632,0.6368183124542236,0.5347766932487488,0.5058750870704651,0.38275805406570435,0.49006752190589903,0.35351641054153443,0.30687174520492555,0.30755616130828856,0.26255633435249326,0.25315077743530273,0.20995656163692475,0.20916067686080933,0.17033729045391083,0.18028621697425842,0.16772837145328523,0.18693723430633544,0.16783273057937623,0.1420757465839386,0.3032368761539459,0.1443607365846634,0.13420124152898788,0.1456523590326309,0.15217499647140503,0.12536287941932678,0.12967901026010514,0.1074141682624817,0.1071662738084793,0.10947546011209489,0.11405745141506195,0.10696195521354675,0.11053415217399597,0.12598280993700028,0.10796733942031861,0.1292613219976425,0.09414608776569366,0.10285355685949325,0.08361404498815536,0.09519473670721054,0.1046771849989891,0.0856874528169632,0.0879939773440361,0.08280799605846405,0.08208001807928085,0.08289506558179856,0.07205851737260818,0.0738362686097622,0.08066395006179809],"train_accuracy_dist":[0.9895255699322243,0.9631522896698615,0.9891924959216966,0.9906347554630593,0.9896842105263158],"train_accuracy":[0.15064729634100654,0.37360029971277525,0.7861216334346252,0.8394039045914332,0.8750780502018899,0.899304832868501,0.9009699038421513,0.9162469300253924,0.8958498105981767,0.9246971652166673,0.9330225200849186,0.9306914207218082,0.9430129459268202,0.9424717978603838,0.9523373433792616,0.9527119843483328,0.9570411688798235,0.958414852433085,0.9612454730882903,0.957124422428506,0.9602880572784415,0.9672813553677726,0.9311909420139033,0.9671148482704075,0.9697373350539067,0.9592057611455689,0.9658244182658285,0.972401448611747,0.9709028847354618,0.9756067102360239,0.9762311118511426,0.9767306331432377,0.975481829913,0.9764808724971902,0.9758980976564126,0.9721100611913582,0.9770220205636265,0.9712775257045332,0.9802272821879032,0.9786870915372767,0.9823918744536486,0.9804770428339508,0.9786870915372767,0.9827248886483786,0.9823918744536486,0.983599050909545,0.9842234525246638,0.9833076634891562,0.9852641218831952,0.9854306289805603,0.9845564667193939],"train_loss_dist":[0.03536798363074455,0.10686417774587902,0.041687563298722856,0.035357809963788255,0.031018597754208666],"train_loss":[2.3006634163389057,1.6804883508555613,0.7429466914590718,0.5689730488199013,0.42931001659798906,0.35614086064734396,0.330722266472034,0.26027006248495776,0.3271889025234181,0.23249768828966583,0.2058484046213465,0.20982493141226657,0.17761136006131406,0.1742689600579944,0.14688227271526794,0.1466931900777041,0.13031885343084415,0.12784478178607808,0.11862749815485274,0.12942959403988474,0.1213175307794787,0.10318331111611581,0.21092924409268107,0.10239914059701005,0.09507714578251415,0.11978425174028566,0.10463587137878361,0.08785597909557796,0.08969272131029972,0.0779684328881982,0.07506760762753904,0.07540755006267393,0.07739342521380332,0.07414302470118549,0.07406366899865745,0.08467320192324422,0.07208946631917477,0.08666614310182695,0.06352270279670964,0.06762394959446105,0.05597499056723857,0.06137193096827613,0.0680936680853842,0.055451753694386235,0.056074388539368566,0.05256754291443778,0.05161739640475667,0.052600126632876984,0.047169455274097806,0.0461250338485518,0.049769073531217074],"valid_accuracy_dist":[0.9844006568144499,0.9540034071550255,0.9755501222493888,0.9767054908485857,0.9823232323232324],"valid_accuracy":[0.14593636514446914,0.3672622615959371,0.7768194543779915,0.8319070698743977,0.8683533921673279,0.8919839323093414,0.8938152723029482,0.9079633521095997,0.8893225094910068,0.9147867582611523,0.9231089876700733,0.9204486842329994,0.934259246763185,0.9320974385184544,0.9430806587904975,0.9440799497776738,0.9477431437462407,0.9514029844323888,0.9552304422869611,0.9494050840117036,0.951569751823504,0.9585593764274529,0.9234415314236118,0.9592248874665673,0.9602235487893365,0.9517390982345063,0.9578933390133864,0.9630523815544251,0.9632189581757252,0.9662149002058757,0.9682122915185869,0.9682121913563421,0.9660486697797989,0.9670475631551888,0.9673798032698483,0.9642176124263966,0.9685447322059405,0.9645506841453834,0.9717074172861507,0.9708744579432157,0.9737042364527864,0.9705418490490579,0.9692106843084694,0.9735378656994572,0.9725394706551619,0.9738707094577119,0.9743698540860369,0.9743697850080458,0.9767003574441327,0.9767001519681638,0.9747032356989639],"mean_valid_accuracy":[0.14513161468279165,0.36604405478582347,0.7756947840736784,0.8310277162531386,0.8675339048957083,0.8911196419279237,0.893016084919544,0.9073438329188729,0.888590457798425,0.9141989088066879,0.9226289824702327,0.9201460083174468,0.9338123487399438,0.9317497295822236,0.9427220135342115,0.9437876882447263,0.9475765123640265,0.9511623044616474,0.9549846968045401,0.9490973644848977,0.9513515720555963,0.958351397145656,0.9229998467835279,0.9590124913464448,0.9600159138512641,0.9517252950582211,0.9576719311499569,0.9628302973913401,0.9630022128828785,0.9660369052043075,0.9680602801826353,0.9680559105104158,0.9658819730161323,0.9669079109618991,0.9671963133450869,0.9640142848107882,0.9683597011801821,0.9643871470999137,0.971583473450751,0.9706861140484522,0.973566050532396,0.9703701446861206,0.9690501816868273,0.9734038077371849,0.972413056311882,0.9737342225450714,0.9742287960047633,0.9742240712147738,0.9766072023461703,0.9765893193574737,0.9745965818781365],"std_valid_accuracy":[0.07018575733418256,0.16335802360824844,0.09917209447712846,0.0808545865547546,0.07300407623852374,0.07041070464740971,0.06955583825095057,0.05935096718549106,0.07213888223628281,0.05625520140222125,0.0471211980720301,0.039565836095938584,0.041658133680518905,0.036281504742342895,0.03365108170290547,0.029871352412771484,0.017896472013785324,0.024008615820421495,0.024900994426533297,0.030709758613528048,0.0242105164393394,0.021114681590293862,0.048164495944856646,0.02222716990166965,0.020698668296552664,0.008340637974952924,0.024802681079707813,0.02184832752741124,0.021416270478679434,0.01836703780730836,0.01613706380373222,0.015911030065587688,0.017228791025482883,0.015875062741750295,0.0183399320347074,0.021016400909776693,0.017895785619252248,0.01986390652239364,0.014211749798176868,0.016976521681563023,0.013425497359041671,0.017080657852525508,0.016665697291818805,0.013398659301578455,0.014033498118709695,0.013166029166694933,0.013240489874499625,0.013652695671183079,0.008996998411900778,0.01129439583488763,0.010819025777946687],"valid_loss_dist":[0.045452036385612536,0.12699588733444425,0.07876803713813485,0.080803833976264,0.060074467588253695],"valid_loss":[2.3004958516317124,1.689909803380464,0.7512990359755608,0.5781179488141571,0.4414362062425676,0.37098744466721556,0.3451520800049511,0.2769455758024084,0.3413767208167504,0.25013870384710024,0.22463542851849694,0.22984406448746358,0.19374421311540585,0.19715970575020353,0.16558556927629614,0.16617172324502816,0.15292146815815788,0.1449285463953349,0.13644637206790705,0.14834601474935935,0.14171834614415083,0.12155995249797727,0.23180436161427312,0.12025479128697725,0.1149694996101975,0.1432112331878697,0.12388360437049048,0.10775833563821856,0.11040475290053613,0.09889224133091928,0.09465330571245507,0.09571703398174665,0.09910268305667211,0.09571303781291367,0.09584474332297517,0.10994603068273416,0.095715315547683,0.10828085695219472,0.08555857563628547,0.09203294496453765,0.07920401039357715,0.08592065070795099,0.09241557686503134,0.07956922582586437,0.08115077895825648,0.07703924921686274,0.07648941103457267,0.0792351430285474,0.07183290941823803,0.07170622495909312,0.07815203153737377],