{"test_accuracy":[0.0972,0.4242,0.5821,0.7287,0.7811,0.8236,0.8384,0.8643,0.8629,0.8852,0.7655,0.8988,0.9124,0.912,0.9183,0.9211,0.931,0.9321,0.9451,0.9422,0.9399,0.9454,0.9459,0.9426,0.8881,0.8978,0.9557,0.9564,0.9486,0.9535,0.9577,0.9544,0.9551,0.9602,0.9564,0.922,0.9704,0.9571,0.9614,0.9648,0.966,0.9649,0.9677,0.9619,0.9653,0.9662,0.9701,0.9647,0.9639,0.9685,0.9659],"test_loss":[2.3084521141052248,1.6853765460968018,1.3139288354873657,0.8430780363082886,0.6779985978126526,0.5280833391189576,0.5022634248733521,0.40192867727279663,0.3979252385139465,0.32734590201377867,0.6759753463745117,0.2887938579559326,0.2518520864009857,0.24856807556152344,0.23226259632110596,0.22027781307697297,0.21520336933135986,0.19974401476383208,0.16465691573619842,0.16935666959285736,0.17702900848388672,0.16064876568317413,0.15835931468009948,0.16709834847450256,0.3319199939727783,0.2778797837495804,0.1370150485277176,0.13654617083072662,0.1509581908941269,0.14112191500663757,0.13181514214277268,0.1335861315727234,0.13420557355880738,0.12405025792121888,0.1282479842185974,0.22186699247360228,0.09600024418830871,0.12976628952026367,0.11988432943820954,0.11045634690523147,0.10659466364383698,0.10931101467609405,0.10199425964355469,0.11761171045303345,0.10864679064750671,0.1049629947423935,0.09664069290161133,0.10557924673557281,0.11014584916830063,0.09688291110992432,0.10473495421409607],"train_accuracy_dist":[0.9828861187407564,0.9566557107641742,0.9916932907348243,0.986888657648283],"train_accuracy":[0.09732474739542432,0.527982828124182,0.6874509188000628,0.8106905397623161,0.849641380032459,0.8785927438354013,0.8874928014240092,0.9066017485995498,0.905868802680488,0.9233547981781058,0.8123134914402387,0.9323595623265798,0.9403696141563269,0.9390084288780692,0.944086697031569,0.9474373069472802,0.9434061043924402,0.9553426522171614,0.9627244646877127,0.9600020941311973,0.9577509030940788,0.9639809434061044,0.9646091827653003,0.9629862310873776,0.9017852468457149,0.9319930893670488,0.970001570598398,0.9694256845191351,0.9665986074027538,0.9679074394010785,0.9712056960368567,0.97021098371813,0.9705251033977279,0.9736139469137741,0.9726192345950474,0.9482749594262081,0.9787445683472069,0.9718862886759856,0.9747657190722999,0.9763886707502225,0.9769645568294854,0.9773833830689492,0.9780116224281451,0.9755510182712946,0.9769122035495523,0.978639861787341,0.9801057536254646,0.9787445683472069,0.9780639757080781,0.9804198733050625,0.9793728077064028],"train_loss_dist":[0.04849680995786263,0.11824691547853788,0.02469343201220591,0.038094113758618826],"train_loss":[2.3104764959474027,1.3829038448061883,0.9379269379179838,0.5696212726312497,0.45694916808825503,0.3637705883899101,0.34458351567520984,0.286438947259634,0.27631494940313317,0.22859420078420856,0.5425713123557367,0.20324637432194126,0.17800087674896004,0.17970469911688036,0.1631804595086902,0.15610691618969458,0.1732601004140576,0.13700281995130245,0.11729791813122559,0.12267965516569408,0.1242474013617991,0.11133509869370577,0.10801804901919972,0.10975839514600301,0.28618716310482895,0.1830606892200613,0.09161901793157774,0.09384785667564986,0.09814991848121532,0.09582295850512994,0.08708010547646715,0.087746445874189,0.08741777558221966,0.07921143135598184,0.07919845591652681,0.14393970688232471,0.06359822100477845,0.08137885994655719,0.07198975496633793,0.0682261800958565,0.0658184840379437,0.06587804773563329,0.06346928280844101,0.0689219808039503,0.06501303115168924,0.06135705044555197,0.05688517946533636,0.06031150150616817,0.0613295082633804,0.05540322379611012,0.05780531207725022],"valid_accuracy_dist":[0.9797297297297297,0.9572719802793755,0.9880749574105622,0.9667221297836939],"valid_accuracy":[0.08894514632449933,0.529821871858685,0.6870349493525543,0.812624035582694,0.8551248067952623,0.8794108599089966,0.8859032742239585,0.9039062147585213,0.9045352687638295,0.925050648629608,0.8067833190273251,0.9327972476729098,0.9417991627678657,0.9407550342806804,0.9453591886463302,0.9482905774832839,0.9455754036956993,0.95457029615117,0.961479694614299,0.957922876837135,0.9562470443880937,0.9602242711516381,0.961061529647826,0.9585487929208908,0.9024628080218614,0.9284034963324634,0.9644108278064469,0.9665047402803858,0.9618987870141,0.9639932806489437,0.9667141068197149,0.9650402045199276,0.9648296480865081,0.9692265384784203,0.9675506148550411,0.9445215969264387,0.9717390990894424,0.9675506534895737,0.9688074054576195,0.9709013159450907,0.9715296848397967,0.9709015781324926,0.9709020664059519,0.9700635762647599,0.9715296888127318,0.972576353339335,0.9740422025699911,0.9717397987236058,0.971319745085433,0.9736232436786353,0.9727853290123055],"mean_valid_accuracy":[0.0890817934012553,0.5301150308140631,0.6882922165644403,0.8141830722292333,0.8562992755512372,0.8804130525211241,0.8867927238518188,0.9046589807759637,0.9052261244068835,0.9256056053466447,0.8079859416342992,0.9333437181438214,0.9422710921009553,0.9411515972101533,0.945773808676011,0.9486469009760566,0.9457407108296961,0.9549105327413449,0.9617422267985631,0.9581567255487078,0.9565162335475252,0.9604733698322316,0.9613059150303179,0.9588369100330463,0.9025845505147558,0.9288677164309346,0.9646414914440082,0.9666964881380157,0.9621553068035793,0.9641703916931736,0.9669125972869095,0.9652327274431194,0.965061823666866,0.9694079379511592,0.9677856559445001,0.9448887651027852,0.9718733458675339,0.967787617806527,0.9689960580439129,0.9710542166977171,0.9716847692709754,0.9710627742788591,0.9710137032382128,0.9702444100857118,0.9716784453513819,0.9727427461757672,0.9741850704354702,0.9718803734953367,0.9714959240873076,0.9737799495689176,0.9729496993008403],"std_valid_accuracy":[0.08654530498951284,0.10321269038878697,0.10531754477793714,0.12118076170651722,0.09138595293806946,0.07512233508643902,0.0651719853589697,0.055446001700111686,0.05157123277886101,0.04239117292113671,0.09363882595423915,0.04027810257917305,0.03505538741432028,0.028542379421498065,0.030468448682958883,0.025916911009862088,0.019731356515124802,0.025198492306865005,0.018969132768489754,0.017394801158931945,0.01935235456316426,0.01788502174236747,0.017563587904713275,0.02093333435155428,0.05725820662064564,0.034612437359005446,0.016781522433107453,0.013830676949647513,0.018495579428844916,0.013109874108774348,0.014275562024987882,0.01414027834165795,0.016690079105252238,0.013151163619896707,0.017057666946937552,0.028060698645668392,0.009851775664013107,0.01715607425001825,0.013604021388649079,0.010992781298072645,0.01131549537946338,0.011719531612556547,0.008364193251418933,0.013018841241168434,0.010889724655059566,0.01216482389645376,0.010873019257816967,0.011124369699691196,0.012649072284622266,0.01160965384980463,0.011824928554850372],"valid_loss_dist":[0.06290283638077813,0.12190951785300733,0.0341776700617406,0.10986944266940513],"valid_loss":[2.311601079324182,1.368673739281337,0.9206248379944348,0.5652622613255919,0.45303003508636214,0.3631796823144492,0.34693865127484524,0.29141571617161066,0.27832664676319724,0.22985904525763515,0.5461397344784261,0.20750670520132936,0.18197186172332758,0.1840868767887885,0.1687457174054334,0.16221554937681032,0.17786352902746308,0.14422331199688523,0.12627066638497564,0.13136336195760065,0.13442966050251498,0.12255122352032399,0.12012703858391269,0.12174976804374277,0.30510304141300965,0.19923149258272702,0.10488440137590599,0.10703296880288378,0.11354314705586332,0.11149872265613187,0.10288001300995815,0.10602482545209735,0.10542316528806485,0.09700598837947844,0.09767387987326381,0.1685018109384593,0.08273409429306891,0.10426390132384118,0.09230477366169255,0.0876333430209712,0.08634147417235628,0.08660089153588416,0.08424957881039855,0.09102361474703136,0.08602676716442731,0.08342517271435355,0.07846921410682617,0.08462724080051481,0.0858402131104413,0.07819922806280916,0.08269522488168296],