{"test_accuracy":[0.0972,0.3813,0.7107,0.8137,0.8727,0.8967,0.9098,0.923,0.9202,0.9303,0.9382,0.94,0.9449,0.9474,0.9514,0.9541,0.9538,0.965,0.9608,0.9622,0.9647,0.9649,0.9644,0.9682,0.9674,0.9695,0.9703,0.9683,0.9683,0.9719,0.9714,0.9721,0.9734,0.9722,0.9731,0.9747,0.9756,0.9738,0.9731,0.9741,0.9749,0.9771,0.9743,0.976,0.9782,0.9784,0.9728,0.9797,0.9771,0.9801,0.9782],"test_loss":[2.3084521141052248,1.6229941753387451,0.8689867609024048,0.5592151898384095,0.4110377870559692,0.335164479637146,0.2964109740257263,0.26360841217041014,0.24901396861076355,0.22984594616889953,0.20302109432220458,0.19608585617542268,0.1722987603902817,0.1621242742061615,0.14945229308605193,0.14340210943222045,0.14412880239486695,0.1160619586467743,0.1222310634613037,0.11854125752449035,0.10887437710762024,0.10959287003278732,0.10752363502979279,0.10172870926856994,0.09916357336044311,0.09415030139684677,0.09106685516238212,0.09661624356508255,0.09486609139442444,0.08599742106199265,0.08747595083713532,0.08256286041736603,0.08126918407678604,0.08258224384188652,0.08057139195203782,0.07569925245046616,0.07475561784505844,0.07868932037949562,0.07977770323753357,0.07556144924163818,0.07237586431503296,0.06857516556978226,0.0753881326675415,0.07440818955898285,0.0642033788561821,0.06446336190700531,0.08455407752990722,0.06399130259752274,0.06750842012166977,0.060014422118663785,0.06287399693131447],"train_accuracy_dist":[0.9873257287705957,0.9866474938373049,0.9831735889243877,0.9798123980424144,0.9881373569198751],"train_accuracy":[0.0759810047488128,0.45526118470382404,0.7510205781887861,0.822002832625177,0.8868199616762477,0.909064400566525,0.9175206198450387,0.9249354328084646,0.9277680579855037,0.9334749645921853,0.9424727151545447,0.9430142464383904,0.9525535282845955,0.956552528534533,0.9588019661751229,0.9608014663000917,0.9607181537948846,0.9691327168207948,0.9663000916437557,0.9675081229692577,0.9699241856202616,0.9698408731150546,0.9702574356410897,0.9714654669665916,0.9736315921019745,0.9743814046488378,0.9750479046904941,0.9732150295759393,0.9745063734066484,0.9773389985836874,0.9765891860368241,0.9780471548779471,0.9783804048987753,0.9780888111305507,0.9783387486461718,0.9806298425393651,0.9809630925601933,0.9811297175706073,0.9795884362242773,0.9807131550445722,0.9814629675914355,0.982712655169541,0.9798800299925019,0.9792135299508457,0.9836707489794219,0.9837540614846289,0.9752978422061152,0.9839206864950429,0.9832958427059901,0.9855452803465801,0.9850037490627344],"train_loss_dist":[0.035825242512290065,0.044352747432599815,0.044264413158511456,0.06498710015032069,0.03934536770792459],"train_loss":[2.314067305241745,1.4396453952825061,0.7605123592572124,0.5205064252184042,0.37128907815025397,0.3052221906465222,0.27165802331824584,0.25600005604223064,0.23415765070628694,0.21341187362471073,0.18661803730023976,0.18328377272457935,0.15732472739995176,0.1479669126638455,0.13689737368785052,0.12922549397678193,0.12892844612347595,0.10897263727810923,0.11038310843608552,0.1067368359392875,0.09861446119857949,0.09801429589988564,0.09526642371631062,0.09042634890768356,0.08606831762620948,0.08231658394503005,0.07954321882263786,0.08301851551263306,0.08004501301369736,0.07301910965269152,0.07362698398652766,0.06934858806165002,0.06754870793358451,0.0679965751169734,0.06644088359358613,0.06147210196074616,0.06014024924341315,0.06076839621149554,0.0644212321820636,0.059509442991143434,0.0571154912560185,0.05386438341982775,0.05995484972426189,0.062896635225703,0.04991566099205991,0.049374270354604996,0.07373066513484035,0.04877749266290524,0.04938844074453626,0.0443413820699682,0.045866805103225806],"valid_accuracy_dist":[0.9856418918918919,0.9835661462612982,0.985519591141397,0.967400162999185,0.9742096505823628],"valid_accuracy":[0.075094214528181,0.46466496639058946,0.7516696307588443,0.8207805932507366,0.8874125368033003,0.9069005824162204,0.9160587526595164,0.9208876682832426,0.9237247188063804,0.9340446968337075,0.9415399203439222,0.9432048542968258,0.9505356231204626,0.9520351722902736,0.9555313809912477,0.9591957567013258,0.9548668175590183,0.9653566982740495,0.9641926536097829,0.9645255011663761,0.9658578970635301,0.9666909049042062,0.966690440876649,0.9683563647455204,0.9698555261441215,0.9710206974548561,0.9720200420014934,0.9698553286725373,0.9705223265355449,0.9730198077914092,0.9726868011876137,0.9736860411675349,0.9748512842340215,0.9745187516310979,0.9731857894001857,0.9751848056331437,0.9758514091523464,0.9756845430949721,0.9745179227521562,0.9753512868613624,0.9760174549136329,0.9788483348770173,0.9750184088638777,0.9733518031110056,0.9786823589090403,0.9783489345555682,0.9696869673567776,0.9788483257221811,0.9783494097551673,0.9790158822979865,0.979182328043878],"mean_valid_accuracy":[0.07429578781248201,0.4636578679519928,0.7507886857760839,0.8202571111368284,0.8873806264473381,0.9069687469253751,0.9160250688020257,0.920842060973003,0.9240029723680527,0.9340574796800605,0.9415257961852748,0.9432284939779614,0.950622404823592,0.9521455037438115,0.9556144419850042,0.9593512174455572,0.9550128466359432,0.9653821398715448,0.9643081312213126,0.9646222901234912,0.9659149910264553,0.9667847506421612,0.9667395269887067,0.9684423088277473,0.9699725851917702,0.971137012375484,0.972110476760929,0.9699482285420163,0.9706594730863886,0.9731540027736557,0.9728152048576021,0.9737981781029912,0.9749492459862065,0.9746269833092258,0.9732979371517494,0.9752959781327224,0.9759510513313373,0.9757885149907406,0.9746353013115309,0.975471428766892,0.9761019961788244,0.9789251042691447,0.9751451007796692,0.9734608682001351,0.978755523545867,0.9784334776663194,0.9697659128871535,0.9789309582703009,0.9784350968128935,0.9790860187271667,0.9792674885752269],"std_valid_accuracy":[0.08762411087803716,0.1254596244724553,0.06789103319170081,0.05317515581354294,0.01964719505711472,0.019280895091190985,0.014268299762457026,0.014435067842014994,0.02667096570112529,0.00946690365038799,0.008168407885335113,0.007931524071124182,0.010822385391856605,0.011960775455243194,0.008149266410840359,0.010933555037432525,0.013081775067216299,0.0028690945482171353,0.00957049433745631,0.008045975366886848,0.006751720901377833,0.008483446814811972,0.005706178722027059,0.007788290822853514,0.00920191183228465,0.008013439078686875,0.0068389602686853125,0.007818754125484243,0.010943003158503932,0.009650085997336959,0.009717813925143655,0.00855428812732256,0.006741478250908672,0.008051529087244082,0.007706884519772176,0.007968277713654971,0.00806616595366606,0.007694160272792703,0.008056094558190967,0.008594810286432842,0.006597926010243076,0.005162999706125569,0.009196265957290246,0.008323401908860427,0.005940808709133516,0.005780690705308741,0.008057574852726106,0.0055613150425323325,0.007089868721565468,0.007011788918493026,0.007274825132376438],"valid_loss_dist":[0.05278811487998512,0.051769015859068665,0.04545048085791797,0.10030119844880062,0.09034386120996936],"valid_loss":[2.3141538398102828,1.4254321305052593,0.7519089847548717,0.5143417496340836,0.3710833503573744,0.30883198647044496,0.27449878543769995,0.2718178062777305,0.24596107026137073,0.21957353640574948,0.19323962942960168,0.19223125937437321,0.16650230068179653,0.15835138164209397,0.14617178654505614,0.13832686166305738,0.13920404197898323,0.11842113365476487,0.12070889531998735,0.11785121662806095,0.1108206833415483,0.10978983886127,0.10670473027655014,0.10274785488409716,0.09878615131142483,0.09690220523086529,0.09326683985814738,0.09612016842852521,0.09458149009464382,0.08831035300126097,0.08904265855989774,0.08605959368739033,0.08286221411857754,0.08397377032681344,0.08299665496376214,0.07892767168240285,0.0781184925153825,0.08048921174557971,0.08372550933713421,0.07848009372023007,0.07602864674806535,0.0725609800760272,0.07812932923359531,0.08362243926544267,0.06992060049276597,0.06924649622631157,0.09766013323569564,0.06941161078029463,0.07045491940993533,0.06684559096400226,0.06836956773217286],