{"test_accuracy":[0.0972,0.346,0.4415,0.5221,0.5847,0.641,0.6774,0.7862,0.741,0.7459,0.6843,0.7479,0.7798,0.799,0.8109,0.7672,0.8052,0.8111,0.8174,0.8152,0.8298,0.818,0.8277,0.834,0.8428,0.8434,0.836,0.8431,0.8477,0.8467,0.8484,0.8526,0.8459,0.8551,0.8501,0.8511,0.847,0.8477,0.8494,0.8519,0.8496,0.8551,0.8548,0.8519,0.8588,0.8574,0.8529,0.8627,0.852,0.8549,0.8598],"test_loss":[2.3084521141052248,3.282892755508423,2.360363066864014,1.9769897584915161,1.7288599704742431,1.6216933227539063,1.5090362781524658,1.1656169906616212,1.40697962474823,1.411030241203308,1.874665086364746,1.4962549659729003,1.3684144802093505,1.3101827711105347,1.2721907997131348,1.492480997467041,1.3498603734970094,1.3351968837738037,1.3144149784088135,1.3751884817123412,1.293766293144226,1.4002755168914796,1.3376199796676636,1.3178791519165038,1.2784695611953736,1.2945422319412232,1.3568953384399414,1.316997033882141,1.2991534971237182,1.316244746208191,1.3184054553985596,1.3060170791625976,1.3684019285202027,1.293404511833191,1.3393544933319093,1.353666868209839,1.3877449460983275,1.3851170283317567,1.4031217351913452,1.3931075246810913,1.4221616640090942,1.3857767311096192,1.4092306198120117,1.4482426040649414,1.391509432220459,1.4093300605773926,1.4502791133880615,1.3929695503234862,1.4625374921798706,1.454731813430786,1.4250755664825439],"train_accuracy_dist":[0.9710353327855382,0.9765708200212992,0.9801898472967395],"train_accuracy":[0.001804427788187938,0.5854674161982094,0.6745089874384066,0.7334998958983968,0.7811090290790478,0.8192796169061004,0.8395447289888265,0.9139426747171906,0.8865986536192657,0.8897911027829829,0.8477340551044487,0.8919425359150531,0.9156083003678257,0.9276840863349296,0.9338607814560345,0.9083905892150739,0.9325421611492817,0.933791380387258,0.9381636477201749,0.938024845582622,0.9505864390311611,0.9423971129155388,0.9501700326185023,0.9544034978138664,0.9611354014851828,0.9604413907974183,0.9552363106391838,0.9612048025539593,0.9648136581303353,0.9639114442362412,0.9654382677493233,0.9692553265320286,0.9618294121729475,0.971129155388993,0.9674508987438406,0.9678673051564994,0.9636338399611354,0.9657158720244292,0.9653688666805469,0.9694635297383579,0.966895690193629,0.9719619682143105,0.9715455618016517,0.9682143105003818,0.9735581927961691,0.9728641821084044,0.9714067596640988,0.9773752515788743,0.9699493372197932,0.9724477756957457,0.9759178291345687],"train_loss_dist":[0.07443014683543216,0.06268351801866477,0.04930705981643496],"train_loss":[2.3196240850917604,1.7861576754923243,1.0957399162100143,0.7852380570791855,0.601830875938097,0.5052034806738589,0.43233519646533863,0.26197267677362196,0.30709918315227447,0.30338114562405416,0.52568934524123,0.30333752303362077,0.23819837630419705,0.2053324806672842,0.18224119993845952,0.2682368023736893,0.18901063931113238,0.17847288077329646,0.17227232683618293,0.1712895837587307,0.13770782901158363,0.15748154426425193,0.1385941903065308,0.1260335766271794,0.1076206854012054,0.10961276257329335,0.1222162114497533,0.10732376602823408,0.09639437363462781,0.09780192301189207,0.09300583496651532,0.0844911689429832,0.10178212848242411,0.07898239502501658,0.09032164079072706,0.08611249059719996,0.09519386190673647,0.09313128233520582,0.09143133204409917,0.08313935309624211,0.08790083489477019,0.07521642577059522,0.07579624506736234,0.08293145983217823,0.06892926794392717,0.07154125606867266,0.07662924811542882,0.058314273893591166,0.07975577668324542,0.0729661363040816,0.06215331277416605],"valid_accuracy_dist":[0.9720624486442071,0.9684838160136287,0.9777227722772277],"valid_accuracy":[0.001665270960334629,0.5761823138095634,0.6702706896364745,0.734939628505394,0.7835104090320579,0.821255812349265,0.8409599380197078,0.9172895981400998,0.8862031097467015,0.8881453421303597,0.8509510610111413,0.8895318044683805,0.9134029681621374,0.9245051589097435,0.9319989373462992,0.9053521817756776,0.9295024311325772,0.9336647551696217,0.9361632268124341,0.9342201707200583,0.946155085522857,0.944211678251966,0.9458768495166221,0.9528162618412044,0.9605876816217095,0.9575342599350926,0.9542039322333175,0.9569794466558097,0.961420084348561,0.9611433999660658,0.9639180647316502,0.9653060786934108,0.9583675197326202,0.96697158982083,0.9614204870332582,0.9644731550517618,0.9600324139564478,0.9608651750804839,0.9619757509916358,0.9650287662866709,0.961975122967391,0.9678041661859471,0.9672490167507856,0.9653060195783606,0.9697471116570907,0.9678038263231841,0.9655832691631662,0.9736326959034743,0.9619746426332217,0.9678043952323787,0.9728000604233071],"mean_valid_accuracy":[0.0017035775127768312,0.5748914636192958,0.6691254159060512,0.734686142454042,0.7833212821239429,0.8213288218596055,0.8408042096170888,0.9168538267670119,0.8862300250803966,0.8882799841984202,0.8515503173965349,0.8897309955764222,0.9133044024230413,0.9244499208557379,0.9321059876400825,0.905534039949652,0.9294045233446088,0.9336435405210448,0.9362311252997443,0.9340097667293056,0.9461384827189975,0.9442512958522689,0.9458802668820298,0.9527723537941809,0.9605129770822008,0.9575167781217586,0.9541830996387825,0.9569934293643957,0.9613859598253299,0.9610840886336461,0.9638555576478897,0.9652629136711752,0.9583907533645303,0.9669074289854841,0.961372537980863,0.9644234168188152,0.9599752139807286,0.9607690704790874,0.9619292351881992,0.9649577900989716,0.9619259828076795,0.9677692497650235,0.9672114226172491,0.9652729456943264,0.9696798904993701,0.9677537054804756,0.9656070353955449,0.9736081344014096,0.9620441072046155,0.9677669898841464,0.9727563456450211],"std_valid_accuracy":[0.0024092224231228197,0.08827777433177131,0.07920765025680365,0.027724273648159384,0.02439810621117046,0.02496402245073996,0.03770603694923428,0.0301258920091339,0.016618408763962495,0.020889938772690665,0.05004291132749473,0.02890744198579029,0.01697361531533478,0.013918373512340347,0.013697035343728861,0.027363397337965546,0.008122983673511396,0.009950527636625869,0.007201227785310596,0.01625991273290553,0.005546023449409264,0.008769266763490827,0.009363729686210069,0.005988511140706056,0.006757837657688285,0.006914783287731447,0.005645228795455758,0.004978290137938101,0.006313261523401755,0.0038510305114391615,0.007007367750965822,0.004811544607033194,0.003157054548176676,0.004883018126472666,0.0047413033925027374,0.006513711024286546,0.006789097253294737,0.008064988424045592,0.003932716368528253,0.00526339111208116,0.007092046349743266,0.0036387065242003552,0.0040258750976965175,0.004724413461530569,0.004875815911228651,0.005947231176932243,0.005716194560839413,0.002939325563054443,0.00929618538071424,0.00281888929339313,0.0038035683242606186],"valid_loss_dist":[0.08106019226076569,0.10294692360461266,0.07539578969820891],"valid_loss":[2.3200354479282366,1.816327770157659,1.1095113986941485,0.7850033421920327,0.5980669455195268,0.5030215224144384,0.42799850639973863,0.25416974917642204,0.3035169463882156,0.30124705569056004,0.5271783175928961,0.3039455329103562,0.2382264948882064,0.2058277515810616,0.18091786557579298,0.272155495088533,0.19336462761923023,0.18135472952993836,0.17701365535191357,0.1789467504797302,0.1430223455136059,0.15979037705219087,0.14581068559857352,0.13310362794540395,0.115826731851197,0.11767712232669436,0.13060567616360774,0.1180661163745134,0.10771692747585686,0.11087936230110117,0.10595975604647631,0.09783992350916416,0.11574403986365982,0.09502592860178874,0.1073304096234342,0.10224562849113125,0.11198529210534774,0.11216780599060548,0.10997391954186188,0.10247523297790612,0.10689295166254921,0.09565206376957,0.09560958915278199,0.1031983941924083,0.09162787760004261,0.09381380551882942,0.09743119522745018,0.08009232466618921,0.1021464192061209,0.0962314063175742,0.08628668326230719],