{"test_accuracy":[0.0972,0.4911,0.754,0.8336,0.9021,0.9001,0.9219,0.9344,0.9416,0.9422,0.9502,0.9516,0.9558,0.96,0.9649,0.9657,0.9659,0.971,0.9696,0.9715,0.9727,0.9742,0.9747,0.9759,0.9764,0.978,0.9785,0.9794,0.9753,0.9793,0.9789,0.978,0.981,0.9718,0.9815,0.9799,0.983,0.9821,0.9822,0.9831,0.9835,0.9835,0.9836,0.9824,0.9847,0.9837,0.9848,0.9853,0.9836,0.9838,0.9849],"test_loss":[2.3084521141052248,1.3768847743988037,0.6926720001220703,0.4887631992340088,0.3340714874267578,0.3160181743144989,0.25756340761184693,0.22014332144260407,0.19514330015182496,0.18934046514034272,0.16500810490846635,0.16159243404865264,0.1463755643606186,0.1281901525259018,0.11776617417335511,0.1151492536187172,0.11569644051790237,0.09925492734909058,0.10207084048986435,0.09564466171264649,0.09056200749874115,0.08583676527738571,0.0841054986357689,0.07818445874452591,0.07833344637155533,0.07417296444177628,0.07316163168549537,0.070032095682621,0.07980533353090287,0.06742192198634148,0.07031154553294182,0.07380104032158852,0.06318255068063736,0.09322088490724563,0.06060084787011147,0.06554691922068596,0.05525687528848648,0.05809483933448791,0.056999095386266706,0.05445744918584824,0.05358032757043839,0.053436184203624726,0.05237430731654167,0.05494213362336159,0.050411852872371675,0.051228417265415195,0.04886080194711685,0.0477869338452816,0.0505724734723568,0.0510122538626194,0.04668939910531044],"train_accuracy_dist":[0.9860583016476553,0.9862394742246868,0.9932210353327855,0.9908238172920065,0.9827263267429761,0.9893572621035058,0.9858947368421053,0.9857614527445315],"train_accuracy":[0.09458618543870566,0.5496007052478739,0.7882441402198714,0.8517423771001866,0.9074362165525824,0.9066065131715412,0.9266749637004771,0.9365795478116573,0.9444358017008919,0.9444617299315494,0.95130678282514,0.9542107446587845,0.9561035054967849,0.9621188550093341,0.9653858120721842,0.9663970130678282,0.9650487450736361,0.97080481227961,0.9695861854387057,0.9716085874299938,0.9732420659614188,0.9744088363410081,0.9748755444928439,0.9770535158680772,0.9764312383322962,0.9781165733250363,0.9780647168637212,0.9795685542418585,0.9760423148724331,0.9801389753163244,0.9791018460900228,0.9769757311761046,0.9813835303878863,0.9694046878241028,0.9826280854594482,0.9809168222360506,0.984157851068243,0.9832762912258868,0.9835096453018046,0.984391205144161,0.9848060568346816,0.9848319850653391,0.9854801908317776,0.9842356357602158,0.9857913295996681,0.985687616677038,0.9864654635967641,0.9870877411325452,0.9857913295996681,0.9853505496784899,0.9875285210537232],"train_loss_dist":[0.04498046882258572,0.04340086650416258,0.02745490034945744,0.032813758198870724,0.05690243779628321,0.0350626737364445,0.0449465153221237,0.04262720918481969],"train_loss":[2.3080926161229276,1.2478897207179176,0.6242655381549508,0.4527797810717864,0.3168842104692271,0.3010952719548102,0.24815775675274504,0.21136551768783834,0.18906703061221164,0.18425666395048584,0.1598043559059992,0.154040308721175,0.14324481217617552,0.12612440438179603,0.11799963197526571,0.11255908385730524,0.11380731943725081,0.09901597865081951,0.10014927369368365,0.0942195718294696,0.0886265399833545,0.08441642082063143,0.08211922213559582,0.07645573613659441,0.07766811490270238,0.07248636703954472,0.07295030111041684,0.06842216793353074,0.07600972885876396,0.06504800777845247,0.06762113679896634,0.07090642842259572,0.060389192967202916,0.09495430110840351,0.057635253286609275,0.06305757665726959,0.052898961868024306,0.05417052829501738,0.05338657713207163,0.05071657478038181,0.04981703982236251,0.04900996290704437,0.04818481727109345,0.049411177164315714,0.04570777310114304,0.04591869983644961,0.04427674395379758,0.04244856257812642,0.045863228448154894,0.04578232391248848,0.04097514605811076],"valid_accuracy_dist":[0.981418918918919,0.9844006568144499,0.9876746096959738,0.986960065199674,0.9742096505823628,0.9874791318864775,0.9806397306397306,0.9851485148514851],"valid_accuracy":[0.09100362097701109,0.5511147195018357,0.7917225354559372,0.8505111724658495,0.9077364955355718,0.9076346441953153,0.9267091748106663,0.9380078502688228,0.9430874222366975,0.9403932423348256,0.9494108779263263,0.9515880067777126,0.9549045882221519,0.9588449372770036,0.9637171579101755,0.9634060670640434,0.9631984343569597,0.9667235081054332,0.9659970148881458,0.9687970779184826,0.9696261210901729,0.9706628392478102,0.9713884424039029,0.9735651689687805,0.9725287470313332,0.9743946100346526,0.9753282821746498,0.9755350249487063,0.9731501751373999,0.9761570915403652,0.9747054187943358,0.974083170074569,0.9777117947886205,0.9666201449567344,0.978748402820313,0.9772969880474071,0.9800959469659847,0.9794738851728554,0.97978494244203,0.9798884370942271,0.9810293420243418,0.9803031989615403,0.9805104385500965,0.9798886040222082,0.9820655487243272,0.9812365109291834,0.9818585659101214,0.9834135790696985,0.9817543223243572,0.9811324090708036,0.9835169548456802],"mean_valid_accuracy":[0.09080373660958882,0.5496353394918171,0.7907745218494542,0.8502458390635153,0.9074402990324513,0.9075336132568901,0.9265835726906045,0.9378835882809677,0.9429747704618137,0.9402301019500443,0.9493082292561379,0.9515186630918107,0.9548406224045902,0.9587944312548555,0.9636992780572053,0.9633684713575199,0.9631685828563445,0.966690965909129,0.96595002743912,0.9687772819174256,0.9695896650920748,0.9706373322843299,0.9713639175781876,0.9735422153150322,0.972503094149717,0.9743818410787646,0.9752964408782591,0.975516759571979,0.9731165281081766,0.9761305023685485,0.9746659918080502,0.974081244962556,0.9776940026108707,0.9666310620069285,0.9787439845089498,0.9773206655749537,0.9800747491569601,0.9794541478825995,0.9797596800872354,0.9798683160466493,0.9810048033882546,0.9802908567754902,0.9804796161100864,0.9798787718091639,0.9820410092960309,0.981211585501969,0.9818465555459182,0.9833907453609483,0.9817359204031608,0.9811302783106866,0.983491409823634],"std_valid_accuracy":[0.08942535060446259,0.14988571734477768,0.09130800453722171,0.03951178679774005,0.03302035268820324,0.026250970953130212,0.023133328603175737,0.017128192642218612,0.016255720973282695,0.023706483516002658,0.01397185419172857,0.013470869451600026,0.01071133732766629,0.012211814149075993,0.008929372939073749,0.009772458520588228,0.009057611840250257,0.008845907110802277,0.008681919345930435,0.009573219215533718,0.008317875986218552,0.007953083915685265,0.007651559028372423,0.006022858459039515,0.006898464746729205,0.005667934125756808,0.009154745185885521,0.0062617828358339025,0.007080997886999655,0.0066068627928232565,0.0067564253253661255,0.005553552833865121,0.0052154710693846015,0.010498808351244114,0.004190747875850574,0.005045276537751206,0.003769501374049131,0.003988936177853926,0.004693476940388739,0.00345807509951924,0.005765858466722472,0.003378789794903202,0.004493393470812895,0.0036631943227047607,0.0034090609912091918,0.004745897392179737,0.005230569083631806,0.005074314820299461,0.003301814369662939,0.005230117049984675,0.004295109617849694],"valid_loss_dist":[0.06398534533139821,0.04950844048719688,0.03769353160829013,0.0542860542072595,0.09583599072030301,0.044163874056631816,0.07530502933594915,0.05004089546970802],