{"test_accuracy":[0.0972,0.4149,0.6128,0.6897,0.717,0.7341,0.7687,0.7585,0.7599,0.8174,0.847,0.8614,0.8582,0.8536,0.8937,0.8937,0.8907,0.9113,0.8979,0.9056,0.9061,0.919,0.9285,0.9272,0.9315,0.9355,0.9333,0.9339,0.9342,0.9344,0.9332,0.9384,0.9381,0.9377,0.9378,0.9413,0.9389,0.9438,0.9453,0.9501,0.9521,0.9519,0.9439,0.9482,0.9508,0.9495,0.9505,0.953,0.9515,0.9438,0.9507],"test_loss":[2.3084521141052248,1.9447240411758422,1.3447988634109498,1.0157071541786193,0.8864952247619629,0.7962586703300476,0.6421966847419739,0.6887393830299378,0.7290718218803406,0.4965145408630371,0.42486077976226805,0.3861183498382568,0.3905713275432587,0.4033800682544708,0.3100531084537506,0.3073636656045914,0.30731195006370543,0.25640563020706175,0.2916342359066009,0.2705126796007156,0.27045022101402283,0.23479890079498292,0.21191555895805358,0.20805340402126313,0.1996226491689682,0.18468795063495635,0.19596426184177398,0.19208505752086638,0.18855786459445953,0.19177281172275543,0.19390927176475525,0.1787103714466095,0.18091227431297302,0.18229924924373628,0.1813046624660492,0.17254043953418732,0.1767798303604126,0.16821598831415177,0.15584862856864928,0.14378079102039337,0.14196071920394898,0.14152475554943084,0.16448489713668824,0.15305950400829316,0.14317130918502807,0.14590905468463897,0.14524046890735626,0.13638811070919038,0.14208122038841248,0.1617988341331482,0.14484955731630325],"train_accuracy_dist":[0.9406296218043524,0.9695973705834018,0.9882854100106496,0.991652754590985,0.9913330581923235],"train_accuracy":[0.0404445558619537,0.5627559120915852,0.755619620623381,0.8169967410378541,0.8421074621876828,0.8565221024483998,0.8749477730425337,0.8725244422160943,0.8750731177404529,0.9029832038104788,0.9169800284114649,0.922913010779644,0.9231637001754825,0.9211581850087741,0.940461268488343,0.9407119578841815,0.940920865714047,0.9512826940753739,0.944555861953706,0.949026489512827,0.9482326397593381,0.9562129188601989,0.9595554441380463,0.959889696665831,0.9611849252109969,0.964819921450656,0.9631904403777054,0.9649034845826021,0.9653630818083062,0.9643185426589789,0.9641931979610596,0.9671596891451492,0.9672850338430684,0.9672014707111223,0.9665747472215258,0.968454917690315,0.968872733350046,0.9706693406868889,0.9729673268154091,0.9750564051140637,0.9755160023397677,0.9758920364335255,0.9719227876660818,0.9735522687390323,0.9758502548675524,0.9754324392078215,0.9757249101696331,0.9775215175064761,0.9771037018467452,0.9732180162112476,0.9763516336592295],"train_loss_dist":[0.16861673853795572,0.08081831053303419,0.041419901782537676,0.027915852131922176,0.025187761040448255],"train_loss":[2.315515835990262,1.3690013066264155,0.7992459072426287,0.5963411361360108,0.4905099200556887,0.4337629862232416,0.35664169402053564,0.3729450861708835,0.3787372508966067,0.27353654981401615,0.23714881400668233,0.21931899957818934,0.2191403044304115,0.22539863409509514,0.17586375596509937,0.17449474016758118,0.17270179862877008,0.14510495475462787,0.1629193595127971,0.14889999250034258,0.1509232984242049,0.13176055804107925,0.12082828388391327,0.11951743793469369,0.1137755920747383,0.10471661779147008,0.10803747295463549,0.1036286303594371,0.10098671851307839,0.10355272787436563,0.10322781443580945,0.0946153526140617,0.09421241686188274,0.09412272030935458,0.09546841526615861,0.09009151258977885,0.08940689246489847,0.08401139635566861,0.0779668438268804,0.07306163776153064,0.07041934544989938,0.0694939730296851,0.08059399097426646,0.07631379584202425,0.06921260444907495,0.07200299284410869,0.07060739719043144,0.06460952685743239,0.06646606648155444,0.07627977996832207,0.06859637551024286],"valid_accuracy_dist":[0.9510135135135135,0.9695973705834018,0.9778534923339012,0.988313856427379,0.9851485148514851],"valid_accuracy":[0.03624416571573639,0.5624294349410907,0.7607514253678772,0.8244073883256218,0.8462934869153587,0.8593251835090691,0.8783725346371635,0.8753657925543182,0.8788727769011879,0.9052699130367533,0.9213100519182632,0.9263223937358994,0.9261551260174847,0.9238160611322882,0.9445318574861732,0.944031651712967,0.9440322811124698,0.9547244507275601,0.947205786562851,0.9525521962679585,0.9520509331701166,0.9600701349960911,0.9634106839457823,0.9634125877658946,0.9659174062256428,0.9677555122194139,0.9669202020578804,0.9669201691286279,0.9670873630090908,0.9675888512277879,0.9670873999280668,0.9692592682729847,0.969593379346247,0.9685909011103723,0.9679229227222589,0.969593342427271,0.9699277030521679,0.9731018347686441,0.9719326501691287,0.9741043401405486,0.9749394052137628,0.9747723171987539,0.9715983273649579,0.9726009430656319,0.9736029956080319,0.9741043076848882,0.9737705831544674,0.9751067111810612,0.9746055427903851,0.9710973337862147,0.9744379881732022],"mean_valid_accuracy":[0.03665811636734213,0.5618085705454845,0.7603547286605876,0.8240720524805143,0.8461644990019058,0.8592520823533378,0.8783148858540191,0.8752133162710173,0.8788998250998349,0.9052220081801721,0.9212119006694168,0.9262105442337587,0.9260594116625877,0.923728395089093,0.9445160368639385,0.9439272393688516,0.9439229675808678,0.9546472011875334,0.9470970197131419,0.9524989432954388,0.9519450345583265,0.9599912387127534,0.9633828760710246,0.9632931438332395,0.9658361938663464,0.9676703297100353,0.9668256522116083,0.9668306922771561,0.9670026615368315,0.9674844594713574,0.9669961527487694,0.9691666046941048,0.9695032749935081,0.9685000755036505,0.9678207985947855,0.9695097837815702,0.969822520011294,0.9730223508208293,0.9718457349343534,0.9740280825215869,0.9748791859042438,0.9747130617462098,0.971518225398014,0.9725018685317899,0.9735295372697067,0.9740092640118194,0.9736607809743505,0.9750311392255613,0.9745216333121279,0.971008673880372,0.9743853495419362],"std_valid_accuracy":[0.0695345180736995,0.14604482717427497,0.12370350694923028,0.11146183454043163,0.10301975410964358,0.09880691547658539,0.08788187328073159,0.09064387116720006,0.08741963443686299,0.0683085141326242,0.05636959311651715,0.05154065285306818,0.05185408382623942,0.053505036574934044,0.036241485419862364,0.03797756087179918,0.03918058616750494,0.030972736912869944,0.03535551508402454,0.03263039693586103,0.03210846748940362,0.024943730615432185,0.02081740059711588,0.024239586091697348,0.019467452174345447,0.019025147233158214,0.020567119659417273,0.02138820083191805,0.02137707465772696,0.022235275657341402,0.0216128843844765,0.020261718005726626,0.019797923759243313,0.01945881877715862,0.020297997417973872,0.019556044104617604,0.019769821859266692,0.018126970312578723,0.01837809272943343,0.016154894369326055,0.014375483438801462,0.015420680948933051,0.01825037112662513,0.017103331200093445,0.015847424394380166,0.01582224598959901,0.01722081057132896,0.015486644845201573,0.01528331951374293,0.018498487127663967,0.01334949068549666],"valid_loss_dist":[0.1601035377463779,0.08999970617750774,0.06404228042652498,0.04785220033935394,0.04068932799690037],"valid_loss":[2.316597761948499,1.354012972604215,0.7717522109149356,0.5692584443800833,0.4639206455757666,0.4078973862581467,0.3333893466257656,0.3518999458126351,0.35700897627111117,0.2549033059070865,0.21940441656736961,0.20278542726017648,0.2025469789798657,0.2085479235742546,0.16281382599984173,0.16212655093101097,0.16137556129712272,0.13696541187328004,0.15260298558716395,0.14030333762506136,0.14190627958033164,0.12570052606855223,0.11570335503460136,0.11596684077983162,0.11044929732017857,0.10302522914468139,0.10587365302597672,0.1020942919048243,0.10097406884735351,0.10378069404599943,0.10420801227255276,0.0964430316938794,0.09563216824173706,0.09634191319771435,0.09847335165324746,0.0940524639679429,0.09396017536135587,0.08924616871856715,0.0847927168859739,0.08011309382751719,0.07820626213588255,0.07773467881133832,0.08777337161967276,0.08441235342088986,0.07851725296385705,0.08112420555687162,0.08062705856702546,0.0751956312400747,0.0772428513105133,0.0871067702814351,0.08034826388933786],