{"test_accuracy":[0.0972,0.4584,0.8062,0.8478,0.9092,0.925,0.9318,0.943,0.949,0.9524,0.9509,0.9513,0.9603,0.9636,0.9656,0.9661,0.9682,0.9682,0.9723,0.9738,0.9734,0.9744,0.9769,0.9749,0.9761,0.9763,0.9727,0.9781,0.9786,0.98,0.9808,0.9807,0.9777,0.9794,0.9818,0.9821,0.9818,0.9828,0.9819,0.9822,0.9829,0.9824,0.9826,0.9831,0.9835,0.9843,0.985,0.9846,0.9835,0.9831,0.9807],"test_loss":[2.3084521141052248,1.401682605934143,0.6084615312576294,0.4718175211906433,0.3127491593837738,0.25892055711746215,0.2301305062532425,0.20249392223358154,0.17551313478946687,0.1636963530421257,0.1608024895429611,0.15289693353176118,0.13174492301940918,0.1268212498784065,0.11798965017795562,0.11531616431474685,0.10727260904312134,0.10423964606523514,0.09424572051763534,0.0901107498049736,0.08996285803318024,0.08520163840055466,0.07787742725610733,0.0786528077840805,0.07652230498790741,0.07703270134925842,0.08366435157060623,0.07228925290703773,0.06802273086309434,0.06445861678719521,0.06269692554473877,0.06305132443308831,0.06719534367322921,0.0680542198896408,0.05842166492342949,0.0563743915617466,0.05725569181442261,0.055151490607857706,0.055962597477436066,0.05354197539687157,0.053032475703954696,0.054196408653259275,0.0534558394908905,0.05349565744400024,0.05142006124258042,0.0490404691696167,0.0462413556098938,0.04836520172357559,0.050802729201316836,0.049904366129636765,0.060642396450042726],"train_accuracy_dist":[0.9879568983731248,0.9763763352506163,0.9665601703940362,0.9926590538336052,0.9704474505723205,0.9876878130217028,0.9928421052631579],"train_accuracy":[0.10927951828777537,0.4926819089635437,0.824216770501088,0.8513130831370912,0.9111992130443854,0.9250007452231198,0.93301934599219,0.9412168003100129,0.9493248278534593,0.9517691596864101,0.9518287775359943,0.953527886249143,0.9608906906727874,0.9631561689569857,0.9658091632634811,0.9656005007899365,0.9675380809014219,0.9685515843443527,0.9723969356425314,0.9729036873639968,0.9740960443556801,0.9735594837094226,0.9761528601663338,0.9756461084448684,0.9766596118877993,0.9770173189853042,0.9725161713416997,0.97767311533073,0.9797895489909679,0.9807732435091067,0.9811011416818195,0.9809819059826512,0.9794020329686708,0.9797299311413837,0.9826810146957999,0.9828300593197603,0.9834560467403941,0.9837243270635229,0.9840522252362357,0.984141652010612,0.9846185948072853,0.983783944913107,0.9844099323337407,0.9851253465287507,0.9853936268518795,0.985930187498137,0.9864965570691865,0.9863773213700182,0.9860196142725132,0.9861388499716816,0.9821146451247503],"train_loss_dist":[0.04196583085783737,0.06648146227651085,0.09850354239233512,0.0295337423147424,0.08207302425642043,0.03918307952470891,0.02498764251976421],"train_loss":[2.308130056096832,1.3422367800137402,0.5817638484576059,0.45867546378498364,0.3077017127424607,0.2602245617544299,0.22865774212400367,0.20144014442587452,0.17622875316100678,0.16447723579359833,0.16017463611691002,0.1504020945859438,0.13199115882340026,0.1263587567738159,0.11742584521130421,0.11421952172827322,0.10752954854230914,0.10390136696481099,0.09378762260786974,0.09016768492512416,0.08839265488608497,0.0849507781015525,0.07820723365601312,0.07850369311258164,0.07590164398618983,0.07617958368457074,0.0862928370064526,0.07080806212323007,0.06625961441557006,0.06372955320322748,0.06159460086340051,0.06116805469036639,0.06497619353361583,0.06510566227631313,0.05679307872048655,0.054731896451455944,0.05441759372574279,0.05253347605009329,0.052208470973338965,0.05102252218117523,0.04988923726605776,0.05131055860418916,0.0491214922974958,0.04914743144265137,0.047144292134993826,0.04464874063566095,0.04331974666580648,0.043768865959286016,0.04467396169368869,0.04379650098846474,0.05456169375083002],"valid_accuracy_dist":[0.9881756756756757,0.9720624486442071,0.9701873935264055,0.986960065199674,0.9717138103161398,0.9891485809682805,0.9848484848484849],"valid_accuracy":[0.10438562137676215,0.48603269997865783,0.8253812548809114,0.8530408977789908,0.9092952154187723,0.9277728458046925,0.9302750430992318,0.9410016122396876,0.9489885174157517,0.9517294157665231,0.9501825485288125,0.9531621420706806,0.9611453609716369,0.9632912166373785,0.9656743140826358,0.965793125592681,0.9682967857835643,0.9688934505970745,0.9721104346707992,0.9738981835367909,0.973421536163557,0.9752087170210848,0.9755671054777386,0.9760436777853059,0.9768774414844957,0.9768774934422769,0.9723490805495214,0.9771162214811135,0.9774735922936677,0.9789039705837824,0.9796186304819754,0.9797378649602649,0.9766400659854435,0.9783081867919865,0.9808104657619972,0.9812874561294329,0.9812872646367647,0.9823600401668194,0.9824791965929492,0.9818836316830702,0.9823599635513054,0.9823598135337969,0.9824793153269733,0.9825980880112146,0.9831943890296604,0.9837903402940407,0.9837906669433113,0.9830750803928243,0.9834326110615921,0.9835517965773855,0.9804522790985184],"mean_valid_accuracy":[0.1042545847834422,0.48562409450188,0.8250420055427303,0.8529064831376685,0.9091681393542085,0.9276798922586291,0.9303094428267169,0.9409786491346851,0.9489935074403918,0.951704613209256,0.9502973607218518,0.9532443506051556,0.9611868784300778,0.963303017640858,0.9657045059234489,0.9658293445508678,0.9683129172813748,0.9689331323838128,0.9721570536842012,0.9739272792677982,0.973461006608727,0.9752326617150169,0.9756139478100999,0.9760801298411091,0.9769125827665691,0.9769038689475974,0.9723929681013397,0.9771677680508974,0.9775040191903613,0.9789389373576386,0.9796294626883247,0.9797545788748069,0.9767070156042029,0.9783549095474068,0.9808332911447586,0.9813141321317058,0.9812991482896736,0.9823652093681504,0.982492531865244,0.9819051169522197,0.982368256408751,0.9823751942726727,0.9825073649964834,0.9826108780488543,0.9832057986002274,0.9838103019722829,0.9837958317903135,0.9830870080895612,0.9834460998020125,0.9835682116156862,0.9804423513112669],"std_valid_accuracy":[0.08818469550386548,0.12728329316049444,0.0661915526989222,0.031077225181448342,0.02417695982273887,0.01538848792881325,0.014071891382974103,0.014381855086296054,0.011723633823720773,0.010635057842207403,0.014755396628174945,0.014081733213212317,0.008085691699293848,0.010123802461325269,0.009268614296907155,0.00836040269952394,0.008830582869033786,0.009840406045054395,0.006855018987659373,0.006229554224183252,0.0059280153602720735,0.004827979651764054,0.00665186323197986,0.006411929114891969,0.005799063219295703,0.005938296336884677,0.008185795775441575,0.005113686048815405,0.0037912578292830105,0.005192951175822929,0.004411539875410349,0.004441959265056147,0.007111744787156365,0.005603271473573444,0.004551049956845338,0.004638229619296407,0.003758109248993106,0.002926144388621313,0.0029354459339916267,0.0038438475791153157,0.0036683125571638268,0.003223301982098476,0.003469802440721628,0.003111731378198586,0.003218304370049494,0.0031937085497978253,0.0020731740307972173,0.0029332297032861145,0.0037036570486922702,0.004005660362930008,0.00800956306483563],"valid_loss_dist":[0.0451480638537858,0.09182865841768761,0.08732885150223006,0.05104277816091792,0.11709480721522092,0.04845703979767548,0.04745443904715957],