{"test_accuracy":[0.0972,0.4877,0.7878,0.8842,0.8974,0.9254,0.9329,0.9406,0.9434,0.9456,0.9534,0.952,0.9577,0.9582,0.9601,0.9647,0.968,0.9652,0.9678,0.972,0.9709,0.9722,0.9737,0.9721,0.9741,0.9758,0.9702,0.9747,0.9764,0.9766,0.9788,0.9789,0.9784,0.9753,0.979,0.9722,0.979,0.9798,0.9805,0.9806,0.9794,0.9804,0.9805,0.9827,0.9808,0.9807,0.9812,0.9807,0.979,0.9789,0.9819],"test_loss":[2.3084521141052248,1.3708275148391724,0.6754050908088685,0.42433378863334653,0.343171488237381,0.2685360603809357,0.23502867755889892,0.20699806113243102,0.1950135047197342,0.17845286519527434,0.15782692039012908,0.1539234586715698,0.1447526270866394,0.13393643503189087,0.12981074192523956,0.11763342257738113,0.10851871572732925,0.11119830031394959,0.10921193796396256,0.09604443893432617,0.09419008971452714,0.09024133849143982,0.08674152455329895,0.08824490655660629,0.0825335975766182,0.07903036488294601,0.08710558592677116,0.07719494044780731,0.07881128976345063,0.07065202662348748,0.06918326771259307,0.0680172253370285,0.06653115053176879,0.07778643283843995,0.0647264631330967,0.08362489092350006,0.06346581406593323,0.061178611183166504,0.059711828655004504,0.05922810461521149,0.05869902334213257,0.05781054682731628,0.057016798096895215,0.05375484273433685,0.054505083733797074,0.056627567100524905,0.056237457156181336,0.05420680792331695,0.05878048353195191,0.0629118074297905,0.051619263577461244],"train_accuracy_dist":[0.9907055344317701,0.9811049496816595,0.9907035706739912,0.9867944621938232,0.9841831425598335,0.9858096828046744,0.9846315789473684,0.9874122988031366],"train_accuracy":[0.09713792381749686,0.5474309334449561,0.8199037254081205,0.8914033068229384,0.9058183340309753,0.9267999162829635,0.9326862704060276,0.942182921724571,0.9449560485558811,0.9458978652155714,0.9553683549602344,0.9566502720803683,0.9593972373377982,0.9609930933444956,0.9628767266638761,0.9667748011720385,0.9693124738384261,0.9677951025533696,0.9693124738384261,0.9727134784428632,0.9734198409376308,0.9741000418585182,0.9745971117622436,0.9742046881540394,0.9765069066555044,0.9770039765592298,0.9742046881540394,0.9781550858099624,0.977108622854751,0.9795678107994977,0.9795416492256174,0.9800648807032231,0.9810066973629133,0.9758528673084973,0.9819485140226036,0.9762452909167015,0.982079321892005,0.9832827542904982,0.9833350774382587,0.983727501046463,0.9836751778987024,0.9842507325240687,0.9842507325240687,0.9853495186270406,0.9848524487233152,0.9848262871494349,0.9849832565927166,0.9857942653830054,0.9836490163248222,0.9827333612390121,0.986395981582252],"train_loss_dist":[0.03195775315373267,0.0619827457882493,0.03231680669801925,0.038960062352994,0.04908678926814359,0.043857861170312,0.050845340889535455,0.04118063470584717],"train_loss":[2.3100002961410246,1.2619617377263999,0.6109397695101595,0.399631283629971,0.3205285857191061,0.2637199796720647,0.2308508780659767,0.20011690512959143,0.18551188750974537,0.17630364200316273,0.15280787051449127,0.14711325604222206,0.14112194468157718,0.12934333189661926,0.1250038396026401,0.11326904361424348,0.1066799900465668,0.10646749083476095,0.10367643346569695,0.09392356990913359,0.09026294414805036,0.08692781797420372,0.08359247766195006,0.08351248851119646,0.07902097629769926,0.07577983483024231,0.082472570071844,0.07292024385999396,0.0759991165229586,0.06713697069385757,0.06745217860596042,0.06588973513562286,0.06234443712069868,0.07633287521713059,0.060469665757566377,0.07601056529003183,0.058172700101569726,0.05602278947270198,0.05434556791633711,0.053534664548576805,0.0530645736098362,0.051470339721563445,0.050707506325135654,0.04858550066190747,0.04854997210383927,0.04878876022488704,0.04885829260891288,0.04655819400823755,0.05025195467838212,0.055587005685911975,0.04384838189862866],"valid_accuracy_dist":[0.9890202702702703,0.9745484400656814,0.9864864864864865,0.9906303236797275,0.9725457570715474,0.9849749582637729,0.9789562289562289,0.9851485148514851],"valid_accuracy":[0.09015396903340354,0.5528313162639632,0.8207137341722555,0.8923671284990408,0.9058610718016241,0.9292919438285783,0.9344177117111164,0.943098630164075,0.9451899773103607,0.9440405520744727,0.9550224871430334,0.9571147187395923,0.9587878141719349,0.9611944530772818,0.9637046342911382,0.9669471365209159,0.969875716125898,0.9672609492723953,0.9691432178218039,0.9729091316314007,0.9730136297764729,0.9735367748728341,0.9747918365538176,0.9735365595676468,0.9759425477437256,0.9758378609000717,0.9714452195795694,0.9763610457118423,0.9761512967759595,0.9780344556093351,0.9781386249969102,0.9781390499037047,0.979080350702922,0.9747921790995399,0.9791849050882958,0.973850446590708,0.9802309971266445,0.980230847269157,0.9806493499696107,0.9811723369885753,0.9800217824254255,0.9819044919736315,0.9817998503854352,0.9812769198892676,0.9816952229819864,0.9812767689358638,0.9822184313487163,0.9823227963253777,0.9802304810187054,0.9792895874877408,0.9827412719128636],"mean_valid_accuracy":[0.08997090479200381,0.5543081046877052,0.8210127466736026,0.8925449959831214,0.9060207003361276,0.9293962935747648,0.9344798008866373,0.9431658440373507,0.9452683428333244,0.944070448974121,0.9551018518767054,0.9571904928762665,0.9588942718239691,0.9612843060678528,0.9637776330076244,0.9670299769694166,0.9699668365183596,0.9673346029404577,0.9692303555692795,0.972985793071957,0.9730888723872919,0.9736099422750231,0.9748536806721171,0.9736058202905599,0.9760165763082203,0.9759086345485752,0.9714927307636785,0.9764336116121958,0.9762153434262031,0.9780914131332415,0.9781799035696339,0.9782133848956951,0.9791404814885762,0.9748663843501139,0.9792511912515591,0.9739395047594924,0.9802960216796355,0.9802915166419002,0.9806998761543255,0.9812290515559277,0.9800642060908588,0.9819566179618885,0.9818446617054948,0.9813260248800065,0.9817424517788487,0.9813246125047057,0.9822700421641055,0.9823656336258911,0.9802803783075299,0.979357672649209,0.98278887245565],"std_valid_accuracy":[0.08727148525921556,0.16185013635168063,0.08498321222983637,0.04819664147654687,0.04399262508619973,0.0279205161461341,0.031109713886925024,0.024376050679433218,0.02205234872764662,0.02747234211238891,0.017797936773670548,0.01724146950907512,0.016126935536471966,0.016927637235510194,0.013738020311588689,0.014303107606922426,0.012897238887798944,0.014430430237416525,0.013429453841910133,0.012052313698201818,0.01201428337797913,0.012107665689420871,0.010491605114987371,0.010740334533442947,0.01084062577334441,0.009814358596822547,0.013957319144318652,0.010909807530925414,0.008312263222433227,0.009644105131844159,0.006856742498200722,0.008717873465391487,0.007881483799818354,0.0110923091392249,0.008448512176079127,0.010163134808076174,0.00887550619762945,0.007928264549143997,0.007236428124341813,0.007452898644884301,0.007058344832160819,0.007297693716024001,0.006620072868682272,0.007039943194560575,0.006444768443304628,0.006931884594019829,0.007276515117972892,0.006644560399784263,0.006477376990850465,0.009863935101613363,0.006243528688577428],"valid_loss_dist":[0.0384178213976525,0.07370747860722941,0.033460217175652854,0.03878986848172378,0.09458643935633182,0.048793122980849375,0.07444972616403994,0.05144442866245905],