{"test_accuracy":[0.0972,0.5275,0.7917,0.8661,0.9073,0.9258,0.9355,0.9317,0.9407,0.9508,0.9528,0.9539,0.9565,0.9604,0.9601,0.9635,0.9675,0.9601,0.9698,0.9709,0.9715,0.9713,0.975,0.9737,0.9735,0.9733,0.9752,0.9724,0.9747,0.9757,0.9763,0.9537,0.9776,0.9776,0.9782,0.9774,0.9777,0.976,0.9794,0.9776,0.9786,0.9784,0.9803,0.979,0.9801,0.9806,0.9804,0.9806,0.9801,0.9807,0.9809],"test_loss":[2.3084521141052248,1.3432560062408447,0.7023625966072082,0.45858355112075805,0.3333413290023804,0.26960643281936647,0.23174605798721312,0.2364331962108612,0.19062650983333587,0.1688487915754318,0.16013505086898805,0.16151383005380632,0.14789333403110505,0.13320008203983308,0.13519628286361696,0.12150816811323166,0.11345646628141404,0.12694387304782867,0.1025675064086914,0.10086569511890411,0.09610809954404831,0.0951936541557312,0.085581014585495,0.08600614178180695,0.08580929753780366,0.08737103104591369,0.07958088178634644,0.08487021181583404,0.07971258162856101,0.07771779200434685,0.07484364691972732,0.14225989434719086,0.07133092968463897,0.0719736416220665,0.06915341317653656,0.06860426983833313,0.06981344861984252,0.07425461646914482,0.06204402660131454,0.06513277935981751,0.06512450571060181,0.06606305702924728,0.05897827410697937,0.06058083044290542,0.062461101323366165,0.05916304159164429,0.05873467155098915,0.05797512329220772,0.06074177668094635,0.05941445468664169,0.05635558302402496],"train_accuracy_dist":[0.9915487006127192,0.9854318418314256,0.9839315525876461,0.9865263157894737,0.9849360297152291],"train_accuracy":[0.11594081752068879,0.6014377664465435,0.8115857226448215,0.8790855136671404,0.9108083256708184,0.9294073392961631,0.9382261974421132,0.9384769706595336,0.9470868511242999,0.9528546351249687,0.9565744378500376,0.956825211067458,0.9587060101981109,0.9626347906043634,0.9638050656189919,0.9673576861991139,0.9689459165761096,0.9638886566914654,0.9712864666053665,0.972456741619995,0.9732508568084929,0.9742957452144111,0.9765527041711946,0.9763019309537742,0.9766780907799048,0.9763855220262476,0.9780573434757168,0.976928863997325,0.9780991390119536,0.9794365961715289,0.98018891582379,0.9607957870099474,0.9810666220847614,0.9810666220847614,0.9824040792443367,0.9817771462007857,0.9820279194182061,0.9808994399398144,0.983908718548859,0.9833653765777814,0.9838251274763855,0.9839923096213324,0.9857477221432751,0.9853715623171445,0.9849954024910139,0.9852043801721976,0.9855387444620914,0.9860402908969322,0.9858313132157486,0.9859566998244588,0.9864582462592995],"train_loss_dist":[0.026406860897369083,0.0453334233003526,0.04683897486314153,0.04239791268502411,0.04819460299590182],"train_loss":[2.3071120554195303,1.2280560275897088,0.6330672924789927,0.4224344385864294,0.31426248829779113,0.2547057527750743,0.2207592513247506,0.21797825989964953,0.18249045824628157,0.1618475515040717,0.15175464677900852,0.14893346949060315,0.13867634849849078,0.12876912586709846,0.12520988591555307,0.11272575764973745,0.10560482317877759,0.11597235629358868,0.09538723002024033,0.09267174007551214,0.08837005483880446,0.0861284345602345,0.07920454709574146,0.07746443643460359,0.07718094330102586,0.07716972258386953,0.07089836177538604,0.07363631762439622,0.07009058183025309,0.06751908361538092,0.06448508690342632,0.11972528334554747,0.06120568081731271,0.06167396827149598,0.05761021820655958,0.057452463713139584,0.05749118527681122,0.06000044037005854,0.052132950816840655,0.05257933405950799,0.05143910129341649,0.05136413979978939,0.046252303008710395,0.04720083935852509,0.04740367463290393,0.045868787691551414,0.04474322366787688,0.04453238678162989,0.0451565000691715,0.04391530397642614,0.04188766490435598],"valid_accuracy_dist":[0.9890202702702703,0.9708818635607321,0.9824707846410684,0.9797979797979798,0.9826732673267327],"valid_accuracy":[0.1069371958250354,0.6000789436660816,0.8131618377233824,0.8783415919898178,0.9097585362680801,0.9306485463160787,0.937333391562837,0.9359961270176224,0.9448536379091427,0.9513701133646356,0.9562163492705877,0.9567179248999462,0.9605618892798496,0.9607293979376709,0.9622321131150477,0.966577975687024,0.970254516914216,0.9649069702832072,0.9707558132797551,0.9709228898518953,0.971758385230616,0.9717582805305421,0.9745993696867629,0.973930742987451,0.9735963818122504,0.9734296421913705,0.975435242414899,0.9752675121971742,0.9742651385783234,0.9754349278840824,0.976771484476415,0.9540445535642622,0.9772729917138792,0.9786096867658667,0.977941476646297,0.9767720760620409,0.9774401048892943,0.9771053210404645,0.9794455306275301,0.9799466550448329,0.9804477782613574,0.9799464768672103,0.97977996382991,0.9791114788974918,0.9804480293959378,0.9792784826722704,0.9802813051345709,0.9814506307909083,0.9811163751885142,0.9812832384301271,0.9809494002802082],"mean_valid_accuracy":[0.10744445963821574,0.6010988709156977,0.8137069293275083,0.8784924713905464,0.9098271158684195,0.9307098969768457,0.9373808935472472,0.9360819274223232,0.9448642531196715,0.9513762483807232,0.9562661440977042,0.9567765283430258,0.9606312887826582,0.960694361334667,0.962281329200659,0.9666269494275648,0.970297252464557,0.96500275372358,0.9708122199309619,0.970979798411188,0.9718084307171642,0.9718062669623402,0.9746377861895027,0.9739749684602407,0.9736330708717873,0.9734916514481636,0.97547840637568,0.9752856490066423,0.9743153418897144,0.9754792692722211,0.9767996438033878,0.9541078623284062,0.9773105119387673,0.9786342069431638,0.9779772128680293,0.9768032773157513,0.9774755284404172,0.9771416782044667,0.9794639371698676,0.9799701383695256,0.9804804773347462,0.9799773876469644,0.9797968067563401,0.9791301058270779,0.9804643513648749,0.9793034959138345,0.9802901307923158,0.9814738644071387,0.9811313332466394,0.9813083379525981,0.9809688331193567],"std_valid_accuracy":[0.08675722740718766,0.15412234428123692,0.07104591133100219,0.039710013070198384,0.022995131783212778,0.02323037352943363,0.023267503956151275,0.023231452948737106,0.019331318045181116,0.015335892289076017,0.013178064437539475,0.014831321378359017,0.011959731104340073,0.015016777590203024,0.010897032947040058,0.009583261986489114,0.010133660419124923,0.013877473616697968,0.010269395348916844,0.010456026261238868,0.009303046065239509,0.00990850575338949,0.0076254650710330905,0.00824879116608433,0.008215817392431381,0.009814358140197516,0.008842615575199414,0.008835117699896368,0.009263710604862824,0.008177476656682203,0.006852996265812651,0.008873157587426066,0.007091769856828899,0.0058543427427626225,0.006840834376019729,0.008405032381245674,0.007031995674804123,0.007227630552342259,0.00546518118814712,0.005844182176542234,0.0058633717905108365,0.006158846677447814,0.007411652754583992,0.0076055918333852,0.0064088520681289925,0.008279878348996085,0.006571558076424706,0.005512707758307106,0.005413613230023933,0.005546435698086795,0.005883951850801548],"valid_loss_dist":[0.027931275702006108,0.09674089931311107,0.05716197564265067,0.07547284961248488,0.06448973041556456],"valid_loss":[2.3080050354121475,1.2291336764890577,0.6390569567092469,0.42824886284272806,0.3224290317291679,0.2614546485278918,0.22816178252467612,0.2264348713252747,0.1912333230257625,0.16852513692187296,0.15718564047730177,0.15724519603815654,0.14352096052230312,0.13626387406105703,0.13328879077737063,0.1203900290594901,0.11457103135516082,0.12149101462472295,0.10367483774574712,0.10189783059424107,0.09753619667883925,0.09714720559709213,0.0901647489520079,0.08894401876582606,0.0893273987815945,0.08894232010113383,0.08323766655365941,0.08865761919350314,0.08317862226669463,0.08104567287684993,0.07926350843631623,0.13996513196715063,0.07558778410196311,0.07601697163423453,0.07383305692344604,0.07372385955392821,0.0742141175066482,0.07663203365475452,0.06992597819994807,0.07162499399555476,0.07030432107097921,0.07079838108038698,0.06607197307245793,0.06696494102148813,0.06808283177836996,0.06685063947965128,0.065601190375275,0.06514072531064395,0.06706540639260163,0.06556880213495013,0.06444755519643086],