{"test_accuracy":[0.0972,0.4999,0.6598,0.7373,0.7798,0.8427,0.8563,0.8974,0.895,0.9082,0.899,0.9289,0.9266,0.9347,0.9391,0.9373,0.9443,0.9439,0.9487,0.9435,0.9477,0.9464,0.9549,0.9542,0.9607,0.9534,0.9586,0.9625,0.9548,0.9546,0.9625,0.9597,0.9636,0.9646,0.9669,0.9656,0.9665,0.964,0.969,0.967,0.9693,0.968,0.9618,0.9686,0.9698,0.9704,0.9628,0.9718,0.9721,0.9701,0.9715],"test_loss":[2.3084521141052248,1.5011606885910034,0.9032870485305786,0.6627690916061402,0.5428339767456055,0.41359922165870666,0.3802678050518036,0.30144739985466,0.3010711383342743,0.2696468680381775,0.26782094192504885,0.2155607229232788,0.2114937569141388,0.19927561972141267,0.18714765911102296,0.1860475724697113,0.16825385570526122,0.1670798661708832,0.1545947931289673,0.1730929632663727,0.1552912840604782,0.15017832098007203,0.13430332551002502,0.133797913479805,0.11846498653888703,0.12868689968585967,0.12059066179990768,0.11379648821353912,0.1289015242576599,0.12581760264635086,0.10826104481220246,0.11835786170959472,0.10562924950122833,0.10177391750812531,0.09656190458536149,0.10001213943958283,0.09663138797283173,0.10241428110599518,0.09124016371965409,0.09385605006217956,0.09034003314971924,0.09139823186397553,0.11024142236709594,0.08876600860357285,0.08649569625854492,0.0841161008477211,0.10275706897974014,0.081268024289608,0.08016862152814865,0.08375832842588425,0.08206835457086563],"train_accuracy_dist":[0.9672581326573721,0.9811049496816595,0.979765708200213,0.9694127243066885,0.9931135225375626,0.9917457697069748],"train_accuracy":[0.06338418862690708,0.5872052704576977,0.7499306518723995,0.8047850208044383,0.8369278779472954,0.87874479889043,0.8884535367545077,0.9142510402219141,0.9159847434119279,0.9258321775312066,0.9219486823855756,0.9414008321775312,0.9407420249653259,0.946636615811373,0.9490638002773925,0.9486823855755895,0.954126213592233,0.9544036061026352,0.9579403606102636,0.9540568654646324,0.958876560332871,0.9587378640776699,0.9646671289875174,0.964875173370319,0.969625520110957,0.9646671289875174,0.96875866851595,0.9710124826629681,0.9644590846047156,0.9659153952843273,0.9717406380027739,0.9703883495145631,0.9736823855755895,0.9747226074895978,0.9759361997226075,0.9748266296809986,0.9765256588072122,0.9753467406380028,0.9774271844660194,0.9766643550624133,0.9780859916782247,0.9777045769764217,0.9698335644937587,0.9781206657420249,0.9794036061026352,0.9797156726768377,0.9748266296809986,0.9808599167822469,0.9809639389736478,0.980374479889043,0.9804091539528432],"train_loss_dist":[0.08856451971260465,0.06529125541564888,0.06380597219918482,0.08878675366935683,0.019950159177034844,0.02830603710647474],"train_loss":[2.311814666414393,1.2755656420523185,0.7113341046541144,0.5277180832556233,0.42919257777677167,0.3385539695785876,0.30877836972227046,0.25601195247531267,0.24943133940592138,0.2246964649430343,0.21941774862504534,0.18277748731506185,0.178339270114816,0.16826128021667966,0.15786522303148587,0.15598245417071446,0.14238167150455028,0.13866331251609385,0.1300599728895664,0.14393883060080087,0.12824502395732063,0.12297647399659915,0.11057854079939787,0.1095283055659926,0.09923728965377841,0.10435803215485712,0.09873765610602792,0.09365114899385778,0.10704809329608111,0.10153855513161289,0.08749390766412102,0.09346509239947663,0.08501100694546257,0.0814581737220649,0.07700248155445791,0.07825510857921306,0.07563691896266315,0.0797538698777484,0.07182795907798302,0.07178338635803282,0.07020776523322374,0.06966489020621355,0.08939766537064839,0.0671290129367598,0.06533402016466476,0.06299176013120418,0.07431488784117916,0.05990668883012419,0.05914596294656127,0.06073498165379595,0.05911647215680621],"valid_accuracy_dist":[0.9670608108108109,0.9770114942528736,0.9778534923339012,0.947840260798696,0.9891485809682805,0.9876237623762376],"valid_accuracy":[0.06306228047059644,0.5841001109728671,0.7558839539567612,0.8092562128800226,0.8430840330151838,0.883144175417178,0.8943706671410756,0.9195998915018614,0.9183527190863316,0.9252834737210911,0.9208476191749148,0.9410855453474753,0.9402543325870244,0.9441351995489466,0.9471846160091135,0.9459376830803939,0.9527293320693353,0.9506509018901594,0.9549482166106414,0.9498186994380018,0.9555016387746863,0.955087415777444,0.961601767123328,0.962156293981354,0.9650671732348238,0.9607705659319599,0.9654829000157853,0.9674235295322382,0.9610454569817409,0.9616016873440196,0.9668690190436109,0.9660384254339278,0.9679783586598752,0.9679781016435207,0.9697802710911804,0.9692257997011069,0.9714439350217121,0.9697813241319592,0.9718594981514525,0.9699189574844136,0.9721366948683228,0.9715820594772108,0.9634021829008605,0.9719981227628965,0.9731071470467468,0.9725525916515465,0.9679790789836095,0.9739390852910399,0.9744931450768033,0.9738004529104302,0.9743547289124597],"mean_valid_accuracy":[0.062083029420390436,0.5831818441327067,0.7559423085033886,0.8095509743976678,0.8436208078095674,0.8835459921109395,0.894575920713558,0.9198355977340276,0.9185778897859077,0.925486958396304,0.9210080712110215,0.9412269875576,0.9404124581235607,0.9442862718313655,0.9472999349131398,0.946072502537935,0.9528118443927142,0.9507755628716713,0.955102761332642,0.9499986783824234,0.955556853170175,0.9552543740059466,0.9616944558011093,0.9622453723718615,0.9651628414031639,0.9609129630592333,0.9655497591968825,0.967490076535532,0.9610213434823889,0.9617398895655023,0.9669555286711754,0.9661679193137855,0.9680710960915112,0.9680668991555628,0.9698576679761226,0.9693038678203721,0.9715245405921377,0.9699315393304202,0.9719637979841177,0.9700114626781228,0.9722259767431137,0.9716542561827032,0.9634758386658886,0.9720644370167304,0.9731753919178495,0.9726192332572516,0.9681114278489416,0.9740382554444381,0.9745431879487206,0.9738770480591907,0.9744230669234667],"std_valid_accuracy":[0.08401445458663814,0.16330009055651126,0.15258921804426412,0.11343093163227938,0.10456368404905644,0.0744614900660397,0.06446786438118601,0.047385662570369164,0.0497430873860353,0.044113527541986844,0.05218312370725167,0.03142382552560813,0.03473894965144687,0.02916118276373878,0.02688488883461251,0.030721704565359064,0.023217135690651147,0.028250264518884037,0.02434751333120291,0.02611434369316582,0.022415809751560444,0.028978803299409963,0.021796906978861122,0.021383267554688196,0.018038643745594083,0.024547902728744013,0.01876973920032442,0.01731207201747127,0.01895997402253005,0.02153393277760474,0.017561268435987692,0.021249678547249257,0.017594577655972988,0.016472596707771354,0.015896235953880757,0.016741033003849885,0.016086279874558834,0.019559380166798236,0.01400607233896511,0.01670626535091353,0.013883107570514794,0.014530187053553315,0.016995298111287162,0.015257359488473243,0.014862417704673747,0.015236350569400472,0.02167036366469197,0.014200821010803336,0.01355674763484691,0.015263409067054486,0.013966718150615986],"valid_loss_dist":[0.09666126845656214,0.07607395163995684,0.08144206308729604,0.13746401282617884,0.03283404358950302,0.03807743712522016],"valid_loss":[2.312009463977861,1.2757135888548008,0.6990656103432664,0.5126369770665508,0.4161030404710554,0.32897753862402207,0.3019662289565629,0.250888266710356,0.24576979121234047,0.22177504064356576,0.2186196513141091,0.1829751205996377,0.17904837582240082,0.17067054958231886,0.1611824345250282,0.15969573130903242,0.1471944342475364,0.14321693105200464,0.13531535301388609,0.15196296298926093,0.13620409261707317,0.1298180171075852,0.11816238823681943,0.1174744133214828,0.1074008335998089,0.11296982190808537,0.10890252449026827,0.10432703686510632,0.11687756034825901,0.11353879367561333,0.09902555893027083,0.10646344038152504,0.0975439689469204,0.09405914705333673,0.09006444972604002,0.09205317414227623,0.08920952163352203,0.0944466864659259,0.08654317273428569,0.0868911540270272,0.08551616641831679,0.08561463346573678,0.10746661128254033,0.08284912753632401,0.08178340861316627,0.07976092141271612,0.09279751255889247,0.07733172881900444,0.07693521969278386,0.0789626352772844,0.07719682793663198],