{"test_accuracy":[0.0972,0.6091,0.7463,0.7923,0.8406,0.8739,0.9003,0.9037,0.9139,0.9271,0.9362,0.9351,0.9428,0.9529,0.9544,0.9572,0.9609,0.9584,0.9648,0.9648,0.9637,0.9679,0.9688,0.9684,0.9686,0.9666,0.9703,0.9722,0.9744,0.9735,0.9737,0.9764,0.975,0.9741,0.9714,0.973,0.9761,0.9754,0.9771,0.9769,0.978,0.9778,0.9608,0.9782,0.9751,0.9708,0.9757,0.9794,0.9782,0.9781,0.9791],"test_loss":[2.3084521141052248,1.3841310703277587,0.7333154468536377,0.5647234556674957,0.4298465256690979,0.34481275186538696,0.2885721227169037,0.2767818158149719,0.2511313639163971,0.21796313898563385,0.1971163582801819,0.19165854086875916,0.17249539942741393,0.14909788366556168,0.14397266006469728,0.1355516816854477,0.11914589424133301,0.1297359797000885,0.11178171336650848,0.11097577948570252,0.11119357752799988,0.10257430139780045,0.09339425909519196,0.09832288224697112,0.09631278692483902,0.1004162873506546,0.08767656748890877,0.08580714426040649,0.07768767137527466,0.08058485966920853,0.07889252943992615,0.07030470935106277,0.07559824481010437,0.07778515784740447,0.08639890226125717,0.08050851246118546,0.07163888183236122,0.07310539210438728,0.06712495968341828,0.06910875247716904,0.0667299082815647,0.06368957341909409,0.11190579506158829,0.062116402262449265,0.0749463259100914,0.08753226774930954,0.07366637112498284,0.05817693694829941,0.06565739051103592,0.06259514147043228,0.058430019438266756],"train_accuracy_dist":[0.9905524748408298,0.9891373801916933,0.9800208116545265,0.9887312186978298,0.9825263157894737,0.9876186545604623],"train_accuracy":[0.0962548249121953,0.6682546858156275,0.7953194004937928,0.837257015683138,0.8708140626630038,0.895851444865598,0.9146294815175435,0.9184546371318287,0.9269047536252043,0.9379629307646834,0.9446395660187085,0.9459262092707862,0.9509684598532531,0.9587578676496158,0.9590708349271482,0.9626873456897451,0.9670341134332511,0.9635914733803943,0.9693292068018222,0.9692944326598741,0.9690857878081859,0.9715895260284453,0.9744757798101332,0.9725979761449386,0.9726675244288348,0.9722850088674062,0.9753103592168864,0.9763188093333797,0.9789964182633794,0.9777793232951977,0.9782313871405223,0.9815001564836388,0.9798309976701325,0.978752999269743,0.9761449386236395,0.9786139027019508,0.9812219633480543,0.9802830615154571,0.9827172514518204,0.9820217686128595,0.9833779601488333,0.9836909274263658,0.9656431477553291,0.9843864102653267,0.980978544354418,0.9771186145981848,0.9819174461870154,0.9865076329241576,0.9843516361233786,0.9848384741106513,0.9864380846402615],"train_loss_dist":[0.03672722495386894,0.03157012959202321,0.05961318457582491,0.03334531305553718,0.05851246459546842,0.037119115679361485],"train_loss":[2.3076285396882623,1.2323411834083677,0.6400459876962359,0.4784272377309512,0.3694514403559549,0.30113031467648316,0.25660788222691916,0.2412681716965834,0.21736066049905928,0.19048145364081429,0.17241716662681364,0.166826545280181,0.15221354754653765,0.13308372031190646,0.12843665441128765,0.11979712527606062,0.10747610500081921,0.11355941100134452,0.09961283057148232,0.09745332084915612,0.09727572925010804,0.091286255407699,0.08321182206534758,0.08491972438828103,0.08264383898102495,0.08492834508713361,0.07502234644598949,0.07311422848262997,0.0681188623564202,0.06928137880219357,0.06674400930469311,0.060266981365321534,0.06202978877244527,0.06356452787490272,0.07411103783390456,0.06426099315946356,0.05763346411734192,0.05902018815112673,0.053718739055874626,0.05395703797008118,0.05222018202917371,0.04986124494604873,0.10498594306027205,0.048037756585341505,0.058159697932944586,0.06617817529120772,0.054281929734229344,0.043786002383900804,0.04835793712876664,0.04573693055216881,0.04281017318199292],"valid_accuracy_dist":[0.9844006568144499,0.9846678023850085,0.9642262895174709,0.9874791318864775,0.9739057239057239,0.981023102310231],"valid_accuracy":[0.09036335835158747,0.6631124827644043,0.7921442383715079,0.8302417316593272,0.8637489182514054,0.890302671706183,0.9097687916096394,0.9114356138960331,0.9222810409618463,0.9335426720350761,0.9407721608289784,0.9416065398688398,0.9466116116695159,0.9548141277453711,0.9557869918653037,0.9585677194053728,0.9638514987040008,0.9599584530720959,0.9655195334118987,0.9663540318079769,0.9653803951710951,0.9683000476613247,0.9713589863243851,0.9701072335624962,0.9699684295947232,0.9689956396995566,0.9719148219993706,0.9728881496738986,0.9762247568689151,0.9734441620096047,0.9737221778734279,0.9780322316988982,0.9748344577073284,0.9728882340153344,0.9705247799126013,0.9719148231447255,0.9759468227283485,0.9735832319546552,0.9763637069635693,0.9765030950813979,0.9763639064504526,0.9778933648927922,0.9600947140063968,0.9784494668530193,0.9727489502834422,0.9694118156065187,0.9740004033078993,0.9790055035121055,0.9765028117247078,0.9781714195551393,0.9792836385473515],"mean_valid_accuracy":[0.0901188640469961,0.6628472520270744,0.7920952704752949,0.830138566192847,0.8637083491381093,0.8902986840067783,0.9097965039030468,0.9113742074360474,0.9222799808207518,0.9335609764259107,0.940775172310078,0.9416121801621328,0.9466099952436117,0.9548296026163016,0.955806442896503,0.9585628456158829,0.9638613998246481,0.9599556108342501,0.965519031351821,0.9663438120400277,0.9653459115623234,0.9683010106059519,0.9713536818928717,0.9701056832164202,0.9699540247835543,0.9690181142464108,0.9719128877720301,0.97289015544431,0.9762245120157451,0.9734337449125459,0.9737210946591534,0.9780257245048878,0.9748346169373071,0.9728904487011327,0.9705239596887552,0.9719074669368734,0.9759557368314847,0.9735665931791715,0.9763661623072896,0.9765092580380262,0.9763788343544147,0.9778974273374121,0.9599827156896747,0.9784472148704205,0.972713414389282,0.96938764898481,0.974001057411873,0.979001676333266,0.9764908329275396,0.97816449163718,0.9792837844698936],"std_valid_accuracy":[0.08764206788621537,0.15226105501999374,0.12429319890550984,0.1182178376165799,0.09390518329649097,0.06577824519657942,0.056677665461087316,0.05588085332400651,0.04968036980379969,0.041531194479788536,0.03421706546959192,0.03580228236467664,0.030891425976175235,0.02098116257694309,0.01896748232850407,0.020348965611963372,0.017510036715861987,0.020844694278678,0.015787486107808932,0.018181571345963918,0.018421258083843206,0.014447757652729157,0.01322390575185294,0.013069020568823564,0.01384762250864483,0.015420086839431196,0.011856860438342803,0.011944445584920957,0.008324737682177128,0.010900849646365198,0.01011008827935591,0.007226509606423819,0.009284543364207871,0.011499733426804661,0.013426295450690936,0.011984315107018978,0.009415636282768142,0.011357649064413102,0.007482964049384492,0.00991076036947727,0.008447710157987124,0.008116902137305254,0.014136347580932592,0.009358840050868665,0.012624815606615306,0.012482570222004377,0.012127175501993633,0.0074498456173030395,0.010027567587496186,0.009576324352433776,0.007968800275690809],"valid_loss_dist":[0.046440168432218494,0.047656981994793,0.11369222038101634,0.04707316124503919,0.09088692919473455,0.05598538143947573],