{"test_accuracy":[0.0972,0.5554,0.7017,0.791,0.8419,0.872,0.9075,0.893,0.9065,0.9327,0.9374,0.936,0.9394,0.9372,0.9483,0.9517,0.9498,0.9531,0.9512,0.9578,0.9564,0.96,0.9587,0.959,0.9627,0.9628,0.9638,0.9616,0.9675,0.9659,0.9682,0.9686,0.9671,0.9681,0.9646,0.9695,0.9686,0.9685,0.9708,0.9707,0.9737,0.9716,0.9715,0.9734,0.9726,0.9726,0.9744,0.9726,0.9713,0.9687,0.9746],"test_loss":[2.3084521141052248,1.2884220535278321,0.7830273370742797,0.5437230452537537,0.42867304635047915,0.36132533564567565,0.29452947793006895,0.2997709985256195,0.27413790712356567,0.22216443166732788,0.2036823498249054,0.19817257640361785,0.1903325851202011,0.19207832126617433,0.16562263927459717,0.15386325314044952,0.1558028697013855,0.14512775440216064,0.15017201063632965,0.13219069957733154,0.13483687915802,0.12793098541498185,0.13037476439476015,0.1240573346376419,0.115265640604496,0.1156623104929924,0.11171322559118271,0.11962841117382049,0.10278726683855056,0.10402058395147323,0.10166039392948151,0.09848221070766448,0.09922641741037369,0.09700227460861206,0.10519317433834076,0.09490018900632859,0.09491715612411498,0.09433473020195961,0.08860986173152924,0.0886911674618721,0.08311980477571487,0.0848556901693344,0.08457599623203278,0.08194206728935241,0.08417602769732475,0.08429352190494538,0.07812822309732437,0.0818814481496811,0.0841320010304451,0.09377306877374648,0.07646914308667183],"train_accuracy_dist":[0.9752851711026616,0.9839802834257547,0.9825346112886049,0.9738988580750407,0.9919521254643004],"train_accuracy":[0.07530771789753826,0.622255489021956,0.75,0.8222305389221557,0.8633566200931471,0.8851047904191617,0.9113023952095808,0.905938123752495,0.916957751164338,0.9344228210246174,0.940244510978044,0.939870259481038,0.9429058549567532,0.9421573519627412,0.9524700598802395,0.9551729873586161,0.9544660678642715,0.95854125083167,0.9572105788423154,0.961535262807718,0.9612025948103793,0.9659015302727878,0.9630738522954092,0.9646540252827678,0.9679807052561543,0.9678975382568197,0.9693945442448436,0.966816367265469,0.9723053892215568,0.9716400532268795,0.9722222222222222,0.9740934797072521,0.9731786427145709,0.9744261477045908,0.9715984697272122,0.9753409846972722,0.9756736526946108,0.9754241516966068,0.976962741184298,0.9764221556886228,0.9787924151696606,0.9785429141716567,0.9778775781769794,0.9794993346640053,0.9792498336660014,0.9794993346640053,0.9807468396540253,0.9792498336660014,0.9780023286759814,0.9742598137059215,0.9815369261477046],"train_loss_dist":[0.0726410197082279,0.058234953816347385,0.05650041488944468,0.07839005102584257,0.027142510483801684],"train_loss":[2.310233289560555,1.1716568300020909,0.6915003730743846,0.4881650229230652,0.3890749817318763,0.33135081203784533,0.2769881937676373,0.27495384237314474,0.25087093060473087,0.2115685723638949,0.19495970854772401,0.18701828524708272,0.1785077614888192,0.17669090345447372,0.154749115883154,0.14402263109985533,0.1438112917556957,0.13497835424148086,0.13696455195761786,0.1226170502218256,0.12344390278587927,0.11603648590555393,0.11724291678520535,0.11059369485628874,0.10428188208624453,0.10368343480290747,0.0986079684987228,0.10311278710169662,0.0905866248893142,0.09049209966590716,0.0883654788559698,0.08557741076227572,0.08456963348293495,0.08208528827443343,0.08839805849334591,0.08043539930625769,0.07815412687898644,0.077460769853906,0.07262883085558589,0.0723528368529834,0.0691042875887173,0.06847241283651548,0.06809248982126875,0.0661433736672247,0.06634957819078142,0.06573830847039755,0.06121982023727486,0.06402253707748772,0.06492009019127198,0.07293570333310569,0.0585768230776665],"valid_accuracy_dist":[0.9721283783783784,0.9778325123152709,0.9804088586030665,0.9592502037489813,0.9892739273927392],"valid_accuracy":[0.07512958120309386,0.6242790359762673,0.7516368975502562,0.8282728453038808,0.8670097542068824,0.8874557960524655,0.9110620391018007,0.9054095137240993,0.9170477695723527,0.9335040694455657,0.9374937504818016,0.9388245562382461,0.9414845874684825,0.9393236144358568,0.9491306694269759,0.9509593458540687,0.9487995333901708,0.9537851457268123,0.9514588357169641,0.9577759683691383,0.956944284140573,0.9597701756850762,0.9579417012178937,0.9601026512161848,0.9630947514525172,0.962430349027873,0.9637600369615971,0.9594387798615713,0.9675838861547381,0.9660869169604298,0.9677496911692789,0.9680824153630397,0.9689138063703421,0.9684147153892187,0.9655890084679988,0.9682483817060294,0.9692459419079256,0.9704097264236593,0.9710740918601648,0.970908519007182,0.9720717373829524,0.9722380083414814,0.9717395811323992,0.972903063970064,0.9727368697977132,0.9714069817019633,0.9742330175654295,0.9732358597862734,0.9725711039849628,0.967085526961616,0.9757288043986159],"mean_valid_accuracy":[0.07399880057992762,0.623314948530847,0.7518898911033065,0.8284134619608776,0.867391243886094,0.8876602429140716,0.9112919207142877,0.9055824601225485,0.9173423067252722,0.9336897587362204,0.9376871192238783,0.9390158950357177,0.9417027936377022,0.9395425055823271,0.9492747730230475,0.9511026017884341,0.9490351047009569,0.9539136645100104,0.951658599141237,0.9579606251581652,0.9570849157901756,0.9599218316828768,0.9580851510035007,0.9602235479301425,0.9631879626799023,0.9625777230246939,0.9638859557303407,0.959644598042692,0.9677382382633238,0.9661558706622868,0.9678540916549918,0.9682134339784216,0.969053492941501,0.9685266954489089,0.9657382763205573,0.9683597285267936,0.9693516755536976,0.9705172640770183,0.971138632499746,0.9710215274363039,0.9721599332014573,0.9723152774142868,0.9718362816853825,0.9729864247295058,0.9728162466531523,0.9715015704592623,0.9743194311237667,0.973345759781877,0.9726791233953778,0.9672422191649857,0.9757787760876873],"std_valid_accuracy":[0.08728230451488772,0.17545196616486708,0.1339867708921988,0.08727340704340118,0.06914213555948241,0.057552036862793636,0.041488202105467956,0.046694573644563475,0.04299076788048043,0.028136415733869057,0.024664657252519893,0.03201259423499654,0.0300238039315585,0.03258113598362292,0.021521707712033072,0.020882836162918514,0.02782423279606157,0.01769859714211405,0.023798830095571592,0.020986884657809145,0.020016176505066974,0.016280060794061666,0.01912395368455635,0.017787994769298123,0.015901319118090503,0.01785032607997019,0.016229177199233797,0.02255342755436637,0.01571673483827064,0.014593076162434267,0.014513091741824583,0.015070694397717231,0.015648426773588228,0.014191254588213055,0.017170748401487017,0.014390896744900425,0.0143755682267878,0.014644938165114474,0.01172031912327967,0.014774692170377222,0.011664583842575484,0.012333677758451653,0.014013806221052513,0.01261380503801566,0.013241611092971011,0.01325842711443981,0.011681640810864136,0.013317713360871664,0.015814876826089088,0.01896847856751217,0.00994277337899159],"valid_loss_dist":[0.08275131216725788,0.07790817289761526,0.07226003493218852,0.12323233843481239,0.03681218906278067],"valid_loss":[2.310619063012761,1.1708028503276562,0.6860651385353755,0.48274934871626074,0.384608477715297,0.32964745299333537,0.2744534008751962,0.2747052467932742,0.2540898666015428,0.21711247564842753,0.19991301173378948,0.19322286976145417,0.1856322527899061,0.18492147910311849,0.1619830876257256,0.15241505495998703,0.15364856536833776,0.14542002744060742,0.14899571657492192,0.13383548814878998,0.13564789279254677,0.12820196794483857,0.1309316093771051,0.12366158067269484,0.11640830806228956,0.11677122202463912,0.11190528449166236,0.11844819276174554,0.10474861207391832,0.10492842734822731,0.10437206409579415,0.1014903626865803,0.10089475428678296,0.09834945145395417,0.10662595131284672,0.09746588406491509,0.09560595923129184,0.09580480653050552,0.09006108758644273,0.09015531733996408,0.08706575417642845,0.08611253370943994,0.08685879290457638,0.08511539017367277,0.08594792246153315,0.08621623588252358,0.0805219916855875,0.08430680831191253,0.08442981911028968,0.09470743200036984,0.07872021480070975],