{"test_accuracy":[0.0972,0.4328,0.7617,0.8188,0.8893,0.8968,0.9079,0.9301,0.9388,0.9443,0.9452,0.9524,0.9528,0.9563,0.9571,0.9601,0.9614,0.9633,0.9628,0.9579,0.9661,0.9655,0.9683,0.969,0.9665,0.9668,0.9711,0.9733,0.9635,0.9694,0.9729,0.974,0.9766,0.9759,0.9772,0.9758,0.9731,0.9767,0.9771,0.9782,0.9771,0.9777,0.958,0.9775,0.9777,0.9786,0.979,0.9792,0.9797,0.98,0.9771],"test_loss":[2.3084521141052248,1.4295179552078248,0.6985527387619018,0.5060254161834716,0.35253747429847715,0.33072426738739014,0.29187889227867125,0.23082249054908752,0.20469921855926515,0.18639646058082582,0.17651647057533265,0.1600635270833969,0.15380054857730865,0.1440114417910576,0.1449148014307022,0.12720762968063354,0.12255205833911896,0.11764157438278199,0.1159431590795517,0.12904035956859589,0.10908324710130692,0.10586702427864075,0.09968777816295624,0.09613475999832154,0.10705152623653412,0.09736726394891738,0.09035440851449966,0.08368391602039338,0.10743637813329697,0.09190188393592834,0.08332575786113738,0.07559814178943634,0.07436030863523484,0.07550134745836258,0.0696856614112854,0.07343941991329193,0.07689210557937622,0.07045119537115097,0.07054337432384492,0.06811052331924439,0.06862968211174011,0.06789773046970367,0.12449982900619506,0.06870618575811387,0.06591121158599854,0.06285863039493561,0.06360668597221375,0.060787275314331056,0.05953272006511688,0.05954114891290665,0.06596980909109115],"train_accuracy_dist":[0.9805661174482467,0.982337235571986,0.989647158250581,0.9783558792924038,0.9837228714524207,0.9929839042509286],"train_accuracy":[0.0964592237395323,0.49737655929670943,0.8049966989818965,0.8528788352618228,0.8987108655616943,0.9073630077487057,0.9173008096181243,0.9362034817054102,0.9426665276764308,0.9491643212064352,0.9512144271864902,0.9557663574133917,0.9592063657528058,0.9610479863789568,0.9601445498453733,0.9656694117238264,0.9674762847909935,0.9684492164425449,0.9692484102991765,0.9650092081031307,0.9706730602175198,0.9718544772229751,0.9731748844643664,0.9740783209979499,0.9694221480940964,0.9731053893463985,0.9750512526495013,0.9774140866604121,0.9707078077765037,0.975850446506133,0.9781437853990758,0.9792209597275792,0.9810625803537302,0.9805413669689704,0.9817922790923937,0.9812015705896661,0.9801243962611627,0.9812363181486501,0.9816185412974738,0.9833906668056569,0.9824177351541055,0.9830779387748011,0.968414468883561,0.9832864241287049,0.9838771326314326,0.9844678411341603,0.9845373362521282,0.9855450154626637,0.9855102679036798,0.9854407727857118,0.9846068313700963],"train_loss_dist":[0.058626860266855915,0.06037709091687305,0.03362169110379718,0.060964385277042156,0.04932421353180739,0.025906122057824357],"train_loss":[2.3084016915776697,1.2917425059109078,0.6106637350006131,0.4390506161841994,0.32723215431852076,0.29784629259579143,0.2636462508790202,0.2099636399968897,0.18781768066703147,0.17187504419657795,0.15932292240048893,0.14697742373876888,0.1384308380633515,0.13041883529551876,0.13292864922148925,0.11594887720372091,0.11048407952736365,0.10586968335339572,0.10243394813903274,0.11153371546225509,0.09570248282061035,0.09258221778123531,0.08803622853504725,0.08457419738394059,0.09732158522927499,0.08536924763987389,0.07942595311528453,0.07291620285863977,0.09323023152187658,0.07822445794717868,0.07142445093385248,0.06733539717504212,0.06292383175406314,0.0634530237013615,0.05961267469772048,0.06106540492343165,0.06268799454833283,0.05867841219154573,0.05754021585300638,0.05481660075636121,0.05538704224231665,0.0539272745121807,0.09706062231194862,0.0535757666213405,0.05117430321067347,0.048937207635878735,0.049272080543720745,0.04656594748821349,0.04578970271379865,0.045129443847963045,0.048142174716447696],"valid_accuracy_dist":[0.9788851351351351,0.9720853858784894,0.9864864864864865,0.9608985024958403,0.9816360601001669,0.9884488448844885],"valid_accuracy":[0.08862077995873235,0.49653615658045763,0.8107883608160976,0.8585786897339712,0.9040068446262792,0.9065064734238307,0.9151194605439075,0.9372075332149407,0.9433200907160311,0.9487380903592204,0.9481818491700102,0.9542948089847675,0.9558224233949867,0.9583231308828293,0.9581841682489721,0.9617963982851366,0.9634631780278591,0.9658249536455578,0.9667970919518682,0.9613788929966313,0.9688812527311803,0.9701315052186027,0.970131992978643,0.9715211499376726,0.96707567841512,0.9698538300776228,0.9724936187324894,0.9731877957573073,0.9667961117246419,0.9731878181653825,0.9734659796757691,0.9758281626184011,0.9751326362081438,0.9755498073296852,0.9761052288993712,0.9756885434471484,0.9755494750366844,0.9766613980258579,0.9767999419556386,0.9770773748330327,0.9763830967920946,0.9773555325297437,0.9627654987493569,0.9769385019874988,0.97818901289603,0.9791614291543522,0.9794391714277113,0.9795783899938864,0.9797172103404755,0.9802727375207766,0.9780502074747344],"mean_valid_accuracy":[0.08852580371600276,0.4972512211983548,0.8108455378567547,0.8584952636144189,0.9040244079971967,0.9066190811917778,0.9151456212114203,0.9372898822162266,0.9433558481345851,0.9488037981303045,0.9482278826930086,0.9543533229308205,0.955887889731498,0.9583674360347771,0.958289914047333,0.9618629882695596,0.9635339211111177,0.9658742743198676,0.9668677496404956,0.9614165549689887,0.9689503242897973,0.9701904919940182,0.9702000926106032,0.9715757381739709,0.9670975692868593,0.969885594447638,0.9725471265447636,0.9732283501120035,0.9668620553763859,0.9732389222559398,0.9735048708664173,0.975846436271285,0.9751921738644053,0.9756137484119499,0.9761525612044751,0.9757401549741703,0.9755841724880292,0.976698106143871,0.9768579212884747,0.9771316736522562,0.9764225873249693,0.9774031586902084,0.9628977802580155,0.9769892628775416,0.9782341435698694,0.9791962081968353,0.9794848490838208,0.9796320772055592,0.9797640201952542,0.9803189758933959,0.9780734024967678],"std_valid_accuracy":[0.08657242806952117,0.13000461584398773,0.09360739381521675,0.079113970663178,0.04773239252149318,0.04355514374674861,0.03447683367138198,0.026498752412497835,0.025622330116020473,0.022460840946847863,0.021573764254357298,0.021028455205391153,0.018127232832007668,0.018194282397019555,0.018126760882513065,0.016891723230101102,0.015664955986185378,0.014369024076300195,0.014643506890546951,0.015357206134796771,0.014122272076117897,0.012938535189572768,0.013976068856768848,0.013082503877097834,0.015607622365066532,0.011632396145166996,0.013299602558800984,0.011184751460415325,0.01185993652825506,0.012000402244596723,0.011799269346897687,0.01130024298280284,0.010817415367452995,0.01230025869693874,0.009874182356644638,0.011108675888920604,0.01065010536405099,0.01055016823185412,0.010873251325288574,0.010180887830329376,0.010965582948441627,0.009921091570674756,0.02260277790206314,0.009941094573055271,0.00991201205498711,0.008414011584397101,0.008570410720582138,0.009228903614942125,0.008131598100890302,0.007880182181475803,0.00933286986138114],"valid_loss_dist":[0.062284766419513804,0.08046928546062636,0.03397414410436476,0.12654970332161955,0.059434767470435426,0.04278342195297822],