{"test_accuracy":[0.0972,0.4215,0.6544,0.7824,0.8528,0.882,0.9151,0.9129,0.9337,0.942,0.937,0.9455,0.9487,0.9545,0.9519,0.9535,0.964,0.9627,0.9642,0.9661,0.9644,0.9706,0.9684,0.9704,0.9733,0.9727,0.9721,0.9741,0.9731,0.9763,0.9744,0.9777,0.9771,0.9775,0.9776,0.9788,0.9798,0.9807,0.9785,0.9804,0.9803,0.9806,0.9458,0.9806,0.9756,0.9756,0.9814,0.9815,0.9809,0.9821,0.9824],"test_loss":[2.3084521141052248,1.6526796577453613,0.85497766122818,0.6055594658851624,0.43027216901779175,0.3544015169620514,0.271054956817627,0.2675389591217041,0.21496503896713257,0.19114799027442933,0.1976029645204544,0.17788515858650208,0.165396009016037,0.15232374618053438,0.1542833692789078,0.15038836096525193,0.12133248851299286,0.1209885410785675,0.11620108551979065,0.11236260714530945,0.11799876961708068,0.09669542243480682,0.10127960249185562,0.09540349206924438,0.08808570078611373,0.09325521029233932,0.09049824032783509,0.08360720891952515,0.08707745559215546,0.07802352689504623,0.08012802089452743,0.07536100671291351,0.07487375420331956,0.07416599806547165,0.07173890589475632,0.07013728235960007,0.06718889334797859,0.06471588311195374,0.06962294430732727,0.06456792688965797,0.06373077100515366,0.06298887844085693,0.16318489339351655,0.0646425718665123,0.07782519011497498,0.07637587804794312,0.058827816718816754,0.05799428367614746,0.06144349837303162,0.05823315585851669,0.05633150658607483],"train_accuracy_dist":[0.9921939194741167,0.9908238172920065,0.9818938605619146,0.9856010016694491,0.9837894736842105,0.9824597606273215],"train_accuracy":[0.09411358536164337,0.5134127395132055,0.7250474710857931,0.8268945278784741,0.8790264111859141,0.9003625064733298,0.9245986535473848,0.92618677714483,0.9409287070602451,0.9477645434144657,0.9474883480062144,0.952425340928707,0.9555325392715346,0.9575694804073882,0.9560504056620058,0.9592957017089591,0.9664767823234939,0.9674434662523735,0.9677541860866563,0.9687553944415674,0.9682720524771276,0.9732780942516831,0.9722078370447091,0.9745554980148455,0.976661488002762,0.9744864491627827,0.9754876575176937,0.977490074227516,0.9763852925945106,0.979147246677024,0.9782841360262385,0.9794234420852753,0.980148455031935,0.980390126014155,0.9811151389608148,0.9817365786293802,0.9824961160020714,0.9832901778007941,0.9820127740376317,0.983531848783014,0.9838770930433282,0.983704470913171,0.9580528223718281,0.9837389953392025,0.9796651130674953,0.9798722596236837,0.9858795097531503,0.985189021232522,0.9850163991023649,0.9854306922147419,0.9861557051614017],"train_loss_dist":[0.024627616062711376,0.030033013128582843,0.056163968625754644,0.045956425219525476,0.04646138893616827,0.05199615811537821],"train_loss":[2.3077716369569643,1.391533008589762,0.703256346194542,0.5032058672791376,0.3645241849362367,0.30614531139481277,0.2433357851247641,0.23101353077881903,0.19309432465507848,0.17190671190117876,0.17065599861899003,0.15709853000474597,0.14585114774433583,0.1348913081698975,0.1371077812959879,0.12899020002508912,0.10903707850829279,0.10600275470276026,0.1028192348398838,0.10026058604165554,0.10131132615141437,0.08653455640539982,0.08899833327019419,0.08239683345791056,0.07707402737579382,0.0821293828358474,0.07682368663073244,0.07208583952179644,0.07470847584799784,0.06725554643914261,0.06762639233537357,0.06447963067364985,0.06275612688781725,0.06176266010233966,0.059654224923514916,0.05780848768499053,0.05511237939913903,0.05310727776784303,0.05552099903650941,0.051515509847705275,0.050875722126636234,0.050282340878631995,0.12558118278923047,0.05088892850581792,0.06185739206131847,0.0607149678487739,0.04585371578275262,0.044718874202667895,0.046490097898220166,0.04368265898666418,0.04246246055406485],"valid_accuracy_dist":[0.9860312243221035,0.9837000814995925,0.9708818635607321,0.9833055091819699,0.9789562289562289,0.9826732673267327],"valid_accuracy":[0.09136394193287778,0.5120071471232489,0.7269364506752125,0.8274439435722241,0.880040158763145,0.8995053837025141,0.9253204448218404,0.926561767729965,0.9398153786858604,0.9447849469111959,0.9442317380208848,0.9486503165037655,0.9518253096117923,0.9547235606184584,0.9530663042743853,0.9563798549663144,0.9619012778943716,0.9624537159904306,0.9623156239159832,0.9648007168463695,0.9646631134601389,0.9686653392483646,0.9682513029744357,0.9690795988315476,0.9707365964312582,0.9705986938448559,0.9714261537949923,0.9728066165503751,0.9705978449396564,0.9743248630544279,0.9726680964245324,0.9743248598726159,0.9747391218826258,0.9743249165726401,0.9761193298304432,0.9763955824516992,0.9773613221373952,0.9781897663746258,0.9766714396997718,0.9776377213788631,0.9781897969640124,0.9773613793793713,0.9541686234272059,0.9773615605257667,0.9743262897761436,0.9736357771757603,0.9799844428265694,0.9790178425212793,0.9792946327821499,0.9786038337798931,0.9809504331120578],"mean_valid_accuracy":[0.0914992808783482,0.5108825496952633,0.7260620178343974,0.8268303121776449,0.8797012610014662,0.8992965109061416,0.9252196742632625,0.9263784987412912,0.9397067781997633,0.9446937999212791,0.944120362227832,0.9485570939184091,0.9517330012295085,0.9546534369859513,0.9530056815570683,0.9563121055388867,0.9618279190997022,0.962394137746794,0.9622579385091009,0.9647526938370939,0.9645948636704768,0.9686297139434181,0.9682040718114163,0.9690495275425067,0.9707127378957722,0.9705765235347877,0.9713778971498886,0.9727623166999835,0.9705754588430326,0.974279007073869,0.9726149665548748,0.9742927401353582,0.9747010457045447,0.9742889482460607,0.9760806181346235,0.9763588266661972,0.9773349399552235,0.9781539565925454,0.9766277889159755,0.9775965473666904,0.9781527384595895,0.9773310859770991,0.9539956359827233,0.9773146844362487,0.9742597695078491,0.9735579564498611,0.9799418641031582,0.9789843657710019,0.9792522558734656,0.9785674586244588,0.9809246958078933],"std_valid_accuracy":[0.09073600880909886,0.1432187692682823,0.1038486080992115,0.06622079575906895,0.0405959205657519,0.027805835931288415,0.017161346006983668,0.022588256135593728,0.017637800135570668,0.015850988611929823,0.01679136773618524,0.016527868292478893,0.016292826998931375,0.013871771986740064,0.011768338017547987,0.01501900429260779,0.011699650690416789,0.011464143756437674,0.012170573794966787,0.011063386407796374,0.013946421203955941,0.00890874538170806,0.009112047082416284,0.008828014278824946,0.009823623202790451,0.009381265982551104,0.008606241662041934,0.008572211999578838,0.008192439492087087,0.0076232673231909145,0.008211574612456272,0.0073434637802413764,0.00721140411371438,0.007285196805151369,0.006771262906114465,0.007127011407448386,0.005027406903830901,0.005577993395802393,0.006973108792643878,0.006641222699643887,0.005941713965215297,0.005366283598425692,0.01911619409944031,0.00753516928977816,0.013036672697207917,0.013138893881420286,0.00697882008988622,0.006163722125077533,0.00729679444368552,0.0062475055755228034,0.004953761452565297],"valid_loss_dist":[0.03919632992444708,0.055107508999308434,0.09976373104604826,0.05953899926454675,0.08086961613158987,0.06376682346065839],