{"test_accuracy":[0.0972,0.284,0.5597,0.6869,0.8066,0.8264,0.8708,0.8987,0.8834,0.9135,0.9322,0.9155,0.9385,0.9418,0.9466,0.9391,0.9519,0.9501,0.9535,0.9571,0.96,0.9584,0.9624,0.9632,0.9638,0.9653,0.9679,0.9512,0.9678,0.9707,0.9664,0.9688,0.9675,0.969,0.9696,0.9643,0.9739,0.9735,0.9709,0.9727,0.9728,0.9731,0.973,0.9744,0.9741,0.9738,0.9734,0.9724,0.9739,0.976,0.9801],"test_loss":[2.3084521141052248,2.0065117559432983,1.2032417066574097,0.7627327536582946,0.5409938090324402,0.4842346733093262,0.38182430925369265,0.32748515338897705,0.33834602451324464,0.28368683166503905,0.23170619916915894,0.2711776311635971,0.21048839299678804,0.1986156792640686,0.1867666223049164,0.20628145756721497,0.16433784973621368,0.17221839129924774,0.15961832566261291,0.1522824046611786,0.14051522672176361,0.14478012087345124,0.1330563177585602,0.1304640382051468,0.12728989696502685,0.12193843984603882,0.11416924554109574,0.14681580917835235,0.11256221554279328,0.10228948736190796,0.11218628574609757,0.10381294199228287,0.10715469620227813,0.10577908263206481,0.09839869698286056,0.11013717136383057,0.08780046072006226,0.08842166786193847,0.09335544655323029,0.0896919257760048,0.08865681229829789,0.08762640343904496,0.08665259784460068,0.08498109014034272,0.08321697473526,0.08334529116153717,0.08695861815214156,0.08882225440740585,0.0801946471452713,0.0736419219493866,0.06867502614855767],"train_accuracy_dist":[0.9917599830974012,0.9831735889243877,0.9854318418314256,0.9787145242070117,0.9861052631578947],"train_accuracy":[0.1173080967402734,0.4315036803364879,0.6680126182965299,0.7849842271293376,0.8744479495268139,0.8839116719242902,0.9111671924290221,0.9251735015772871,0.9176445846477392,0.9318611987381703,0.9473396424815983,0.9370767613038906,0.9533543638275499,0.9553312302839116,0.959074658254469,0.9520504731861199,0.9644584647739222,0.9623133543638276,0.9647108307045216,0.9669400630914826,0.9694216614090431,0.9682018927444795,0.9711041009463722,0.9713144058885383,0.9723238696109359,0.9740904311251315,0.9754363827549948,0.9592849631966351,0.9750998948475289,0.9774553101997897,0.9747634069400631,0.9767823343848581,0.9759831756046267,0.9774553101997897,0.9773291272344901,0.9744269190325973,0.9806519453207151,0.9806098843322818,0.9793901156677182,0.9807781282860147,0.9804416403785489,0.9806098843322818,0.981198738170347,0.9799789695057833,0.9803995793901157,0.9820399579390116,0.9791377497371189,0.9786750788643533,0.98267087276551,0.9842691903259727,0.9850262881177708],"train_loss_dist":[0.02907505999174628,0.04526864173995674,0.04662317701467118,0.06983790399882948,0.040223595158049935],"train_loss":[2.3094151953166717,1.568004417379321,0.9082587835690953,0.5566493978240888,0.3880328848672841,0.3512001137979148,0.2782908740222893,0.2444340459461844,0.2480846561232952,0.21941264527014503,0.18144357186104598,0.2039050756101854,0.16031153031766854,0.14835267360231102,0.14196758044850313,0.15600276670214006,0.12049514302915329,0.12632214450873788,0.11927494726033115,0.11309076399582543,0.10448296018595074,0.10682199402640796,0.09820350847002335,0.0967925772835529,0.09390323672478884,0.0880234025963254,0.08400466717983332,0.12052271745386059,0.08136500536533686,0.07523575477027868,0.08030538488575086,0.07388192538269937,0.07592669115105075,0.07395433953241469,0.07087189386053291,0.07708266880735364,0.062493842614640326,0.06259429345543954,0.06485954635996924,0.06104656125821338,0.06022982071517143,0.05971091586720398,0.058469972560333025,0.059780534318600295,0.05812118274438832,0.05554328459858518,0.06316563320672286,0.06537360812089828,0.052629394754571554,0.04842133190862827,0.04626280590656804],"valid_accuracy_dist":[0.987331081081081,0.9872231686541738,0.9742096505823628,0.9799666110183639,0.9848484848484849],"valid_accuracy":[0.10862562509262917,0.4323780569753038,0.6649644708255029,0.7857210670763963,0.8676275492122115,0.8758712982759794,0.9058119726855125,0.9224660017681134,0.9154054222094373,0.931213635801083,0.9476955003503206,0.9325578550036565,0.9510593537689003,0.9534136414348967,0.9569461288348977,0.9473615780408994,0.963000403123921,0.9599729362618574,0.9621591874210546,0.9628324079835566,0.9653553307286669,0.9635049655816336,0.9682132915889253,0.9688864430938725,0.9680453309670484,0.9709044517390305,0.9735956469985465,0.9564459828901709,0.9732593682016888,0.9772959527805062,0.9717461962389898,0.9739321022413139,0.9735953662676509,0.9756131284086872,0.9762866354654239,0.9715774300325407,0.9791463180542822,0.9779686137896549,0.9769591501644953,0.9784726774211366,0.9778002671425164,0.9774636044189494,0.9793139631188437,0.9803235348500242,0.978305243096991,0.979145369342794,0.9778008629916913,0.9764553020525331,0.9794824552021452,0.9809958744500035,0.9826775376515946],"mean_valid_accuracy":[0.10846660614588184,0.4331785129932837,0.6655644140672121,0.7861074529899759,0.8680418512943515,0.8762277192057784,0.9060861568898387,0.9226579142551369,0.9156661631810963,0.9313445557549482,0.9477855212930427,0.9327165104310474,0.9511613779493381,0.9535043068653618,0.9570174236183109,0.9474790035193188,0.9630740134562787,0.960043543244401,0.9622233421619939,0.9629027727694259,0.9654193655361727,0.9635655796125413,0.9682703956726509,0.9689375465956747,0.9680895184395789,0.9709590264139907,0.9736439765532007,0.9565370639351466,0.9733166182770626,0.9773402923071559,0.9718076841171271,0.9739816872686676,0.9736468937983283,0.9756623172956729,0.9763282236342222,0.9716295694428437,0.97918839004573,0.9780007170835235,0.9769988266410682,0.978509802295805,0.9778364220011232,0.9774922732767516,0.9793590215642611,0.980359252520669,0.9783457958488141,0.9791800911176447,0.9778185488588672,0.9764725972151369,0.9795240260338918,0.9810364401813023,0.9827157992368931],"std_valid_accuracy":[0.08550641895752893,0.11966297366645116,0.11305570594751639,0.0945940860546773,0.08034347357170549,0.06674207924698713,0.04553001744601924,0.026676766579462587,0.031888851321880636,0.017231703113736837,0.012358527782940072,0.02252525812080554,0.01263007525570024,0.01184053061839976,0.010161024272668897,0.019391270240314,0.009961874316574052,0.008858406677127553,0.009018545939061106,0.009347984928898639,0.008095298589416369,0.007779824858769568,0.007768362864143412,0.0067432299005397165,0.006989815363205678,0.007103173043872602,0.006768255973379168,0.021898890593589824,0.007574176470064562,0.006618600769107626,0.007834721018543033,0.006048503855313352,0.006668969776527756,0.007560885346635199,0.00541095093694451,0.0072726166056978105,0.006497745339634837,0.005675668559838,0.0061004695166930545,0.00537228411836795,0.004704138665246715,0.004551279041390167,0.005993309639518736,0.005872469478326608,0.005560021957314689,0.005611720844138229,0.008318046938140098,0.006928271637740963,0.005692162893603885,0.005326656618691388,0.005021516788319778],"valid_loss_dist":[0.041621008032077064,0.045662204127320846,0.10025290513841958,0.07253217625001038,0.06584043645296836],"valid_loss":[2.3097521729783606,1.5674023290553882,0.9065321498651543,0.5534458822875722,0.39332304807098595,0.35574137474280554,0.28387971087068564,0.24886113788030362,0.255456229129437,0.22383162704602239,0.1840578930521518,0.21150376825670464,0.16643002014673808,0.15672653947627477,0.14817384078789084,0.1681130777720738,0.12946240425275088,0.13414044662814242,0.12663204819253657,0.12078088387610639,0.11309952477038963,0.11615848303474127,0.10737964001644094,0.10522908360396216,0.10310747962716779,0.09874165781920644,0.09367965507911555,0.13431373440799274,0.091986411114528,0.08630437181184132,0.0923049731286898,0.0860837491096301,0.08828910837894725,0.08714628305407192,0.0835313100697222,0.09328589292179507,0.07662130756633641,0.07660269235958722,0.08114230574901168,0.07661389419705214,0.07624097213196615,0.07544100755959242,0.07458650611008412,0.07443377944763883,0.07451100047421863,0.0726312900666219,0.07768314408888792,0.0814640653273644,0.07113968547153843,0.06748937043135488,0.06533786541852146],