{"test_accuracy":[0.0972,0.4605,0.695,0.8243,0.8532,0.893,0.8995,0.9186,0.937,0.9399,0.9471,0.951,0.953,0.9576,0.9504,0.9613,0.9655,0.9597,0.966,0.9659,0.971,0.9704,0.9725,0.9726,0.9719,0.9759,0.9757,0.9761,0.9605,0.9782,0.9783,0.9777,0.977,0.9773,0.9787,0.9779,0.9803,0.9803,0.9791,0.9782,0.977,0.9795,0.9572,0.9796,0.98,0.9809,0.9776,0.981,0.981,0.9814,0.9811],"test_loss":[2.3084521141052248,1.5481888298034667,0.8062992253303528,0.5312838144302369,0.4329144121646881,0.3327191626548767,0.3018090934753418,0.2556377326488495,0.21561495525836943,0.20120495941638947,0.18337583510875702,0.168233780503273,0.16358918458223343,0.1528808952331543,0.16294272837638854,0.13131990375518798,0.12623621637821197,0.1370979832649231,0.11865360559225083,0.1154362919330597,0.10330357766151428,0.1037248256444931,0.0973738041639328,0.09721807762384414,0.092842238175869,0.08428131625652313,0.08456028977036475,0.08454766573905945,0.12644518810510635,0.07271167479753494,0.07308935836553573,0.07440626989603043,0.0772193888425827,0.0737188857793808,0.07318137632012367,0.07143017029762268,0.06516629140973092,0.0632212547659874,0.06626024600863457,0.07071071636676789,0.07508506876230239,0.06550716714859009,0.1263919899702072,0.06468333215117454,0.06350277386903763,0.06035526177883148,0.07194414273500442,0.06214341603517532,0.05822642767429352,0.060089027678966525,0.05811475870609283],"train_accuracy_dist":[0.9875369666244191,0.9811049496816595,0.9911261356433552,0.9858480749219563,0.9816360601001669,0.9928421052631579],"train_accuracy":[0.1287870864275006,0.563678834152634,0.7659589303768783,0.8535369382561099,0.8799637415890946,0.9067043196318376,0.9145835512324373,0.9300282397238783,0.942579228114214,0.9469720740508315,0.9523062441167242,0.9558972213506258,0.9581285081755744,0.9600808841474043,0.9547118502248719,0.9647177770805007,0.9659380120628944,0.9635672698113865,0.9682041627444828,0.9666701530523306,0.9721786424014225,0.9719694592615835,0.9741658822298923,0.9745842485095702,0.973642924380295,0.9775825401805948,0.9770247184743577,0.9773036293274762,0.9654150542132971,0.9808248788480982,0.9797440992922637,0.9799532824321027,0.9794651884391451,0.9807551511348185,0.9804065125684204,0.9814524282676149,0.9830910295296865,0.9834396680960847,0.9825680716800893,0.982045113830492,0.9806156957082592,0.9832653488128856,0.9633929505281874,0.9840672175156016,0.984764494648398,0.9854269079245546,0.9816964752640938,0.9847993585050379,0.9860195934874316,0.9855663633511139,0.9866471429069483],"train_loss_dist":[0.03628139983174868,0.06479197726706432,0.02912929878441647,0.04772049470743577,0.054084689706215675,0.027771875129326395],"train_loss":[2.30647676911966,1.3124944600575856,0.6641364676393866,0.45184435681668683,0.36628943215558846,0.29134940687594657,0.26464312926458977,0.22742033563677672,0.19397398091857082,0.1796878508313536,0.1652012317201227,0.1514746670546296,0.14660113708150566,0.13773425964963482,0.14315322418703186,0.11922285307858672,0.11401344249748732,0.12232655369287437,0.10682799839052459,0.10926813876160692,0.09374477365162151,0.09342624583406162,0.08752130789277245,0.08631526557182836,0.087361375033524,0.07682041289831677,0.07631777566555832,0.07512668289094296,0.10967343435485244,0.06644111961718312,0.06538640929458946,0.06671039133802147,0.06617741938547285,0.06287802199967876,0.06256769606543898,0.060201777483209054,0.055741138331704035,0.0545333812919622,0.0552180508304322,0.05733267704261094,0.06053294514237087,0.05286335761611799,0.11157844573094669,0.051306072152574114,0.04981763379903733,0.04784857631253084,0.055994694183036355,0.04769930723553636,0.0447739396059601,0.04583032974335685,0.04342239208831686],"valid_accuracy_dist":[0.9864864864864865,0.9770114942528736,0.9881756756756757,0.9733777038269551,0.9833055091819699,0.9831649831649831],"valid_accuracy":[0.11930587536399104,0.5511400863640854,0.7606604135719135,0.8486219067706703,0.8769209168397906,0.9036843601626364,0.9105135528764714,0.9294706082495036,0.9414566784119193,0.9471732225576172,0.9512139056632373,0.9570689809029961,0.95734697475337,0.9609710396800227,0.9555363348550043,0.9657108655634347,0.9669650133165408,0.9640373053755269,0.9689161487499285,0.9650131982084118,0.9732374424316597,0.9729587849894245,0.9756071048627061,0.9749101725575193,0.9732377885354457,0.976582955617019,0.9761644683047024,0.9758858274143009,0.9636186019087227,0.9786734434586992,0.9786736475101435,0.9781167679089741,0.977140343808276,0.9783949393856118,0.9785344343199105,0.9793707223109298,0.9802068800027549,0.9804859156403156,0.9802070219034893,0.9790918127991488,0.9786736171195579,0.9796492271771705,0.9585989402661133,0.9806248659156557,0.9813217939023746,0.9821582414335706,0.9788129251187045,0.9806249225396872,0.9811827463152542,0.9813218546465854,0.9818793362772176],"mean_valid_accuracy":[0.11910941763295001,0.5527848286881155,0.7620239545675599,0.849399511496292,0.8776602756330013,0.9042015932679849,0.9109562903309198,0.9297608669834586,0.9416785273250222,0.9474272935566076,0.9513691410590592,0.9572442033803287,0.9575008214694786,0.9611227052219381,0.95577199835436,0.9658580010448206,0.9670936699475844,0.9641475799992314,0.9690262041062822,0.965078835380742,0.9733276347838883,0.9730634192567963,0.9757014716195647,0.9750127100801739,0.9733317463504441,0.9766545674387347,0.976244027999375,0.9759511601714355,0.9637622673909396,0.978750722100537,0.9787504135870577,0.9781759345512707,0.9772057788438633,0.9784739715331421,0.9785952556340715,0.979444915002758,0.9802668065963758,0.980530917743628,0.9802723233401585,0.979162733072533,0.9787517610770854,0.9797197697349237,0.9587320700410759,0.980687194349478,0.9813838504310172,0.9822091150971373,0.9788930008016585,0.9806906498127038,0.9812441513355532,0.9813798853109018,0.9819203087648241],"std_valid_accuracy":[0.08219911494585266,0.20225355702404357,0.14252471377243464,0.07824781902593816,0.0749444448647366,0.05456034009490371,0.04710400373616907,0.03173397391856486,0.023506632973376705,0.028202438835281545,0.01698356221097678,0.01917155208312466,0.016379068903938608,0.015415398854814086,0.02574893107487418,0.015924123382591738,0.013299403483054953,0.011620095686056486,0.011597527982880195,0.008129120316367365,0.010106020090313302,0.011103241767910808,0.010184084259748266,0.010967497093164849,0.010759950457442708,0.008519216410216789,0.008365592923039298,0.007738303777566745,0.01480954705488297,0.00825292550825818,0.008268556986570757,0.008646292322803461,0.008070793719100562,0.008649014616135821,0.0075689316272520134,0.008152258624834279,0.006937200489257135,0.00622570328067949,0.007444015825256518,0.007908810459409202,0.008314278419728502,0.007570917588286181,0.017806130965255556,0.006547366760016083,0.006794133714867162,0.005490501058697763,0.008561433506994048,0.0068259743476029415,0.006777624978306558,0.0061575140946890814,0.005172364832622415],"valid_loss_dist":[0.048019944916705824,0.0803896436843966,0.0353403865686945,0.09596520956115992,0.05800185805320342,0.056531540961678985],