{"test_accuracy":[0.0972,0.4153,0.5159,0.6514,0.7038,0.7753,0.8036,0.7744,0.8462,0.8404,0.8696,0.8712,0.8938,0.8882,0.8976,0.891,0.8927,0.9072,0.9099,0.9142,0.9157,0.9277,0.9217,0.9311,0.9327,0.9397,0.9357,0.948,0.9386,0.9397,0.9523,0.9481,0.9536,0.9555,0.9422,0.9507,0.9523,0.9529,0.9561,0.9531,0.952,0.9553,0.9544,0.9563,0.9595,0.9533,0.9573,0.9596,0.9586,0.9596,0.9592],"test_loss":[2.3084521141052248,1.9484319332122804,1.316426912879944,0.8969273101806641,0.7673906126976013,0.6043224150657653,0.542262706565857,0.603491383934021,0.4223466688632965,0.4337543866634369,0.3676265591144562,0.3583961017608643,0.3021683572769165,0.3126114557266235,0.28830969772338866,0.3024823696613312,0.29744074602127074,0.2660605956077576,0.2515545586824417,0.23556014759540558,0.23601019673347473,0.2036326723098755,0.220999489402771,0.2024369118452072,0.19594664180278779,0.175087863945961,0.18451901001930238,0.16281304008960723,0.180025115776062,0.17921748304367066,0.14691988847255708,0.15251626539230348,0.1462269633769989,0.13930181560516358,0.16840209217071533,0.1512474247932434,0.14672363455295562,0.14727238457202912,0.1364168930888176,0.14155236456394196,0.14534146451950072,0.1411925041437149,0.14038801062107087,0.13641825425624848,0.13062745916843416,0.1429190872311592,0.1324345057487488,0.1273234627366066,0.12574779341220857,0.12233892444372177,0.12560011662244797],"train_accuracy_dist":[0.9979457682826622,0.969542066027689,0.9592169657422512],"train_accuracy":[0.06179581115642497,0.5486970346305384,0.6514135618994954,0.7515034215801479,0.7952581737747978,0.838736434644363,0.8533904748738508,0.8076311605723371,0.8871224165341812,0.884979608764775,0.8970761042372296,0.9059929494712103,0.9231354116264602,0.920992603857054,0.9257620792147646,0.9208543581945117,0.9253473422271377,0.9346098016174742,0.9368908550494228,0.9425589272136586,0.9428354185387433,0.951268403953826,0.9470519112462846,0.954586299854842,0.9564526162991636,0.9585263012372987,0.9576968272620446,0.963987004907721,0.9590101610561969,0.9610147231630608,0.9689638487592451,0.9659915670145849,0.9690329715905164,0.9700006912283127,0.9636413907513651,0.9687564802654317,0.9694477085781433,0.9711066565286515,0.9723508674915324,0.9702771825533973,0.9700698140595839,0.9721434989977189,0.9715213935162784,0.9729038501417018,0.9755305177300062,0.9717978848413631,0.9740789382733117,0.975046657911108,0.9764982373678026,0.9771894656805142,0.9755996405612773],"train_loss_dist":[0.011775110276598076,0.08649223270222021,0.10875184217780877],"train_loss":[2.312025422289202,1.462804405157095,0.9546611352147151,0.6572206316297827,0.557799890963911,0.4456286226890622,0.4037878451782757,0.5033684114492895,0.31325181569045835,0.31805527845752046,0.28535069232615884,0.2626123284905471,0.22486817446387514,0.23063161916963346,0.210487666394037,0.2173478216213009,0.2105390093208653,0.19288761329863474,0.17888345305792502,0.16576032113563777,0.16535951699174464,0.1424176232465574,0.1516733303982328,0.13818758365204334,0.13380298094264276,0.1216737000346225,0.12485762893959954,0.11175136220706904,0.11935262419419866,0.11892892811026365,0.09752101570639736,0.09985554186310412,0.0952132072063074,0.09025656282407359,0.10652464229245057,0.09441448803474786,0.0910803222454677,0.08940409724239144,0.08436972954771213,0.08657161180392704,0.08674968927717575,0.08439683868349106,0.08296445740824984,0.07948884560323012,0.07609006538580305,0.08120299720990042,0.07558763491494125,0.0723795850261744,0.06983993792837007,0.06767469346461484,0.06889619847953117],"valid_accuracy_dist":[0.9876746096959738,0.9616695059625213,0.93480032599837],"valid_accuracy":[0.06519977141193356,0.5359472084439418,0.642103477124194,0.735247720399685,0.7767037082897083,0.8281114489206707,0.842478307308176,0.8004377368655035,0.8753682083922959,0.8731583058453477,0.8836655970332983,0.8944384054358916,0.9123993566592451,0.9112922951810861,0.9137793548981301,0.9079805016277136,0.916542024928843,0.9264912036864847,0.9223463917663982,0.9300834451027553,0.9295307466699398,0.9411404100616174,0.936441734479946,0.9403086158017233,0.9447302032642484,0.947217547198646,0.9466646823045777,0.951362692041238,0.9480482351078211,0.948599709433817,0.9549541985615483,0.9532978369265782,0.9546786674717272,0.9555063976106057,0.9486017171417488,0.9546791181503338,0.9555088072919924,0.9588238326601166,0.95910014735105,0.9566142041576235,0.9557860233401383,0.9582724659173232,0.9563381046330949,0.9591018810145265,0.9621397390396568,0.9577207175468724,0.9610369081437661,0.9574434426206757,0.962417964028218,0.962417572227662,0.9613118911446771],"mean_valid_accuracy":[0.06418659843100558,0.5322959186648398,0.6394544061896236,0.7339435003339229,0.775648833432688,0.8277473052483894,0.8420645359613887,0.7987765340362168,0.8752556977998364,0.873084607587087,0.8841994735623361,0.894492304406919,0.912420363545726,0.9111865309868934,0.9136805758704453,0.9081194404595383,0.9163548686072703,0.9264146658273651,0.9222360044700736,0.929975307897975,0.9294197130041723,0.941307962762242,0.9364878565712891,0.9402722098490134,0.9447169689994368,0.947203214113809,0.9466353549428835,0.9514064040253457,0.9481430850640279,0.9486228620411232,0.9549703813571924,0.9533738470772831,0.9546953807876157,0.9554891834196272,0.9487276730200193,0.954699845295559,0.9555661305830415,0.9588138500060004,0.9591178436377654,0.9566773203706473,0.955879053230693,0.958356369329179,0.95641791933943,0.9591880940392651,0.9621552191379976,0.9578420317746872,0.9611756011375047,0.9575391411501869,0.9624993671018091,0.9624848705707146,0.9613814805522884],"std_valid_accuracy":[0.08718469372594241,0.23671824798293378,0.2254809904941122,0.15685563126652965,0.1362247151941287,0.10362838680974011,0.08780541302243998,0.09149819723111088,0.07428479963468976,0.07718385420577077,0.08094513119260226,0.06661987346584053,0.05235816520818905,0.05105024434922598,0.04927473393872658,0.06088683160475953,0.04809952921776191,0.04125594772007046,0.045776363735321776,0.039392335941158776,0.03977295802325858,0.036998165217642515,0.039077367612613566,0.03268210028244502,0.029736702426350504,0.029079117290335778,0.02923974268755277,0.02529462349182373,0.03156480550536472,0.028771851833470932,0.020718786764991937,0.02590347975004768,0.02342128415900214,0.019661846705031735,0.033260049101288804,0.024748284413709493,0.025602341857863028,0.02162695865393823,0.020723035055285322,0.0249224894472231,0.027584463923023095,0.024253521088833822,0.025578678157544558,0.02492458005381458,0.018379389891117006,0.026996957045354673,0.025144123818782848,0.02460280783144416,0.022933243802183877,0.02192403963396699,0.021586796707113595],"valid_loss_dist":[0.03536869677651487,0.1124168432601672,0.1901662808030042],"valid_loss":[2.312242921993363,1.5046089674920724,0.9836405661647608,0.6825459573058602,0.58081145981093,0.4671805359051634,0.4238594144789161,0.5192837172530753,0.3354601208772818,0.3419243171359584,0.312386059801137,0.2880672328068249,0.2482793173804305,0.25498170530332165,0.23755955513410454,0.2501064861988239,0.24317289067120434,0.22217367520080222,0.21167925700186963,0.1977642756273944,0.1970238541709061,0.17159265818571537,0.18641159470025287,0.16910763783243887,0.16681404247445283,0.15473487259943086,0.1566945056167644,0.14350216442914987,0.15511355553528725,0.15474497139216725,0.13006467726779555,0.13390362268319098,0.13018787535603588,0.12628793035133576,0.14767815228748243,0.13226406851900668,0.12894955296815,0.1274366882637841,0.12142465070332012,0.1243120594738493,0.12832356011038223,0.12591992661447052,0.12180760420352807,0.12162758667999705,0.11735156938735308,0.1243497906927784,0.1199902381575896,0.11347317691658393,0.1128460788883606,0.11084640579711472,0.11284629405353507],