{"test_accuracy":[0.0972,0.3973,0.7326,0.8391,0.8785,0.8921,0.9185,0.9177,0.9213,0.9244,0.9294,0.941,0.9399,0.9531,0.9511,0.9524,0.9531,0.9533,0.96,0.9609,0.9623,0.9627,0.9656,0.967,0.9665,0.9646,0.9683,0.9681,0.969,0.9679,0.9703,0.969,0.9722,0.9727,0.9732,0.9713,0.9735,0.9723,0.9746,0.9746,0.9731,0.9748,0.9752,0.9753,0.9745,0.9755,0.9759,0.9757,0.975,0.9773,0.9758],"test_loss":[2.3084521141052248,1.6210618278503417,0.8170256927490235,0.5213744081020355,0.4029964044570923,0.35371284365653993,0.2830222977399826,0.27215861620903015,0.2584924573659897,0.2456103472709656,0.22515939388275147,0.19699099357128144,0.19213943281173707,0.16188379735946656,0.16018572709560394,0.16014809691905976,0.15066087551116944,0.15069787721633912,0.13463136713504792,0.12991606936454772,0.1249743515253067,0.12368605855703353,0.11565624673366547,0.1058195827960968,0.10629925297498703,0.11347966434955598,0.10031462630033493,0.10094277948141098,0.10298983542919159,0.10099310741424561,0.09809155142307281,0.1002651093840599,0.09204372800588607,0.08967825556993485,0.08494324738979339,0.09417919548749924,0.08609389816522599,0.08721148612499237,0.07986456326246262,0.0791118229150772,0.0845835651755333,0.0807907784819603,0.07642981578111649,0.07939505920410156,0.08130742816925049,0.08032624883651733,0.07766765785217285,0.0795464497089386,0.07748123196363449,0.07094724359512329,0.07540670005083085],"train_accuracy_dist":[0.9816223067173637,0.9739166153214213,0.9877456158884429,0.9863376835236541,0.9801898472967395],"train_accuracy":[0.11288715436353068,0.501328572614797,0.7701569376401229,0.8555592460350411,0.8886074898281159,0.9006476791497136,0.9241883251681474,0.9247280577929088,0.9259320767250685,0.9291289545794237,0.9334883334717263,0.9451133438511998,0.9452794154280495,0.9548700489911152,0.9561986216059122,0.9559910321348501,0.9581084447396828,0.9579838910570456,0.9627169309972599,0.9643361288715436,0.9652080046500041,0.9657477372747654,0.9678651498795982,0.9708129203686789,0.9707714024744665,0.9692767582828199,0.9729303329735116,0.9731379224445736,0.9718093498297766,0.9730133687619364,0.9735531013866977,0.9725981898198124,0.976044175039442,0.9762102466162916,0.9769990866063273,0.9752138171551938,0.9779539981732126,0.9777048908079382,0.9796562318359213,0.9794071244706468,0.9786598023748235,0.9797807855185585,0.980860250768081,0.9806111434028066,0.9795731960474965,0.9805696255085942,0.9806941791912315,0.980860250768081,0.9817321265465415,0.9827285560076393,0.9819397160176035],"train_loss_dist":[0.054179273583514306,0.07958330170106633,0.039783969459342525,0.04694318444411867,0.06327997264423452],"train_loss":[2.3047727168046843,1.4016444240160424,0.718752511440198,0.4673080810065841,0.36599189909299545,0.32087238507122134,0.2605843538933296,0.24954899920027368,0.2354250278032807,0.2236285190489525,0.20517240333592268,0.18125429085970796,0.1762014777489074,0.1506849618451219,0.14810659888060565,0.14624351754018677,0.1384932196418441,0.13750545861791716,0.12374011994990129,0.11855536284634939,0.11390369827424104,0.1116289565087424,0.10530430317960694,0.09574979378038403,0.09592705024052901,0.10062896962959901,0.08917626516540403,0.08906324524059675,0.0902364185697205,0.08767797741093955,0.08507088064528116,0.08623052480332302,0.07891645796246222,0.07626058345868283,0.07351326244404316,0.07820860306216312,0.07164743741448215,0.0718401415412128,0.06494753229060841,0.06483311747727967,0.06876543852084797,0.06502734142988438,0.06122769857476461,0.06274985819810636,0.06372116342632986,0.06239036103149249,0.05999952508256497,0.06130433279633049,0.058089058782667465,0.05502053595758263,0.05684370291978059],"valid_accuracy_dist":[0.981418918918919,0.9688013136288999,0.987331081081081,0.9763651181744091,0.981023102310231],"valid_accuracy":[0.10853584042503997,0.5098649553589711,0.7722776627038977,0.8524464100922624,0.8859743614563275,0.8992522389231705,0.9244810887881939,0.9243154916647895,0.925809705349333,0.9282984033281556,0.9334437204462758,0.9437344608535888,0.9417428049434413,0.9517018580071219,0.952199582580142,0.9526974368271116,0.9531955960574826,0.955186984550671,0.9590045004464592,0.9618258932375198,0.9618258032587584,0.9633196829612719,0.9646476269777157,0.9694607852344794,0.9671368925511875,0.9653115846853881,0.9701248938203331,0.970290894970626,0.9702904579844494,0.9706225633210076,0.9709547034832698,0.9692945762095988,0.9719503827792011,0.9724483257930695,0.9749383383118168,0.9719501053541127,0.9747720519570479,0.974771962463764,0.9752699579261732,0.9759339744409518,0.9754359760968919,0.9770957187780337,0.9767636309509522,0.9777595311936917,0.97742759321537,0.9765978420016095,0.9785894744654182,0.9779255906567332,0.977925598095129,0.9779257697062521,0.9789214173503576],"mean_valid_accuracy":[0.10811178920739666,0.5089081460169553,0.7725541011893249,0.8527098467391336,0.8861653393789405,0.8994552032073756,0.924604663762992,0.9244458612398647,0.9260314055020175,0.9284994409451821,0.9336683469882976,0.9438547557336692,0.9419281542665047,0.9518449435122172,0.9523628539538909,0.9528396205027686,0.9533588726977065,0.9553455337987817,0.9591573009726544,0.9619193257438159,0.9619576990559174,0.9634766624952501,0.9647466543194211,0.9695571331171372,0.967214610544433,0.9654477916279166,0.9702255277126037,0.9703975659721819,0.9703947604691608,0.970722619236996,0.9710593848633818,0.9694040105986739,0.9720453170239672,0.9725379278614057,0.9750092133437669,0.972057964271202,0.9748663045147916,0.974845034434083,0.9753601197797055,0.976014657590696,0.9755100750694045,0.9771793308213838,0.9768116051791292,0.9778329533397416,0.9775041247639166,0.9766949461693489,0.9786650277933591,0.9780180056820637,0.9779988851340246,0.9779923871304245,0.978987906822708],"std_valid_accuracy":[0.0870231514625751,0.10414321309127038,0.06942945050316877,0.04385200181948231,0.03305134504865772,0.02997752796341377,0.016268987802091486,0.017700286958874937,0.02071732472247065,0.023421462774533292,0.024184209663309163,0.012680155253802696,0.016502338125094648,0.01325106503074103,0.013286334325305902,0.01271015759781325,0.013793536407476482,0.013837291352066116,0.01327306202390933,0.009325466769244744,0.01204054903146722,0.014194282837045269,0.009364188138672694,0.008422028685027465,0.008368043857466107,0.011747707958963936,0.008640772549575454,0.009511511070950128,0.009949094574851616,0.009130431129322563,0.009373654501264797,0.011001875093004775,0.00963697295750907,0.008618564746251962,0.007212325157827958,0.01021962681806575,0.008478393945378566,0.007044609096793676,0.007796471044928087,0.006963963787973339,0.006614195772515963,0.007258441941906023,0.005272951157509076,0.007627469057661597,0.007135657885030997,0.008931066762305475,0.007735151200721966,0.007815421645515111,0.0074911177645926195,0.007270447340721368,0.006169377576056118],"valid_loss_dist":[0.06819229643489863,0.09903131013090778,0.03722914016327342,0.08010594667631529,0.07240746844031236],"valid_loss":[2.306374053844163,1.4026324679611393,0.723324138302561,0.4694293832513775,0.36555060466543965,0.32137398745880974,0.2594529148797809,0.24898213037382536,0.23822872100249404,0.22856779591300713,0.2090663028366475,0.18477028814869198,0.1804701015738325,0.15500675032365166,0.15306478366585669,0.15325082075357202,0.14579443614925197,0.1437986351651458,0.13141076728721807,0.1264032140554291,0.12118914455482294,0.11890120745734244,0.11356595459923034,0.103556660100945,0.10309972899554326,0.10906418385218135,0.09731023912033913,0.09829634225768479,0.10021307333936923,0.09766859256144815,0.09506841447122603,0.09650797517773231,0.08956929306583576,0.08703574492259275,0.08369424002538485,0.0894347294289187,0.08304162866881945,0.08347093007030976,0.07655662006049987,0.07695881572932038,0.08155104563955196,0.07748214771604496,0.07394180840466334,0.07584826833352584,0.07698636873353688,0.07671142034900405,0.07387193408250714,0.07606299815771776,0.07284909225249551,0.06890839556355265,0.07161577079238467],