{"test_accuracy":[0.0972,0.3979,0.6325,0.7439,0.7861,0.8182,0.8488,0.8529,0.8806,0.8915,0.8954,0.9049,0.9153,0.9201,0.9241,0.9272,0.9292,0.9324,0.9405,0.9413,0.9448,0.9473,0.9494,0.9518,0.9474,0.949,0.9505,0.955,0.9523,0.9559,0.9517,0.9556,0.9556,0.9617,0.9579,0.9546,0.958,0.9607,0.9577,0.9587,0.9603,0.9154,0.9612,0.9632,0.9621,0.964,0.9622,0.9637,0.9656,0.9654,0.9652],"test_loss":[2.3084521141052248,1.6320106410980224,1.1149693202972413,0.8041088703155518,0.6475753429412842,0.5518660780906677,0.4478862216949463,0.4266267720222473,0.3563257447242737,0.3297672236442566,0.3128776041030884,0.2878601486206055,0.26063819923400877,0.2481677776813507,0.23154311418533324,0.2251414754152298,0.21192689645290375,0.20911451153755187,0.17943018028736116,0.18041043050289154,0.16839670581817626,0.16245030164718627,0.15223170788288115,0.15071765072345733,0.1591020050764084,0.15672734208106995,0.15127637391090393,0.13823501567840576,0.14485660507678985,0.13743668494224548,0.14708107037544252,0.13625232198238374,0.13702301721572877,0.11855615569353103,0.13072107195854188,0.13872141263484955,0.12939762132167817,0.12234393820762635,0.1349672026395798,0.12939159979820253,0.1255115753054619,0.26325663433074953,0.12073375804424286,0.11587284837961197,0.11581344932317733,0.11132721767425537,0.11799258636236191,0.11214992389678954,0.10715943803787231,0.1082966247677803,0.10881898791790008],"train_accuracy_dist":[0.9890156316011829,0.9672512148742869,0.9763763352506163,0.9919521254643004],"train_accuracy":[0.04973671862780877,0.5029456232730306,0.7237370314373599,0.822480579740368,0.8551691778322298,0.8777957353631197,0.8931234033679162,0.8982326260361816,0.9196079453625984,0.9252385172827277,0.9302434701006204,0.9366560658985454,0.940826859913456,0.9456754079557896,0.9475522652624994,0.949689797195141,0.9527657577811376,0.9549554246389657,0.9600646473072311,0.9601167822324175,0.9637662269954642,0.9642875762473281,0.9668421875814608,0.9684062353370523,0.9656952192273605,0.9674678066836974,0.9690318544392889,0.9718992753245399,0.9690318544392889,0.972316354726031,0.9692925290652208,0.9726291642771493,0.9726812992023356,0.9770606329179917,0.9740368072571816,0.9732547833793859,0.9750273708357229,0.9765914185913144,0.9742453469579271,0.9746102914342318,0.9770084979928054,0.9329544862103123,0.9778947917209739,0.9785204108232105,0.978728950523956,0.978728950523956,0.9788853552995151,0.9790938950002607,0.9810750221573432,0.9808143475314113,0.9811792920077159],"train_loss_dist":[0.03270021780387329,0.09373830311581219,0.07324398508572441,0.028286251068819396],"train_loss":[2.3167123182505676,1.3398443663072415,0.8113053752231085,0.5493152377180459,0.44551901217328826,0.3772078987567767,0.3203474733275247,0.2977508661315784,0.2465565364407173,0.23288766422862647,0.2164586434522148,0.19655367803675533,0.18211869530406574,0.16945584502684288,0.15992226436913656,0.15306163563960026,0.1436648435265682,0.14043188600524997,0.12333403390852007,0.1252664164490219,0.11529007914600056,0.11139835361374797,0.10879452220482222,0.10275631371665489,0.104862967282992,0.10009498674224206,0.0971967979675584,0.08818863683203594,0.09268076870625214,0.08564649878111417,0.09254287847548243,0.0837216989323827,0.08323064953512932,0.07235047720439876,0.07946290150475101,0.0825137734105506,0.07567584335257846,0.07243007659487938,0.07733880625916817,0.07682867281383222,0.0706223562906727,0.20520383913409262,0.06681922923484726,0.06486361582871429,0.06487823044378686,0.06318151425321845,0.06416573824805628,0.0626120233135212,0.05748046972865538,0.05840264125904098,0.056936192680646494],"valid_accuracy_dist":[0.9822635135135135,0.9679054054054054,0.9695973705834018,0.9900990099009901],"valid_accuracy":[0.04418258778041897,0.5079994277330486,0.7271022663655592,0.828636700021114,0.85886767027816,0.879508400033462,0.8980584094536492,0.905567064189542,0.9291217311312387,0.9293301746281432,0.9362116169401742,0.9422541543446113,0.946213884543188,0.9493419062302753,0.953512230125206,0.9533025476042066,0.9599742010187855,0.9574740901780093,0.9628931261273025,0.9616411271568034,0.963935382267748,0.9656033076468727,0.9678981792180813,0.9678966780312526,0.9666451837676128,0.9678955453836106,0.9674782397141725,0.97060611913002,0.9695640072953366,0.9697716480278611,0.9708147692762632,0.9747755224035994,0.9731077291231026,0.9737327195579412,0.972898824952215,0.9714395713724637,0.9745666263708012,0.9749831211377704,0.9728990932185156,0.974149538831221,0.9751919812757819,0.929738895049345,0.9766514489163464,0.9751917170785259,0.9768606552137987,0.9764427791514949,0.9760256137187742,0.97685937419135,0.9783186277711013,0.9781104423678861,0.9774856138228952],"mean_valid_accuracy":[0.044763513513513514,0.5091753215447075,0.7281454606637072,0.8288630820570564,0.8588892506301585,0.8793578099870659,0.8981439008191054,0.9054456051360593,0.9290939732082816,0.9293017320356145,0.93605248273903,0.9422763097683217,0.9463165547668327,0.9493809326224824,0.9534724263368007,0.9533251053895447,0.9599667118630626,0.9574049414396457,0.9628882333722669,0.9617135898559542,0.9639431291601811,0.9655996603985388,0.9678005723181915,0.9678790340843418,0.96664415939834,0.9679127462008899,0.9675279848760099,0.9706167528395893,0.9695154124914146,0.9698105416727408,0.9707570668200478,0.9747557452798845,0.9730934885646119,0.9737562026400736,0.9729287844762236,0.9714719509326846,0.9745772545820673,0.9750345454857952,0.9729133029561368,0.9741744693711137,0.9752049750510984,0.9303922770626294,0.9766649917055654,0.9752164260049281,0.9768271534279669,0.9764546905122456,0.9760504171010219,0.9768827132864578,0.9783452723069116,0.9781177946828472,0.9774663248508277],"std_valid_accuracy":[0.0755947549375528,0.13282552583205393,0.11322241365267485,0.07974470875611231,0.06697603705067706,0.0611775759538083,0.040667865595273404,0.045739492037018985,0.03203068884215646,0.027196072522741168,0.028932558885668855,0.025596323082681796,0.02139909922800125,0.020221316303618144,0.015955543128421908,0.018743958965339796,0.017647409621225126,0.01653767927504589,0.011300499191845663,0.012540202974213951,0.011053748041539102,0.010735027343913486,0.013489510881349757,0.010778570229236534,0.012983445199022028,0.013476587954323993,0.01445437814352594,0.012723749018303709,0.012039229103141692,0.012051302951839196,0.013002885855907316,0.01179451424801006,0.012117043217579487,0.009295274184622266,0.011314746716378192,0.011535376188111717,0.01214210913904292,0.010511001708367993,0.012483444012581727,0.010180014807387776,0.011545360397888838,0.05059380772155812,0.010815982299672471,0.011707385479631956,0.01118898876546844,0.009979814294902469,0.01203945502380427,0.009327149123064237,0.010091356095023436,0.009800012349292463,0.009164188078420978],"valid_loss_dist":[0.050963780767208824,0.09338145441300161,0.09073489264033324,0.03407562318758996],"valid_loss":[2.318512377569762,1.3127135786090616,0.7844107058914366,0.5212188685677078,0.42267273029771346,0.35451495758962615,0.3045975379076728,0.28245285539162845,0.23116391309409978,0.2206863099834382,0.2022069766686723,0.18591867071766485,0.17371649629125038,0.1618408639531355,0.15149203460226998,0.14616505718200853,0.13381280359707942,0.13402544490621046,0.1187721561380764,0.12285397955908907,0.11249933942271356,0.10979134459222789,0.10661241213372676,0.10203325918413551,0.1037927560861026,0.09887150089811846,0.09694093190057712,0.08821566439060147,0.09334668698991246,0.08733395738449526,0.09336387811287636,0.08439259178866253,0.08536901001630672,0.0769181241767518,0.08258678344148826,0.08597916191499602,0.07891114261330177,0.07654870451416812,0.08287035769860943,0.08233126596584196,0.07716260480617328,0.2168425741744252,0.07328911939527472,0.07210233882247018,0.07206560730338482,0.07074439877213604,0.07083435389691978,0.07117093524874847,0.06631781713440078,0.06829237555676992,0.06725743648552768],