{"test_accuracy":[0.0972,0.4644,0.6134,0.7415,0.7814,0.8196,0.8475,0.8497,0.853,0.8871,0.8963,0.8976,0.9107,0.9071,0.9129,0.9146,0.9228,0.9176,0.9312,0.933,0.9221,0.9258,0.9416,0.9411,0.9189,0.9426,0.9427,0.95,0.9492,0.948,0.951,0.9508,0.9537,0.9563,0.9518,0.9594,0.9553,0.957,0.9546,0.9584,0.9552,0.9587,0.9586,0.9588,0.958,0.9612,0.9588,0.9598,0.9609,0.9666,0.9487],"test_loss":[2.3084521141052248,1.8146336256027222,1.0632295215606689,0.7471456634521484,0.6248638202667236,0.5281302192687988,0.4671418274879456,0.42627344517707827,0.4256108627796173,0.33910191936492917,0.308870845079422,0.2997557129859924,0.2621484452486038,0.27821266016960144,0.2569868365764618,0.2553536034584045,0.23181173992156984,0.2416450310230255,0.2022034529685974,0.19955930376052858,0.23361474108695984,0.21592674617767335,0.17469872809648515,0.17635968124866486,0.23040899295806885,0.17438502972126008,0.16883595776557922,0.1546268918991089,0.1551523087978363,0.1573596182346344,0.15080835425853728,0.14921801447868346,0.1437636386156082,0.13553674345016478,0.14592157216072082,0.12642754464149475,0.13974434971809388,0.13370451350212098,0.1372087431550026,0.13143179774284364,0.1360429079055786,0.1298999785900116,0.12697000167369843,0.12716691821813583,0.12852581524848938,0.1227359468460083,0.12807039530277253,0.12902692160606385,0.12430335005521774,0.10816456406116486,0.16946477982997896],"train_accuracy_dist":[0.9952003338898163,0.9395789473684211,0.9690466364011556],"train_accuracy":[0.0652627189324437,0.6168334723380595,0.7203919933277732,0.8073394495412844,0.8407700861829303,0.8690575479566305,0.8890742285237698,0.8917848206839033,0.896371976647206,0.920767306088407,0.9260494856825132,0.9307756463719766,0.9390464275785376,0.9375173755907701,0.9409924937447873,0.9434945788156798,0.9472477064220184,0.9452321378926883,0.9529469001946066,0.9561440088963025,0.9480817347789825,0.9496802891298304,0.9621212121212122,0.9611481790380872,0.945371142618849,0.9626077286627746,0.9640672782874617,0.9665693633583542,0.9667083680845149,0.9678899082568807,0.9687239366138448,0.9708090075062552,0.9704614956908535,0.9731025854879066,0.9707395051431749,0.9751876563803169,0.973172087850987,0.9745621351125938,0.9731025854879066,0.975604670558799,0.9745621351125938,0.9759521823742007,0.9762301918265222,0.9762996941896025,0.9762301918265222,0.97581317764804,0.9762301918265222,0.9768557130942452,0.9769947178204059,0.9813733666944676,0.9680289129830414],"train_loss_dist":[0.0154994192046544,0.1726353092758279,0.0914885659498023],"train_loss":[2.31260902387154,1.3666241197974476,0.7846036480057726,0.5541947798154604,0.4599771908618259,0.38648332689399684,0.34014157814377377,0.31044370874095567,0.3039915972814681,0.24519594696194788,0.2223653355082572,0.21295877241896927,0.18755643349063209,0.19302013206347712,0.17985173891675715,0.17548597491459447,0.1602314995911955,0.16791072407049173,0.1420374204789661,0.1341998615551482,0.15769532695205501,0.14650967553535502,0.11682270054257775,0.11480238740709148,0.15108056704743905,0.11157697695728173,0.10707107012895187,0.0976843640937353,0.09833927340349838,0.09745161209855108,0.0930866598880992,0.09064956623693207,0.0863384107852234,0.08147745615108032,0.08560583551981597,0.07447219161746035,0.08029554570122231,0.07721465793255719,0.07787405469625451,0.07335441941196036,0.07659246514336182,0.07205572913869208,0.06977807150152712,0.0690966828940874,0.06869856954322057,0.06747464182915325,0.06862525094050913,0.06675289572722234,0.06451222492179458,0.055322417667281104,0.09296945555196194],"valid_accuracy_dist":[0.988313856427379,0.9208754208754208,0.9686468646864687],"valid_accuracy":[0.06141458136175957,0.6134414108633548,0.7204350080082607,0.8079717688199178,0.8429871726399774,0.8738339163820932,0.8943983245512023,0.8968991399186252,0.8988450925529955,0.9216325557122481,0.9291354860627383,0.9269126569778654,0.9380282308186337,0.9344157298224492,0.9383061070447699,0.9394177938320197,0.9416408140675063,0.9430302994621583,0.9477543609703385,0.9483106115726948,0.9444198555246128,0.9433082718428453,0.9524786379573923,0.9524788881909226,0.9394178482809823,0.9524787688666002,0.9538683527327805,0.9583145241129618,0.9574807158688252,0.9580365123436632,0.9569251765784492,0.9594259676176125,0.959704220352533,0.9616491187623072,0.9591482014478903,0.9649838396869064,0.9616492357696524,0.9622050229765817,0.9610936872113678,0.9635944875184396,0.9622050206596047,0.965261725180951,0.9649840713846197,0.964984188391965,0.9652619730975043,0.9638721436317481,0.9652619730975043,0.9652619591956417,0.96581763402918,0.9710971270882996,0.9594259768855209],"mean_valid_accuracy":[0.062001952374796,0.6127388197918289,0.7196109520059778,0.8072932501931328,0.8423025802858527,0.873202294260218,0.893919562611056,0.8966860700167586,0.8983495270320948,0.9212360208382181,0.928930798848759,0.926498094068357,0.9377404490588179,0.9341294127557812,0.9380599254509017,0.9391799178062863,0.9414324849290717,0.9427798418869897,0.9475354370903609,0.948092792028229,0.9442359789679581,0.9431469811792903,0.9523307969824993,0.9522872200037663,0.9393275907075034,0.9522951182152162,0.9536845819621843,0.958154037440472,0.9573479653660043,0.9578813520380048,0.9567543333817707,0.9593009384410895,0.9595522713094905,0.9615178267965918,0.9589957882822229,0.9648570496077618,0.9615154846963087,0.9620710958129758,0.9609440771567419,0.9634684577713939,0.9620766519241425,0.9651543015551787,0.964857921518362,0.9648555794180792,0.9651162806876125,0.9637592816970438,0.9651162806876125,0.9651496173546125,0.9656964583492296,0.9710258031924505,0.9592787139964228],"std_valid_accuracy":[0.08591936614955764,0.2503168202331767,0.20930285926236872,0.14735714181415857,0.1312837133859788,0.11243652003343438,0.08934586838443916,0.06787345836463934,0.09023540680538204,0.07034423376395446,0.04999962696409572,0.06979105386279319,0.05203340834960824,0.054275209639747,0.04828444568982983,0.04744209573514186,0.043319379994509515,0.046085522709839566,0.04035886985314858,0.041763672900528515,0.04028996710531385,0.03931694974114553,0.032318909908330556,0.036804473998139554,0.038324653061004625,0.035668303814293395,0.035373365389550854,0.030506628164136976,0.028234407390989744,0.02974851994812559,0.0326027908732258,0.026504075544843228,0.029940036302426684,0.025747933006450823,0.02936370876375003,0.023546189692194013,0.026416598308230434,0.026122707790900285,0.028975166914506717,0.024692697201301163,0.025661704842499793,0.02175916028190344,0.024396354553061893,0.02506338395721076,0.02595972855918837,0.022515888394272796,0.02595972855918837,0.02310413869049456,0.02306106684703337,0.014113810083716838,0.028317336656042334],"valid_loss_dist":[0.03684866753016569,0.24541539786640643,0.11040272605497845],"valid_loss":[2.312478172025846,1.3903536338010243,0.791568337548701,0.5552683739367532,0.4668243773654623,0.3950556189197868,0.34646227101742566,0.31494419572907345,0.31657958062778385,0.25732797409616465,0.2338874499960203,0.23160986939961659,0.20332002661210438,0.2120950197098106,0.198312279051217,0.19604665327962034,0.18113939308875798,0.19102048816585288,0.16511314097105254,0.1593431701185446,0.18179634146433418,0.16596297841405397,0.14101338342716802,0.1408932479531674,0.17024282822358353,0.139357218297948,0.1361266848266191,0.12761902415904897,0.12967473693030093,0.1286595467824598,0.12333779536987126,0.1210935638795018,0.11826000383428746,0.11405901416043461,0.12106324271413971,0.10768043055917809,0.11575898659443346,0.11105303670830995,0.11387410090439629,0.10948992366337328,0.11188184077927651,0.10671357291218826,0.10624601479476968,0.10614321067297455,0.10742464265856426,0.1099414422515868,0.10846006375964065,0.10706169716507176,0.10704933295197519,0.09443964497185373,0.13047772901948917],