{"test_accuracy":[0.0972,0.4152,0.758,0.7994,0.8618,0.8961,0.8729,0.9171,0.9396,0.9397,0.9509,0.951,0.9542,0.9593,0.9597,0.9631,0.9641,0.9628,0.9686,0.9689,0.9688,0.9714,0.9697,0.9696,0.9701,0.9734,0.9736,0.9744,0.9628,0.9775,0.9762,0.9788,0.9782,0.9767,0.9783,0.9788,0.9808,0.9772,0.9792,0.9786,0.9808,0.9796,0.9604,0.981,0.9813,0.9798,0.983,0.981,0.9827,0.9824,0.9817],"test_loss":[2.3084521141052248,1.5848977876663208,0.7481512449264527,0.578439169883728,0.3928704626083374,0.31259520978927613,0.36073953680992127,0.24964993052482606,0.2023110309123993,0.19295534291267394,0.16983394203186036,0.1635111238002777,0.15443545064926148,0.1387847844839096,0.13417880442142485,0.12252351726293564,0.11703297681808472,0.11663956680297852,0.10399950865507125,0.100431352186203,0.09827494795322418,0.09138114827871323,0.0920124926686287,0.0961641521692276,0.09069342013597488,0.08286773874759674,0.08609569224119186,0.07983106788992882,0.11566986923217773,0.07151558871269226,0.07524418050050735,0.07002770131826401,0.06693848931789398,0.07003482536673546,0.06924231067895889,0.06685768477916718,0.06102487006187439,0.0703540069937706,0.0640820587515831,0.0669221212387085,0.0612877665579319,0.06365411155223846,0.11327610565423965,0.059109144008159635,0.05823322238922119,0.06217642860412598,0.05079571877121925,0.05643103569746018,0.05563012201786041,0.05677642504572868,0.05714447479844093],"train_accuracy_dist":[0.9896493451626531,0.9763811871020743,0.9907035706739912,0.9914355628058727,0.9787721123829345,0.9830968280467446],"train_accuracy":[0.12636543329749975,0.4784825051149565,0.8058743974754655,0.8325762041821271,0.8822693067933558,0.904879148316399,0.8897596837396401,0.925547040260776,0.942643132087249,0.9453133127579152,0.9511391614939141,0.9530811110725803,0.9559246800984846,0.9606755210320075,0.9613343967819121,0.96455942018934,0.966536047439054,0.9664320144259112,0.9686167077019108,0.9705239796095294,0.9719457641224816,0.972084474806672,0.9735062593196241,0.9725699622013385,0.9734715816485765,0.9754482088982904,0.9741304573984811,0.9760030516350522,0.964386031834102,0.9783611332662898,0.9779796788847661,0.9800256614765752,0.9794708187398135,0.9798869507923847,0.9792280750424801,0.981204702292194,0.9820716440683843,0.9804071158580989,0.9819676110552416,0.9811353469500989,0.9828345528314318,0.9819676110552416,0.9639352221104831,0.9835627839234317,0.9842216596733363,0.9823837431078128,0.9865797413045739,0.9846724693969553,0.9848111800811458,0.9846724693969553,0.9849845684363838],"train_loss_dist":[0.033852957075766285,0.07299439086331849,0.031225241697457308,0.031008641787031346,0.061440845713034875,0.047114566005828584],"train_loss":[2.304612185284777,1.397942603793989,0.6467104150872995,0.49869077375747295,0.3498242498095242,0.28426729144319424,0.31519728741913855,0.2275374796021004,0.19128828790255467,0.17990359661017913,0.16467707847165686,0.15453206006536108,0.14571721280882377,0.13334830787449978,0.12909956141186557,0.11827357331967187,0.11284962143802868,0.11219597367748918,0.10454724921933423,0.09928726542357512,0.09490391053872999,0.09310414592617944,0.08790691749982704,0.0902354670232812,0.08584147529729458,0.07904048286013825,0.08098020864318668,0.07519025296966511,0.11225803705881775,0.07051800307907378,0.07115061599478979,0.0663979391771811,0.06325198997748821,0.06368543566338798,0.0636293586875379,0.06052383499890933,0.056514912817505626,0.06193317268603771,0.056862501659029674,0.05813944007554534,0.05379230519936564,0.05569644717277223,0.10798326466892283,0.0512961425737472,0.04976700899680907,0.05457269757607946,0.044842431731060894,0.04869156666826042,0.04705467769643526,0.04750839944629306,0.04634744599434427],"valid_accuracy_dist":[0.987331081081081,0.9688013136288999,0.9898648648648649,0.9837000814995925,0.9658901830282862,0.9824707846410684],"valid_accuracy":[0.12031999272397752,0.4656558674854859,0.804100009322501,0.8329408186233209,0.8756442322882861,0.9010149639640221,0.8867351197642418,0.9225025985519967,0.9381689966281523,0.9408040047751598,0.9460705576045791,0.9487054527044709,0.95175541475756,0.9571620639763704,0.958132212682497,0.9631233102971885,0.9642321282608246,0.9638157989555372,0.9654794898904883,0.9682526296360637,0.9704706147108288,0.9676982978685639,0.9719957643582987,0.9704706471796491,0.9717184604813333,0.9729663073560899,0.9718572711506539,0.9743524453148696,0.9597942346395671,0.9742141272180406,0.9743524971547792,0.9767098034057751,0.9760159178599874,0.9764320830042323,0.976570582128716,0.9768476752803681,0.9778182015903953,0.9764322063592197,0.9783728406229354,0.9774023297035765,0.9779569953931043,0.9775409150427441,0.9604866564926451,0.9775405763389448,0.9782341572699753,0.9771246262390827,0.9803136728323073,0.978927110030763,0.9785113865768471,0.9789271454150237,0.9796205176830902],"mean_valid_accuracy":[0.11976731417511714,0.4646397112178661,0.8044943894508526,0.8330608402347738,0.8759428821231308,0.9012384454101334,0.8869976787245547,0.9226238398271885,0.9382682703299298,0.9409181884743135,0.9461450671267229,0.9488032046776449,0.9518604612893958,0.95724063794489,0.958195272519034,0.9632036671815,0.964315225340783,0.9638483630896425,0.9655066669116225,0.9683401455101858,0.9705266203874943,0.9677479295686929,0.9720658169918613,0.9705264572902107,0.9717853897439649,0.9730358125438627,0.9719503714460629,0.9744085513019155,0.9598437328083183,0.9743278689052306,0.9744177003599068,0.9767761580179951,0.9760561523672875,0.9765143437825392,0.9766235983262278,0.976918100168558,0.977867907885081,0.9765044092886873,0.9784272179659973,0.9774527522666493,0.9780162782939615,0.9776049969411438,0.9605921701992423,0.9775927799494588,0.9782945217228461,0.9771605158348978,0.9803564264087151,0.9789752824213798,0.9785552923701739,0.9789671598859586,0.9796763847906322],"std_valid_accuracy":[0.08272596651171364,0.13901660804000943,0.09928150121828666,0.08060375699464789,0.07268407443916734,0.05215433737259829,0.06705446364578889,0.03751543769538561,0.027221522101944395,0.030499664498852913,0.01737910704739318,0.022473339648969217,0.021974464384728342,0.015984453243045416,0.01424370409265472,0.013731369404286367,0.011974285497409419,0.010970789038521842,0.0060646005197795266,0.00863477998405093,0.008635845428823419,0.0069103342053084185,0.00994548190120444,0.010650855078476695,0.010236715360347997,0.00952871081635375,0.012576793106705415,0.009007888966694808,0.007969594607700789,0.010630550594422403,0.009806880537151506,0.00970208429578884,0.007722246287415174,0.010872401517566882,0.009048251260191889,0.010248089932922198,0.008701688435372988,0.010784586553132127,0.00872265643346253,0.00943459717977867,0.010147529542007335,0.008609499488534698,0.01397777320036935,0.00896454962069158,0.010425335764914249,0.007627350530638189,0.006867632360424107,0.0076222920996881155,0.008986782970768907,0.008260347957504691,0.009080426192794384],"valid_loss_dist":[0.047309196982029324,0.0880809728612845,0.032382996501149355,0.05410954113913049,0.10816126434557054,0.05706668839182002],