{"test_accuracy":[0.0972,0.4771,0.8052,0.8755,0.9035,0.9235,0.9305,0.9401,0.9495,0.9508,0.9537,0.9592,0.959,0.9625,0.963,0.9664,0.9663,0.9686,0.97,0.9712,0.9716,0.9751,0.9754,0.9759,0.9765,0.9755,0.9763,0.9761,0.9786,0.9741,0.9801,0.9784,0.9804,0.9809,0.9808,0.9808,0.9814,0.9817,0.9823,0.9826,0.981,0.9819,0.9831,0.983,0.9832,0.9828,0.9823,0.9828,0.9834,0.983,0.9822],"test_loss":[2.3084521141052248,1.3863002559661866,0.6504586361885071,0.4305561388492584,0.33613834266662596,0.2707300326347351,0.2416848991394043,0.20757999382019043,0.1788720566511154,0.16675205752849578,0.15576115865707396,0.1471757426738739,0.13842863582372666,0.12469851520061492,0.12448549817800522,0.11098395372629166,0.11170013537406921,0.1012183521270752,0.1011237310409546,0.09357685098648072,0.09322274771928787,0.08355797431468964,0.08262586656808853,0.07690076050758361,0.07726386806964874,0.07844849711656571,0.07389939847588539,0.07652342087626457,0.07137484372854233,0.08190469921827316,0.06450960364937783,0.07047006481289864,0.06384322950839996,0.06303403102159501,0.06172705569267273,0.061736106836795805,0.061751461881399156,0.05824321100115776,0.057193023383617404,0.05754032872915268,0.0594025172829628,0.057172326469421386,0.052378653421998024,0.05320311080813408,0.052673712521791455,0.052926556718349456,0.051850064849853515,0.05238878960609436,0.05292298319935799,0.051724952322244645,0.05118147702217102],"train_accuracy_dist":[0.9932403886776511,0.990069723219945,0.9804847986852917,0.9829605963791267,0.9861337683523654,0.9875130072840791,0.9852631578947368,0.9843169624432522],"train_accuracy":[0.09576105386722317,0.5508543106821443,0.8218077474892396,0.8829268292682927,0.9063779835659319,0.9246380592148168,0.9310812573366375,0.9407069257858354,0.9482196426242337,0.9503847658797444,0.9534107212729881,0.9568279640015651,0.9572192513368984,0.962749445676275,0.962801617320986,0.9668710056084519,0.9664275466284075,0.9700534759358289,0.9707838789617843,0.9725838007043172,0.9722185991913395,0.974801095604539,0.9756619277422721,0.9769140472153385,0.9765488457023608,0.9779313942872049,0.9783487674448937,0.9776444502412939,0.9793661145167601,0.9744098082692056,0.980592148167471,0.9796008869179601,0.9811660362592931,0.9818442676405373,0.9820268683970262,0.9814529803052041,0.9820790400417373,0.983487674448937,0.9830963871136038,0.9834615886265815,0.982679013955915,0.9836181035607148,0.9853919394808921,0.9851310812573366,0.9853658536585366,0.9851832529020478,0.9849745663232033,0.985574540237381,0.9851832529020478,0.9863310290856919,0.9862266857962697],"train_loss_dist":[0.022942401008404254,0.034433455259779054,0.060573906318614396,0.051051596913157436,0.0500079784451165,0.04041016226271933,0.04739319898658677,0.05234242809050053],"train_loss":[2.310914816849543,1.274245990465467,0.6041169605394129,0.41211973499626725,0.3251662993786371,0.26557041055704944,0.23577659037700296,0.20540572228737383,0.18040802227489885,0.16811482900122207,0.1563184276491392,0.14751155210105726,0.13898192099479587,0.1254453843455357,0.12371510641020872,0.11171975562236479,0.1114716460632659,0.10267275596418685,0.09987503635903933,0.09384289295437502,0.09290050367760475,0.08488253741995816,0.08308822106046705,0.07795484053910952,0.07830268541013027,0.0773329470485927,0.07349803364209251,0.07438214742141876,0.06950848598163893,0.08145002473011619,0.06442970967990908,0.06717359818551202,0.062297299100119864,0.06038274473434277,0.05980270626218981,0.06027042029795504,0.0584228548053052,0.05544555589427448,0.05550961752439281,0.05403166601209142,0.0553591499677227,0.05271336116145475,0.04919011790115394,0.04894548174228509,0.04844481351683204,0.04816296873287434,0.04763239101335859,0.04693833743215377,0.047349203015296576,0.04557706477088693,0.04498038219028771],"valid_accuracy_dist":[0.9907094594594594,0.9898648648648649,0.9778142974527527,0.9889267461669506,0.9788101059494703,0.978369384359401,0.9814814814814815,0.9867986798679867],"valid_accuracy":[0.0914521373045385,0.5590066782657492,0.8228935099337862,0.8854799247629426,0.9074873454445517,0.9262627099308871,0.93418877263964,0.9442013945197503,0.9516064103288345,0.9539012438190042,0.9562998841822687,0.959636700887118,0.961201527705241,0.9647477219284227,0.9650610485019707,0.9674596275186622,0.9673550041550985,0.970379773201175,0.9707964232956295,0.9717357506962959,0.9724658523361909,0.9740299745375081,0.9747601369009943,0.9764289152258371,0.9753860710015205,0.9758029495733661,0.977262975209,0.9761158632951696,0.9774716743445931,0.9738200299185458,0.9796617655813016,0.9786187406283705,0.9802875498347471,0.9800791180256764,0.9797660307687666,0.9797660711197784,0.9804963623915506,0.9811220974294258,0.9815387896319963,0.9814348461907584,0.9809135428252787,0.9824779539400109,0.9823735261309636,0.9823738505511243,0.9827909573752072,0.9828951544086582,0.9814357904435135,0.9834169054960292,0.9834166732648172,0.9837295510866045,0.9840426020827114],"mean_valid_accuracy":[0.09133203727997116,0.5599575481257946,0.8233451391487494,0.885633493830986,0.9076873136685986,0.9263831305368527,0.9343324160914193,0.9442712042717458,0.9517011928179737,0.9539828270816442,0.9563837161856727,0.9597321324259435,0.9613164831356602,0.9648714419934057,0.9651955566097584,0.9675801373171582,0.967463900924747,0.9704856664955711,0.9709186108276391,0.9718478790878159,0.9725745803564003,0.9741144870911003,0.9748433739392125,0.9765145346523947,0.9754649420881469,0.9758819996452213,0.9773368890054791,0.9761993984836284,0.9775561929123269,0.9738939337603221,0.9797310304476258,0.978701239506742,0.9803490471640057,0.9801415385397318,0.9798175079202441,0.9798201354194058,0.9805565892725167,0.9811827946545455,0.9815835227614623,0.9814965236960607,0.9809739438512248,0.9825385155447512,0.98242106062597,0.9824247888998673,0.982851712320315,0.9829510275703399,0.9814954624068113,0.9834809111727999,0.9834734266610843,0.9837874136112323,0.984096877450296],"std_valid_accuracy":[0.08929706537143059,0.1660036712460462,0.06940502841299506,0.02677688747827319,0.02450325962854074,0.018503496835394855,0.01759246792051648,0.01145647605151471,0.011898754806091757,0.012774567024425872,0.011775251286205674,0.010783863721351084,0.011463432016599384,0.010815462289070366,0.012363105439533088,0.011319969067293293,0.01040616018766457,0.010075465795872277,0.01118938823831501,0.009932986241284273,0.010976107955125236,0.007550944483270809,0.008699811998307534,0.0077860645698058705,0.008857741276818785,0.007462056196349869,0.007552981867031458,0.008707018304630552,0.0076675562639719076,0.009459062792694066,0.006965698888593689,0.008019875763494477,0.006350445667294565,0.006290286907331235,0.006511548476405422,0.0060640611646654834,0.006708316141391041,0.006494710677350433,0.006636736185365267,0.005878634584839878,0.006998531701366182,0.006231074369198402,0.004812870880046319,0.005389065745778935,0.00593534346810355,0.006299047816809161,0.006621757747783543,0.006040279235903722,0.0052681844961654295,0.005462298701134058,0.005180353816033116],"valid_loss_dist":[0.03270420049493377,0.03126787656062358,0.06632005190361986,0.0459535717837246,0.07294185855520773,0.07738527571921935,0.06422306468039249,0.05229597479695141],