{"test_accuracy":[0.0972,0.5444,0.7309,0.8113,0.8637,0.9186,0.9232,0.9333,0.9168,0.9412,0.9478,0.953,0.9365,0.9601,0.964,0.9662,0.9675,0.9694,0.9688,0.9717,0.9718,0.9738,0.9738,0.9752,0.9746,0.9745,0.9792,0.9785,0.9788,0.9675,0.9788,0.9778,0.9783,0.9708,0.9775,0.9777,0.9802,0.9811,0.9814,0.9797,0.9823,0.9814,0.9789,0.9834,0.9835,0.9832,0.9831,0.9839,0.9823,0.9838,0.9842],"test_loss":[2.3084521141052248,1.4164639993667603,0.7395030274391174,0.49100344219207764,0.3685954089641571,0.2832317263126373,0.25230297985076905,0.22212387070655823,0.23993317275047302,0.19014575293064118,0.1742235013246536,0.1588720781326294,0.19186623775959014,0.13769427585601807,0.12207098027467728,0.11524511275291442,0.11264700570106506,0.10441842432022094,0.10753897935152054,0.09878571088314056,0.09718865059614182,0.08964665917158127,0.09039587770700455,0.08486901787519455,0.08491023119688033,0.08196410120725632,0.06797931615710258,0.07104233232736587,0.07201119079589843,0.10031885110139847,0.06923106718063354,0.07082044311761856,0.06869753807783127,0.08864825474023819,0.07182059344053268,0.07110229647159576,0.06365827204585076,0.061377029019594194,0.06143582373857498,0.06393039245605468,0.05715287850499153,0.0594248183131218,0.06554855399131775,0.05371372181177139,0.052920419335365294,0.055158357501029966,0.05353605297803879,0.05222098153829575,0.05590907316803932,0.05005780272483826,0.049888544422388076],"train_accuracy_dist":[0.9885931558935361,0.982131854590265,0.9862666384956688,0.9845932621199671,0.9934747145187602,0.9791883454734651,0.986644407345576,0.9932631578947368],"train_accuracy":[0.11886620725523339,0.6091535561045378,0.7792744766610323,0.8418931218307112,0.8845143674424653,0.9219867377454167,0.925991418541152,0.9353270055909505,0.9263554804316734,0.9443505395917305,0.949395397217527,0.9538161487452868,0.943778442335197,0.9594070992068652,0.9647640098816799,0.9659602132362501,0.966792354700299,0.9693407879339487,0.9687426862566636,0.971421141594071,0.971473150435574,0.9735014952541932,0.9736835261994539,0.9755298400728124,0.9747757118710181,0.9762319594331036,0.9794825120270446,0.9788844103497595,0.9788844103497595,0.9709530620205435,0.9796645429723053,0.9796125341308022,0.9800546092835782,0.9724353140033806,0.9794825120270446,0.9793004810817839,0.9819529319984397,0.9823169938889611,0.9827330646209855,0.9811467949551423,0.9836172149265375,0.9833311662982707,0.9809647640098816,0.9852034845923807,0.9854895332206475,0.9852294890131322,0.9852554934338837,0.9856455597451567,0.9851514757508777,0.9867117409959694,0.9867637498374724],"train_loss_dist":[0.04141939066926487,0.05782633897090783,0.04687169311655114,0.04606135229020698,0.027156374702871234,0.0599277167713791,0.04277458836717876,0.02662810102732558],"train_loss":[2.3061023413879234,1.2803332165149048,0.6495644335550848,0.4397356321924515,0.33492799827451436,0.27370402756770834,0.24187163827230493,0.20968904156490198,0.21743469628489787,0.1805772539539651,0.1656923286270962,0.15171112954585547,0.1751139601271882,0.132196309226935,0.1201796065267607,0.11274567578424327,0.10927038891094433,0.10187128934519543,0.10277991761280167,0.09483436079708657,0.0941599614157771,0.08718238454978094,0.08662792634702816,0.08107103204083155,0.08139056154045912,0.07841926891302942,0.06925994449430364,0.06865666957094756,0.06959610674125818,0.09082996301355883,0.06606096660318958,0.0669562394766469,0.06464785749220814,0.08496551063420822,0.0659847347744651,0.06500914898842569,0.05854527744226145,0.05655920206279845,0.05623767292857201,0.058817527051024526,0.052664950076684876,0.05344010995200359,0.05994867582187519,0.04871739613764378,0.04783437326492359,0.04868702876166395,0.047629309126468136,0.04709942064459574,0.04888128791270339,0.04379569236380453,0.04359103040727314],"valid_accuracy_dist":[0.9847972972972973,0.9770114942528736,0.9864864864864865,0.981101068200493,0.986960065199674,0.9742096505823628,0.9858096828046744,0.9848484848484849],"valid_accuracy":[0.1128930081085512,0.6013503930812959,0.7769723929550778,0.8391521160200176,0.880015579127473,0.9238940875677162,0.9284687134952578,0.9366816695250475,0.9243083971027363,0.9451036228087585,0.9496779069775315,0.9542528765506533,0.9420871253536611,0.9598668133249361,0.9627788620554947,0.9660019605974082,0.966833713080625,0.9689128290223696,0.9690164886201132,0.9706801869150353,0.9706801140692678,0.9722399108642896,0.97296770908068,0.974319226265933,0.9734875967344027,0.9746310959085912,0.9775427137599657,0.9768146723706302,0.9769182410230319,0.9694320195972097,0.9778541695302668,0.9766063671947944,0.9775421628191282,0.9697451300529125,0.9771260876884278,0.9771259157306036,0.9788938664121914,0.979413633271273,0.9798296352877363,0.9780620806083646,0.9803494648097121,0.9799332971628569,0.9762944735400914,0.981493183862793,0.9814931011808913,0.9810771205416258,0.9811811806157149,0.9810772262783235,0.9809727812888865,0.9827407084500156,0.9826368416403833],"mean_valid_accuracy":[0.11276319606904829,0.6005454797050648,0.7768200717452591,0.8390828471177437,0.8801568316585073,0.9238383341185282,0.9284336846059636,0.9367153590822259,0.9244941652357264,0.945130872242364,0.9497062601388564,0.9542692985930694,0.9422033264560824,0.9599069671138071,0.9627804230962319,0.9660240121000045,0.9668544434890631,0.9689480187558457,0.9690424984452268,0.970703001346062,0.9706810261196667,0.9722639248718508,0.9729999027584332,0.9743463594116257,0.9735303810328733,0.9746388771692253,0.9775663443060694,0.9768467749941098,0.9769459336246984,0.9694723674431598,0.9778698408079338,0.9766220672485946,0.977549491377462,0.9698099942882905,0.9771512995040383,0.977153368104333,0.9789178032356812,0.9794341444415529,0.9798585022718499,0.9780661235587544,0.9803727780785748,0.979938957974852,0.9762917964625724,0.981516497266739,0.9815102833542095,0.9810912372109233,0.9811941787454617,0.9810954248436402,0.9809836997937322,0.9827582613129223,0.9826530287090433],"std_valid_accuracy":[0.08593262711741775,0.13763922510043725,0.07892417296097735,0.055598955880693905,0.04389503033305706,0.017540471626395597,0.01794413369784255,0.017704978883754306,0.03532701456648121,0.016357257026383326,0.011954422037542194,0.011545973505096188,0.023532929754085614,0.008795248264541313,0.006904919315074093,0.007094614488133878,0.006769380720641669,0.006798464820581055,0.0068205525867624925,0.005692271038082542,0.005920921117063742,0.006454758573848115,0.007124273535040647,0.006024395580272828,0.0071571849080365214,0.005986781433758487,0.005418299555271798,0.005595565456706633,0.005024814588500427,0.009537392781053278,0.005989182849897475,0.005746487264432053,0.004544880551188887,0.010399503424995005,0.006486747344589632,0.006644717459672745,0.005382662709777062,0.0051826307491350245,0.005844937562373458,0.0052674838465537124,0.005186875575791989,0.004573183577425435,0.004943776984160111,0.004859850032839965,0.00499900458481104,0.0053027407319544565,0.005101159954084357,0.005123895713137436,0.004843354738999548,0.003871476211657837,0.004446269068158027],"valid_loss_dist":[0.05877173128160271,0.06335449102525836,0.047032412217074146,0.05888463897766789,0.04614568825814184,0.09729676680351157,0.05086818080588255,0.05282307937992141],