{"test_accuracy":[0.0972,0.1824,0.43,0.5826,0.7006,0.7267,0.7552,0.7747,0.7833,0.8052,0.8061,0.8135,0.8133,0.819,0.8187,0.8334,0.8275,0.8373,0.8379,0.833,0.8467,0.8298,0.8449,0.8445,0.8418,0.8446,0.8482,0.8502,0.8439,0.8522,0.8478,0.8463,0.8579,0.8547,0.8542,0.8591,0.8594,0.8582,0.8544,0.851,0.8535,0.8553,0.863,0.8592,0.8624,0.8606,0.8612,0.8588,0.863,0.8583,0.8623],"test_loss":[2.3084521141052248,3.4757027587890623,2.190488359451294,1.7028136276245118,1.3247637712478637,1.29726344165802,1.2089136978149415,1.2135822414398194,1.2021448572158813,1.1780158575057984,1.1302452857971192,1.1602582113265991,1.1877182703018188,1.1605461544036866,1.1725162952423096,1.1790679509162902,1.201206495285034,1.1826644355773925,1.1899908846855163,1.2185884101867677,1.1957145858764648,1.2057215772628784,1.2180794185638428,1.2169421360015868,1.224797243309021,1.240935117340088,1.241686922645569,1.2269335145950317,1.2491593702316284,1.2665916584014894,1.2531026481628418,1.2727977254867553,1.2317136878967285,1.2456604972839356,1.2777464548110962,1.258702283859253,1.2914322076797486,1.2780926815032958,1.3109035446166992,1.328030736351013,1.3235383893966675,1.3200198316574097,1.288415235900879,1.311163094329834,1.3066752779006958,1.3492830232620239,1.3369413343429566,1.3048079500198364,1.3207470401763917,1.367019075012207,1.3671467678070068],"train_accuracy_dist":[0.9598563279104162,0.9810436634717785,0.9828881469115192],"train_accuracy":[0.06744022503516174,0.3728551336146273,0.6484528832630099,0.759423347398031,0.8484528832630098,0.8640646976090014,0.8852320675105485,0.900773558368495,0.9035864978902953,0.9248241912798875,0.9316455696202531,0.929535864978903,0.9275668073136427,0.9381856540084388,0.940436005625879,0.9493670886075949,0.9415611814345991,0.9527426160337553,0.9521800281293952,0.9459915611814346,0.960900140646976,0.9478902953586498,0.9585091420534458,0.960267229254571,0.9568213783403657,0.959282700421941,0.9623066104078762,0.9622362869198312,0.9589310829817159,0.9630801687763713,0.9610407876230661,0.9604781997187061,0.969549929676512,0.9656821378340366,0.9649789029535865,0.9710267229254571,0.9696202531645569,0.9689170182841069,0.9652601969057665,0.9645569620253165,0.9664556962025317,0.9670886075949368,0.9744725738396625,0.9696905766526019,0.9727848101265822,0.9736286919831224,0.9731364275668073,0.9715189873417721,0.9729957805907173,0.970604781997187,0.9746132208157524],"train_loss_dist":[0.10560268550613781,0.05031144710473867,0.05667496858497394],"train_loss":[2.315026242689409,2.18458974012678,1.084022307056415,0.7144890867645227,0.4473648532491528,0.395045102714612,0.3347324941459252,0.2964985205884892,0.2827212937176228,0.22640987775706373,0.20921212536205555,0.2070217961091784,0.21182227259824044,0.18351774579320107,0.17858527373999317,0.15901487917755894,0.17543428063539346,0.14535451769493468,0.14447197250592222,0.15986594673345697,0.12083619474688788,0.15220975961992006,0.12396244981264598,0.12301406366973278,0.1300160030534415,0.1215004701945412,0.11315272124916441,0.11395360439355615,0.12053437301294377,0.1088794183923893,0.11452434033144962,0.1145778251492252,0.0914939625649785,0.09919374564193639,0.09889526563249895,0.08696109356198842,0.08652148721883736,0.09086910930741185,0.09729007081955189,0.0987753440024732,0.09572566023251007,0.09275194424978665,0.0748869512675516,0.08531729823656893,0.07964834409088693,0.0767783592998688,0.07678121033343376,0.08295254651954824,0.07740791366866537,0.08366744992193542,0.0708590860841416],"valid_accuracy_dist":[0.9577702702702703,0.975298126064736,0.9766277128547579],"valid_accuracy":[0.06100336583969301,0.3802006229322502,0.652710774734366,0.7598529437846294,0.8546209161606996,0.874869440331529,0.8987721191840169,0.9142356708607882,0.9133923311465673,0.9330748144177429,0.9386975460408546,0.937573860162267,0.936733305428485,0.9415117298187391,0.9448853525627389,0.956414486060576,0.9479801865620392,0.9566970257865957,0.9583836604918378,0.9513551180161466,0.9642881576844026,0.9488215692821215,0.9623208818642787,0.9614764669719532,0.9603517089507725,0.9603537243279118,0.9642891699262391,0.9648499759854631,0.9597888814433868,0.9671000895176332,0.9620394127630962,0.9620384619397717,0.9701921248766935,0.9687883263657421,0.9676636267275621,0.9704741315669281,0.9707568494774614,0.9699122564006225,0.9673811469022988,0.9637249768435009,0.9665382128335719,0.9682258582628949,0.9727243633828554,0.9696312589167133,0.971880897796099,0.971880893242832,0.9713187830267678,0.9673803727457321,0.9710368377550452,0.9696323280237951,0.9699121934643549],"mean_valid_accuracy":[0.061096860612236896,0.3802441908452636,0.6528002492912778,0.7599247189138097,0.8547102010033912,0.8748980014383135,0.8986971950285843,0.9142602287545202,0.9133467631719795,0.9331151499794653,0.9387335125024716,0.937547215640158,0.93664189463344,0.9415204459087044,0.9449311687901237,0.9563976770452712,0.9479211705242171,0.9566666626312103,0.9583615398922284,0.9512894010109344,0.9642815103421829,0.948843277908454,0.9623009195677691,0.9614622908829714,0.9603232825232225,0.9603227268472865,0.9642399099114473,0.9648292931176918,0.9597895517832707,0.9670642033164892,0.9619984196768545,0.962020557838172,0.9701700282530626,0.9687432446140174,0.9676123223800287,0.9704351096951057,0.9707008052631473,0.9698654665962473,0.9673376487222605,0.963726811242848,0.96650833441522,0.9681753854430917,0.9726724179478343,0.9695863331186471,0.9718254252993085,0.9718667478920762,0.9712785344877659,0.9673702710632694,0.9709939907763047,0.9695665930112609,0.9698987030632548],"std_valid_accuracy":[0.08102644499730294,0.007368695343476954,0.0535021002504102,0.04920708520141959,0.04471779300904764,0.044417255323803584,0.036730402671884,0.027892836575012084,0.025426846427329876,0.019731714411381118,0.012970211468365545,0.013847465128966539,0.02516995914810732,0.019272602677876647,0.018241714621148566,0.010992467428978452,0.01874365670025944,0.016026066357965822,0.013590370992126568,0.02006139437471103,0.009989324935851057,0.012879393270907221,0.01456199176538125,0.01157164930629616,0.011532435018883761,0.019760691037408427,0.013084256265037605,0.006975727970676723,0.011079048232469932,0.008447977843570091,0.012981909893272426,0.009621457688040617,0.0036173697426780324,0.012019870459870746,0.012633509235880497,0.0066972973941152175,0.012169813661760225,0.00872083650540625,0.008048949875180912,0.007284505938791274,0.010607537151341594,0.01189736455320641,0.00877301208874292,0.009411994025243182,0.009457469961996008,0.009385019116362707,0.010216059038091503,0.005030652915051645,0.007699525244440383,0.013522994683816396,0.008593257502969232],"valid_loss_dist":[0.11938913367890022,0.061874758940843745,0.07722486739664125],"valid_loss":[2.316032656253483,2.1471029730861386,1.0552373533028467,0.690629589163457,0.4274253053420298,0.37301071553874404,0.3158787411316839,0.2768169261543139,0.26529900492420194,0.21046710628930604,0.19846831023382192,0.19604423087946088,0.19878346204209846,0.17508248997589845,0.1704109668264343,0.14989384486751714,0.16676905618649313,0.13958034076439577,0.13798737313399315,0.1536195937747191,0.11749897081633501,0.15038445976851575,0.12139368740186275,0.12095641903633811,0.12811258434048176,0.1201723365747441,0.11322982379359611,0.11461682731266551,0.12086598531778735,0.10961282964836454,0.11680603388078421,0.11832329073989743,0.09635265376508596,0.10386887484429864,0.1037389085034253,0.09391746786758799,0.09293110527860328,0.09837980569516853,0.10530026357146217,0.10763241968795313,0.10368820613216091,0.10193173978123694,0.0854931385679137,0.09572509579101209,0.09094305235849501,0.08828731030137099,0.0890302656578279,0.09635663608608937,0.09106881954189268,0.0974839504142761,0.08619074033011259],