{"test_accuracy":[0.0972,0.4246,0.5574,0.6557,0.7607,0.7965,0.8499,0.7853,0.8751,0.8863,0.8961,0.9073,0.8989,0.8902,0.9143,0.9155,0.9225,0.9106,0.9207,0.928,0.9342,0.9267,0.9239,0.9429,0.9392,0.9301,0.9468,0.9454,0.9299,0.9463,0.9447,0.9423,0.9462,0.9468,0.9511,0.9519,0.95,0.9525,0.9542,0.9495,0.926,0.9539,0.9626,0.9535,0.959,0.9544,0.9494,0.9569,0.963,0.9572,0.9569],"test_loss":[2.3084521141052248,1.8936179090499878,1.1899338251113891,0.8796949122428894,0.6301518969535828,0.5534045771598816,0.4291594142913818,0.5694643102645874,0.3596930314540863,0.32943243885040285,0.3050146518945694,0.27693981461524964,0.29707851848602296,0.31263765439987184,0.2529821674823761,0.25115760617256166,0.22962034590244293,0.26728199729919433,0.2312427262067795,0.21048690609931947,0.19718132708072664,0.21303420572280884,0.22554554972648622,0.17616721338033675,0.18175216474533082,0.20683273146152498,0.16243684129714966,0.16527875130176545,0.20487818970680235,0.15833881175518036,0.16524818828105928,0.1686636994600296,0.1613810358285904,0.15745184004306792,0.1458617197275162,0.14627662954330445,0.15808891460895538,0.14251152544021606,0.13993522217273713,0.14999888443946838,0.22241390166282654,0.13801889731884004,0.11730128717422485,0.14184054169654847,0.12707846879959106,0.13936113538742065,0.15207319331169128,0.1271987681388855,0.11551206341981887,0.12860103986263274,0.12932686550617217],"train_accuracy_dist":[0.9516163110078174,0.9769926047658176,0.9951011714589989],"train_accuracy":[0.06638220481253497,0.5684107442641299,0.688794068270845,0.7568550643536653,0.8286933407946279,0.8506575265808618,0.8864717403469502,0.8512171236709569,0.9067571348628987,0.9144515948517068,0.9226357022943481,0.9313094571908226,0.9236149972020146,0.9225657526580862,0.9371152770005596,0.9382344711807499,0.9440402909904868,0.932288752098489,0.9443900391717963,0.9502658086177952,0.9531337437045327,0.949076664801343,0.9459289311695579,0.9595691102406267,0.95747062115277,0.9518746502518187,0.9636261891438165,0.9632064913262451,0.9541130386121992,0.964535534415221,0.9638360380526021,0.9621572467823167,0.9638360380526021,0.9662143256855065,0.9674734191382205,0.9680330162283156,0.9662842753217683,0.9683128147733632,0.9706911024062674,0.9676133184107443,0.9515249020705092,0.9710408505875769,0.9765668718522663,0.9713905987688864,0.9746782316731953,0.9711807498601007,0.9668438724118634,0.9737688864017907,0.976776720761052,0.974188584219362,0.9745383324006716],"train_loss_dist":[0.12762679956489756,0.06521562418319597,0.016230744627702097],"train_loss":[2.314361699029728,1.4493997228474143,0.8636970601352604,0.6392743623256266,0.4629223169050131,0.40808299244300705,0.325639014066654,0.4045850298623854,0.2707528338656059,0.24314482846762725,0.22397661438836156,0.20326456350024746,0.2162888627679144,0.21940908591780514,0.18025580464346855,0.17678244552764236,0.1631539263798038,0.18963593468836143,0.15841375303073726,0.14436068233763397,0.13577025075128826,0.14235586161731997,0.15010330065018818,0.11960563319800374,0.12256085574230836,0.13469420735369617,0.10751490770627041,0.10694970911114399,0.12969063578533643,0.10177216618454733,0.1032947069807911,0.10516812362008227,0.09945080285786616,0.09602039624354737,0.08888077719288731,0.08825873922078209,0.09804918150124091,0.08518745749224671,0.08201446522730306,0.08680471213467765,0.1361994764587264,0.08019240466053335,0.06915013934915576,0.08036077365948374,0.07073170732594473,0.07779816697060694,0.08983604609705695,0.07162176832912681,0.06446584391188258,0.07116974966921576,0.06979089583740343],"valid_accuracy_dist":[0.9451013513513513,0.971240755957272,0.9889267461669506],"valid_accuracy":[0.05983966579745626,0.5770633081873855,0.6976291978380934,0.7591785522606651,0.8419702627031554,0.8548324868774624,0.8970717278365967,0.8579117423145837,0.9169302754624985,0.9222442583696661,0.9286773804037712,0.937626736714136,0.9325951483091388,0.9300761332900673,0.943221998666071,0.9462983632538751,0.9496547647159811,0.9384702668787483,0.9468578411793429,0.9544096837545027,0.9566475404031212,0.9521721800707056,0.9499350338807903,0.957485991779367,0.9549689278797769,0.9552497853192876,0.9605633021357548,0.9616823756416306,0.9532914919058361,0.9630804256176586,0.9611223660044008,0.9594446962302663,0.9611227189692219,0.9625210027454434,0.9653183984115304,0.9661566710408352,0.9633580988253447,0.9644793587605829,0.9669955945465293,0.9647588593940619,0.9524533965137855,0.9675557814210133,0.9725877853925192,0.9678354027288069,0.9706314981518017,0.9672762777681602,0.9639220642451032,0.9681153204384818,0.9720298995829637,0.9675560182405811,0.9683950594012158],"mean_valid_accuracy":[0.0602621360713354,0.5796041612415869,0.6995383970421031,0.7601280379201395,0.8425182357557977,0.8555064162449213,0.8973177503918889,0.8585380340543741,0.9170798681079638,0.9224304856461423,0.9288193391560179,0.9378021685885841,0.932665895298038,0.9302514171604144,0.9433106557116974,0.9464070627511182,0.9497372392602462,0.9384607100605454,0.9469749219220439,0.9544946976659082,0.9567087800720614,0.952287809421549,0.950020729038283,0.9575562125280133,0.9550352986287378,0.9553307786764309,0.9606044176981837,0.9617425340939662,0.9533857977247271,0.9631152995743081,0.9611975768307003,0.9595208177185933,0.9612047709924939,0.9626047946809319,0.9653542421346258,0.9662317706600311,0.9634583426670243,0.9644948194090176,0.9670663332314745,0.9648188770870849,0.9525006352301021,0.9676036565255209,0.9726921677542427,0.9678851880570524,0.9706981053184364,0.9673245230479206,0.9638702447847698,0.9681390215730619,0.9721005270608055,0.9675859905331499,0.9684229511585247],"std_valid_accuracy":[0.081636363383693,0.20750794948000698,0.1770055974233188,0.14547286927335584,0.09272983327884698,0.08107326601775985,0.05659001623196207,0.08718511286666741,0.04300237363828782,0.042109687194277684,0.037179268385250826,0.03167641973653393,0.04081640980469285,0.040043165420612065,0.02993302372949062,0.028575746617196578,0.02579589697727248,0.04132251636321452,0.029287701689261907,0.02443089557261728,0.02341431340520547,0.02759300862767704,0.028569910060022567,0.02063049688807182,0.02235453928287286,0.028594472436869682,0.020706186853946807,0.02273696106539962,0.02823327199784713,0.018642274078765907,0.02099386749440568,0.02409860499644962,0.023071166781446825,0.02170469993515021,0.01969869012398553,0.017925813505647436,0.013581404774565032,0.019154996707655848,0.016547124849993988,0.02065844751612867,0.03048598857307168,0.018602657470235186,0.009677219926919358,0.01825024953430951,0.014164176299016755,0.01964835055112915,0.026266691786838086,0.017680465144252755,0.013528412926121348,0.018688928364727617,0.01800224663014171],"valid_loss_dist":[0.1506527215242386,0.08916919496317526,0.029447771737342494],"valid_loss":[2.3158908746110707,1.428180355438289,0.8344496970245351,0.6079618336191225,0.4347490175796453,0.3805592210848065,0.29875320499338165,0.37572044099358815,0.2497682304010888,0.22225339319462956,0.20661575025375598,0.18862322024447367,0.1973546911212708,0.2054336069855224,0.16958653296997808,0.16501407146234687,0.15438513018458885,0.17655915203397618,0.1529300190282076,0.13973350248458205,0.13285932631663835,0.14158302637826284,0.14747556191796152,0.11980978791260122,0.1228562743964559,0.13522477319013126,0.10977540145725617,0.11104232182032706,0.13427622310645146,0.1057965822966382,0.10854701692349421,0.11192161568109177,0.1072319499438079,0.10556111917215895,0.09853380108233636,0.09886121502820797,0.10733433523934727,0.09576140853516005,0.09493702492318794,0.0999906098971854,0.1433888184958058,0.09362199466221158,0.08509816345877644,0.0968525497986679,0.08720535068981279,0.09460153637517463,0.10494424386137212,0.08847885123399873,0.08256804057646784,0.09046880836212073,0.08991132207343183],