{"test_accuracy":[0.0972,0.6089,0.7876,0.8809,0.8987,0.9145,0.9298,0.9315,0.9414,0.942,0.9453,0.9525,0.9512,0.959,0.9614,0.9627,0.962,0.9651,0.9679,0.9664,0.9707,0.9718,0.9725,0.9737,0.9728,0.9745,0.9746,0.9775,0.976,0.9775,0.9769,0.9784,0.9792,0.9782,0.9786,0.9793,0.9795,0.9802,0.9795,0.9803,0.981,0.982,0.9812,0.9822,0.9814,0.9806,0.9823,0.9828,0.9827,0.9837,0.9836],"test_loss":[2.3084521141052248,1.2735380249023438,0.6529345351219177,0.4076329029083252,0.33397561764717104,0.2847403468132019,0.2366839852809906,0.23611885845661162,0.19971759040355683,0.18765651323795318,0.18322653059959412,0.16601356451511384,0.1660583292722702,0.14109212154150008,0.1307072781085968,0.1270431058883667,0.12603750482797624,0.11856366927623749,0.11007453004121781,0.1119690277338028,0.09968184099197387,0.09635124881267548,0.09344843328595162,0.08963339660167693,0.09279420976638794,0.08643515475392341,0.08441627939343452,0.07530623739957809,0.08020328850746154,0.07577830679416657,0.0773621633529663,0.07209115843772888,0.06954314531087875,0.07111964633464814,0.07001947410106658,0.06720957208871842,0.06602406591773033,0.06524805892705918,0.06475815532207489,0.06134503896832466,0.06127790272831917,0.05953018344044685,0.06158908063173294,0.05789383925199509,0.06008494285345078,0.06261496045589447,0.05560652631521225,0.05533229233026504,0.054205121529102326,0.0552240583062172,0.05379149109721184],"train_accuracy_dist":[0.9871144909167723,0.9806941877182173,0.9864779209803507,0.9847986852917009,0.9752928647497338,0.9891924959216966,0.9938947368421053],"train_accuracy":[0.10911095878162906,0.6481387655351235,0.8072899591690758,0.8848687151670491,0.9024826394063123,0.9161326856018835,0.9308556611927399,0.9318689833993979,0.9416743659285309,0.942806902512443,0.9451017792745805,0.9517181772121718,0.9521950347211874,0.9585432003099574,0.9617917920901261,0.9621792388162013,0.9614341489583644,0.964295294012458,0.9668285995291032,0.9649509730873543,0.9704050308467201,0.9709712991386761,0.9723124608827824,0.9735046046553214,0.9726403004202306,0.9749947843709952,0.9755014454743242,0.9775280898876404,0.9766935892468632,0.9778857330194022,0.9776771078592078,0.9790778767919411,0.979822966649778,0.9793759127350758,0.9800017882156588,0.9809256996393765,0.9804786457246744,0.9805978601019283,0.9813429499597651,0.9821476470062289,0.9828331296754389,0.9829821476470062,0.9826245045152445,0.983727237504843,0.9834292015617083,0.9818198074687807,0.9842935057967991,0.9846213453342473,0.9851578100318898,0.9841742914195452,0.9853664351920841],"train_loss_dist":[0.041351569570163456,0.06224069383755115,0.04623369253760988,0.0487747390432346,0.06964556226334252,0.03900930059383977,0.02501889886275718],"train_loss":[2.3080560378558204,1.210912203343228,0.6248342995280797,0.40017993599900303,0.32568999983527297,0.27959448666662173,0.23723367954188337,0.23384579430091038,0.1980817038294413,0.18718063966649104,0.1810615826504165,0.16634570097022983,0.16247954091965217,0.14051863388685065,0.13124580194537047,0.12702208688341693,0.12544696570682698,0.11771219441994674,0.11010741991515068,0.1116105469368227,0.09961259313765089,0.09639251589798623,0.09331153199010925,0.08869189223265096,0.0905226551224353,0.084578035119141,0.08253584770619046,0.07530560782503713,0.07772892957328827,0.07508379301018572,0.07420032589717693,0.07046891571106478,0.067591789151876,0.06832113411795251,0.06635046493568154,0.06378661313609114,0.06329300065637541,0.06284629825717027,0.06167479129531176,0.05815679510092801,0.05675303992584019,0.05655215111985326,0.05623074635767599,0.05361243139120717,0.05500410165950495,0.05671733844444297,0.05012232938323005,0.04959280789420295,0.04856193403992666,0.04885790168369036,0.047453135624827704],"valid_accuracy_dist":[0.9847972972972973,0.9778325123152709,0.9856418918918919,0.9786359901396877,0.9804088586030665,0.9796251018744906,0.9873737373737373],"valid_accuracy":[0.10460531512466757,0.643218265894048,0.8069512132429908,0.8841743427540792,0.905861291513167,0.9208752912121899,0.9330300738680809,0.9354137989785655,0.9423257034424217,0.9430403055997206,0.9435172548542445,0.9522161280178372,0.9529298629919909,0.9586515118560874,0.9625834224653763,0.9623447996414719,0.9616289912091985,0.9655617173501492,0.9671111733194763,0.9653235471135088,0.9705673740008748,0.9700902414962862,0.971758703535666,0.9735458996236789,0.972116313875498,0.9735459350321288,0.974499375649841,0.9771208760767762,0.975214357652105,0.9747387450629315,0.9761675641939394,0.978193041488415,0.979027318207636,0.9784314214442086,0.9793846407228222,0.9787892872103213,0.9790271751356333,0.9770029838838523,0.97938486499291,0.9785520063401524,0.9808149406194062,0.9808147382520018,0.9806954789979139,0.9812913542882157,0.9805765355720923,0.9799799366217097,0.9815297320453295,0.9823638614765552,0.9824829827410618,0.9816490751235379,0.9820065664903864],"mean_valid_accuracy":[0.10416733743957104,0.6430150806524862,0.8065074544240437,0.8840771604648385,0.9058996133797282,0.9208616276812024,0.9330860198114023,0.9354297602954081,0.9423555879787505,0.9430986570287272,0.943498977941209,0.95225828976907,0.9530261851979455,0.9587088760216861,0.9626645459080284,0.9624190483289039,0.9617101917277167,0.9656151401081674,0.9671874297143832,0.9653984066248096,0.9706364101608419,0.9701636423088972,0.971818392827413,0.9736132129045263,0.9721915417093928,0.9735909029050802,0.974549277033905,0.9771707314511155,0.9752778263078572,0.9748277951831729,0.9762073181991532,0.9782431158242986,0.9790849427730203,0.978480511795764,0.9794354197145838,0.9788395251021252,0.9790652101715072,0.9770750279056887,0.9794293789377357,0.9786220168509422,0.9808622819683778,0.9808676302011078,0.9807430553245557,0.9813318396382539,0.980621254090896,0.9799954363914348,0.9815756133388913,0.9824077155392507,0.9825145419257949,0.9816847339955859,0.9820450556422059],"std_valid_accuracy":[0.08787091782088936,0.13165025908374756,0.07078987239333605,0.018012009382756936,0.022771480583426654,0.01823297070811412,0.015699343937982696,0.015528478708073367,0.011821607676127246,0.014214262080901595,0.00894747501987597,0.009645940599935177,0.015736617893868852,0.006967869501850421,0.00826441760252927,0.008309766897602556,0.013550852976952603,0.008363103740062555,0.007340951488470837,0.011085955342853537,0.0049967225977698764,0.007220269913684283,0.00488447016760273,0.005883621332926329,0.005824580833155669,0.004487048991440033,0.004268146393060476,0.004521939262200625,0.0050299357979975605,0.006439299903498649,0.004008062935208644,0.0049637917112861935,0.004610981673421347,0.004905856932803845,0.005033777317079795,0.0038659723988171326,0.004596222064904651,0.0064810749218360275,0.004387951487578478,0.00601479573011871,0.004270342770047643,0.004990051748816631,0.004645876817565616,0.004519204272702317,0.004807361795662626,0.006121168742324774,0.004213922194009193,0.0045219561360098194,0.003782563481052018,0.003745215785535736,0.003521515096042051],"valid_loss_dist":[0.052978822508373775,0.06877899030452879,0.04790557367173401,0.06469812642724766,0.064467462855415,0.06567018533454937,0.04733612087966015],