{"test_accuracy":[0.0972,0.5085,0.6359,0.6458,0.7588,0.7961,0.8152,0.8235,0.833,0.8387,0.8437,0.8459,0.822,0.8552,0.8477,0.8552,0.8539,0.8549,0.8631,0.8613,0.866,0.863,0.8696,0.8694,0.869,0.8646,0.8699,0.8573,0.871,0.8724,0.8691,0.8717,0.8733,0.8729,0.872,0.6868,0.8774,0.8707,0.8713,0.8771,0.8714,0.8765,0.8774,0.8712,0.8754,0.8793,0.8787,0.8798,0.8783,0.8794,0.8804],"test_loss":[2.3084521141052248,2.0045309940338134,1.5292647380828857,1.6680431339263917,1.3733794204711913,1.252071162700653,1.2177106119155883,1.188617999458313,1.17772700214386,1.2395958881378173,1.177372567176819,1.22594842376709,1.277387172317505,1.1449500156402588,1.2078288946151734,1.1629621271133423,1.2439667617797852,1.2885818445205688,1.1812492881774903,1.1747103212356567,1.1651636766433715,1.1820019317626953,1.1451661106109619,1.1438850187301637,1.150481255340576,1.096475252532959,1.16334189453125,1.250866609764099,1.1787718593597412,1.1815724191665649,1.1860214706420897,1.1898058382034302,1.2272746788024902,1.203722407913208,1.2041015224456788,2.2901137538909913,1.2075585391998291,1.2244999536514283,1.2806609821319581,1.1971262424468994,1.235496258354187,1.2391230285644532,1.1750990007400512,1.3093295566558838,1.290842315864563,1.2781636795043945,1.3004786006927491,1.2985772294998168,1.2912781173706054,1.2977039686203002,1.2594724746704102],"train_accuracy_dist":[0.9899363318956664,0.979294316501162,0.9890631448617416],"train_accuracy":[0.12659191583610188,0.6686046511627907,0.795750276854928,0.7946428571428571,0.8900193798449613,0.9174972314507198,0.9283637873754153,0.9356312292358804,0.9430370985603543,0.9453211517165006,0.9507890365448505,0.9522425249169435,0.9312707641196013,0.9615171650055371,0.9563953488372093,0.9623477297895903,0.9608250276854928,0.959233111849391,0.9675387596899225,0.9676771871539314,0.970514950166113,0.969545957918051,0.9748754152823921,0.9737679955703211,0.9751522702104097,0.9707918050941307,0.9759828349944629,0.9685077519379846,0.9772978959025471,0.9775747508305648,0.9761904761904762,0.9783361018826136,0.9790282392026578,0.97937430786268,0.9793050941306756,0.7933970099667774,0.9826273532668881,0.979235880398671,0.979720376522702,0.9833194905869325,0.9788205980066446,0.9846345514950167,0.9822120708748616,0.9791666666666666,0.9828349944629015,0.9856035437430787,0.9855343300110742,0.9860188261351052,0.9859496124031008,0.9871262458471761,0.9861572535991141],"train_loss_dist":[0.032386804047362175,0.05732268928700714,0.031987606726503796],"train_loss":[2.298852499108246,1.1749419778057375,0.6111201539363378,0.6268059496220164,0.3409270604088457,0.267133717440638,0.2250461232985637,0.2070830064368819,0.18089125899996109,0.17019894876613273,0.15346509753494367,0.1473913276129725,0.2138516283062919,0.12535087059222055,0.13428976560312664,0.12269780645868922,0.11961222024209558,0.12086888736914245,0.10029066127342309,0.10076723775928499,0.09019285089316739,0.09433315961713493,0.07958901314485657,0.07994114769187448,0.0775876927441182,0.09304096312483862,0.07385484858288131,0.09723828579113507,0.07006808908363332,0.06747271532991103,0.07224279602629607,0.06567279240740453,0.06299018931207953,0.06204802234134207,0.061608074114586776,1.0334410735551405,0.057638294314645885,0.06189901917989253,0.06033380620556977,0.050673857452977006,0.06222926380921357,0.04840204079465524,0.052571408484122846,0.06287486394926604,0.04918570026568656,0.043080481447656936,0.04309559882626738,0.041213052336473106,0.04148218612836886,0.03907488516515383,0.040421620950903146],"valid_accuracy_dist":[0.9835796387520526,0.9780405405405406,0.9843234323432343],"valid_accuracy":[0.1162064510994801,0.6748922398978423,0.8027231268196797,0.7958057415415812,0.8887709091360515,0.9167165595175075,0.9302740975395486,0.9349774982912484,0.9432782250138052,0.9452150161697223,0.9513022917628133,0.9557295145008854,0.9269521496256772,0.9587728575021071,0.9546227155389515,0.9573895869377416,0.9571132082796591,0.9562829445611285,0.9643068033571823,0.9640303635405473,0.9667971028313135,0.9648604168930831,0.9692871625666938,0.9709472741672248,0.9709472643763062,0.9679032853122622,0.9706707022425661,0.9640300283750282,0.9723308040521785,0.9745442747634815,0.9698404996825878,0.974544306549278,0.973437399956617,0.9745442087094696,0.9748209078466927,0.7919322641005414,0.9762041637246802,0.9742675658353396,0.9759277483853418,0.9773109675820733,0.9756511568788455,0.9770344005528737,0.978141165246592,0.9731607033018127,0.9767577161020284,0.9792479691039851,0.978141245986982,0.9795245312377253,0.9798012719516638,0.9814614251289102,0.9820145689782278],"mean_valid_accuracy":[0.11657716830130622,0.6731008949983003,0.8013010282022743,0.794532380195149,0.888150038542664,0.9163299859143151,0.9299234106442199,0.9347696078022129,0.9431280216957921,0.9450437305080528,0.9511734686815773,0.9555747234455838,0.9269485475208418,0.9587002960381247,0.9544865367245019,0.9572717714788387,0.9569655786474667,0.9561155647917342,0.9642198180841915,0.9639201292816008,0.9667340897816317,0.9647411473439981,0.9692665187501309,0.9709006960308599,0.9709164137189914,0.9678951756345917,0.970629732973963,0.9639998024899015,0.9722796279428235,0.9744768682866156,0.9697732150894494,0.9745175173222288,0.9734187621265122,0.9744912311594627,0.9747413273147312,0.7915410441656601,0.9761934284062144,0.9742424898194786,0.9758544453832948,0.9772737562832305,0.9756149177026611,0.9769949343822679,0.97813813301181,0.9730730050271702,0.9767212616948021,0.9792184608888261,0.9781001936067657,0.9795051416338545,0.9797801691366047,0.9814392777648155,0.9819812038786092],"std_valid_accuracy":[0.08243515877137063,0.18646182881217196,0.13622304564600204,0.13048896562630938,0.05947245194634946,0.041360176763372676,0.03422694420862531,0.02508164301671968,0.02104185609819992,0.020481516196536452,0.01815936388474886,0.01868275341424391,0.015216830623332364,0.014065251341934964,0.01831837102812616,0.016703636299531498,0.020088347333210556,0.019257967991045576,0.013297254726325314,0.01600514571346576,0.013030214409055744,0.015705219935135205,0.010887647783721015,0.009500327382885785,0.009527284918480504,0.0072180103297861675,0.010865870781086027,0.012811056439352545,0.0097112903196399,0.008579034217585206,0.00993575440381373,0.008740820229982342,0.007824525717621518,0.007728766380363183,0.008419791927029375,0.1205712903096657,0.005269479104750439,0.008354513966458324,0.008453350022775566,0.005157492859857539,0.009080733775562821,0.006426773871037066,0.0064664856121402214,0.008791609582038916,0.006575840148402551,0.005950455821002889,0.006806268983945706,0.004574360415228456,0.004963271089999682,0.004380245546145643,0.0028029660343487353],"valid_loss_dist":[0.05592478054448693,0.07351957603886321,0.06090304442364784],"valid_loss":[2.3012296698307946,1.1768792033699367,0.6110071049598395,0.6218448640967268,0.33576859439993006,0.2641418074936466,0.22091929335480504,0.20716361438337236,0.17849217140299928,0.16834402834981887,0.15175515108801535,0.1460091873006791,0.22307816029375005,0.12791031104306894,0.1358640539305407,0.12467296651602662,0.12241193071805957,0.12347179152217135,0.1067064888307506,0.1045620674937481,0.09675846477316412,0.10041215379767743,0.08866058412870853,0.08861720916806097,0.08657419089256459,0.10591242287951619,0.082836583195591,0.11033409179169314,0.08110524371828895,0.07871272958219686,0.0856243703407932,0.07892333100677987,0.07828754742140795,0.07694377464041957,0.07488789373682343,1.0074821267451146,0.07163384555436911,0.07643652326366954,0.07433618864993859,0.06732485492391797,0.07795044086347917,0.0654032008074024,0.069485942236691,0.07954086057390584,0.06875499762494407,0.06360398746773069,0.06311284810126147,0.061087903550936996,0.06219614794182183,0.06041545971069443,0.063358393074477],