{"test_accuracy":[0.0972,0.2676,0.4702,0.5995,0.6123,0.6157,0.6332,0.6356,0.641,0.6397,0.6427,0.6408,0.6376,0.6424,0.6467,0.6486,0.6509,0.6512,0.6516,0.6538,0.655,0.6543,0.6578,0.6562,0.6511,0.6532,0.6556,0.6579,0.6598,0.6607,0.6615,0.6569,0.6598,0.6619,0.6614,0.664,0.6634,0.6638,0.6622,0.6631,0.6637,0.6643,0.6628,0.6651,0.6648,0.6668,0.6654,0.6668,0.6664,0.6666,0.6669],"test_loss":[2.3084521141052248,4.235907246398925,3.419911993026733,3.0980346622467043,2.9559506580352783,3.2448568492889405,3.0806609832763674,3.201955073547363,3.107014468765259,3.2655110107421876,3.175241498565674,3.255405374908447,3.541246076965332,3.5121622222900393,3.378716056442261,3.5229912612915038,3.517148672103882,3.488912421798706,3.4955285499572755,3.4777937023162844,3.5678704807281494,3.6982650882720947,3.6596402759552,3.721496591949463,3.4769250045776365,4.042231992340088,3.8303412769317626,3.7982414890289307,3.900767625427246,3.9225572193145752,3.8245555366516113,4.088928092956543,4.001218096923828,4.01213045501709,4.104742831420898,4.034035591125488,4.088661312103271,4.118451133728027,4.187039992904663,4.3162372695922855,4.28471036491394,4.272633709716797,4.3527194770812985,4.375653259277343,4.444516694641114,4.400164152526855,4.4732413032531735,4.473358603286743,4.448997119140625,4.537195669174194,4.521921392059326],"train_accuracy_dist":[0.9818335445711872,0.9853035143769968],"train_accuracy":[0.003924064057694347,0.5486265775798069,0.7641319333969668,0.8994591154947502,0.9075193551808252,0.9183370452858204,0.9380634213596352,0.9399724254958108,0.9447449358362499,0.9452752147629653,0.9493053346060027,0.9452752147629653,0.9487750556792873,0.9478205536111995,0.9550323470145297,0.9586382437161948,0.9621380846325167,0.9616078057058013,0.9631986424859476,0.965956092904868,0.9657439813341818,0.9652137024074663,0.9685014317531021,0.9695619896065331,0.9633046982712907,0.9655318697634956,0.9704104358892778,0.9713649379573656,0.9720012726694242,0.9748647788736876,0.9731678863081981,0.9712588821720225,0.9738042210202567,0.9779403966486372,0.9775161735072648,0.9794251776434405,0.9771980061512355,0.9781525082193233,0.9771980061512355,0.9768798387952062,0.9791070102874112,0.9805917912822144,0.9787888429313819,0.9794251776434405,0.9805917912822144,0.9826068512037331,0.9821826280623608,0.9829250185597624,0.982394739633047,0.9833492417011348,0.9835613532718209],"train_loss_dist":[0.04639164890494334,0.03820286160364699],"train_loss":[2.331181516550242,1.598283052368601,0.6094987953388118,0.3247120427432957,0.2561667991023969,0.2537516762013273,0.1969928544953818,0.18782624846640594,0.16612213491913067,0.1704380902316414,0.14272783715457676,0.1424740815730954,0.15765367463975433,0.15274515314216716,0.13052819000756782,0.12689507757398,0.11763132673702358,0.10998951226175747,0.10646401258336233,0.09834780726296953,0.0990442682935901,0.10022415570469877,0.08892030653328743,0.08826761821640272,0.09270145018781682,0.09881416771050058,0.08367873011347547,0.07705664029665926,0.07499745370351392,0.07067982544526909,0.06989532518926057,0.07732446031084507,0.06926505945631613,0.06386995751255453,0.06489030309025424,0.05747224105134257,0.05892480161131497,0.057234950750822834,0.05910196662840478,0.06038814618107319,0.055716940872185504,0.051745303637938875,0.05593988053822255,0.05443842003989389,0.05265622088674372,0.04640360848134845,0.04755305567070224,0.04502221064140112,0.046349544387861104,0.043674750671956974,0.042314190385525974],"valid_accuracy_dist":[0.9797297297297297,0.985519591141397],"valid_accuracy":[0.004240972797826378,0.5661578790031475,0.7726807141214227,0.9100921049375974,0.9173060038673764,0.9283278616746801,0.9486849929222815,0.9495333473419357,0.9525019217270215,0.9508048576430708,0.9575924034895894,0.9546247172161091,0.9546219640701319,0.9516546330412939,0.9597117353434156,0.9639524417077602,0.9635283089035132,0.9690406143801538,0.9669205720370432,0.9648015066166988,0.9703133680375363,0.9694653688625243,0.9715855888279559,0.9690415913029197,0.9614103092170954,0.9669210160928459,0.9694663457852906,0.9724342984922524,0.9737062528491903,0.9749784736396098,0.9754026952550171,0.9715863881284009,0.9728582536741782,0.975826828059264,0.9749792729400547,0.9766752712900786,0.9762507832411897,0.9770988712273624,0.9766751824789182,0.9762508720523502,0.9783715360735847,0.9762514937304742,0.9754033169331409,0.9787951360108683,0.9787955800666709,0.9796435792416829,0.9775236257097332,0.9796439344863251,0.9792197128709176,0.9800678896682509,0.982612686493732],"mean_valid_accuracy":[0.0042445554583544366,0.5661625477692342,0.7723644907684516,0.9100449203462406,0.9174326050923155,0.9282792428288595,0.9486718138496247,0.9495271996869101,0.9524940720106818,0.9507689120125236,0.9576407753579814,0.9547098738431787,0.9545983643353746,0.9516818511441595,0.9597162910354988,0.9639500552511626,0.9635241608729683,0.9690032344951425,0.9668989421704499,0.9648342177356232,0.9702953059533128,0.9694543084396151,0.9715657949261016,0.9690428023850085,0.9615026014089046,0.9669169275749343,0.9694938763294811,0.9724355690869746,0.9736952668170726,0.9749657557898614,0.9753952472489525,0.9715981686541737,0.9728542693033749,0.9758211416271467,0.9749981295179335,0.9766801245453289,0.9762398418435472,0.9770844364381417,0.976676527464432,0.9762434389244441,0.9783729108154151,0.9762686184907224,0.9754204268152309,0.9787772227082279,0.9787952081127124,0.9796362056264101,0.9775355103826143,0.9796505939499978,0.9792211024909065,0.9800692941663981,0.9826246604355633],"std_valid_accuracy":[0.0008661770799760576,0.0011287639854505316,0.07645307679911595,0.011407782356462115,0.03060828076799116,0.01175454095492423,0.0031862942584833798,0.0014863138266034137,0.0018978198812100167,0.00869054744693587,0.011694829412035534,0.02058825222155719,0.005705689718679519,0.00658049979280817,0.0011014261706339679,0.00057697177586441,0.0010028661540586459,0.009037306045398041,0.0052294362079285395,0.00790854205994751,0.004366856208849412,0.0026740699387632905,0.0047855564252497484,0.00029280238500850597,0.0223134122197155,0.000988477830471013,0.006656038491643257,0.00030719070859613895,0.0026560845342787354,0.003074784750679127,0.001800698696993397,0.002848168654173755,0.0009632982641926136,0.0013748043187992165,0.004558940328744432,0.0011733677885721883,0.002645293291587969,0.0034898878861825966,0.00032517611308074956,0.0017971016160965303,0.0003323702748745383,0.00414024011234404,0.004136643031447118,0.004330885399880302,8.992702242272e-5,0.0017827132925088973,0.0028733482204521543,0.001610053409457135,0.0003359673557714604,0.00033956443666838254,0.0028949307058336315],"valid_loss_dist":[0.07249000950439556,0.04988816698451465],"valid_loss":[2.330508162638902,1.5516732951572478,0.5726913475440014,0.2973927970192647,0.2395204658720378,0.23207241635192816,0.17898137093862093,0.16878292499325367,0.15270730607661964,0.15616565956474004,0.13327585411496906,0.13331175055281536,0.14233452914642403,0.14610386674358372,0.12419420043649419,0.11963102646040681,0.11297280656212003,0.10584901176519206,0.1041515209082833,0.10324527689475758,0.09865192250721656,0.09908228307522216,0.09173409950561762,0.09204594385966523,0.10414225480328769,0.10091534415881458,0.08834021446967154,0.08557383580091615,0.081399677030549,0.07921244843060507,0.07915381783396695,0.0846820560806156,0.07895706440693698,0.07480448976057925,0.07656814324314425,0.07111567226081153,0.07122734159559088,0.06984789665199258,0.07257686855164891,0.07259768488683967,0.07084891267303285,0.06785233109474555,0.07072522351771471,0.06880384668204854,0.06781374307440657,0.06432498232169907,0.06538284316697336,0.06346759276872597,0.06567640420003645,0.06253648242642369,0.06123583083954872],