{"test_accuracy":[0.0972,0.4479,0.7394,0.7841,0.8767,0.9065,0.9236,0.9162,0.9292,0.9418,0.9427,0.9459,0.9491,0.9514,0.962,0.9613,0.9607,0.9563,0.9639,0.9469,0.9675,0.9625,0.9701,0.9668,0.9753,0.9681,0.972,0.9725,0.9748,0.9744,0.9762,0.9762,0.975,0.9741,0.9788,0.9787,0.9763,0.9764,0.9781,0.9783,0.9767,0.9798,0.9785,0.9784,0.9787,0.9801,0.9746,0.9801,0.9807,0.9803,0.9777],"test_loss":[2.3084521141052248,1.5119521097183228,0.7505560507774353,0.5788306098937989,0.39715783505439756,0.31023635149002077,0.25603435459136964,0.26821621227264403,0.22928036034107208,0.1958543161869049,0.18880122537612914,0.1751882604598999,0.16585384708642958,0.15979471960067748,0.13280876393318175,0.12796956151723862,0.12766181240081786,0.1388583086967468,0.11702507877349853,0.1630365457057953,0.10697771282196045,0.12145150088071822,0.09928763570785522,0.10668302742242813,0.0837678286075592,0.09915145386457443,0.09165932080149651,0.08923989971876145,0.08089042981863022,0.08290163704156876,0.07694015574455261,0.07568676048517227,0.08098757328987122,0.08053365547657013,0.06679287418723107,0.06522790468931199,0.07271411849856377,0.07135091108083726,0.06682343105077744,0.0643605392575264,0.07452488474845886,0.061511577320098876,0.06261650696396828,0.06692180687785149,0.06422857016324997,0.059690339672565464,0.08152692630290985,0.058674991738796235,0.05758265038728714,0.05614123531579971,0.06511039251089096],"train_accuracy_dist":[0.9864448552064079,0.9866892034650327,0.9899893503727369,0.980853277835588,0.9849749582637729,0.9829473684210527],"train_accuracy":[0.1288577014383466,0.544895964250803,0.7904971372713309,0.8291439743052647,0.8936601033375227,0.9147814551040357,0.929130009775171,0.9260578131545874,0.9378229297584136,0.9475282781734394,0.9496578690127078,0.9537424940650747,0.9563957547828515,0.9581064097193129,0.9637969557324396,0.9652981427174976,0.9657170786203044,0.9633780198296328,0.9681608713866778,0.9569194246613602,0.9715472699343667,0.9691732998184611,0.9742005306521435,0.9714774472838988,0.9768188800446865,0.9731531908951264,0.9760857422147745,0.9777963971512359,0.9792626728110599,0.978843736908253,0.9808685937718196,0.9809384164222874,0.9794721407624634,0.9796117860633989,0.9816366429269655,0.9835916771400642,0.981811199553135,0.9814969976260299,0.9837662337662337,0.9842899036447423,0.9816715542521994,0.98516268677559,0.9853372434017595,0.9845342829213797,0.9852674207512917,0.9857561793045664,0.9782851557045106,0.9863147605083089,0.9868384303868175,0.9867686077363497,0.9853023320765256],"train_loss_dist":[0.042802281093183646,0.04277490317497222,0.03255241958938214,0.061983317682571884,0.04478463459641786,0.054306339383125304],"train_loss":[2.304954761209276,1.3024915640513302,0.6435283888399294,0.4805632484365385,0.3471808862016531,0.27710262987325185,0.2333787388333835,0.23527349956305546,0.20019522990946612,0.17597370916599586,0.16530750172243672,0.15362738114255606,0.1444675690134096,0.13912399108860432,0.12266065194841795,0.11387408016536438,0.11119123283035469,0.11758378935001625,0.10140014507319696,0.13165002492902966,0.09241400539602956,0.10132529042170103,0.08529946699763473,0.09067798411972262,0.07699320454024546,0.0829929843630276,0.07719074781145757,0.074750240062162,0.06939797687715299,0.0696457884207575,0.06456799330360195,0.0642274381555674,0.06699110621295379,0.06651141599037617,0.05963513128888114,0.05478380538902697,0.05849251196265945,0.05731437857343554,0.054045274213511504,0.05212241308953503,0.05939872919690686,0.049175774232629935,0.049225889623791735,0.051684279213420815,0.04874791318772839,0.046275455669565355,0.06812329414174337,0.04470523902224297,0.043431264680618184,0.04255478857729855,0.046574656328119024],"valid_accuracy_dist":[0.9835796387520526,0.9822635135135135,0.9863713798977853,0.9642262895174709,0.9849749582637729,0.9739057239057239],"valid_accuracy":[0.1197476633532179,0.5335008221055274,0.7883943952497818,0.8244069138701262,0.891265317893878,0.9101091839938298,0.9292322877475947,0.9250441498454096,0.9343970436246918,0.9465402809292707,0.9487742231191466,0.9518443197915165,0.9540782088668575,0.9556135715621857,0.9621735624755184,0.9641284015243732,0.9631510057641504,0.9610571768861463,0.9671987722082501,0.9533810455768006,0.9691530222545536,0.9666399740008018,0.9723633058440806,0.9704086865548112,0.9738982973724893,0.9712470114166093,0.9740378630784959,0.9737585429722029,0.9759923081074376,0.9761317788814287,0.9778069452947129,0.9761317241873282,0.9754335550260675,0.9759920192321908,0.9782258840794891,0.9783648822009557,0.9779461878684305,0.9780860686780875,0.9793420482843029,0.9792025513589975,0.9776665673659816,0.9805982479901897,0.9792023789138045,0.9794816082450273,0.9804585778907077,0.9808771948181707,0.9748749456692862,0.9807378383117731,0.9818544459499413,0.9812961311121101,0.979202472030685],"mean_valid_accuracy":[0.11939814332627535,0.5342588296503393,0.7885390759776465,0.8246550589136201,0.8914029537977836,0.9101958616143658,0.9292902518554698,0.92510972527988,0.9344990121477078,0.9465855003984897,0.9488273304305902,0.9518987809536759,0.9541327770944011,0.9556763261417509,0.9622327876542265,0.9641934249290713,0.9632065623448428,0.9611037457600499,0.9672382196319259,0.953427296445137,0.969187382247807,0.9667100865578155,0.9724187768337598,0.9704504984706498,0.9739383530655193,0.9712701242071028,0.9740707589274554,0.9737927048482663,0.9760334735710713,0.9761721390848975,0.9778375381534407,0.9761622460612314,0.9754723193544174,0.976029099900606,0.9782480278760258,0.9783919006392988,0.977968692308063,0.9781036385212035,0.9793758322778464,0.9792320740131041,0.9777000254169074,0.9806216084905114,0.9792293656071536,0.9795105216769993,0.9804774729255432,0.9808904258274463,0.9748979800952978,0.9807558629022392,0.9818736208104806,0.9813128537478567,0.9792202506417199],"std_valid_accuracy":[0.08179414564267634,0.0820083783589544,0.06562123233276622,0.07262447517062848,0.032044651375272314,0.03299533100616829,0.02252436288388604,0.021112101889115838,0.02494505836137879,0.015308279610034841,0.019539767797706508,0.014691196840598008,0.01612784325250242,0.014261945037966474,0.012056553914797829,0.013155082182214324,0.01338022390274641,0.014450674642372109,0.011013380697854278,0.020678978063415596,0.010949133612567344,0.009748183805527198,0.00890598072380195,0.009058308642074768,0.007617484459852588,0.013029731818357147,0.008275159130717085,0.007444219021956843,0.007814042778302003,0.007917449953317866,0.008350966236057803,0.006843777517102095,0.00692740061068956,0.007366480172729603,0.0076837976226638936,0.005634743603509431,0.008225405056981707,0.00921185123821905,0.006364289256594369,0.006690626186229041,0.004578186970270331,0.006446079765681301,0.006052365017541263,0.006285429377602448,0.006336244143470211,0.00575170398052811,0.007106143284588419,0.006081969263655481,0.005743631369647851,0.006510024492845172,0.007805810738148034],"valid_loss_dist":[0.05308078105250994,0.05680138265361657,0.03859448537002024,0.1179840103312459,0.057031657926128784,0.08079881813088652],