{"test_accuracy":[0.0972,0.2896,0.5835,0.7148,0.8023,0.8207,0.8677,0.8937,0.878,0.9108,0.9246,0.9168,0.9353,0.9271,0.9413,0.9401,0.9498,0.9505,0.9534,0.9509,0.95,0.9564,0.919,0.9582,0.9599,0.9529,0.9617,0.9599,0.9648,0.9641,0.9673,0.9695,0.9657,0.9683,0.9706,0.9681,0.9709,0.9682,0.9731,0.971,0.9738,0.9712,0.9713,0.9739,0.9723,0.9734,0.9748,0.9744,0.9758,0.9757,0.9729],"test_loss":[2.3084521141052248,2.129608215904236,1.1241800773620605,0.7770044075965882,0.563180539894104,0.5080046989440918,0.39131682829856873,0.3201778545379639,0.3548013021945953,0.2691884039402008,0.23172916135787963,0.24513105525970458,0.1990139333963394,0.22019068450927734,0.18331423192024232,0.18371915876865386,0.1562390054702759,0.1531110149383545,0.14039544570446014,0.14604918313026427,0.14998348944187165,0.13133162978887558,0.2342507289171219,0.12393522739410401,0.12132720897197724,0.14222913953065872,0.11933256270885467,0.12128207004070282,0.10848512473106384,0.10974023836255073,0.10091542246341706,0.09862715035676956,0.10648356164693833,0.09856123638749123,0.0929354028224945,0.09771008865833282,0.09203127064704895,0.10234963902235031,0.0831000024676323,0.08964539202451706,0.08204081177711486,0.08955135477781295,0.08834921357631684,0.08107390214204788,0.08534128001928329,0.08126602637767792,0.07949055814743042,0.0788023555636406,0.07563842605352401,0.07498091516494751,0.08027341865301132],"train_accuracy_dist":[0.9860340932429656,0.9759137967462498,0.983278955954323,0.9825182101977107,0.9859678085018572],"train_accuracy":[0.14939769011052698,0.425094175601275,0.6909384443432546,0.7938071780436312,0.8561907521629342,0.8633108415780105,0.8997806018959308,0.9217618081715445,0.905244856563315,0.9316968166576975,0.9422113673055429,0.9372438630624663,0.9505733327813884,0.9434532433663121,0.9533468559837728,0.9536780229333113,0.962619530570849,0.9620399884091567,0.9649790950863104,0.9634060520760028,0.9625367388334645,0.967090284389618,0.9370782795876972,0.969946599329387,0.9707331208345407,0.9646479281367719,0.9709814960466946,0.9701949745415408,0.9744173531481558,0.9732582688247713,0.9764043548453865,0.9766527300575403,0.9743345614107712,0.9766941259262326,0.978391356542617,0.9772322722192325,0.9778118143809248,0.9748313118350789,0.9814960466945399,0.9800057954216169,0.9821583805936167,0.9800471912903093,0.9799230036842324,0.9826551310179245,0.9810820880076169,0.982737922755309,0.9832346731796167,0.983276069048309,0.9845179451090781,0.9844765492403859,0.9827793186240014],"train_loss_dist":[0.042736875737599704,0.07378609985830968,0.05325911463303628,0.04973405885832863,0.04060534522048068],"train_loss":[2.297550277302941,1.6589484092795148,0.8290216895174634,0.5651932268978256,0.41539989926219206,0.39164020396149424,0.3010754096748349,0.24562512111902168,0.28154049604389697,0.21386086421627357,0.185861677732048,0.19114735144556627,0.15935284360430862,0.1748146684627124,0.14762076068747126,0.14595171770551038,0.12496389882378356,0.1218600150163972,0.11176370895500584,0.11529472210467757,0.1179252029505891,0.10470477381695155,0.19097965052054114,0.09627926982277675,0.09349345904743157,0.11137234286314586,0.09195648401620328,0.09310771809118189,0.08033437368112985,0.08362885465469266,0.07533266152046164,0.07346452811123984,0.07874186136226052,0.07285393587419883,0.06753489433869071,0.07152242667424974,0.06824333185667988,0.07777400472196279,0.05978610454313866,0.062270552400923204,0.05716031564229736,0.06235502271630361,0.062440251310306574,0.05514099960022895,0.05818445264883535,0.053777534578200795,0.05262331162703614,0.05103491228904265,0.04876082953064554,0.04748888419559471,0.05192051217075304],"valid_accuracy_dist":[0.9827586206896551,0.9721283783783784,0.9747351263243684,0.9658901830282862,0.9843234323432343],"valid_accuracy":[0.14247110100335708,0.4219663419197419,0.6786349781484871,0.7858688275941285,0.8517300857711505,0.8591764113593414,0.8954169149467929,0.9141171342946978,0.9038547832378541,0.9273546919549869,0.9352979801954275,0.9291756581386351,0.9422478917696387,0.9359606105315021,0.9434068195839531,0.945392500984691,0.9523429951111752,0.9541622250344522,0.9566449116024595,0.9556519655492137,0.9548246571791452,0.9592922760111378,0.9326488780668337,0.9629327089466686,0.9637605118237348,0.956977067713677,0.9640907137863688,0.9635944099490809,0.9675662927805848,0.9665734411817832,0.9688900519612708,0.9693862963358697,0.9672351058396998,0.9688899437974763,0.9707102417783205,0.9710412348689998,0.9723649619144029,0.9683934461402492,0.9735232562223184,0.9723651992862582,0.9750126021133592,0.9721995892243596,0.9720339082532037,0.9750126622367119,0.9746819361525711,0.9750128370403494,0.9746814719409205,0.9755091307366895,0.9761708956847022,0.9781568835580303,0.9760057159864108],"mean_valid_accuracy":[0.14254426660992398,0.4214315092179343,0.6774358252350184,0.7848039694600876,0.850933465694921,0.8586019790192037,0.8949935184475681,0.9138407472628405,0.9034161638034384,0.9271677043255389,0.9351538251907234,0.928991100704993,0.9421215963440327,0.9358771301550881,0.9433556787277995,0.9453209903509775,0.9522802944850621,0.9540577501384548,0.9565941640179803,0.9555900011282052,0.9547728924684,0.9592253653715831,0.9325353840366407,0.9628788048836829,0.9637205743822262,0.957020889531564,0.9640162515018627,0.9635157151170002,0.967534526702749,0.9665432645810708,0.968836170540037,0.9693244759187651,0.9671843733518226,0.9688453482240058,0.9706508048846706,0.9709851318435444,0.972335838727681,0.9684362579495541,0.9734491677547796,0.9723372528928106,0.9749609157194804,0.9721620658929279,0.9719897200100469,0.97497275518731,0.9746464497859513,0.9749655948199871,0.9746280048012939,0.9754824628627702,0.9761264018393391,0.9781414801887864,0.9759671481527844],"std_valid_accuracy":[0.07143493044345281,0.09125447418555127,0.10211464774692984,0.09635575404318288,0.07326762619725259,0.05067056505628334,0.03852708802939968,0.03019358057976093,0.03796375096985542,0.018968352506862497,0.017034431088649087,0.022639075346877962,0.013496922463117343,0.01876420004345256,0.012098369759970098,0.012425600043621064,0.014028250965387783,0.010486409067434633,0.009706748511420933,0.009310870732633796,0.009444091126581157,0.00874550629453046,0.014202343457050263,0.006609890507445923,0.008526635959614653,0.016030567263252023,0.006488035875804525,0.0071723700382995545,0.006024454390492011,0.006002465568626697,0.006638495884486027,0.006633438215146984,0.0055749785638095194,0.0052910965080036,0.006629163904476603,0.006755221371987116,0.004938469952870368,0.006339934610394207,0.007875748686991245,0.005434570130843576,0.0061748328012201535,0.005690637091686911,0.004756746629809442,0.0058444558256962095,0.0070251671584885145,0.007105776670887321,0.0063355933950686024,0.005863101767136073,0.005951233914871796,0.006059566019540013,0.006837409479877172],"valid_loss_dist":[0.0593225186926195,0.0741684811340796,0.08964053849889286,0.11248624764891114,0.05955980681251771],"valid_loss":[2.2991597087507643,1.6844759888024894,0.8541912517590246,0.5867706475272885,0.43538086299795126,0.4156087882022453,0.3221715967195662,0.2671680064490359,0.3011307321591377,0.23654002443348437,0.20824742961204484,0.21532615807793798,0.18048371025394816,0.2021657255359694,0.1707786803678378,0.16923540549213792,0.1467810413203815,0.14208071225315066,0.1323718051742897,0.13620736357419383,0.14070549800135534,0.12495897875902538,0.21403571337379956,0.11605973103358845,0.11430495124472441,0.13517281959951122,0.11124837122844762,0.11430170848442632,0.10011487290993003,0.10447402801380523,0.09534135973246706,0.09349316709943913,0.10027929211462672,0.09384428406452675,0.08813330002725663,0.09345257883227558,0.09027788265563962,0.09948292416533998,0.07961662192946853,0.08530214905592629,0.07873717238280281,0.08645439102152941,0.0858696438354259,0.07855863552004212,0.0825134747708723,0.07769700956832636,0.07717496819471838,0.07483584692699179,0.07230743232910822,0.07169869656917625,0.07900820504561876],