{"test_accuracy":[0.0972,0.5411,0.7137,0.8038,0.8241,0.8339,0.8423,0.7927,0.865,0.8756,0.8918,0.8944,0.9151,0.9096,0.9188,0.9224,0.9316,0.9286,0.9309,0.9357,0.9384,0.942,0.9407,0.9438,0.9443,0.9463,0.9309,0.948,0.951,0.951,0.9524,0.9569,0.9557,0.9568,0.9508,0.9316,0.9583,0.9585,0.9607,0.9604,0.9638,0.9594,0.9613,0.9617,0.9627,0.9659,0.9643,0.9658,0.966,0.9646,0.9681],"test_loss":[2.3084521141052248,1.6137146802902222,0.992809396648407,0.7146820216178894,0.6221694315910339,0.5549445309638977,0.5110408984184265,0.6731085314750671,0.3641080050468445,0.33963068323135376,0.3134349606513977,0.2999808439254761,0.25203245265483853,0.26209075152873995,0.2402647876739502,0.22900779764652252,0.2071534525156021,0.20995272386074065,0.20011275973320009,0.1881023353099823,0.1809871882200241,0.17706914793252945,0.17612681348323822,0.1635948180913925,0.16232717702388763,0.15874960346221925,0.20224628348350526,0.15251784428358078,0.14250952157974242,0.1404933300971985,0.13567039730548858,0.12470790190696716,0.13075407366752625,0.12518910493850707,0.14149153487682342,0.19776261892318725,0.12075988802909851,0.12149699349403381,0.11510917239189147,0.11221283341646195,0.10846514350175858,0.1150925371170044,0.11140933196544647,0.1112382793545723,0.10870396902561187,0.10280167298316956,0.10454889464378357,0.10261218949556351,0.10400724053382873,0.102453178191185,0.09715461829900741],"train_accuracy_dist":[0.9884986650236188,0.9522501584618636,0.9899342645850452,0.9867944621938232,0.9935308848080133,0.9877894736842106],"train_accuracy":[0.09711916954053018,0.6249346849200543,0.7858013724875466,0.8704148813878149,0.8890514508656425,0.8984916570871216,0.9080363674365137,0.8763716166788588,0.9260807468561675,0.9312711185425158,0.9354512836590378,0.9402236388337339,0.9471209112759954,0.9486536384853869,0.9531124812763437,0.9552722332532135,0.9577454976138224,0.9585815306371268,0.960183927265127,0.9622740098233881,0.9643292576723447,0.9656181419166057,0.9657226460445187,0.9668721914515623,0.9685790922074755,0.9686139269167798,0.9619953321489532,0.9701466541261713,0.9718883895913889,0.9730727697077368,0.9734211168007803,0.9754066952311283,0.9750583481380848,0.9760337199986067,0.9691712822656495,0.9612638032535619,0.9781238025568677,0.9767304141846936,0.978855331452259,0.9782631413940851,0.9796913644755635,0.9790643397080852,0.9797261991848678,0.9800745462779114,0.9804925627895635,0.9810150834291288,0.9803880586616505,0.9818511164524332,0.9815027693593897,0.9815724387779984,0.9832096701153029],"train_loss_dist":[0.04089668983795188,0.12424010007049728,0.032132440196899675,0.03893584232138623,0.022773876835985453,0.04061767971437228],"train_loss":[2.3081309320984222,1.2623369312773896,0.7074780701058625,0.4618525834597153,0.388104272453697,0.33596544360094616,0.30094459368004944,0.3905655615507713,0.2247148960238071,0.20672896476891048,0.1969231809162897,0.1797338925990066,0.1633733098340698,0.1556678247021415,0.1448089464017996,0.1377301630063935,0.1302138449321883,0.12555320746165008,0.11967244577313572,0.11330199952845894,0.10807276237902004,0.1045990106717988,0.10338659868509613,0.0982018891829932,0.09319854394490598,0.09379587888034545,0.11091838306300808,0.08743165648291987,0.08235873807573715,0.07937186442414981,0.07779122105169813,0.07314473429665769,0.07310756727928255,0.07087531745669079,0.0899804376613877,0.10732697068175419,0.0664192655040361,0.06797489678988027,0.06365420088586182,0.06222569487535275,0.05971186950654347,0.06119043630564594,0.05928922722535073,0.05799292281733823,0.05705361763066583,0.05462613266664629,0.055797840828338725,0.05302166449667875,0.05298282092925535,0.05274376489792257,0.04975947578894966],"valid_accuracy_dist":[0.9827586206896551,0.9451013513513513,0.9860312243221035,0.9838160136286201,0.9874791318864775,0.984006734006734],"valid_accuracy":[0.09010271680725074,0.6292231109495847,0.7899628498553599,0.873950890986493,0.8916410301657222,0.9027849630931272,0.9111435281943472,0.8703259541761381,0.9300844775389,0.9327312087426904,0.9374653812034704,0.9422009758208497,0.9491641934523726,0.9494432050440516,0.9540388462146707,0.9557111058786921,0.9587741310645618,0.9590522925941496,0.9596100719092444,0.96155953233941,0.9637883580648487,0.965877033717287,0.9647632341913251,0.9661552257754759,0.9675483411609469,0.9664346237482916,0.9579372002166897,0.9681054341827968,0.9708912022307339,0.9706123554730748,0.9706125882332486,0.9725622172047547,0.9721440303347689,0.9742333820399337,0.9668528007628977,0.9564047341794721,0.9745118584954855,0.9745122405749336,0.9752084594377771,0.9754871396285408,0.9761832403984972,0.9756264486889767,0.9760442085531186,0.9763226504091669,0.9759049190466971,0.9772975772126267,0.977297493876695,0.977297547540813,0.9771583630555275,0.9782725731440155,0.9782723583307986],"mean_valid_accuracy":[0.09014134909443954,0.6274966888851194,0.7891845172006442,0.8734389197951488,0.8911710034762411,0.9023191527630164,0.9106753224865441,0.8700341076292114,0.9297336973073613,0.9323725528206581,0.9371384562605733,0.9419077523069332,0.9489494920939622,0.9492277213070887,0.9538259488266094,0.9555099014719951,0.9585957048977791,0.9588712478504986,0.9594430640388222,0.9613953404352847,0.9636399560644127,0.9657636200593823,0.9646176836589775,0.966018175796195,0.9674266759305669,0.9662911309509196,0.9577966204233604,0.967979820611326,0.9707997600691748,0.9705128222058939,0.9705012325801361,0.9724704719949169,0.9720466170862448,0.9741394017262771,0.9667154997180957,0.9562710762561174,0.9744092044212281,0.9743975833427764,0.9751166821354346,0.9753799362472839,0.9761214941944324,0.9755331571212129,0.9759302631266338,0.9762194566042094,0.9758169701200853,0.9772098320557916,0.9771992742693526,0.9772170200430282,0.9770544089569319,0.9781745740996111,0.9781988459808236],"std_valid_accuracy":[0.08766399501658384,0.18902883646059998,0.12198955378723002,0.08568525437099213,0.08025184650188627,0.08210969460849811,0.08327111683371519,0.0884994344921373,0.06833644601180544,0.06612720719772494,0.05418624812560902,0.05313030602404491,0.04037183713450281,0.044706322012192504,0.039384606720757075,0.04082965928262965,0.03298389957538329,0.03293127309706457,0.03309219172156031,0.030941102731786088,0.029154185284653703,0.026664947808172707,0.028440472307379176,0.025571459166180147,0.024648752429889436,0.02659522258393336,0.031473465071795464,0.024122640796848546,0.021978477397085562,0.021732972674039133,0.021871851104721313,0.019258582743278893,0.019706981779553174,0.018553653978018635,0.025088426475411686,0.031309232055048306,0.018276411521931022,0.019626155956897557,0.017916456883049506,0.018099297825422144,0.017123495291242918,0.018801652033671207,0.018619126726951186,0.01767682681520188,0.01813390922973105,0.016775089768299726,0.017083220021768996,0.01681262196525407,0.017888418894829047,0.01620137338496499,0.01488281833087986],"valid_loss_dist":[0.04609134974958274,0.13971494057693998,0.046007557047397854,0.047565123799306164,0.04171728223052268,0.07026695324615999],