{"test_accuracy":[0.0972,0.361,0.3374,0.5865,0.6636,0.6899,0.7538,0.7335,0.7544,0.7721,0.6783,0.7918,0.8056,0.808,0.7916,0.8223,0.8171,0.786,0.8395,0.824,0.8371,0.8477,0.8369,0.839,0.8518,0.832,0.8515,0.8532,0.8536,0.8519,0.8571,0.8559,0.8581,0.8574,0.8606,0.8584,0.8427,0.8662,0.8682,0.8715,0.86,0.8659,0.8617,0.8558,0.8659,0.8697,0.8648,0.8745,0.8675,0.8738,0.8429],"test_loss":[2.3084521141052248,2.5505894729614256,3.1242997589111328,1.6803960826873778,1.521913081741333,1.4825652791976929,1.3340282690048217,1.3958129655838012,1.3562376148223878,1.3195615715026856,1.5890977685928345,1.2613432006835938,1.256703172683716,1.2553319580078126,1.325061559677124,1.1956727268218994,1.207815802192688,1.3342603845596313,1.1731856115341186,1.2431396583557128,1.2178761089324952,1.189718981361389,1.2182450412750243,1.2340374357223511,1.2043411045074464,1.2750026805877686,1.2064406536102295,1.2261274600982666,1.222113710784912,1.2086506811141968,1.195868789100647,1.210956157875061,1.2014164352416992,1.2185715496063232,1.1827412649154663,1.1896191686630249,1.264915575504303,1.2093670337677003,1.1844309293746949,1.210188989830017,1.2275855709075927,1.2081045753479005,1.2359413488388062,1.2609089443206787,1.2396935779571534,1.239824320602417,1.2674584831237794,1.2486310674667358,1.2621220525741577,1.2485465780258178,1.3741658994674684],"train_accuracy_dist":[0.9782296159375642,0.9843878389482333,0.9238293444328824,0.9475856376392902],"train_accuracy":[0.09392407674850423,0.5498762120899525,0.5269238704353209,0.7715081493707447,0.8288632143593976,0.8406230658139056,0.8901898081287394,0.8706416340004126,0.8894161336909429,0.903290695275428,0.8191149164431607,0.9161852692387044,0.9295956261605116,0.9303177223024551,0.9193831235815969,0.9392407674850423,0.9379513100887147,0.9128842583041056,0.9525479678151434,0.9430575613781721,0.9513616670105219,0.9595110377553125,0.953837425211471,0.9533216422529399,0.9634825665360016,0.9429028264906127,0.9638436146069734,0.9646688673406231,0.9644625541572106,0.9635341448318547,0.970033010109346,0.9673509387249846,0.9691046007839901,0.969568805446668,0.9719929853517639,0.9714256240973799,0.9563647617082731,0.9762224056117186,0.9748813699195379,0.9788013204043738,0.971528780689086,0.9763255622034248,0.973952960594182,0.9698782752217867,0.9773571281204869,0.9784918506292553,0.9746234784402723,0.9816897049721477,0.9778213327831649,0.9816897049721477,0.9586342067258098],"train_loss_dist":[0.06285778041351353,0.04610013911590874,0.21554551848387743,0.1389550401610478],"train_loss":[2.3036392829775787,1.4636365362718373,1.808625366845425,0.6192876485904418,0.46672191274182706,0.43047751322902056,0.3126655894158512,0.3548644087049662,0.30555773470862047,0.27268931498374055,0.5243696697949379,0.2352487927935641,0.20143204809506393,0.19293785087874937,0.22571300501159497,0.17463159882998636,0.1735968374173949,0.24842822084432784,0.13524563067400727,0.159416385043404,0.13853254108162288,0.11617073134430965,0.12975876186502633,0.13019898913190467,0.10450076112803822,0.16324619168758836,0.10367795730988458,0.0992559933876809,0.09983917526371988,0.10147352593835449,0.08671857789658396,0.09327209698624658,0.08735612689836206,0.08633942945339808,0.08032385253948675,0.08160318577347378,0.11944760409536768,0.06858140427126562,0.07096130607508651,0.06041475198134989,0.07735213525062963,0.06657776564514534,0.07215827146161917,0.08347236958709155,0.06304137529495951,0.059572078726266506,0.06980032941529403,0.051043789791992755,0.060931608920341634,0.050970887808520784,0.11551177795466834],"valid_accuracy_dist":[0.9720853858784894,0.9876746096959738,0.9034941763727121,0.9397689768976898],"valid_accuracy":[0.08721638179369416,0.5525121537383438,0.522398942382953,0.7675931175492483,0.8251304234217517,0.8389464282943245,0.8890566279162485,0.8680234943355392,0.886170323688892,0.9028756112149641,0.8164641804986996,0.9105037419079558,0.9251464204629621,0.9272077207949679,0.9154540615333387,0.9329816688989994,0.932775588552394,0.9057626956407864,0.9467981064069235,0.9375187278651809,0.9453543892446262,0.9525715442261278,0.9476227260223048,0.9467981567896121,0.9573150044791522,0.9350440094367929,0.954840520061679,0.9546342051872164,0.9575212761683533,0.955459046277139,0.9635008141098215,0.9587582990268256,0.9610265499090663,0.9608201100768857,0.9622636600045152,0.9620574734280133,0.9476230614418099,0.9657694850910398,0.966181157441216,0.9682439098459776,0.9641194153335381,0.9661812628465166,0.9641191981075508,0.9616448080826236,0.9676247238042619,0.9678309836561124,0.9647386009420269,0.9719554527183881,0.9682439208168745,0.9731926995670479,0.9509229277573475],"mean_valid_accuracy":[0.0873991486548145,0.55137994404956,0.5214628745186993,0.7668834077416792,0.8246131743002462,0.8385058145213737,0.8888611698147062,0.8676191431938765,0.8858421226147346,0.9025917100852863,0.8159956738202977,0.9102498563519463,0.9249145052788919,0.9269814577283936,0.915190106788125,0.932776928077294,0.9325348653390729,0.9054393097224567,0.9466445832539747,0.9373091060926039,0.9451927662036529,0.9524419636465868,0.9474595257987232,0.9466319384991752,0.9571764277200584,0.9348864138779104,0.9547075718740923,0.954504880875611,0.9573809822853319,0.9553057787649083,0.9633808474456012,0.9586268701955166,0.9609008266224395,0.9606920601063096,0.9621432824090459,0.9619378803884435,0.9474676546904301,0.9656619378038991,0.9661091328785043,0.9681601264541861,0.9639979221138687,0.9660754993441445,0.9640067974328209,0.9615204060820043,0.9675295637504471,0.9677532435284885,0.9646283373126048,0.9718869625198139,0.968140706231412,0.9731130464180362,0.9507557872112162],"std_valid_accuracy":[0.08740072548332938,0.212843054020839,0.17856686025658752,0.13587368622378687,0.10653400553221287,0.08649512401228926,0.040997239813616436,0.07710122306125662,0.06252105162401145,0.05439445640054905,0.09008184785961783,0.04758713994773143,0.04441120435335991,0.04362274882626524,0.05162801010740752,0.038818570937808446,0.04593063448412153,0.06309220242244137,0.029665835875437883,0.040461529658557954,0.030679908745477165,0.024620841453797566,0.03204151895883166,0.03169945790045483,0.026310231585490243,0.03247987490639274,0.025596385838164655,0.02493735599865861,0.026596803692937956,0.028914299331500724,0.023047971591740678,0.024960292976298627,0.023719213458259586,0.024340975431276946,0.022657730627363787,0.022615326517278322,0.030156789512898838,0.02046046710693112,0.01408928177255494,0.016395741210903314,0.022830711899797584,0.019809938788108737,0.021102173342407212,0.02355479440310754,0.017987929878860526,0.01499922784460706,0.02114840086688236,0.013441229205749404,0.019678489660767465,0.01539052750150073,0.03229675329225678],"valid_loss_dist":[0.08909574562105639,0.04332574246024243,0.3324527949739415,0.16250674657695757],"valid_loss":[2.304372856050891,1.4830563868813964,1.826789277670897,0.6417087948293493,0.4835244329923816,0.44469841888822287,0.3211805375057386,0.3725066492646485,0.32147616086838177,0.2887782048803939,0.5517990192020384,0.2540983581889133,0.2198655046181085,0.21283547788916654,0.24749001007942925,0.1952696341191413,0.1958737354730067,0.2734756780941148,0.1568175299326876,0.1828429434042072,0.16250893062017407,0.13959001298508777,0.15396170874709983,0.15545153012397214,0.12885936560271974,0.18749993480115196,0.12988655152788978,0.1256764733379006,0.12737319444128214,0.12846512636487292,0.11309884424783664,0.12091563479091481,0.11528534376446427,0.11393535004483228,0.10795049938646926,0.11012671336806695,0.14919105582983175,0.09704292367424396,0.09961102201963386,0.08953853797998171,0.10887240190801876,0.09899452932746289,0.10444030914345329,0.11681888568742814,0.09509618024152976,0.09220937675237555,0.10340825779638778,0.08300448542531266,0.09419503894323274,0.08352859748506389,0.15626471392031713],