{"test_accuracy":[0.0972,0.5399,0.8072,0.8599,0.886,0.903,0.9097,0.9218,0.934,0.9395,0.9462,0.9521,0.9475,0.9558,0.9562,0.9569,0.9583,0.9593,0.9601,0.9618,0.9628,0.9633,0.9641,0.9669,0.9679,0.9684,0.9664,0.9682,0.9697,0.971,0.9702,0.9704,0.973,0.9732,0.9726,0.9713,0.9728,0.9738,0.9735,0.9749,0.9748,0.9732,0.974,0.9754,0.9725,0.9721,0.9729,0.9764,0.976,0.9768,0.978],"test_loss":[2.3084521141052248,1.3539812898635863,0.6454867972373962,0.48531517963409426,0.3899200120449066,0.33234712929725646,0.2979796332836151,0.2617116341114044,0.22820846757888794,0.20574022536277772,0.18425596244335174,0.17247237088680267,0.17675703451633454,0.1549243646621704,0.14879738354682923,0.14505040324926377,0.1386113914489746,0.13662559885978698,0.13207924447059632,0.12273520636558533,0.1191258663058281,0.11867161762714386,0.1144346659898758,0.10891144239902496,0.10486712058782577,0.10087170751094818,0.10687562272548676,0.09901983690261841,0.09671659519672393,0.0926266152024269,0.09294623000621796,0.09397221374511719,0.08747225835323334,0.08540000891685486,0.08824792841672897,0.08955131644010544,0.08904986820220948,0.08212986156344414,0.0825050934791565,0.08073363274335861,0.07875285798311234,0.08317532197237015,0.08169350947141647,0.07871517823934555,0.08178749500513077,0.08526417922973632,0.08228971873521805,0.0732003195643425,0.07461251072883605,0.07152003911733627,0.07035872832536698],"train_accuracy_dist":[0.977209797657082,0.9834828711256117,0.994991652754591,0.9833684210526316,0.983285183656624],"train_accuracy":[0.07612456747404844,0.6115395839413016,0.8301163130028766,0.871221911868929,0.8981531662984117,0.9117021720098386,0.9182890732480093,0.9290448993204653,0.9391753866677783,0.9436778254888064,0.9493892525117772,0.9527243923792054,0.9512235794388627,0.9589777796306332,0.9602701463292617,0.9604785925709759,0.9614791345312044,0.9630216367198899,0.9636886646933756,0.9662317088422896,0.9679826572726894,0.9678575895276608,0.9686913744945178,0.970358944428232,0.9728602993288031,0.9734856380539458,0.971734689623546,0.9749030724976029,0.9753199649810314,0.9755284112227457,0.9763621961896027,0.9764455746862885,0.9776545628882312,0.9777379413849169,0.9781965231166883,0.9774878058948597,0.9781965231166883,0.980239296285488,0.9797807145537166,0.9805728102722308,0.9814482844874307,0.9797390253053737,0.9804060532788594,0.9819068662192021,0.9801559177888023,0.9796973360570309,0.9797807145537166,0.9828240296827448,0.9830741651728019,0.9829074081794306,0.9844915996164589],"train_loss_dist":[0.06520423377934483,0.05473885392287038,0.018458014854753953,0.055989398962573,0.051880758172696745],"train_loss":[2.311218735862306,1.2190390569578191,0.5874055892225353,0.4390549558420738,0.35211048447589305,0.3020934194305279,0.26978625833190545,0.23804648288189756,0.2087018779076845,0.18948024170039995,0.17044321424097747,0.15876990637102556,0.16000369120133437,0.1399781653027718,0.13434154292341122,0.1302037631255975,0.12455340934296967,0.12142035149044982,0.11591957898959365,0.10783738120051617,0.10402977230023358,0.10280097678335401,0.09962909587894578,0.09363313236360368,0.08953959867055364,0.08566958176720439,0.0891533792211468,0.08142732739369031,0.08042201926735977,0.07719343448402624,0.07563079408666086,0.07650368031425415,0.07136044417707396,0.07007428703201206,0.06990564025712698,0.07125602917697643,0.06910262245135239,0.06366170381916496,0.06329341665144515,0.06277287879546958,0.05975648640372443,0.06182184130156523,0.06047527812486239,0.057902400937271024,0.06190183741279425,0.06300986188884704,0.060930312906124835,0.053826798629334836,0.05308199118118196,0.051118290755269864,0.04920948111864224],"valid_accuracy_dist":[0.9787052810902896,0.9633251833740831,0.9891485809682805,0.9688552188552189,0.9793729372937293],"valid_accuracy":[0.07616117437151121,0.6084677920882429,0.827984405954871,0.8714933002667039,0.8994930459950784,0.9108272135474149,0.9176625677498992,0.9278293312622439,0.9409973093514298,0.9448294859043518,0.9506625073591572,0.9524978320459092,0.9498315414193622,0.9559971296701301,0.9566635169785992,0.9576641439919519,0.958664751098191,0.9596647643495541,0.9591652480756087,0.9619980183473698,0.9636647400809706,0.9646646942666588,0.9654980592356658,0.9654987717666105,0.9683313484878281,0.9684982352438917,0.9678324370997436,0.9699987282981096,0.9691651536142895,0.9711655473747436,0.9711654780277703,0.9698313661420388,0.9713319584864252,0.9716652364316675,0.9706652051050408,0.9701647403137764,0.9694984897801447,0.9721649903739955,0.9716655994246781,0.9723319179471239,0.9743321394774338,0.9713326038736181,0.9726656665539656,0.9734988315682447,0.9709974397043655,0.9714978507600914,0.9721652935041217,0.9729990409863098,0.9736649490022683,0.9741655172611586,0.9758315561626345],"mean_valid_accuracy":[0.07571313048348094,0.6080855240971411,0.8277284055258018,0.8716058720198353,0.8994738987116376,0.9107996654271829,0.9177174374474169,0.927879548234045,0.941109095441767,0.9448632129454373,0.9506826126290171,0.9526013838696159,0.9499489462534199,0.9560431108071589,0.9566768192187359,0.9577244640020387,0.9587357468632323,0.9597563156378189,0.9592754839728889,0.962093960529622,0.9637320780282218,0.9647273827293784,0.9655747123499487,0.9656072894008073,0.9683976252480772,0.9685753610330657,0.9679446837027141,0.9701053360379808,0.969256801771895,0.9712603626394161,0.971256347473561,0.9698901551236249,0.9714233151761638,0.9717447427058156,0.9707567596563951,0.9702289422196502,0.9695981618590677,0.9722398941815861,0.9717702604488894,0.9724127923958701,0.9744148916212465,0.971449472156533,0.9727580754117964,0.9735852674737948,0.9710212601230921,0.9715160395707091,0.9722607229730318,0.9730957045105626,0.9737223146794808,0.9742540681056833,0.9758814403163203],"std_valid_accuracy":[0.08964376030726316,0.1915490218466643,0.08429468045964107,0.07181494203341561,0.052356886044015394,0.04681167537569171,0.04936256673254067,0.03908146674307378,0.03126667822835383,0.025013030496428387,0.019178274017383694,0.025159090854569695,0.02830066291472769,0.020370385915451556,0.019649416535225908,0.01998422139082362,0.022147164298518814,0.019395098251330855,0.022504514931231345,0.017160670495546582,0.01776982096288208,0.016324968386320887,0.015483618932888032,0.018090737782474203,0.01317021108151936,0.013592107827123398,0.01767193291276745,0.01422470888177083,0.013836450744554476,0.014419167227801524,0.014045600521112603,0.012220507239410662,0.012858427302583313,0.012804239500796115,0.013062379175546606,0.011974780158159585,0.013478730148003677,0.011409037150666396,0.014135585245319675,0.012275648791329107,0.011749795341816955,0.01578352507253675,0.013680529133914533,0.012604351051357736,0.009937832407922198,0.011767894105952784,0.0126568953195967,0.014213976427284164,0.010719798978780498,0.012302730262171336,0.008980078233053485],"valid_loss_dist":[0.07414438809050815,0.10614448047403213,0.034793832698504196,0.10335708226419058,0.06618727645268141],"valid_loss":[2.311109134377331,1.2306100701734943,0.586376296343879,0.43660644957788974,0.3520185059450028,0.30286865707777233,0.27173233638768574,0.24107700810298016,0.2120041641918924,0.1934180006825592,0.17514024380100252,0.16569087757155038,0.1670511188757469,0.15019426357723506,0.144674053793268,0.14087881971388413,0.13628674812452005,0.13306008835238858,0.12930053135406624,0.12191526966520169,0.1191448370773043,0.11811273553780492,0.11601060841926815,0.11075766987278178,0.10608448759118767,0.10251055926204555,0.1078931920867348,0.10121758069388472,0.09915448969688198,0.09612154117462172,0.09724871577809589,0.097304686126336,0.09194500567546533,0.0927466112334789,0.09208271636030245,0.09315346152221406,0.09213294525939196,0.08755681228457322,0.0877577661211485,0.08708892800557272,0.08525058743235883,0.08854330037662535,0.08689766206125617,0.08458920447963511,0.0908450357720465,0.09273592986923125,0.08666022110865776,0.08151949330876923,0.08146762083190505,0.0800161504372688,0.07700263322072043],