{"test_accuracy":[0.0972,0.661,0.7492,0.8144,0.8839,0.9046,0.9167,0.9356,0.9419,0.9442,0.9504,0.9507,0.957,0.9584,0.9591,0.9632,0.963,0.965,0.9679,0.9677,0.9681,0.9708,0.9707,0.9713,0.9712,0.973,0.9734,0.9748,0.9767,0.9774,0.9759,0.9768,0.9783,0.9791,0.9792,0.9784,0.9802,0.9808,0.9791,0.9818,0.9802,0.9799,0.9825,0.9824,0.9825,0.9819,0.9801,0.9828,0.9834,0.9831,0.9831],"test_loss":[2.3084521141052248,1.2554701902389527,0.6710835949897767,0.4813707251548767,0.3649166324615479,0.30217719950675964,0.2676752933502197,0.22185880861282348,0.20151740703582763,0.19106142995357514,0.16964747102260588,0.17315746665000917,0.149039014005661,0.13824380593299865,0.1333412192940712,0.12464841983318328,0.12445890204906464,0.1164976718902588,0.1049606015443802,0.10648947566747666,0.10723752977848053,0.09570807161331177,0.09413090454339981,0.0921752296924591,0.091241357588768,0.0874102266550064,0.08429716154932976,0.08272153384685517,0.07634400460720062,0.07441534427404403,0.07612718398571014,0.073721039301157,0.07073264139890671,0.06840728268623351,0.07024704890847207,0.06886738659739494,0.06544828454852104,0.06440065717697144,0.06594411054849625,0.06055379093885422,0.0632117731809616,0.063223950445652,0.05946072518825531,0.05938506498336792,0.056712588727474214,0.05943994832038879,0.060453222954273224,0.0561957205414772,0.05499948171377182,0.056072966200113296,0.05494738990068436],"train_accuracy_dist":[0.9928179129700042,0.9835199661948024,0.983771569433032,0.9761448349307774,0.9855220228384992,0.9914440734557596,0.9856842105263158,0.9836978951712753],"train_accuracy":[0.07249099733834351,0.7000417514743489,0.7891289598663953,0.8428839830906529,0.8961171128855487,0.9145399509420177,0.9248473461719117,0.9397474035801889,0.94491414853087,0.9462188821042743,0.9525859819424873,0.9523511298992746,0.9571003601064663,0.9595793538959344,0.9616669276133814,0.9629977558582538,0.9631543238870622,0.9652940869474453,0.9696258024111476,0.9689995302959136,0.9683993528521476,0.9723657429152966,0.9727310683158499,0.9734356244454883,0.9725745002870414,0.9750013047335734,0.9760189969208287,0.9763321329784458,0.9775585825374459,0.9780282866238714,0.9771671624654246,0.9790981681540629,0.9796200615834246,0.980611659099212,0.9800636709983821,0.9804289963989353,0.9811596472000418,0.9817598246438077,0.9813162152288503,0.9834037889462972,0.9823078127446375,0.9824643807734461,0.983351599603361,0.9837952090183184,0.9844214811335525,0.983351599603361,0.9826731381451907,0.9846041438338291,0.9848389958770419,0.9850738479202547,0.9853347946349356],"train_loss_dist":[0.026235718714458105,0.048134629104421026,0.0540277325871937,0.06473287838779954,0.0508937244751714,0.026089637193561395,0.049301393697528464,0.052839651699222126],"train_loss":[2.313524016675257,1.1650130337728388,0.6015261536002638,0.42903104576591183,0.3322218992101842,0.2769328716454678,0.24428675336828684,0.206891845962485,0.18927990622578555,0.17829194395021783,0.16012490135162366,0.15902310780013168,0.1404666738212031,0.13105674902992348,0.12616618641837207,0.11769128221345591,0.11593905016978208,0.11021756652081012,0.09994523333893315,0.09994833980953853,0.0993898357117181,0.08990498820780451,0.08779093455415349,0.08596667752377964,0.08532694207107677,0.08027912400626737,0.07797675021945416,0.0759383907709709,0.07073328365841021,0.06900178946145989,0.07050108682582171,0.0670069570323452,0.06481738980840271,0.062091089455361945,0.06359450317101521,0.06240550448926417,0.059471933228798735,0.058097059492453994,0.05938512998943236,0.054211647868063886,0.05552479719207407,0.054773418450112035,0.05252627681235631,0.051226630796424207,0.04966362828388713,0.051133520342827615,0.05277127328561947,0.048121517677229296,0.04758596747069983,0.04760035018525898,0.04654756788962279],"valid_accuracy_dist":[0.9898648648648649,0.9864864864864865,0.9761709120788825,0.9829642248722317,0.9706601466992665,0.989983305509182,0.9797979797979798,0.9834983498349835],"valid_accuracy":[0.06978613605411137,0.7082674785829032,0.7934118376710935,0.8438045318211549,0.8984813656651879,0.9168452215245931,0.9267555519468545,0.943033546453134,0.9478328011930554,0.9497107042763436,0.9544055491220327,0.9550308909329336,0.9612914675896376,0.9636909381033603,0.9642136013046032,0.9666123919391229,0.9659862872021545,0.9674468565726777,0.9718292833538291,0.9698471284669729,0.9692205146054661,0.9719336390212756,0.9734984538728308,0.972977151686124,0.9716208105413241,0.9753769319718681,0.9753767213001839,0.9754808190941832,0.9782978468880369,0.9781938631865867,0.9774634945572228,0.9787152317974912,0.9791325542961521,0.9794458829847299,0.9794457773053907,0.9796546811532977,0.9800718550704135,0.9805934400423059,0.9808018952582832,0.9818452687222619,0.981010954306053,0.9812194528154488,0.9817411077264568,0.9817410216399303,0.9829931549270742,0.9819498496230764,0.9788206369740073,0.9820541586912633,0.9825755752566727,0.9820540035355303,0.9823670114644298],"mean_valid_accuracy":[0.06970246330893234,0.7084490119994483,0.7935227898925086,0.8439621392969805,0.8985773673575661,0.9169177612765101,0.9268666071637217,0.9431118188251812,0.9478943952185532,0.9497737906925623,0.9544741038644504,0.9551061642027414,0.9613514984563112,0.9637514117240512,0.9642858384636919,0.9666603851173481,0.9660523958867935,0.9675018985440862,0.9718904667298582,0.9699054136819583,0.9692773635745606,0.9719983314888909,0.9735584209202439,0.9730259007312128,0.9716674965469273,0.9754576913606932,0.975444100941951,0.9755498439317691,0.9783655917883577,0.9782515267827196,0.9775202659538398,0.9787825752895958,0.9791931012605928,0.9795088944854666,0.9795049695242448,0.9797247067426681,0.9801302817863842,0.9806583147941663,0.9808613197036624,0.9819114207195572,0.9810776179934546,0.9812794171100628,0.9818033474187624,0.9818016913708245,0.9830491566636225,0.982004155553342,0.9788626230165719,0.9821136833415185,0.9826349450932851,0.982120562377959,0.9824282837679847],"std_valid_accuracy":[0.08721259856098883,0.08361253296873723,0.07574742882824272,0.060919389893720186,0.03721766859943199,0.03204139209889775,0.02682723891257671,0.021634198954659345,0.019743411237603755,0.01907858534167987,0.01608132951680745,0.015846877000169787,0.013200420611532966,0.012358275074105349,0.013243958621713762,0.011271333275697256,0.011685564647632584,0.010871673753697379,0.009183929698648497,0.011055767776069762,0.010668820671448085,0.010043417081959514,0.008880132843119714,0.009515115443018172,0.009821558899449627,0.008881013346671318,0.008954641462892814,0.008362383092214244,0.007639683137480841,0.0074326080394466285,0.00807057851324504,0.007493562875001478,0.007251032815654236,0.007262655006696201,0.007361073274701811,0.007408443145931635,0.0068476588396673525,0.006161434375358782,0.0066611205928301396,0.006219294008863326,0.00756818319378133,0.006678188724310939,0.006224290399020117,0.005854735599095191,0.005924327221884408,0.006413133856625313,0.010216289893034783,0.006359075325507891,0.00581906810908208,0.006555595880218994,0.0062734024358616644],"valid_loss_dist":[0.03652324275793256,0.045202915732925,0.07090577489605376,0.05969485066818419,0.0776792495726276,0.033761028029360436,0.07244050260695946,0.052292326569753904],