{"test_accuracy":[0.0972,0.4307,0.6796,0.7431,0.845,0.873,0.9126,0.8817,0.8946,0.9247,0.9286,0.8899,0.9398,0.9411,0.9485,0.9479,0.9531,0.9502,0.9607,0.9589,0.9565,0.9626,0.962,0.962,0.9649,0.967,0.9636,0.9655,0.9678,0.9687,0.9689,0.9713,0.9602,0.9695,0.9706,0.9722,0.9728,0.9744,0.974,0.975,0.9754,0.9757,0.9766,0.9753,0.9758,0.9754,0.9749,0.9761,0.9794,0.9779,0.9802],"test_loss":[2.3084521141052248,1.5703529560089111,0.9287730653762818,0.7177765742301941,0.4310114787578583,0.3610062650203705,0.2761001752376556,0.339028292798996,0.29453230929374696,0.22668214864730835,0.2128085130214691,0.30852488899230956,0.1843828372478485,0.17983251342773438,0.15892891507148743,0.16001349167823792,0.14634732117652893,0.15048576717376708,0.12321493076086044,0.12987533478736876,0.12940951368808745,0.11523939461708069,0.12064991997480393,0.11801906232833863,0.10649958457946777,0.09945318826436997,0.10861727494001389,0.10147600882053376,0.09574207623004913,0.09392544184327126,0.09307951331138611,0.08647758280038834,0.11852829390764237,0.08772073945999145,0.08848297183513641,0.0830036519408226,0.07974431784749031,0.07551374821662903,0.07679310966730118,0.07460081195235252,0.07206585433483124,0.07218056017160415,0.06929162296652794,0.07282124428749084,0.06990850307941436,0.07149966452121735,0.07227269349098206,0.0690473390698433,0.05978785091042518,0.06357205197811126,0.05687059201002121],"train_accuracy_dist":[0.9852125693160814,0.979716881470526,0.9905505341002465,0.9882854100106496,0.9802289281997919,0.9878964941569283,0.9915394139496492],"train_accuracy":[0.0827184003808617,0.5142525589145441,0.7443763389669127,0.7990954534634611,0.8786895977148298,0.8974053796715068,0.9221316353249226,0.9058259938109974,0.9182932635086885,0.936860271363961,0.9409069269221614,0.915258271840038,0.9506962627945728,0.9512020947393478,0.9569447750535587,0.9567364913115924,0.960485598666984,0.9581349678647941,0.9667638657462508,0.9648298024279933,0.9651868602713639,0.9686086646036658,0.9667341109259701,0.9678647940966436,0.9714056177100691,0.9734289454891693,0.9687574387050703,0.9731313972863604,0.9750952154248989,0.9746786479409665,0.9750357057843371,0.9771780528445608,0.9692632706498453,0.9779814329921447,0.9768805046417519,0.9785467745774815,0.9792311354439419,0.9808081409188288,0.9802130445132111,0.9811354439419185,0.9819388240895025,0.9822661271125922,0.9826231849559629,0.9814032373244466,0.9829207331587717,0.9824149012139967,0.9819388240895025,0.9831885265412997,0.9855391573434896,0.9845274934539395,0.98622351820995],"train_loss_dist":[0.046803362666795474,0.06022559446529634,0.03387771199412197,0.04063491935388476,0.06015096455269748,0.035502098121358475,0.027430002444227324],"train_loss":[2.3084572473967877,1.3514616736480236,0.7488846526071306,0.5702254507882208,0.35575937020125287,0.3015435539891864,0.244265275654201,0.27834888812490616,0.23937841595882775,0.19152461527807957,0.17963169203568813,0.24734647124535739,0.15322639503274835,0.14899510170049987,0.13451732785685505,0.13288930507048244,0.12239326959020522,0.12536178160191888,0.10514698103509207,0.10766147010155169,0.10828101669518657,0.09686815293390065,0.09929412958127733,0.09621383353222718,0.08879202868438277,0.08261816966808734,0.0948054063002211,0.08239631804718972,0.07633152333374423,0.07639033383481653,0.07450182441259776,0.069196547762777,0.09010636071228706,0.06901432246856978,0.06902900075680055,0.06467111405473795,0.06253847587373489,0.05898085258430248,0.05923336042541061,0.057222882717900145,0.05471546572644837,0.05443739924156208,0.05228879680767056,0.05506647454501103,0.05230483298738179,0.05259427746044686,0.05307803569968778,0.05052422698052018,0.04512151348056754,0.046643745427736395,0.043463109691166874],"valid_accuracy_dist":[0.9786535303776683,0.9805743243243243,0.9884963023829088,0.9829642248722317,0.9625623960066556,0.9849749582637729,0.9867986798679867],"valid_accuracy":[0.07612529970413523,0.5121002378548754,0.7446964464997522,0.8012079004508776,0.877341565098229,0.8978051050997439,0.9231460280951533,0.9058955626607775,0.9176740032963996,0.9355188378591981,0.9392075704261289,0.9114883075204788,0.9489621114432565,0.9513415650706489,0.9562200392372561,0.9565764240132033,0.9602646816700275,0.9580044342126721,0.9653798517079377,0.9644284994364603,0.9652620678252979,0.9669266385453277,0.9659748300880087,0.9671647758915854,0.9701390480846688,0.9712096966420852,0.9684746355967642,0.97049610318131,0.9728749156935315,0.9723990814641664,0.9723991027513496,0.9738268572485085,0.9652609623675351,0.9744216283275547,0.9731132137402736,0.9754923629553479,0.9750166153096226,0.9769200849516181,0.9760869664521161,0.9775145848964387,0.9788233277399395,0.9773956330477825,0.9783472887978991,0.9766817937407077,0.9775147766680918,0.9769199976007842,0.976444022552749,0.9771579202704787,0.9806075422904242,0.9789424583377929,0.9807271503113326],"mean_valid_accuracy":[0.07612673949370981,0.5107102593592214,0.7446300379330205,0.801452965595136,0.8774692279154648,0.8979050718993615,0.92312695797684,0.9059799085458794,0.9177671397419255,0.9355791308508411,0.9392474793914998,0.9115059585878675,0.9490231209077964,0.9513775260185204,0.956233602736399,0.9566057633289946,0.9602817410063277,0.9580229252171374,0.9654028949431727,0.9644366949213964,0.965232822857007,0.9669354993427592,0.9659869478187177,0.9671793115160316,0.9701326947123723,0.9712131915185226,0.9684457307938167,0.9704997051048964,0.9728575787588559,0.97237657503728,0.9723922576485508,0.9738346437647751,0.9652990433597494,0.9744536246212199,0.9731164062269025,0.9754909778712618,0.9749943770914855,0.9768935830675344,0.9760738795388294,0.9774862147456534,0.9788529532870818,0.9773936470856194,0.9783525146429682,0.976663105307761,0.9775075213862101,0.9769234258666809,0.9764343937566254,0.9771414366443708,0.9805949207624026,0.978939779958024,0.9807177737279356],"std_valid_accuracy":[0.08572161107537814,0.18627300076702363,0.13713292708724745,0.12273540462738185,0.07428342621030036,0.05835566149718603,0.03304583864015714,0.05450619753505585,0.05455786633227683,0.03485377022723069,0.034483356500459895,0.05685825401357737,0.02754522901318837,0.02733474242643556,0.02564774897821527,0.0245027324082136,0.021408342477500928,0.02322341036857551,0.01761336814214634,0.01955503598833021,0.020354463742338434,0.016755005172484065,0.01727788076460991,0.01768206418928084,0.01397092584999033,0.01337189062465993,0.017415110294378377,0.014261819699431771,0.012229292068739198,0.01079620926861969,0.011482661428543539,0.010766652903119935,0.017040587473880483,0.010980449438675629,0.011467226771875493,0.009760603262799752,0.010280491799382497,0.0100135558204904,0.0078252485035611,0.008999672485478113,0.008351302967806952,0.008444530039307117,0.0076354062321985034,0.008566667428284228,0.009006939272369474,0.009108677667129953,0.008378427165892098,0.0088831168745857,0.007269103823550724,0.008387021301315072,0.00805829217088212],"valid_loss_dist":[0.055169496128613923,0.060737789079949665,0.04079253642208378,0.05374379169030886,0.11663682857983917,0.052441090783835055,0.042568292345839365],