{"test_accuracy":[0.0972,0.5737,0.6847,0.8183,0.8507,0.8863,0.9213,0.9146,0.9233,0.905,0.9358,0.9401,0.9438,0.9489,0.9573,0.9576,0.9597,0.9604,0.9608,0.9583,0.9656,0.9571,0.9663,0.9693,0.9692,0.9673,0.9526,0.9682,0.9726,0.97,0.9708,0.972,0.9732,0.9731,0.9734,0.9736,0.9739,0.9729,0.9527,0.9736,0.9742,0.9761,0.9745,0.9755,0.9763,0.9776,0.9779,0.9756,0.9778,0.9778,0.9792],"test_loss":[2.3084521141052248,1.4731389738082885,0.8570229623794555,0.5490135975837708,0.4470549153327942,0.3607899082660675,0.26975731205940245,0.2688534951210022,0.24493373475074767,0.2814494798183441,0.20371896328926087,0.1918489487171173,0.17741041634082794,0.1697862762451172,0.14449840829372407,0.14134045453071595,0.13267396354675293,0.1287882558107376,0.12467589790821075,0.1281021844625473,0.11634587622880936,0.13142654647827148,0.1076515296459198,0.09842934827804566,0.10299573152065278,0.10351795200109482,0.14159398566484452,0.09832632787227631,0.09046199779510498,0.09601104209423066,0.09202906774282456,0.08747954862117767,0.08142963222265244,0.08369038994312286,0.08235212545394897,0.08115020844936371,0.08118380911350251,0.08236765210628509,0.13806855511665345,0.07743124335408211,0.07636971545219422,0.07213600673675537,0.07494120656847954,0.07202543904781342,0.06919608144760132,0.06557919276952744,0.06529660869836808,0.0727995586156845,0.06602896836996079,0.06620392525792122,0.06508049893975258],"train_accuracy_dist":[0.9888043937473595,0.9862366474938373,0.9861554845580405,0.9783849918433931,0.9837669094693028,0.9913330581923235],"train_accuracy":[0.06328850686260917,0.6487245251629004,0.7496187439345626,0.8565437404685984,0.8821918757798419,0.9062803271870234,0.9287397754055178,0.9283931789823929,0.934250658533204,0.9120684874532095,0.9441633162345765,0.9445445723000139,0.9544225703590739,0.9565368085401359,0.9624636073755719,0.9635033966449467,0.9649244419797588,0.9665187855261334,0.9669000415915707,0.9657562733952586,0.9702966865381949,0.964092610564259,0.9714751143768197,0.9743865243310689,0.9742825454041314,0.973901289338694,0.9540413142936365,0.9759808678774435,0.9769513378621932,0.9762581450159434,0.9772286150006932,0.9783723831970054,0.9799320671010675,0.9800707056703175,0.9804866213780674,0.9804866213780674,0.9805212810203798,0.9810065160127548,0.9527242478857618,0.9824275613475669,0.9826701788437543,0.9835713295438792,0.9827394981283794,0.9838139470400665,0.984264522390129,0.9846111188132538,0.9850963538056288,0.9826355192014419,0.9848537363094413,0.9849923748786913,0.985754887009566],"train_loss_dist":[0.03464741037743828,0.043477901109879195,0.043019964284123705,0.0702462288722712,0.05226561671334176,0.02778786231674872],"train_loss":[2.314179109399897,1.2656831393894037,0.7130000391218676,0.4629910589596955,0.37407054464851425,0.3069219510642323,0.2442113045496128,0.23465349268269955,0.21349140029861793,0.2608262193019316,0.17985858263918642,0.18383261452263855,0.15254299695742093,0.1444632875179552,0.12703556395988638,0.12263142342943764,0.11627658780699841,0.11115554266161344,0.10835415529559497,0.10951913334351794,0.09903057928031946,0.11369910574279665,0.09428847222847836,0.0841835397435746,0.08445863887119166,0.085221081576507,0.13313349859026447,0.0785815599078149,0.07410278107491153,0.07589149200142517,0.07307440927826746,0.0693769061504869,0.06541774001950701,0.06516585877129304,0.06407776435662325,0.062399759169336905,0.06202261053987904,0.061896322880874564,0.13455420792227799,0.0569951428378327,0.05640782995048007,0.053991247901637986,0.05497342964878847,0.051982017049201024,0.04997227132321953,0.049000997862804554,0.047989032256578246,0.05312100789976731,0.047569187911159945,0.04659000774341762,0.045332516675718665],"valid_accuracy_dist":[0.987331081081081,0.9852095316351684,0.9880749574105622,0.9657701711491442,0.9692179700499168,0.990924092409241],"valid_accuracy":[0.062481343198513555,0.6530028183148635,0.7455703723557394,0.8583755492230923,0.8835998275860647,0.9075744651998596,0.9271093574228072,0.9269725662654135,0.9312699422185272,0.9092394600620395,0.9413859857477456,0.9415221205243256,0.9513622787191754,0.9523315618971512,0.9589836052327373,0.9605080309933463,0.9621708741515287,0.9639726386120417,0.9635570385927825,0.9617561095146094,0.9674364320270749,0.9592623006877484,0.9686833409064997,0.9722860515826794,0.9711771745682317,0.9709008518255859,0.9521890922012226,0.9718707794543037,0.9735331418246569,0.973395058478592,0.9743649500104109,0.9753349659725348,0.9753351246419437,0.9758893692431355,0.9768593582444098,0.9768592421709597,0.9763050942367241,0.9771363715527078,0.9512182607226565,0.9779680443616272,0.9778294246373482,0.9787994144924925,0.9778294591923392,0.9782450027280551,0.9793537385655012,0.9801850381591728,0.9808781464724855,0.978244232557273,0.9814319583999592,0.9808777459184299,0.9810163829232239],"mean_valid_accuracy":[0.06191315651040168,0.6523686270337988,0.7451343609397459,0.8583309473908782,0.8837287440704382,0.9077333622397775,0.9271465324475687,0.9270902278957079,0.9314298088202214,0.909622158150722,0.9415601490639626,0.9415281556517355,0.9514887337562442,0.9524823512345401,0.9591160031786409,0.9606237354329258,0.9622657580513972,0.964109991775342,0.9636869496071115,0.9618939502598561,0.9675628987945114,0.9594230422886566,0.9687576419011831,0.9723582462556921,0.9713112720988107,0.9709982517960721,0.9522252813416161,0.9719590158934547,0.9735994387284324,0.9734852819928504,0.9744729594402969,0.9754404754237592,0.9754128598912692,0.9760120136935422,0.9769649916267241,0.9769707107027457,0.9764012665927077,0.9772566382898605,0.9512470849383958,0.9780511013564522,0.9779397839984146,0.9788957249557474,0.9779305098170084,0.9783440299465341,0.9794475030734141,0.9802560640561803,0.9809355847696303,0.9783454516529887,0.9814923104465131,0.9809438945232564,0.9810879672891856],"std_valid_accuracy":[0.08464613672492732,0.10551187726631037,0.06715865707212201,0.0448993653267895,0.04480339844274039,0.03858201617464946,0.020415384527404608,0.023033967799208185,0.030544469005305334,0.0518905219426465,0.02773001293504621,0.016884822030802334,0.02083624288376997,0.019567775806300043,0.01788701519480754,0.018765995412262926,0.01694915433246039,0.017974675386909125,0.018707446983189043,0.020599231149394045,0.01590190256786006,0.022516905112032054,0.011603524773957244,0.011083494622057431,0.013622303258563168,0.014878107191174664,0.013926105738423124,0.013984694810679613,0.011440720354735968,0.014061025804060916,0.013526453706823508,0.012871769250904084,0.01191917035808959,0.01334886607061537,0.012439043013490263,0.012940977691785732,0.01272029901320999,0.012868940938374592,0.016101077750200542,0.011663781864294549,0.01229664130608704,0.011520842525754709,0.012526760170834116,0.011584165128598748,0.011463818201352904,0.010032979475588793,0.010336992005664734,0.009273432243881018,0.008628144154077267,0.00945930098411857,0.009806994645475789],"valid_loss_dist":[0.048256813321967386,0.049853607804048426,0.04791977613199712,0.10689412096261784,0.10079397923141073,0.032303430475048696],