{"test_accuracy":[0.0972,0.5368,0.8543,0.8776,0.9045,0.9242,0.934,0.9338,0.9423,0.9516,0.9556,0.9504,0.9598,0.9601,0.9652,0.9662,0.9687,0.9616,0.9722,0.97,0.9729,0.9729,0.9744,0.9726,0.977,0.976,0.9793,0.9756,0.9783,0.9779,0.9782,0.9803,0.98,0.9801,0.9803,0.9814,0.9816,0.9816,0.9794,0.9818,0.9825,0.9822,0.9823,0.9709,0.9817,0.9822,0.9828,0.9825,0.9834,0.9838,0.9836],"test_loss":[2.3084521141052248,1.2980572145462037,0.568514093875885,0.4084597720146179,0.3140688184261322,0.2507480513334274,0.2270729787349701,0.21697910039424897,0.18158244938850404,0.16252083666324615,0.14534478890895844,0.15842123029232025,0.13255037546157836,0.1272861611366272,0.11291386573314667,0.10948573062419892,0.1025459721148014,0.11665871829986572,0.09428405541181564,0.09379913082122802,0.0890236746430397,0.0862764708518982,0.08184959964752198,0.08434925384521484,0.07542481064796448,0.07546508318185806,0.0699257055580616,0.07308085781931876,0.06813029154539109,0.06747212037444114,0.06626619284152985,0.06259150823354721,0.0610988832116127,0.061022894167900084,0.05832206836938858,0.05797720575332642,0.05680395902395249,0.05676502133607864,0.06387306767702103,0.05853813573122024,0.05455622934103012,0.05472744922041893,0.05509772248268127,0.08665223984718323,0.05452298189401627,0.05129555959105492,0.051143898797035216,0.051862352311611175,0.04903653917908669,0.05018017315864563,0.04978438798189163],"train_accuracy_dist":[0.9899363318956664,0.9826748362560743,0.9913722267871816,0.9856399583766909,0.9887312186978298,0.9858947368421053,0.9847296739579035],"train_accuracy":[0.10940795532186674,0.5841725336422778,0.8568755012922199,0.881709889195853,0.906544277099486,0.9272197962154294,0.9352404717345454,0.9356563586133143,0.9448355761518581,0.9518462406796779,0.9560348156729941,0.9523215399696997,0.9604313341056947,0.9614116388913644,0.9666102248759766,0.9665805186703502,0.9689570151204586,0.9633722484627039,0.9719276356830941,0.9710958619255563,0.9726108784125004,0.9733535335531592,0.9752844369188723,0.9743932507500817,0.9773341651070909,0.9776609333689807,0.9787600629771559,0.9783738823040133,0.980185960847221,0.9801265484359682,0.980185960847221,0.9815524463060333,0.9818198021566705,0.9819683331848023,0.9828892255592193,0.9833942310548673,0.9835724682886255,0.9840180613730208,0.9817603897454178,0.9830080503817248,0.984701304102427,0.9846715978968006,0.9850874847755696,0.9716899860380833,0.9850280723643169,0.9859786709443603,0.9863351454118765,0.9860677895612393,0.9874342750200517,0.9870778005525355,0.9870183881412827],"train_loss_dist":[0.031787111942841305,0.05331751582846943,0.030064444962947117,0.04939300343549338,0.039534590059334726,0.044295896393688104,0.04217238116777244],"train_loss":[2.30518452651544,1.230580635376128,0.5568722398929572,0.3972442347846404,0.3056280656064771,0.24772198272671067,0.22383896126908046,0.21096928971446502,0.17949710423629509,0.16107903620120773,0.14625233862170262,0.15287221519341956,0.12983997816641168,0.12478664064453916,0.11134407479560895,0.10773249440543867,0.10120471243344342,0.11423943301423933,0.09384676762542948,0.09305654940104996,0.08802126534200164,0.0858936342317647,0.07976021926426347,0.0818189095296954,0.07338596696157852,0.07193334944103787,0.06802856485855893,0.06884742687158263,0.0652435863007058,0.06355936042491922,0.06276611324361088,0.05876952703402889,0.05729557287340934,0.056843083400321445,0.0541327329261698,0.05307936041073621,0.052172535972810984,0.05210712686284207,0.058361573184798635,0.05212114432858343,0.04769961916648817,0.048242872433093796,0.048333930140208196,0.08339487626624965,0.04663405591991669,0.04383362180376618,0.04308564245423733,0.04420158854161369,0.04109193094961589,0.04144737114541371,0.04144113634038523],"valid_accuracy_dist":[0.986863711001642,0.9797297297297297,0.9893179950698439,0.9717138103161398,0.9841402337228714,0.9797979797979798,0.9826732673267327],"valid_accuracy":[0.10118103495891966,0.5746673055602677,0.8618665083960332,0.881820704951484,0.9060508411577047,0.9257672922389372,0.933724154975702,0.9346755914029715,0.944890440717691,0.9499968229405416,0.9537975601451905,0.9527291648398014,0.9584294914178666,0.959260976134416,0.9642491969499407,0.9647247809128789,0.9665063543004766,0.9625869455202819,0.9699500256004417,0.9697123558729418,0.9724451223453447,0.9712570571546482,0.9737510833511562,0.9725638586666209,0.9762453569346281,0.9752950757527052,0.9779080614218159,0.9763636220418456,0.9776705212166266,0.977789218384771,0.9783829468662212,0.9799273196310354,0.9802836159744897,0.9802836946652408,0.9809963704232021,0.9807586697774383,0.9812338248489354,0.9805207852204436,0.9786207595147534,0.9802836518684729,0.9819462286049928,0.9809964540167855,0.9811151982408151,0.9661512410685945,0.9813526558948142,0.9830155037236534,0.9824215548847668,0.982778053363284,0.9833715330494447,0.982421627078811,0.9820651794478391],"mean_valid_accuracy":[0.1016111610599031,0.5728261573509164,0.8613712224802813,0.8814368503427735,0.9057869563246234,0.9255824932946094,0.9336373108051506,0.9345332867474923,0.9447523277715631,0.949910872235756,0.9537085491017764,0.9526103784286534,0.95837248306936,0.9591847306557761,0.9642230592126159,0.964667374176536,0.9664635081594823,0.962481854641881,0.9699100964062278,0.9696618508433236,0.9723995299705412,0.971188369156806,0.9737072833674716,0.9724941415271245,0.9762146369106197,0.9752824327897517,0.977886368132378,0.9763304612304252,0.9776329405147767,0.9777568200060643,0.9783527307363088,0.9799022447106637,0.9802673958628033,0.9802560480405402,0.9809719432818719,0.9807405588905118,0.9812057167942231,0.9805280635264549,0.978611790421612,0.9802434165496943,0.9819250360991417,0.9809559111405634,0.9810869721908695,0.9660370814243232,0.9813118474061752,0.982988151245898,0.9823893218574108,0.9827452055317364,0.9833469039986892,0.9823965645544748,0.9820338181378485],"std_valid_accuracy":[0.08732310886782453,0.19173392822249177,0.052768939445884594,0.04907604848747033,0.035493325477876106,0.028974558646965024,0.016752309456784867,0.02336129482445138,0.024392247377181406,0.018665418954509256,0.017154272095184917,0.020763264600402027,0.014952291585933315,0.015004296786946723,0.01111695323674661,0.01306544740398158,0.012662780783345422,0.016083583521292414,0.008583844166672867,0.009017902167700494,0.009655110898211526,0.010435127915367439,0.008949182595347115,0.01194509852309923,0.007077621062560232,0.006083951770907283,0.006323276448713459,0.006759061751465254,0.006132471847359437,0.006419971295630457,0.005687525868965414,0.005893710591728032,0.005352056572593263,0.006317270171029395,0.0058479073396508026,0.005410220562109803,0.00562467334478761,0.00424702694430562,0.007044425577687706,0.005836280386372734,0.004905508672352121,0.005789943220454387,0.005415223003295417,0.017159530638142448,0.00550875781579194,0.005173544317663004,0.005457432829063371,0.005948392549889118,0.004179221370424961,0.004952388032103099,0.005319013582676939],"valid_loss_dist":[0.039834999777560165,0.05799508255881232,0.03585190712279145,0.09371198917089801,0.05548839988140312,0.07417907304936386,0.06015113675997596],