{"test_accuracy":[0.0972,0.3739,0.66,0.7379,0.7732,0.7905,0.8057,0.8369,0.8664,0.8555,0.8646,0.884,0.8866,0.9022,0.9106,0.9125,0.9167,0.9151,0.9242,0.9245,0.9287,0.9265,0.9276,0.9252,0.9316,0.9395,0.9353,0.9398,0.9319,0.9369,0.9406,0.9418,0.9389,0.941,0.9484,0.946,0.9504,0.9499,0.9436,0.9456,0.9439,0.9505,0.9469,0.948,0.9499,0.9498,0.9549,0.9539,0.9502,0.9542,0.9557],"test_loss":[2.3084521141052248,1.7212742286682128,1.1011588678359985,0.803542737197876,0.704480802154541,0.6070317996025085,0.5270059185504913,0.44867751507759096,0.38706493186950686,0.4019010377407074,0.36486458702087404,0.32620417246818545,0.31534722237586976,0.28146181240081786,0.25841238174438474,0.25574776422977447,0.24249211909770965,0.24331572575569152,0.2221951570034027,0.21940012164115905,0.21140894935131074,0.21068203687667847,0.21108017444610597,0.2152943618297577,0.19539841389656068,0.1756961092233658,0.1892388493537903,0.17388392243385314,0.18986053853034973,0.1746037650346756,0.1719035994052887,0.16776134555339814,0.17438213908672331,0.16737868037223816,0.15361981217861176,0.1597471242427826,0.147963747215271,0.15145025544166565,0.16255703361034393,0.15873768606185912,0.161652237534523,0.14684925303459168,0.15405755550861358,0.1555278299808502,0.14980408341884613,0.14816847913265227,0.13597533324956895,0.14050251655578613,0.149414859521389,0.1361395418405533,0.1329780511856079],"train_accuracy_dist":[0.9888043937473595,0.9855165069222577,0.9396411092985318,0.9898885678910442],"train_accuracy":[0.047395588925387144,0.4692632566870014,0.7473278064549768,0.8204807341362949,0.8438917566087909,0.854736951874446,0.8701183586214088,0.8923301527712603,0.9077636998800772,0.9029667865894989,0.9125606131706554,0.9245007560352468,0.9268470723186819,0.9344595651493821,0.940507847124459,0.9422806194274989,0.9430627248553105,0.9444183742635174,0.9485374628499922,0.9493195682778038,0.9526044110746129,0.9520308670942176,0.9551071484436102,0.9526044110746129,0.956932061108504,0.9614682725898118,0.9581834297930027,0.9630846238072892,0.9598519213723343,0.9626153605506023,0.9633453256165598,0.9650659575577455,0.9615204129516659,0.9644924135773503,0.9669430105844935,0.9661609051566817,0.9687679232493873,0.9673601334793264,0.9655873611762865,0.9663173262422441,0.9663694666040983,0.9690286250586579,0.9703842744668648,0.9687679232493873,0.970488555190573,0.9712706606183847,0.9734084154544033,0.9729391521977162,0.9710099588091141,0.9726263100265916,0.9757025913759841],"train_loss_dist":[0.037243463509776295,0.04344711470496032,0.17281453459725685,0.03191717986126626],"train_loss":[2.3171025988667653,1.3853211458895762,0.8034398336406544,0.5612791969698583,0.4903759690595684,0.43162073250843463,0.373656759566215,0.31691637101853515,0.27819720164762624,0.2875456684721828,0.25274060811889987,0.2295520625846516,0.2189250509129108,0.20013074276174306,0.1804069347912312,0.17566349870349077,0.17384273041521608,0.16742237713676442,0.15379601276716,0.15287748764973313,0.14479081315707162,0.14365646188397982,0.13914114923132734,0.1422781643462421,0.1285066053378513,0.11674213573545213,0.12428312615811797,0.11128791842099381,0.11911565963093602,0.11051899592031204,0.11037850546366952,0.10394494218383804,0.11282158171630538,0.10545186814513356,0.09877371584735428,0.09905097811405686,0.09269399339820422,0.09426325304999228,0.09805223958383133,0.09798572449874744,0.09545089293040548,0.08828104772708968,0.0876269369439115,0.09018866409248938,0.08619147161608136,0.08477450989975759,0.07827601262018488,0.07878586580163278,0.08315170469055136,0.07813346465321451,0.07208133328472358],"valid_accuracy_dist":[0.981418918918919,0.9863713798977853,0.908720456397718,0.9892739273927392],"valid_accuracy":[0.05001503395691569,0.48112752816798965,0.7538185331456015,0.8263688942324932,0.8488816682600587,0.8574279090287185,0.875146265729777,0.8891146788111622,0.9087070347586294,0.8968233413186821,0.909334623375932,0.9212129012702158,0.9257978550551185,0.9310085417999954,0.938722593822153,0.9397644045919002,0.9389288513743768,0.9399720193535466,0.9476838189393154,0.9453903955649523,0.9491430164749238,0.9474755114051574,0.950394592202656,0.9478920547453518,0.9497684501542333,0.9553960175996311,0.9537291349277147,0.9587314078198255,0.9524784270424632,0.9539371250283682,0.9568548096957374,0.9578980199838089,0.9537274498503636,0.9568545210092677,0.9601891053619536,0.9595641786900106,0.9610233958916893,0.9616482612699349,0.9597729925502607,0.9595634838827644,0.961024090017661,0.9616485723384839,0.9637340949716509,0.963108130969958,0.9647760086627226,0.9639421178888082,0.9643586585129935,0.9647757670268091,0.9641505475989275,0.9643583220946933,0.9660272882372328],"mean_valid_accuracy":[0.048984543417848775,0.4802201496966225,0.754730931631411,0.8275740376265596,0.8499590280001843,0.8584140197626925,0.87617710368538,0.8901289315070231,0.9095777813590342,0.8975858505790844,0.9102955019495944,0.921958550378223,0.9265347640213857,0.9316332643135365,0.9393841964804583,0.9404257384598148,0.9394483608633357,0.9405513358509076,0.9482154717274074,0.9458789658684441,0.9496707554304374,0.94801424439196,0.9509384552265769,0.9483849092875316,0.950280886703543,0.955853543989988,0.9542468265772173,0.9591952361255582,0.9529636673501484,0.9543940651351607,0.9572620733128783,0.9583608933842234,0.9540683428406107,0.957227244291988,0.9605422922046627,0.9599483662414923,0.961365701206924,0.9619908993456583,0.9601766303651358,0.9598776143187233,0.9614472846079539,0.9619720701291032,0.964160056489434,0.9634831411500856,0.965177002855261,0.9643166987608194,0.9647030731562383,0.9651450478099086,0.9645260488690196,0.9646762016380713,0.9664461706517904],"std_valid_accuracy":[0.0799636513982067,0.11112905654230293,0.10447091815385956,0.11094354854887552,0.09925422319436464,0.09391985471623554,0.08791865723204922,0.0900773722266706,0.07365459430164374,0.07130432442273774,0.08149171890585677,0.06325755163541055,0.05862493564353115,0.052963517594382295,0.05411734009290891,0.0528560595746999,0.04496693417671425,0.048237540090785035,0.041844918296247126,0.04053673973884193,0.04177747445204361,0.042669413045247566,0.04476294276215418,0.04047743894604449,0.04155464524139356,0.03675656211877892,0.040480509907827374,0.03575212729594969,0.040832852283416265,0.03782517024667583,0.03433431994314321,0.038227321778394205,0.03372262898664172,0.03363704392358665,0.02916555801472673,0.03168866313384615,0.0313822916848542,0.029173042965905296,0.03261720468108828,0.027985192470338746,0.03431018894088163,0.03043889948293256,0.03395361166695052,0.03184224995322828,0.03222607057417211,0.03236331310472925,0.029795271222291572,0.030839558126689925,0.03251021581160419,0.02897928523736186,0.03344608242430731],"valid_loss_dist":[0.05393423301142615,0.0531087229678842,0.24752012119850883,0.03519815707536224],"valid_loss":[2.317429085198975,1.363471107764944,0.7884524305270075,0.5493431137082523,0.48560366443304853,0.4302831833429949,0.3706331082046509,0.32047361782521144,0.2811399911902091,0.2936184265810379,0.2585611005020092,0.23540439783058048,0.2231987507848581,0.20803541578189136,0.18966342948433287,0.184974531637522,0.18475684802342915,0.17745396311421271,0.16379642026773839,0.16473332394999593,0.15628677933685162,0.15629210833732848,0.15472047165601624,0.15663619327068487,0.14294702529913983,0.13115651734605815,0.14048105410194656,0.1272761993292129,0.13622223460968258,0.12804498650503046,0.1285426773570742,0.12289687518017464,0.13303517826291966,0.1252019462760195,0.11873175594028604,0.11826543057212384,0.1156355363977279,0.11491438533824821,0.11841288993727557,0.11909334827633089,0.11752357828017909,0.11176553101497978,0.11068195608786843,0.11385596267912475,0.10952354736300675,0.10956685208731404,0.10380266866573376,0.10402406772677998,0.10973223470594214,0.1038829852736278,0.09849726560065698],