{"test_accuracy":[0.0972,0.3548,0.4111,0.467,0.5537,0.5686,0.6228,0.6458,0.6973,0.7207,0.6103,0.7333,0.7635,0.7629,0.7772,0.788,0.7848,0.8038,0.8065,0.8097,0.8141,0.8209,0.8192,0.8249,0.8289,0.7989,0.8306,0.8364,0.8287,0.8333,0.8432,0.838,0.833,0.8433,0.8447,0.8413,0.8308,0.8494,0.8471,0.8496,0.8457,0.8504,0.8539,0.8469,0.8534,0.8511,0.8507,0.8561,0.8537,0.8587,0.8502],"test_loss":[2.3084521141052248,3.05048638381958,2.9324295948028563,2.227604663848877,1.706923076057434,1.7943961503982544,1.6675790159225463,1.6725409336090087,1.528831365966797,1.4849701564788818,2.109635581588745,1.5117359775543213,1.4467839757919312,1.486715523147583,1.4589633712768555,1.3687566381454468,1.4757789943695068,1.3907611980438233,1.4187971389770508,1.4540845027923583,1.429229602432251,1.4154869247436523,1.4552861711502074,1.4407837882995604,1.434115772628784,1.5168355056762695,1.4381808673858643,1.438760962677002,1.4986134870529175,1.4811720333099365,1.4850503009796143,1.4850313486099243,1.5249167722702026,1.4875349645614624,1.4947313426971436,1.501142858505249,1.57970927734375,1.5076045993804932,1.521999119567871,1.5148110383987428,1.5550154487609864,1.552374662208557,1.5286266036987304,1.5732124870300292,1.566280697441101,1.576976767539978,1.5919895717620849,1.588775196838379,1.6020240224838256,1.6081890995025634,1.66706817111969],"train_accuracy_dist":[0.9745327582665845,0.9782251437962202,0.9887312186978298,0.9671894345852249],"train_accuracy":[0.04789677419354839,0.6212129032258065,0.6862967741935484,0.754425806451613,0.8112516129032258,0.8184258064516129,0.8394838709677419,0.8619870967741935,0.8868129032258064,0.8999741935483871,0.8428903225806451,0.9073548387096774,0.9227354838709677,0.9239741935483871,0.9313548387096774,0.937341935483871,0.9352258064516129,0.9451870967741935,0.9464258064516129,0.9500387096774193,0.9520516129032258,0.9535483870967741,0.9556129032258065,0.9579870967741936,0.9612387096774193,0.9332645161290323,0.9633548387096774,0.9657290322580645,0.9627354838709677,0.9656258064516129,0.9695483870967742,0.9680516129032258,0.9661935483870968,0.9708387096774194,0.9713548387096774,0.9697032258064516,0.9643870967741935,0.9742967741935484,0.9739354838709677,0.9742967741935484,0.9733677419354839,0.976,0.9777032258064516,0.9751741935483871,0.9782709677419354,0.9771354838709677,0.9757935483870968,0.9798709677419355,0.9779612903225806,0.9819354838709677,0.9771354838709677],"train_loss_dist":[0.07236334656262501,0.054211513144664325,0.036153070044039885,0.08587744755165369],"train_loss":[2.30879521381009,1.4676868561037124,1.2358009911998626,0.7856152257273274,0.49893080585387445,0.5066092073440551,0.4475978704021823,0.38053856840133665,0.312120726759203,0.2714960860790745,0.5263188960475307,0.25258025990763017,0.21407400510849492,0.21163328300291492,0.19410283174053314,0.17645904776588564,0.17998122176662568,0.15625416962869706,0.15252442682327763,0.1409212568006208,0.13555438055069216,0.13057956097510554,0.12770221762964803,0.11695441945214426,0.11123933753044375,0.19988757788519707,0.10537281821081715,0.09627032102846331,0.10539333995696037,0.09595013777978958,0.0855657644241087,0.09032239392226742,0.09695037482553913,0.08114987137433022,0.07908415939904029,0.08429656737312194,0.0992330920857768,0.07147444995641708,0.07250370271090538,0.07163512432421408,0.07411058031589754,0.06693058766049724,0.06280527214427148,0.06932750244948171,0.06069374558617992,0.06413428577300041,0.06472235261817132,0.056169584757281885,0.05929772920646975,0.05072297255992889,0.0622269111168],"valid_accuracy_dist":[0.9729064039408867,0.9802793755135579,0.9849749582637729,0.9702970297029703],"valid_accuracy":[0.04436014619418402,0.6156854792296328,0.6875071839998238,0.7545910883222439,0.8156897100293217,0.820024338426215,0.8390120927490811,0.8627508563918523,0.8829777206482766,0.895980308992285,0.8474767586594985,0.9056784816698736,0.9209531844015483,0.9246674892056185,0.9308592158818616,0.9366373160182696,0.9366382885483845,0.9451002965734361,0.9461326830219967,0.9481966067383792,0.9506727510634426,0.9537691401048575,0.9543878643513485,0.9585154067671188,0.9618181660276308,0.9393224863500175,0.9647080640179068,0.9680098914452068,0.9649140922991074,0.9678037372972955,0.9723438065974085,0.9686285267458893,0.9665652399150609,0.9721374376369782,0.972963200874354,0.971106323700859,0.9632625696003574,0.9748207975858766,0.9750269949480249,0.9746144730983507,0.9746143891872104,0.9752334897751653,0.9762653664635492,0.9746141361951227,0.9764716057812677,0.9762654084191194,0.9758524200235056,0.9775036515505992,0.9772971999376959,0.979567741830595,0.9770911322182593],"mean_valid_accuracy":[0.04414000071273688,0.6154438608696239,0.6871475740782841,0.7544541353875507,0.8157589208135851,0.8200964369350338,0.839146720067693,0.8629439898684423,0.8831548011546481,0.8961728225177455,0.8477552358911973,0.905864566662314,0.9210826160838241,0.9247891311611812,0.9309517069793406,0.936722231839167,0.9367413561872568,0.9451721113596669,0.9462062900866894,0.9482708468105291,0.9507396193812654,0.9538225840966525,0.9544427814356171,0.9585613775359294,0.9618582636610702,0.9393782427529519,0.9647485775176985,0.9680400089749434,0.9649589945365488,0.9678460914026525,0.9723765410189729,0.968659918913529,0.9666030996825805,0.9721695138214382,0.972989812111674,0.9711439158679792,0.9632999850308355,0.9748483577494426,0.9750501856454158,0.9746431032338432,0.9746410710109165,0.975257003213849,0.9762868710676061,0.9746378540203919,0.9764929730385343,0.9762846292155779,0.9758746303274393,0.9775207676963977,0.977315344524664,0.9795922685443466,0.977114441855297],"std_valid_accuracy":[0.07501390524793104,0.06570813951945284,0.05983892209942295,0.03283694779587308,0.019236344513788545,0.01590221085387307,0.026833858032830744,0.031031966842579504,0.028743953983077233,0.030255365623106788,0.04608022419962268,0.029417037036966735,0.02073551199761156,0.01896713146998009,0.014991760689709588,0.01403703121566024,0.016153993252966473,0.012187270499158315,0.012606950033661366,0.012420045012971765,0.010830877916234605,0.011395684945633656,0.009326315596526616,0.008219644259224019,0.008110293339235328,0.02025285698806073,0.008899121101117131,0.006418037640970682,0.008025432139595938,0.00796679301258589,0.006190228979754785,0.0058472103498951305,0.007335471745717751,0.005528985776885522,0.005570305014577403,0.008382713807553042,0.008222120694621056,0.0058715365424759315,0.004978807371968033,0.006199341671440396,0.005578655674497261,0.005072893928563266,0.004613549610874101,0.004712776783598546,0.004156487101668244,0.004651882155359636,0.0042990824459585245,0.00408728497385387,0.00396221283643444,0.004932902544226886,0.005830720684720688],"valid_loss_dist":[0.08842854338815842,0.06423081364865271,0.057675834440428744,0.10928640384288511],"valid_loss":[2.3093599627893093,1.462796526551757,1.229144485691384,0.7700259771106557,0.4854178619307647,0.4931733562384915,0.43578711962025074,0.3719834024683378,0.3045514300904461,0.266118330308985,0.5318486850039819,0.25038225182661994,0.21113736111980486,0.2092213365828531,0.19267918441775775,0.17522759529348983,0.17727292423961313,0.15662423401463796,0.15355405395645907,0.14247774676575906,0.1384449286552697,0.1340163572159497,0.13076701141907973,0.12151423484219476,0.11653424651175517,0.20158907672165433,0.1119769302485924,0.10376945000983305,0.11313363224877508,0.10371717908480868,0.09318306961394804,0.09994956142323302,0.10668633677217382,0.09226695392155096,0.0907722261301735,0.09731078753669208,0.11194708452795453,0.0854668683393754,0.08641830061434835,0.08699011797991675,0.08827720219095851,0.08207834660467893,0.07920692812317291,0.085785762745021,0.077575616744889,0.08156977920632721,0.08298988505990608,0.074421170914008,0.0779374274990223,0.06952537861172649,0.07995967433598661],