{"test_accuracy":[0.0972,0.5607,0.7718,0.8612,0.8913,0.9091,0.9176,0.9203,0.933,0.9422,0.946,0.9473,0.9539,0.9576,0.96,0.9622,0.9649,0.9641,0.9656,0.9668,0.9702,0.9688,0.9703,0.9702,0.9711,0.9735,0.9755,0.9761,0.975,0.9753,0.977,0.9773,0.9784,0.9773,0.979,0.979,0.9792,0.9794,0.9804,0.9807,0.9815,0.9815,0.9818,0.9787,0.9813,0.9831,0.9763,0.9824,0.9831,0.9826,0.9828],"test_loss":[2.3084521141052248,1.2982248058319092,0.679133393573761,0.4481798792362213,0.3483650659561157,0.2922204857826233,0.2610411239862442,0.25677362475395205,0.21825238666534424,0.1862001190662384,0.16832534878253938,0.17764721899032593,0.1504312350988388,0.13837122046947478,0.12925977544784545,0.12247430000305176,0.11389597110748291,0.1159783540725708,0.10811974560022354,0.10488669333457946,0.09527843027114868,0.09491574586629868,0.09030524258613587,0.0901533333659172,0.0860530089378357,0.08169990776777268,0.07780088999867439,0.07530795530676841,0.07600741994380951,0.07465469405651093,0.0728596439242363,0.06966090623140335,0.06740619435310363,0.06886819257736206,0.065553520154953,0.06526416229605675,0.06277605742812156,0.06302782889604569,0.06314690961837768,0.05971684200167656,0.06042444435358048,0.05829148148298263,0.05635029509663582,0.06392984372377396,0.05649707165360451,0.05540607500076294,0.06831485147476196,0.05309781308174133,0.05251841224431992,0.05186297023892403,0.05340082095265389],"train_accuracy_dist":[0.9895255699322243,0.9809845763786182,0.9905505341002465,0.9816826411075612,0.9869494290375204,0.9924874791318865,0.9818947368421053,0.9865868757738341],"train_accuracy":[0.09517123020516421,0.6172608367787399,0.8053150271732065,0.8752632810671659,0.9016563954546637,0.9163481290792314,0.921262708999662,0.9198065371713863,0.9370725745637986,0.9454975687131082,0.9502821332917284,0.950906206932418,0.9560288113997452,0.9599032685856931,0.9620615232597447,0.9648178485061237,0.9683022596666406,0.9653899160100892,0.9695244038796578,0.9703044959305198,0.9728267935616403,0.9726187690147438,0.9745429960735367,0.9746990144837091,0.9757651402865538,0.9771693059781054,0.9778193826871571,0.9788074992849156,0.9787554931481914,0.9792235483787087,0.9796135944041396,0.9806537171386224,0.9814078061211223,0.9811997815742257,0.9822919104454325,0.9821358920352602,0.9826559534025014,0.9829159840861221,0.9826039472657774,0.9837740853420703,0.9841121252307772,0.9845021712562082,0.984840211144915,0.982473931923967,0.9849702264867254,0.9853602725121564,0.981667836804743,0.9858803338793978,0.9859583430844839,0.9865824167251735,0.986374392178277],"train_loss_dist":[0.03835884475318111,0.058496314068060204,0.03393148888750407,0.056559059036552464,0.048281829114426016,0.02419368689180117,0.052616924742334766,0.04263166502099661],"train_loss":[2.3069536418740215,1.188304222618625,0.6139031220916703,0.41249603841883015,0.3223631452361901,0.2726156878960214,0.24572618839973673,0.24949285550267772,0.2030239512403673,0.17536249340121451,0.15906918063427736,0.1643754818368994,0.1410070325376513,0.13019041783272092,0.12298051781674754,0.11563133964073417,0.1081630745135213,0.11161922214346284,0.10050540009556265,0.09877546869529687,0.09048186316704555,0.08886885684174686,0.08442986457179923,0.08326777895261035,0.08124208087775545,0.07572809491380841,0.07283043019927093,0.07020110879393218,0.06931891414466011,0.06767477343315115,0.06641631571501265,0.06287605273676951,0.061220481219915864,0.06100016267721784,0.058929197851536594,0.05869483012193314,0.05588715633107992,0.05535636250236063,0.05575249421470055,0.05226419384418588,0.052178151676828995,0.051027925825217514,0.04930076992165036,0.05370832059787072,0.048777010465500883,0.04765540098686063,0.055771971099392706,0.045171816069578034,0.045183640766855826,0.04314254535617907,0.04429854690820521],"valid_accuracy_dist":[0.9885057471264368,0.9839527027027027,0.9852095316351684,0.979557069846678,0.973920130399348,0.9874791318864775,0.9764309764309764,0.985973597359736],"valid_accuracy":[0.09116230842589719,0.6079422356406501,0.8018439717321058,0.8764912197738943,0.9014413268334017,0.917973507259485,0.9224447780266084,0.9233813244929111,0.9375186676116818,0.9470833029876923,0.9492665488805674,0.9521767306846479,0.9576875455413585,0.9602860856906389,0.9608063726061924,0.9640288582614939,0.9673554276210761,0.9656920105704877,0.9675635042412579,0.9700585287930918,0.9715138784898847,0.9697471284317037,0.9724494514279785,0.9719298421047304,0.97328128670818,0.9749445162903377,0.9754640662603811,0.9759841286096721,0.9767115112424609,0.9771277419668192,0.9768153153446012,0.9784786412939721,0.9789988493485021,0.9792067886716419,0.9797266312525307,0.9793106252844797,0.9795185989625654,0.9799342323110156,0.9806623172799424,0.9815979326805968,0.9811822193602465,0.9817019474271353,0.9820137995424467,0.9799345866299193,0.9813902061787045,0.9821178823225165,0.9757765880656447,0.9829493280248107,0.9833653667201717,0.9835731837347266,0.9826372982268894],"mean_valid_accuracy":[0.09103714466516542,0.6065634451660878,0.8014010201575155,0.8762673448487326,0.9013944191672898,0.9179408168048167,0.922514616818229,0.9233588214261785,0.9375015155634567,0.9470891010178784,0.9492767209810999,0.9521583899143702,0.9577217629077737,0.9603197634379455,0.9608656944972642,0.9640777916072798,0.9673921874246251,0.965711451909698,0.9676106505359766,0.9700742047642266,0.9715366026171561,0.9697724111790956,0.9724633365615419,0.971942880676822,0.9732961524252269,0.9749680487116397,0.9754688226148931,0.975988243936963,0.9766955784139062,0.977134765536085,0.9767853076301671,0.9784732756766679,0.9789941534721252,0.9792023907996361,0.9797291268244381,0.9793065002593948,0.9795328907275875,0.9799228135567593,0.9806555782239048,0.9815904472345818,0.981195446635772,0.9817217530010769,0.9820184710253682,0.9799059176029625,0.9813809970226469,0.9821155132257311,0.9758017802256991,0.9829552857538755,0.9833544709092077,0.983585172922197,0.9826286109234406],"std_valid_accuracy":[0.08923122385852368,0.16628817451087596,0.09875622193015889,0.05853281685581941,0.04301560554904879,0.03697673855610676,0.04070429839247814,0.03554826682818913,0.029834947542369428,0.02397741093452918,0.021565118083752614,0.018085462478794907,0.019442287846326036,0.017150131665896937,0.017779740274793943,0.01487473001996101,0.012011651049234675,0.01353734407089175,0.014141229933859875,0.011523318187827735,0.010529646931000723,0.01371541782396822,0.01043895747906658,0.010972120030142578,0.01011010750978423,0.008711528390980928,0.008225299398712022,0.008188059704624452,0.00799551031984163,0.00909772462540026,0.007775672430986153,0.00553477729484579,0.007270266104902511,0.007215676909385407,0.0070480482518912695,0.00672234797198524,0.00660871842532119,0.005251715661261898,0.005405206643382727,0.004752541643788085,0.0054484325417147195,0.005847492371810472,0.005541456486899268,0.0074204017048093585,0.006370461456869121,0.005326701406129682,0.012667982396786188,0.004637069520874288,0.0045168892904952004,0.004621233253101714,0.005016899683911948],"valid_loss_dist":[0.03905931085176852,0.05769143001856031,0.041235792791147946,0.06628795644646,0.07975759452547401,0.03917211289820766,0.08214306547886595,0.05205274206085174],