{"test_accuracy":[0.0972,0.2153,0.5434,0.6879,0.7439,0.7536,0.8096,0.7952,0.8071,0.8348,0.8445,0.7937,0.8505,0.8545,0.8584,0.8588,0.8608,0.8649,0.8645,0.8665,0.8667,0.8654,0.866,0.8693,0.8691,0.8694,0.8702,0.8712,0.8709,0.8721,0.8725,0.8707,0.8705,0.8618,0.8724,0.8716,0.8727,0.8729,0.8728,0.8736,0.8726,0.8737,0.8739,0.8737,0.8719,0.8748,0.8736,0.8726,0.8737,0.8747,0.8723],"test_loss":[2.3084521141052248,2.852274661254883,1.714151439666748,1.4578723329544068,1.3757951848983765,1.388172320175171,1.2858434467315674,1.3136759227752686,1.3052042211532593,1.3095725482940674,1.2611045547485351,1.4185881719589233,1.2759332901000977,1.307579853630066,1.3138515909194945,1.3373179512023925,1.3444854516983031,1.3598654817581177,1.3774026077270507,1.3760179874420166,1.3857333736419677,1.409010460281372,1.445823003578186,1.423836788368225,1.4747906122207641,1.4576274810791017,1.4980632802963256,1.5105065267562867,1.5231899276733398,1.4991729480743408,1.5338079338073731,1.566470138168335,1.5542995697021484,1.6148447078704835,1.5842817310333253,1.588848759651184,1.599697731781006,1.6057796203613282,1.638248817062378,1.6570857467651368,1.6679143276214599,1.6718404468536376,1.6833086582183838,1.7067266006469726,1.7378198013305663,1.712380204963684,1.7221724948883057,1.7566927375793457,1.7495060747146607,1.7683519405364991,1.804019446182251],"train_accuracy_dist":[0.991128010139417,0.9744016649323621,0.988856789104416],"train_accuracy":[0.06478971150503997,0.3682307959680223,0.7267292318387208,0.8307264511644074,0.8720889815780327,0.8734793187347932,0.9234619395203337,0.9023288147375739,0.9042752867570386,0.9435523114355231,0.9516162669447341,0.9147723322905804,0.9583594021550226,0.9628084810566563,0.9656586722280153,0.964963503649635,0.9683003128258603,0.9704553354188391,0.9721932568647897,0.9726103580118178,0.9732360097323601,0.9719151894334376,0.973027459158846,0.9765033020507473,0.9766423357664233,0.9765033020507473,0.9770594369134515,0.9792839763642683,0.9794230100799444,0.9798401112269726,0.9817865832464373,0.978310740354536,0.9795620437956204,0.9686478971150504,0.9824122349669795,0.9826207855404936,0.983663538408064,0.9831074035453597,0.9842891901286062,0.9846367744177963,0.9838720889815781,0.9852624261383386,0.9853319429961765,0.9851929092805005,0.9835940215502259,0.9863746958637469,0.9856100104275287,0.9840806395550921,0.9856795272853667,0.986513729579423,0.9847758081334723],"train_loss_dist":[0.02670706321698203,0.06813025687909399,0.038005046833966126],"train_loss":[2.316345009904874,1.867132696038035,0.7603493736359573,0.5097774728329844,0.4006434609005755,0.3802219909990998,0.25378066722121057,0.2917794792860135,0.27671145675370457,0.18652126113905193,0.16246731345090842,0.2716607630314991,0.14019019333364072,0.12758331723021765,0.11766218609452704,0.11645558621057173,0.10826603170842979,0.09680146267368929,0.09118500917186578,0.08915079818817738,0.08632747200853426,0.0896486501872726,0.08543561766721078,0.07512835898696547,0.07512940362608594,0.07366693871905707,0.06862187350002436,0.06505677288331461,0.06517106998928064,0.06133672993968127,0.0571762162672798,0.06477307272705304,0.06001960914873356,0.09013331453699513,0.05443986782057649,0.052900693177151355,0.05057505570406461,0.05109838205967506,0.049803774138063785,0.04791903452721784,0.0487270952710933,0.044641211344564294,0.04482672370330592,0.04367659560206929,0.048012976722612455,0.04024132753103754,0.04355894025760908,0.04608360630565938,0.041233739478019615,0.03912718444855461,0.044349640495699644],"valid_accuracy_dist":[0.981418918918919,0.956738768718802,0.9867986798679867],"valid_accuracy":[0.05974741890490583,0.3735423272153779,0.7229027254712266,0.8268533054439445,0.8693777684701606,0.8685426802884854,0.9224604561040654,0.9027276890047131,0.9049509417320912,0.9424707716444469,0.9496963050128968,0.9132905126941079,0.9574787857348003,0.9594239175175685,0.9622032683221624,0.9605355574454467,0.9638706933939611,0.966649686040763,0.9680394550517648,0.9702627186304944,0.9697067516948399,0.9672058103526106,0.9672056475507416,0.9733198882977543,0.9713742247039734,0.9733198937234301,0.9705404334799772,0.9735972024777858,0.9730417031387825,0.9752651430835703,0.9747090667090572,0.9708184476985665,0.9727637694115823,0.9660937670424432,0.9749872545808669,0.9744313518595743,0.9735975524970647,0.9763768255231076,0.9755428687844047,0.974987193079343,0.9744314133610983,0.9769326215183795,0.976098880944556,0.977210341793538,0.9747093579396499,0.9780442587334199,0.9749873640197256,0.9749873079438773,0.9755430930877977,0.9769326857327412,0.9749873721582392],"mean_valid_accuracy":[0.05963971458979778,0.3741728860456312,0.7235498480144368,0.827048229202333,0.8695177855241116,0.8688685452391981,0.9225484483511535,0.9029612850771068,0.9052142577661102,0.9425479441691077,0.9497532129994939,0.9133114010123862,0.9575063755251273,0.9594716728721936,0.9622288121468531,0.9605656390727889,0.9638839135465015,0.9666677893730373,0.9680299188292261,0.9702568754031046,0.9697156125087708,0.9672477162216829,0.9672220603249334,0.9733326425179731,0.9713944419411588,0.9733196344604106,0.9705475592641785,0.9736133268406214,0.9730602633159839,0.9752803556427055,0.9747241568267992,0.9708137946557619,0.972739707611765,0.9661502545114429,0.9749900320000071,0.9744334729657252,0.9736061023750889,0.9764110579336028,0.9755450233886545,0.9749988241111741,0.9744246808545585,0.9769461770175308,0.9761165183445089,0.9772238528210423,0.9747192204436526,0.9780466472469076,0.9750049679215796,0.975000751975184,0.9755618871742371,0.9769308808775827,0.9749854558352359],"std_valid_accuracy":[0.0819660236225418,0.06586180630859913,0.06720572632137033,0.053853898116707676,0.06091754528516866,0.055320151421840574,0.03659325250512516,0.04517362449092502,0.044937777966507296,0.02844922558506015,0.02112159591928481,0.054948945945285724,0.02467923983228449,0.020834986418097185,0.02094951031215103,0.0197662288291956,0.019235849091844434,0.015854614970330548,0.0171892533838248,0.01513555538130667,0.01393551317465322,0.018669902515615566,0.01684824816623164,0.014111821139044075,0.012717154635470048,0.014249067301947723,0.012763876590373084,0.007829070243597783,0.011542170711823339,0.011347174729220737,0.009189359611932853,0.013725512628872267,0.012094384982139255,0.015876455108044057,0.011827456711110376,0.011438360091582177,0.011371063134920032,0.011131277038090961,0.009257391338875,0.011158376945680294,0.0121871129347563,0.010171995125284062,0.010762360766729161,0.008016080707124942,0.012154950525376145,0.009258396977357234,0.012917040040279049,0.012334879612116056,0.011546619099200765,0.010906627180628771,0.013087949928873617],"valid_loss_dist":[0.050068640578034763,0.15180333506644467,0.052202553540566576],"valid_loss":[2.3168058111130048,1.852730155965825,0.7680525468478939,0.5214412185181619,0.4117170609365739,0.39793125447112665,0.2660389649675564,0.31271779239604064,0.2964662971357928,0.20047905122511092,0.17814475158709378,0.2819805106256921,0.15680339839809146,0.14352976483989593,0.13421630189691255,0.13708458977143373,0.126745719329657,0.11628739161683721,0.11138277957364394,0.11044478748134147,0.10807109377502334,0.11044409400464189,0.10978613393619041,0.09836943132845577,0.09861186363521866,0.09982769398434058,0.094072226913247,0.09067354761852484,0.09231593478934115,0.08898720313030253,0.08419739353408542,0.09714539067693487,0.09168781713860369,0.11575404962415321,0.08566996405265453,0.08450966854257207,0.08227026310627532,0.08231575152686052,0.0825131860301075,0.08299552528121779,0.0856710342949966,0.08019632793745364,0.08082145692496251,0.07882675021544851,0.08586820556225067,0.07664040384819262,0.08120657624457323,0.08546800857343927,0.08071877498453861,0.07782271157422838,0.08476979798041494],