{"test_accuracy":[0.0972,0.4545,0.467,0.4707,0.474,0.4744,0.4771,0.4786,0.4787,0.4794,0.478,0.4791,0.48,0.4804,0.4794,0.48,0.4818,0.4819,0.4815,0.4823,0.4803,0.4816,0.4819,0.4826,0.4818,0.4824,0.4823,0.4825,0.4824,0.4828,0.4816,0.4827,0.4825,0.4827,0.4828,0.4827,0.4824,0.4826,0.4828,0.483,0.4829,0.4828,0.4826,0.4831,0.4824,0.4827,0.4828,0.4822,0.4829,0.483,0.4828],"test_loss":[2.3084521141052248,4.8820821510314945,5.2644823478698735,5.313159097290039,5.464329429626465,5.406147386169434,5.51595785522461,5.516046643829346,5.596795501708985,5.568584656524658,5.799158271026611,5.798899430847168,5.756636991119385,5.809766477966309,6.021253530120849,6.0722715881347655,6.017802563476563,6.090919513702392,6.226245277404785,6.199015753173828,6.471888209533692,6.459628598022461,6.512003929138183,6.547516584777832,6.71273009109497,6.729657717895508,6.755585224914551,6.920844144439697,7.023034912109375,7.043273139953613,7.251960520172119,7.2281341583251955,7.3217731384277345,7.382408011627197,7.462712937164307,7.56946276473999,7.655965649414062,7.698714643859863,7.734617343139648,7.828055472564698,7.860770358276367,7.947251393127441,8.039596817016601,8.081278858947753,8.154252235412597,8.197279884338379,8.228782150268554,8.354713940429688,8.334665209960937,8.415047763061523,8.435277825927734],"train_accuracy_dist":[1.0],"train_accuracy":[0.004224757076468103,0.9355724545838614,0.9594423320659062,0.9657794676806084,0.976552598225602,0.9805661174482467,0.9805661174482467,0.9831009716941276,0.9847908745247148,0.9888043937473595,0.9881706801858893,0.9909167722855936,0.9930291508238276,0.9936628643852978,0.9919729615547106,0.9936628643852978,0.9964089564850022,0.9970426700464723,0.9978876214617659,0.9972539079002958,0.9949302915082383,0.9966201943388255,0.9974651457541192,0.9980988593155894,0.9993662864385298,0.9985213350232361,0.9978876214617659,0.9993662864385298,0.9997887621461766,0.9993662864385298,0.9987325728770595,0.9997887621461766,0.9997887621461766,1.0,1.0,1.0,1.0,1.0,1.0,1.0,1.0,1.0,1.0,1.0,1.0,1.0,1.0,1.0,1.0,1.0,1.0],"train_loss_dist":[0.0019292944182195619],"train_loss":[2.335684336234005,0.2128861163883306,0.13277395416474513,0.1040628650959504,0.07934577624267498,0.06694991179802119,0.06013568757352922,0.05207993278620638,0.044829017831698015,0.03942321714235727,0.039349471107534485,0.03305961071884627,0.028328599390169715,0.02642241055063233,0.02862795362863603,0.022324042883436035,0.018684077343774034,0.016978399006529452,0.016331824018015206,0.013950673530423596,0.017423996746691157,0.013496174091842289,0.012225460658895728,0.010327890201345445,0.009240660423363342,0.008267999699289694,0.00925295227214129,0.007205235400800973,0.006485653866474317,0.006139497096793129,0.0075104848116189305,0.005371959651786918,0.004947240140570786,0.004471814426320814,0.004173831402370962,0.003989212807499259,0.003741765005673771,0.003579572912574721,0.003458463013889036,0.003080400136816046,0.0030188138330537067,0.002797681811617008,0.0027187201101018135,0.0025569950521580898,0.002514783026733962,0.0023692949293562956,0.0022784079095316454,0.002308475030839906,0.0020542031639567597,0.0019994884291463103,0.0019292944182195619],"valid_accuracy_dist":[0.9898648648648649],"valid_accuracy":[0.0033783783783783786,0.9434121621621622,0.9636824324324325,0.9662162162162162,0.9763513513513514,0.978885135135135,0.9763513513513514,0.9780405405405406,0.9805743243243243,0.9856418918918918,0.9831081081081082,0.9847972972972973,0.9881756756756757,0.987331081081081,0.9864864864864866,0.9864864864864866,0.9864864864864866,0.9881756756756757,0.989864864864865,0.989864864864865,0.989864864864865,0.9881756756756757,0.987331081081081,0.9881756756756757,0.9890202702702702,0.9890202702702702,0.9881756756756757,0.989864864864865,0.9907094594594594,0.9890202702702702,0.9890202702702702,0.9907094594594594,0.9890202702702702,0.9890202702702702,0.989864864864865,0.9881756756756757,0.9907094594594594,0.9881756756756757,0.9890202702702702,0.9890202702702702,0.9890202702702702,0.989864864864865,0.9890202702702702,0.989864864864865,0.989864864864865,0.989864864864865,0.989864864864865,0.989864864864865,0.9890202702702702,0.989864864864865,0.989864864864865],"mean_valid_accuracy":[0.0033783783783783786,0.9434121621621622,0.9636824324324325,0.9662162162162162,0.9763513513513513,0.9788851351351351,0.9763513513513513,0.9780405405405406,0.9805743243243243,0.9856418918918919,0.9831081081081081,0.9847972972972973,0.9881756756756757,0.987331081081081,0.9864864864864865,0.9864864864864865,0.9864864864864865,0.9881756756756757,0.9898648648648649,0.9898648648648649,0.9898648648648649,0.9881756756756757,0.987331081081081,0.9881756756756757,0.9890202702702703,0.9890202702702703,0.9881756756756757,0.9898648648648649,0.9907094594594594,0.9890202702702703,0.9890202702702703,0.9907094594594594,0.9890202702702703,0.9890202702702703,0.9898648648648649,0.9881756756756757,0.9907094594594594,0.9881756756756757,0.9890202702702703,0.9890202702702703,0.9890202702702703,0.9898648648648649,0.9890202702702703,0.9898648648648649,0.9898648648648649,0.9898648648648649,0.9898648648648649,0.9898648648648649,0.9890202702702703,0.9898648648648649,0.9898648648648649],"std_valid_accuracy":[0.0,0.0,0.0,0.0,0.0,0.0,0.0,0.0,0.0,0.0,0.0,0.0,0.0,0.0,0.0,0.0,0.0,0.0,0.0,0.0,0.0,0.0,0.0,0.0,0.0,0.0,0.0,0.0,0.0,0.0,0.0,0.0,0.0,0.0,0.0,0.0,0.0,0.0,0.0,0.0,0.0,0.0,0.0,0.0,0.0,0.0,0.0,0.0,0.0,0.0,0.0],"valid_loss_dist":[0.04598694697425172],"valid_loss":[2.3355385999421814,0.20300266388300303,0.1338572210154018,0.11425457431657894,0.09141264211487125,0.08161460950567916,0.08099574615826478,0.07615901831839536,0.06252824213053729,0.0659078266975042,0.058223978440101076,0.05569161655935081,0.054462291904397914,0.0536826962756144,0.04845980605160868,0.04934084042906761,0.048289491719490776,0.04430702180173751,0.042296433972345816,0.04425605819434733,0.04220249372962359,0.04502992462870237,0.040928714581438014,0.04230348071133768,0.04267462106371248,0.0438180577916068,0.048077542234111474,0.043695312496778126,0.04122267522521921,0.04431006584215809,0.041885267892802086,0.04360412141761264,0.043221177986344776,0.04239465115038124,0.04287697198624547,0.04196525566481255,0.04235391550370165,0.04186191752150252,0.04467438322466773,0.04274629240201132,0.04343689630764562,0.043800339505479145,0.04268488771206624,0.043148469079185174,0.04464209580642951,0.04392737109918852,0.04529419798101928,0.04299472559344124,0.045067626907414685,0.04440045648732701,0.04598694697425172],"mean_valid_loss":[2.3355385999421814,0.20300266388300303,0.1338572210154018,0.11425457431657894,0.09141264211487125,0.08161460950567916,0.08099574615826478,0.07615901831839536,0.06252824213053729,0.0659078266975042,0.05822397844010108,0.055691616559350815,0.054462291904397914,0.0536826962756144,0.04845980605160868,0.04934084042906761,0.048289491719490776,0.04430702180173751,0.042296433972345816,0.04425605819434733,0.04220249372962359,0.04502992462870237,0.040928714581438014,0.04230348071133768,0.04267462106371248,0.0438180577916068,0.048077542234111474,0.043695312496778126,0.04122267522521921,0.04431006584215809,0.041885267892802086,0.04360412141761264,0.043221177986344776,0.04239465115038124,0.04287697198624547,0.04196525566481255,0.04235391550370165,0.04186191752150252,0.04467438322466773,0.04274629240201132,0.04343689630764562,0.043800339505479145,0.04268488771206624,0.043148469079185174,0.04464209580642951,0.04392737109918852,0.04529419798101928,0.04299472559344124,0.045067626907414685,0.04440045648732701,0.04598694697425172],"std_valid_loss":[0.0,0.0,0.0,0.0,0.0,0.0,0.0,0.0,0.0,0.0,0.0,0.0,0.0,0.0,0.0,0.0,0.0,0.0,0.0,0.0,0.0,0.0,0.0,0.0,0.0,0.0,0.0,0.0,0.0,0.0,0.0,0.0,0.0,0.0,0.0,0.0,0.0,0.0,0.0,0.0,0.0,0.0,0.0,0.0,0.0,0.0,0.0,0.0,0.0,0.0,0.0],"meta":{"task":"mnist_classification_cnum10_dist1_skew0.5_seed0","algorithm":"fedavg","model":"cnn","pretrain":"","sample":"full","aggregate":"weighted_scale","num_rounds":50,"proportion":1.0,"learning_rate_decay":1.0,"lr_scheduler":0,