{"test_accuracy":[0.0972,0.4996,0.7326,0.8361,0.8839,0.8873,0.9116,0.9142,0.9305,0.9438,0.9445,0.9501,0.935,0.9499,0.9513,0.9585,0.9572,0.9437,0.9448,0.9561,0.9657,0.9436,0.9687,0.971,0.9716,0.9719,0.9732,0.9744,0.9671,0.9683,0.975,0.9769,0.9765,0.9773,0.9767,0.9767,0.9775,0.9774,0.9771,0.9784,0.9783,0.9777,0.9575,0.9783,0.9794,0.9779,0.978,0.9778,0.9797,0.9805,0.9809],"test_loss":[2.3084521141052248,1.393230034828186,0.7748257241249085,0.5004428450584412,0.3688722773075104,0.33718028526306154,0.2712343195915222,0.25389049043655393,0.21572395930290222,0.18445670371055603,0.17970479724407196,0.16292456188201904,0.20030290269851683,0.1569825756072998,0.1496247646331787,0.129384170460701,0.13074091961383819,0.1655191814184189,0.1666345380306244,0.1334327877640724,0.10820968534946442,0.16612094554901122,0.10029694149494171,0.09389118354320526,0.09301276520490646,0.09240767949819564,0.09010350341796874,0.08351002062559128,0.1034523373246193,0.10223879404067993,0.08268176754713058,0.0737885802745819,0.0752039675951004,0.07411381999254227,0.07554028691053391,0.07774869346618653,0.0726009519815445,0.07125817874670029,0.07140844159126282,0.06882362041473389,0.06816497547626495,0.06832239577770233,0.12638274648189546,0.06572396169304848,0.06284515562057495,0.06868815487623214,0.06776442444324493,0.06813385317325592,0.061778649926185605,0.059209512364864346,0.05850215911269188],"train_accuracy_dist":[0.9858470637938318,0.9808995686999384,0.989647158250581,0.979252259654889,0.9884984025559106,0.9891779396462018],"train_accuracy":[0.09688545150501672,0.5659838350055741,0.7729236343366778,0.8552118171683389,0.8912346711259754,0.9015468227424749,0.9272923634336678,0.9268394648829431,0.9375,0.9489269788182831,0.9503205128205128,0.9553372352285395,0.9389632107023411,0.9555811036789298,0.9565565774804905,0.9637681159420289,0.9627926421404682,0.9528985507246377,0.9504947045707915,0.9642558528428093,0.9698648272017837,0.951783723522854,0.9723035117056856,0.9738712374581939,0.9739060758082497,0.9745331661092531,0.9736970457079153,0.9762402452619844,0.9717809364548495,0.9704919175027871,0.976693143812709,0.9770066889632107,0.9790273132664437,0.979654403567447,0.9797240802675585,0.97979375696767,0.9805950390189521,0.9813614827201784,0.9806647157190636,0.981953734671126,0.9815705128205128,0.9819885730211817,0.9666596989966555,0.9826505016722408,0.9839395206243032,0.9821976031215162,0.9824414715719063,0.9823369565217391,0.9838001672240803,0.9846014492753623,0.9855072463768116],"train_loss_dist":[0.039237100525551016,0.06454303966860772,0.035386741360283074,0.06196813502991013,0.03916234214025469,0.036672113252790114],"train_loss":[2.310002775819206,1.268046455065343,0.6801850833175257,0.45306235230283826,0.34571812875307223,0.3056039909137581,0.24372641188575322,0.23208957389485063,0.20085000761067173,0.173251592128983,0.16563913692515697,0.1507516011295668,0.1849060944559773,0.14276573854631464,0.1379543927928003,0.11946152734213042,0.118753638478783,0.14442694104933818,0.14926872285378323,0.11597015332781534,0.09815122934479843,0.14306342042852796,0.09144577029908187,0.08554747041030356,0.08392974513805074,0.08261446174859187,0.08261857344120027,0.07616461994477632,0.08958948766729621,0.09079059269881434,0.0734575131728699,0.07291537114660958,0.06645517387318892,0.06540991865379327,0.06478173588078112,0.06566466921366805,0.061351061449126616,0.060624472565124585,0.05983379366625943,0.0571285129149435,0.05677585389018381,0.05584645328924907,0.09896740388180209,0.05381475168528448,0.05113438863194067,0.055020119134936825,0.05362815659686763,0.05336412627867658,0.048734935642315604,0.04665071605630749,0.046308233094564666],"valid_accuracy_dist":[0.9847972972972973,0.9696223316912972,0.987331081081081,0.9769926047658176,0.9863713798977853,0.9742096505823628],"valid_accuracy":[0.08927021724149319,0.5621919835510022,0.7758780533064739,0.8531864351461123,0.8916318168037011,0.899293271904028,0.9256164591451862,0.9270115756538435,0.9384339334383256,0.9511082843027332,0.9516655682771037,0.955844409684113,0.9394078981319347,0.9557053149210608,0.9570990205460437,0.9648983642954488,0.965037985619261,0.9519453034553227,0.950412105388718,0.9632266045627418,0.9701914820588479,0.9501337851428353,0.9711672800997336,0.9738135363094105,0.9742313311193186,0.9746493668239102,0.9715855816163622,0.9759029402330205,0.970190779160803,0.9672675090388834,0.9759031197040865,0.9749272370388944,0.9774350172182983,0.9786888747231927,0.9775741935715627,0.9777132405171728,0.9770171905887315,0.9778529279421744,0.9763209521534384,0.9779920797615974,0.9767389221871499,0.9786885630950072,0.962946773325327,0.9777135496865209,0.9789669124080894,0.9777136644582762,0.9767386095586634,0.9761814574915842,0.97841006076297,0.9799422714069332,0.9798024855363519],"mean_valid_accuracy":[0.08896023020194044,0.563086468246001,0.7766184300526017,0.8535603475187785,0.8918958380991601,0.8995644683377649,0.9259782995806457,0.9272748674042878,0.9385915503838341,0.9512934900230171,0.9518412644179609,0.9560382061264215,0.9395956935768334,0.9559112943395496,0.9572156113640924,0.9650657408279298,0.9651917028229292,0.952203099787457,0.9505415160775191,0.9634400119995821,0.9703281654333527,0.9504338983964106,0.97126059443725,0.973921715471547,0.9743549572945982,0.9747579447940001,0.9716605787083571,0.9759985139258838,0.9703588789535424,0.967370998450645,0.9759916306487,0.9750186710340419,0.9775178348210879,0.9787785818514592,0.9776724495946146,0.9778525733718345,0.9771076775201397,0.9779485045032681,0.9763971236683231,0.9780822709980566,0.9768248394953525,0.9787654190566929,0.9632258043571212,0.9778004529421622,0.979066211012976,0.9777958852655163,0.9768040391749956,0.9762446154532322,0.9784862820227219,0.9800232544923156,0.9798873908859402],"std_valid_accuracy":[0.08614516112213567,0.096210074082962,0.061536995087249274,0.036982158522192506,0.03213440972092055,0.029251340955844137,0.02592370653013193,0.022059925563701312,0.017856074613176523,0.014443448541016608,0.01373436658643096,0.014651299645957768,0.021900155975289753,0.015841914925506954,0.012224937968563361,0.012856987785087632,0.01220594477763198,0.021222255080728183,0.01399339227455862,0.01580407512863623,0.010334629479237198,0.024890393364022167,0.0094881091360065,0.009432096820738353,0.01004344790977325,0.009387707592609583,0.010161508209846964,0.008524611658711033,0.011871168697403461,0.011228334718542244,0.008367934328505609,0.0075425634510469875,0.007535280182225286,0.008289393497212898,0.008093289389535704,0.010690218419998926,0.007869920317285057,0.00833587510294441,0.007602028903986054,0.008067895616417466,0.008242881226425832,0.006631779012347642,0.020979643237660803,0.007577634343506224,0.008054302914270036,0.00769683892391972,0.006278302551797031,0.00633183940555626,0.006879786080933517,0.0075334091047623165,0.006677646542768598],"valid_loss_dist":[0.04906543636241475,0.0828269279649105,0.0415642098397822,0.0639766624523365,0.040977572644640275,0.08815034015256037],