{"test_accuracy":[0.0972,0.5967,0.7523,0.7994,0.8386,0.8563,0.8569,0.9031,0.909,0.9098,0.9252,0.941,0.9466,0.9496,0.9504,0.9562,0.9576,0.9606,0.9404,0.9644,0.9618,0.9634,0.965,0.969,0.9675,0.9694,0.9649,0.9749,0.9729,0.9722,0.9761,0.9719,0.9763,0.9744,0.9735,0.9749,0.977,0.9749,0.9787,0.9761,0.9782,0.9782,0.9763,0.9784,0.979,0.9793,0.9792,0.9798,0.9787,0.9777,0.9823],"test_loss":[2.3084521141052248,1.33164764213562,0.8314257076263428,0.5951337485313416,0.443510097026825,0.36366646180152895,0.3720143533706665,0.2613765435218811,0.2494138798713684,0.24572346506118775,0.2086349895954132,0.1827985596179962,0.16752219142913818,0.1567736548423767,0.15180009722709656,0.13762190101146698,0.1363669838786125,0.12501107926368712,0.16467639513015747,0.11415625755786896,0.11943307443857193,0.1135904634475708,0.10784018793106079,0.09905071943998336,0.10344819234609604,0.09538154492378235,0.10575082510709763,0.08558104269504548,0.08702679035663605,0.08865733892917634,0.07924962693452835,0.08807565634250641,0.07690689232349396,0.08300562589168549,0.083504926776886,0.07972531813383102,0.07610166271328926,0.07987544649839401,0.06865668822526932,0.07677580165266991,0.07010678701400756,0.07015543185472488,0.0756335169672966,0.07095352358818054,0.06896580085754395,0.06767639479637146,0.06868233305215836,0.06773135216236115,0.06787629381418228,0.07135168995857238,0.05808968083262443],"train_accuracy_dist":[0.9915504858470638,0.9849989435875766,0.9800739523418242,0.9914355628058727,0.9910267111853088,0.9890526315789474,0.9775072224515065],"train_accuracy":[0.0821066404972195,0.665596098373331,0.8047699765069736,0.8454813096618788,0.8797989710649181,0.8932405507479109,0.8963630416034734,0.9256847176376126,0.9287774704850269,0.9303833229250305,0.9416837660213518,0.9502483123680376,0.9548874416391591,0.9576233383887948,0.9594076188776876,0.9622624676599162,0.9624408957088054,0.9657418146132573,0.9556308918428643,0.9693401135991911,0.96752609510215,0.968626401403634,0.9708567520147501,0.9737116007969786,0.9724626044547536,0.9751985012043893,0.971957058316234,0.978202040027359,0.9774585898236536,0.9773396377910607,0.9796889404347697,0.9777559699051358,0.9804621286466233,0.9785886341332858,0.979034704255509,0.9800457965325482,0.9809676747851429,0.9798078924673626,0.9824843132007018,0.9816516489725519,0.9834061914532964,0.9826330032414429,0.9812650548666251,0.9832277634044072,0.9835548814940376,0.9834656674695929,0.983763047551075,0.9840604276325572,0.9840604276325572,0.9833764534451482,0.9864989443007107],"train_loss_dist":[0.029137996005316955,0.044366420444023176,0.06267940028338718,0.03537994766604842,0.026688462539960028,0.039489872414814796,0.06721557280893568],"train_loss":[2.3116925709891443,1.161888951528798,0.6576531486283355,0.47116300066010824,0.35034371336896736,0.2941581218739909,0.2845541032294675,0.21629867735890893,0.20799380627213981,0.1984523785427316,0.17271754947822038,0.15631788187224152,0.14114405975243385,0.1325837865225459,0.12714127273042808,0.11714663700589381,0.11483531166336101,0.10742456047001483,0.12743067948325074,0.09761853564491726,0.09999228515929377,0.09580829736180667,0.09036359185734069,0.08400703450237201,0.08523562133159789,0.07960009568863557,0.08523758251653038,0.07213818373882927,0.07185850263552097,0.07212191874871314,0.06620077480078382,0.07070879963763275,0.06380375923184127,0.067414709453407,0.06639048759538185,0.06290341121027634,0.06040952434233716,0.062423069340791976,0.05561273992566784,0.05851149224169167,0.0539503497014428,0.05438169658737522,0.05777771291553019,0.053182916323238,0.051752812446646444,0.051508309211048306,0.05081669574224949,0.05005262709289287,0.04975905754374485,0.050976148753862874,0.04364786621698408],"valid_accuracy_dist":[0.9881756756756757,0.9881756756756757,0.9695973705834018,0.9812550937245313,0.9891485809682805,0.9814814814814815,0.9760726072607261],"valid_accuracy":[0.07881611254641194,0.667776033575705,0.8071388225275913,0.8481581333098775,0.8825174475648685,0.8945272859436155,0.898687368354477,0.9267515618352895,0.9300818164910223,0.9298426635053259,0.9409017277963814,0.9514859239270749,0.9558845640243179,0.9589761247974973,0.9600461877461974,0.9640897289571707,0.9639704561212935,0.9657546409157636,0.9526719468359134,0.969202351939659,0.9668250495246763,0.9677759824075064,0.9696784473068373,0.9720572109841099,0.9705107336495165,0.9727698396833225,0.9706291210931294,0.9759808077304248,0.9756240954988216,0.9752674813731412,0.9763374143305005,0.9741968620244528,0.9774076590667682,0.9755058304161434,0.9756236525783619,0.9766945126993292,0.9778831728400522,0.9766940996319459,0.9789536714170759,0.9778831545960002,0.979904911267675,0.9782396697542081,0.9769323045098207,0.9790722551118531,0.9795479195451846,0.979429402997945,0.9797854780287948,0.9791913999652868,0.97907237142251,0.9791908662835123,0.9819258034635632],"mean_valid_accuracy":[0.07892985341901833,0.6676533484792702,0.8073747222446267,0.8484413350901095,0.8830026566247337,0.8949599126333229,0.8992038836610424,0.9270849786417517,0.9303604780544213,0.9301845214332335,0.9411693648298909,0.951618801181068,0.956053892436527,0.959140313810194,0.9602376358718624,0.9642306836287122,0.9641178509910097,0.9658760178834367,0.9529514601671545,0.9693102039886908,0.9669670948715604,0.9679010434210557,0.9698009684779213,0.9721694502109138,0.9706464325080609,0.9728911113107568,0.9707707767426413,0.9760714607123618,0.9757249477551672,0.9753803274241875,0.976430381954123,0.9743235269590447,0.9775035454575715,0.9756054705400624,0.9757384391110085,0.9767972516808124,0.9779800275566385,0.976792421202454,0.9790295020307613,0.9779687053432152,0.9799943921809531,0.9783181308280884,0.9770103263068125,0.9791543186854271,0.9796159483683539,0.9795098226910249,0.9798628623341376,0.9792738217397695,0.9791624962122077,0.9792725610051135,0.9819866407671105],"std_valid_accuracy":[0.08950673877298977,0.0748638418443613,0.06870321501049952,0.06510030846588288,0.06867107700934909,0.06178366148068344,0.07156716091531437,0.04162729883284618,0.03689818079475091,0.04312766968792785,0.03348083740545592,0.020645190478040126,0.021710154686438183,0.019649062789086628,0.021409228676580027,0.01685638339144221,0.01806323874051962,0.014728654348422942,0.036457408533341416,0.013777723098432872,0.016475064381404846,0.015140550179784353,0.013924105151998281,0.012204877584383352,0.014098568330711868,0.013491412502043235,0.015723380229460394,0.009958199331195907,0.010741510374115592,0.011741558099770361,0.00931379062954494,0.01263515065254575,0.00876755798091436,0.009851272620872948,0.011874824473700508,0.009984316731811394,0.009524344985343674,0.01064159936675887,0.0074166666415185645,0.009030471055102523,0.008442354192462805,0.008569385961262294,0.008711174235595202,0.008576552206728807,0.0072700892752297405,0.008078531174734673,0.008544758673883747,0.007500994597650643,0.008200956350237952,0.009429317982480048,0.006731183812492698],"valid_loss_dist":[0.04380665920876168,0.039907719184820716,0.08752049142670808,0.05969186843097356,0.033642659333840835,0.06725789163173851,0.06966042808770347],