{"test_accuracy":[0.0972,0.5426,0.6181,0.6603,0.6743,0.7013,0.7214,0.7382,0.737,0.771,0.7817,0.7773,0.8021,0.8045,0.8124,0.8145,0.8143,0.8266,0.8323,0.8284,0.8311,0.8404,0.8067,0.8495,0.8465,0.8361,0.8526,0.8482,0.8555,0.858,0.8567,0.8602,0.858,0.8637,0.8628,0.8614,0.8638,0.8725,0.8678,0.8636,0.8678,0.8691,0.864,0.869,0.8693,0.8701,0.8716,0.871,0.8734,0.8726,0.8693],"test_loss":[2.3084521141052248,2.136562434005737,1.8441449947357178,1.8107632934570312,1.5634115854263306,1.463659316635132,1.403109802055359,1.3365840238571167,1.378158736038208,1.2936215988159179,1.2921636285781861,1.3184408863067627,1.2550026309967042,1.2260094671249389,1.2447463811874389,1.2530708835601807,1.2712181287765503,1.253219667816162,1.222721043586731,1.2486014444351197,1.255040940284729,1.2357440361976624,1.3683248783111572,1.2228484994888307,1.2462436106681825,1.2249633506774902,1.225012364768982,1.249860950279236,1.2244635387420655,1.2252540655136108,1.232904691505432,1.2349582567214965,1.237197253227234,1.212136475276947,1.2068233779907227,1.246513586807251,1.2237109592437745,1.206295057296753,1.225633289527893,1.2668709762573243,1.2547654249191285,1.2621660552978515,1.2670512321472167,1.2550966636657714,1.2589381523132324,1.2738370798110963,1.2854485372543334,1.2981859786987304,1.2834162059783936,1.231172619819641,1.2544738382339478],"train_accuracy_dist":[0.9934278085849251,0.9907559572719803,0.9842985318107668,0.967741935483871,0.9669830788278992],"train_accuracy":[0.11077721060431418,0.7005186892804215,0.7982051704264779,0.8515972336571711,0.8669520829902849,0.8837065700642187,0.8966738020747571,0.8986085954223613,0.9041659805697349,0.9248312201547835,0.9285773094022723,0.9257780339206323,0.9408858883583072,0.9379631154289478,0.9457434546352709,0.949242548987321,0.9432735056808826,0.9566523958504858,0.9568993907459246,0.9559114111641692,0.9587106866458093,0.9644327350568088,0.9454552939239256,0.969249135517866,0.9679318294088589,0.9496130413304792,0.9725424007903837,0.9704017783632471,0.9731598880289807,0.9747241890334266,0.9741890334266425,0.9761649925901531,0.9758768318788078,0.9781821175695702,0.9783467808331962,0.9764531533014984,0.9788407706240738,0.982175201712498,0.9776881277786926,0.9781821175695702,0.9802815741808003,0.9812283879466491,0.9779762884900379,0.9807755639716779,0.9817635435534332,0.981393051210275,0.9823398649761238,0.982092870080685,0.9832043471101597,0.9821340358965914,0.9806932323398649],"train_loss_dist":[0.0216726766702979,0.027108519568414893,0.044633005075703634,0.09168245841077413,0.09222558303726541],"train_loss":[2.3013651798432178,1.022744334798638,0.6608080869369122,0.5289122594427517,0.4118811394132903,0.35000096364923666,0.2998551807349289,0.27978781036813,0.2717066141875654,0.21271161926321705,0.20175541588009416,0.20675653359787863,0.16940842427849456,0.1753665937520852,0.154328637264599,0.14584500571320572,0.16491330474880095,0.12698498972664451,0.12372439093280521,0.1248666741083967,0.11832886853286156,0.10579379625304387,0.15165479373074572,0.09437233664797152,0.0969665870555058,0.14997399532908312,0.08538168590704785,0.0883279527948055,0.0818544655331933,0.0774958753455648,0.07945637012499547,0.07477069857297043,0.0746383316261366,0.0682825878522916,0.0689524113268541,0.06986597549184365,0.06603991837149817,0.056752271422551674,0.06777773721156792,0.06448622058221919,0.06067147978719354,0.0577376037510963,0.06456191655161451,0.05672571131123468,0.0557481657048706,0.054939641858925393,0.05310389043473593,0.052653778237351255,0.04982351165886851,0.05070784008519952,0.055319783505694574],"valid_accuracy_dist":[0.9876847290640394,0.9893179950698439,0.9771801140994295,0.9450915141430949,0.9603960396039604],"valid_accuracy":[0.10745107088609929,0.6963570282610707,0.7862206376731128,0.8462883433750914,0.8566575947869827,0.8731130045351374,0.889571053638817,0.8922059094837138,0.8946727258880632,0.9188648974433191,0.9210058179285658,0.9175496279684984,0.9346649395018968,0.931044526081394,0.9397666811651534,0.9404250662370094,0.9333498914992213,0.9516152257684365,0.9489829955792695,0.9478306612404706,0.9514511852303673,0.9568816835395237,0.9409157700736891,0.9603380195007029,0.9590213241070701,0.9392752409291233,0.9646165472099553,0.9632997628452217,0.9647818169680483,0.9664269951734591,0.9662627378312791,0.9667562567808772,0.9669206178011667,0.9700477540653433,0.9688957966129175,0.9679087989241597,0.9698832354163458,0.9736679700997434,0.9703778547490604,0.9695539389614719,0.9707063763893399,0.9716934115201153,0.969060196148211,0.9718581076245393,0.9721872316757445,0.9726811505256774,0.9735037888204912,0.9731744375147545,0.9746561599788593,0.974162334806017,0.9720225654015632],"mean_valid_accuracy":[0.10740913147478884,0.695768042013201,0.785678857262442,0.8457095950149011,0.856171022476445,0.8727159010123737,0.8892491079655024,0.8919200822507332,0.894367005336069,0.9186609183322736,0.9208077005356105,0.9173293787706914,0.9344881481115064,0.930896626973511,0.9396076553385617,0.9402596434633612,0.9331850197144543,0.9514610697710488,0.9488571264042545,0.9476994671128448,0.9513252555690357,0.9567659849141725,0.9407602142138014,0.9602258563800534,0.958907468149196,0.939200298573,0.9645188443478647,0.9631815426643666,0.9646870496885402,0.9663341269491139,0.9661684159070573,0.9666586009686398,0.9668187023617782,0.9699611536745903,0.9687975275321488,0.9678090718134463,0.9697839834470624,0.9735960178998525,0.9702978800025088,0.9694602547306582,0.9706159812123756,0.9715994677201255,0.9689516110643493,0.9717656382312976,0.9720935359139494,0.9725921105098848,0.9734171420082302,0.9730749211900512,0.9745708511733013,0.9740842412758957,0.9719340783960735],"std_valid_accuracy":[0.08782201945886074,0.11196777377139543,0.12059990256004553,0.10564472144931732,0.09714900767564237,0.07840708477751507,0.07199050232125603,0.06744973625081252,0.07092430925840296,0.049013204317970176,0.0476243862577836,0.05389783353610195,0.03816119280686689,0.03786418399251268,0.03391413304813983,0.03613860948525878,0.03798669460226687,0.030663227364875725,0.02900639653811684,0.0298855702723868,0.02864914261907926,0.02499391322521439,0.039780953132712064,0.023055354540283873,0.023114807877758194,0.02716639890195256,0.021917288132091813,0.024204908319760403,0.02098561733688667,0.018592020826915516,0.019907726240032175,0.019537206734665403,0.021213852258726188,0.018747399035049715,0.01929869153170178,0.019903667210782593,0.01926021458688192,0.013388149308836892,0.017677361589172283,0.018838088104465436,0.018128907958846155,0.01787466950570125,0.02068798408067657,0.01762186546436847,0.017961484782010886,0.017336159527067043,0.016616083747230045,0.018040740094694988,0.01647989104373084,0.015275205389299317,0.016920130264447514],"valid_loss_dist":[0.030339858771496024,0.029620985531124945,0.07414946018337912,0.16914868912661135,0.11542003737031037],"valid_loss":[2.302153031919713,1.0490261331519593,0.6886366862568144,0.5526172006342456,0.43374514632665834,0.37215611217415934,0.31913356926001746,0.30055944102241106,0.29310388053152125,0.23092369515384453,0.2203515400514533,0.2263105489609358,0.1878124152956308,0.19663790066203235,0.17344745928393973,0.16499887817873735,0.18666392095426973,0.14467252663726132,0.1438275142600984,0.145023733710026,0.13858212539698797,0.12604356807942838,0.16823401356010242,0.11473675420859711,0.11830875775652877,0.17453588933526112,0.10483580615566156,0.10903694014814214,0.10327900471165025,0.09905474306488667,0.10133582456752031,0.09675118765324922,0.09690712696350702,0.08994842205911455,0.0911675135036084,0.09252395334671756,0.0892512339535872,0.07968068746744182,0.09123711768430229,0.08838628101267629,0.08479284468203943,0.08195546468347084,0.08983581071608629,0.08186988058773646,0.08112522378333623,0.08040530421408246,0.07885684657969401,0.0783060597785567,0.07530861583475995,0.07691294581974759,0.08346919294471897],