{"test_accuracy":[0.0972,0.4144,0.6779,0.7781,0.8185,0.8558,0.8577,0.8842,0.8807,0.8932,0.9111,0.9141,0.9224,0.932,0.9395,0.9397,0.9389,0.9482,0.9488,0.9457,0.9513,0.9532,0.9553,0.9579,0.9598,0.9603,0.9631,0.9622,0.9597,0.9642,0.9624,0.9654,0.9675,0.9667,0.9669,0.965,0.9686,0.9646,0.9721,0.971,0.9712,0.9728,0.9713,0.9728,0.9736,0.9713,0.9736,0.9731,0.9733,0.9739,0.9748],"test_loss":[2.3084521141052248,1.6777100692749023,1.0500167951583863,0.7574418064117432,0.5887333992004394,0.46312076950073244,0.41808609347343445,0.33334929637908933,0.34071323528289793,0.3068472277164459,0.2577487241744995,0.2482287985086441,0.22382606449127196,0.20069291882514953,0.17907424924373627,0.18181357321739197,0.18794464004039765,0.15664424486160278,0.15404244470596312,0.15675599732398987,0.14384423184394837,0.13831115748882294,0.13278380901813508,0.12739387049674988,0.12042753878831863,0.12445855233669281,0.11311934325695037,0.11519315910339356,0.12024229111671447,0.10903371291160584,0.11230711365938187,0.10429663171768189,0.10169253723621369,0.10304360303878785,0.10123613333702088,0.10049535373449325,0.09513193681240081,0.1112834256887436,0.08650247328281403,0.0893699893116951,0.0881565672159195,0.0830978384256363,0.08714284983873367,0.08308266775608063,0.08110327070951462,0.08486058013439178,0.08046089570522308,0.0789723886013031,0.07933999260663986,0.07963409879803658,0.07689036219120025],"train_accuracy_dist":[0.9623996620194338,0.98685561716985,0.9903451109285127,0.9887617065556712,0.9951578947368421],"train_accuracy":[0.11483392990926496,0.5056189128444185,0.7468575709647881,0.8297261300258054,0.8688504120536086,0.9043119953383835,0.9034379422292517,0.9204195454923833,0.9135936069258304,0.9279114292849413,0.9376092566386415,0.9392741197036544,0.9464330308832098,0.9530092399900109,0.9573378839590444,0.9581703154915509,0.9530508615666361,0.9624157163073337,0.9629984183800883,0.9632481478398401,0.9669108465828685,0.9674519270789977,0.9694081411803879,0.9711562473986515,0.9722384083909098,0.970448680596021,0.9745692166819279,0.9741113793390493,0.9729459751935403,0.9757762424040622,0.9755681345209356,0.9773578623158246,0.9782319154249562,0.9776075917755764,0.9770665112794472,0.9784816448847082,0.9796886706068426,0.9741530009156747,0.9811870473653542,0.9812702905186048,0.9810621826354783,0.9826438025472405,0.9810621826354783,0.9824773162407392,0.9828935320069925,0.9819778573212353,0.9831432614667444,0.9828519104303671,0.983351369349871,0.9828935320069925,0.9847665029551319],"train_loss_dist":[0.10076757809709888,0.03885605417132304,0.030937927661061092,0.03801699684279642,0.024356586368460404],"train_loss":[2.307636267476204,1.3572374437360017,0.7699756069558651,0.535647040581729,0.4158076251785116,0.322540087145497,0.2946919981490402,0.24454598032787142,0.25452044588718886,0.21925429991393486,0.19189895428937312,0.18231729038470912,0.16267730320342463,0.14807346383692532,0.13451794721573793,0.13338070385350947,0.14441728072152105,0.11799222199807732,0.11413949188894697,0.11357551718915739,0.10263575196159498,0.10049542891677052,0.09491486952030062,0.09081078049725466,0.08687317835719502,0.09085103822457277,0.08162408954492817,0.08117910075774898,0.08286858384119059,0.07645742212805404,0.07594669729745339,0.07127695047757632,0.06919247342242117,0.07033884732325112,0.0697723861725133,0.06762281140458457,0.0634011203362827,0.07821078357268688,0.05826853604659018,0.05899472701896103,0.05779302355051189,0.05387472711403652,0.05739912856951657,0.05323452943938936,0.051904978474338045,0.05299360064506992,0.05086469330969033,0.05093490952892716,0.04933115958480288,0.04954506954353268,0.04641617953074616],"valid_accuracy_dist":[0.9619932432432432,0.9786535303776683,0.9884963023829088,0.9742096505823628,0.9831649831649831],"valid_accuracy":[0.10732445892334896,0.5099000139311686,0.7537062769647488,0.8304248466323625,0.8657056913743838,0.9004847550464412,0.9034802645259041,0.9212878457411044,0.9118012659828527,0.9292747500444896,0.9379283491252132,0.9407574986507354,0.9457491117679404,0.9505756785563217,0.9545696351015264,0.95590069818319,0.9500776695702322,0.9600612122327752,0.9635554703724315,0.9630562835478883,0.9655525564201741,0.9668838876211089,0.9665512354600965,0.9680489184344512,0.9680490500015929,0.9675493940537153,0.9697128625271523,0.9695464506211932,0.9695463512635325,0.9712104447792379,0.9710443715034706,0.9722094642316769,0.9727082985458557,0.9718759736233726,0.9723756404970889,0.9743724498852331,0.9743726742237169,0.9700454925458786,0.9740394861232917,0.9757041162769741,0.9752044098972892,0.976203124068508,0.9748717099383089,0.9760368779698249,0.9768692053848013,0.976369959179379,0.9762032563458187,0.9770352431115561,0.976369434586154,0.9762032934961627,0.9773683132441647],"mean_valid_accuracy":[0.10729533129986397,0.5102932804612834,0.7531360442987186,0.8299379604299768,0.865117424384974,0.9000221949231502,0.903021090313899,0.9208206180410393,0.9114714990595182,0.9289163808744787,0.9376917982998538,0.9404581437475574,0.9455428222329104,0.9503830032100474,0.9544199479512846,0.9557444162804577,0.9498749862410241,0.9599400709400854,0.9634768915852983,0.9629059326640643,0.9654385949637163,0.9667844373367261,0.9664265260598197,0.9679271574494356,0.9679416471979894,0.9675096005069916,0.9696376932364913,0.9694622171017663,0.9694524426596519,0.9711307359225951,0.9709619968570653,0.9721233076129648,0.9726349443847602,0.9718068294069264,0.9722910441022646,0.9742633742898666,0.9742979984229759,0.9700535932913038,0.9739907572097414,0.9756220314609821,0.9751451676533522,0.9761287432892573,0.9748206820629306,0.9759644496803519,0.9767887619315502,0.9762745513961889,0.9761415267861047,0.9769617671936054,0.9763024675110415,0.9761345061004084,0.9773035419502332],"std_valid_accuracy":[0.08629349071288787,0.11685553790250648,0.0939754416647229,0.07844153068109001,0.08183679663409205,0.06129265636383804,0.06294895648006717,0.05709681468818849,0.050029186168709196,0.04964653164480198,0.03445094577458184,0.04006785904878677,0.030489632396004895,0.026996944263569137,0.021287515825787893,0.023154317074426774,0.024189587907031414,0.017227082643238488,0.014925300772492326,0.020543081739181585,0.01670874464088018,0.015163878606640575,0.017170245280084824,0.016578618271202845,0.015245799919035626,0.011286831887841088,0.012682064280270485,0.013200011923822894,0.014168609224682466,0.013076963497512768,0.013844416733608794,0.01213222255082556,0.011446381535448776,0.011133457957917136,0.012238236123188329,0.013599231002166109,0.011249044287466902,0.007913758497090187,0.008641595928222908,0.010828171305140138,0.008662131803789,0.009442702713225518,0.008896252486796367,0.009735741778044434,0.01010646068654526,0.012035603901777207,0.009470555650827238,0.010422571509032799,0.008482768419719466,0.008645261664111269,0.009004823799107768],"valid_loss_dist":[0.1266154211920661,0.05050138730941148,0.03708529786414168,0.084751532324737,0.05182652303365746],"valid_loss":[2.3076329728770024,1.3564664616205178,0.7742382734714132,0.5417550030712042,0.4219574224762764,0.3325478075178424,0.3022232701771396,0.2515710975994638,0.26135949977676837,0.22637811392920312,0.19946069605039216,0.18966523982360114,0.17163005825094255,0.15736520108009416,0.14424599020347612,0.14411598870859402,0.1539768539183138,0.12909371929084512,0.12613768187176314,0.124740940544231,0.11565196793798113,0.1128166950258599,0.10814053236525847,0.10481137602591803,0.10105267102253922,0.10761574002503727,0.09717148968392902,0.09683094462261463,0.09835853957702394,0.09265434752576386,0.0928035187662882,0.08878896959496584,0.0872771011065107,0.088895955222655,0.08718453901911905,0.08683869448479516,0.0823138832376713,0.10124886719565823,0.08021839420146021,0.0785500415778232,0.0779710962293049,0.0753607541190471,0.07830684887666119,0.07455620908091497,0.07368490638161805,0.07429049410173841,0.07325125222648227,0.07185581975298809,0.07165361804722538,0.07203444830392573,0.0698920746676784],