{"test_accuracy":[0.0972,0.472,0.7357,0.7253,0.8542,0.8896,0.8959,0.922,0.9251,0.9343,0.9273,0.9471,0.9455,0.9471,0.9554,0.9542,0.9583,0.9587,0.9612,0.9613,0.9612,0.9638,0.9376,0.9665,0.9641,0.9679,0.9705,0.9676,0.9721,0.958,0.9688,0.9733,0.9726,0.9739,0.9738,0.974,0.9753,0.9696,0.977,0.9733,0.9737,0.9753,0.976,0.9764,0.9769,0.9778,0.9773,0.9776,0.9782,0.9786,0.9783],"test_loss":[2.3084521141052248,1.5432856689453125,0.731193354511261,0.7377470613479614,0.4281014204978943,0.3336637761592865,0.31129004344940187,0.24455661869049072,0.23269016070365905,0.20852381018400193,0.22380033164024354,0.16651517608165742,0.17198463561534882,0.16531793072223663,0.14515375571250916,0.14195219501256942,0.13121193610429763,0.1270745049238205,0.1221930172920227,0.12130402805805206,0.11820933785438538,0.1117662785768509,0.18478180303573608,0.10291435784101487,0.11021737053394318,0.09786952278614044,0.09095552071332931,0.09913810122013092,0.08742045001983642,0.12217279666066169,0.09359219694137573,0.0817353297829628,0.08302232986688614,0.08021856651306153,0.07968166145086289,0.07882687046527863,0.07542098343968391,0.09113448219299317,0.07260837329626084,0.0791099362552166,0.07492193173170089,0.0741437960922718,0.07269347634911537,0.07072422945499421,0.06947248443365098,0.06615065025091171,0.06540775103569031,0.06440681902170181,0.06259342395663262,0.06334677053689956,0.061530570888519286],"train_accuracy_dist":[0.985424588086185,0.9774080920106798,0.9849989435875766,0.9825390304026295,0.9904153354632588,0.9848074921956296,0.9919521254643004],"train_accuracy":[0.08295081967213115,0.5490312965722802,0.789150521609538,0.7664679582712369,0.8870044709388971,0.9093591654247392,0.9150223546944859,0.9299254843517138,0.9363636363636364,0.9441430700447094,0.9405365126676603,0.9537406855439642,0.9555886736214605,0.9554396423248882,0.9622056631892697,0.9614903129657228,0.9654843517138599,0.9662295081967213,0.9678092399403875,0.9676005961251863,0.9673919523099851,0.9700745156482862,0.9428614008941878,0.9732935916542473,0.9697466467958271,0.9739791356184799,0.9760655737704919,0.973859910581222,0.9772280178837556,0.9614605067064084,0.9757078986587183,0.9785096870342772,0.9783308494783904,0.9797019374068554,0.9802086438152012,0.9796423248882266,0.9805663189269747,0.9743666169895678,0.9818479880774963,0.9790461997019374,0.9804172876304024,0.9814605067064084,0.9819076005961251,0.9825037257824143,0.9830998509687034,0.9836959761549926,0.9839046199701937,0.9842324888226528,0.9846795827123695,0.9843815201192251,0.9853353204172877],"train_loss_dist":[0.03939650345311973,0.06986657018827007,0.04880940993964836,0.056124024197226584,0.029949329117426097,0.04645484298599436,0.027181395150035363],"train_loss":[2.310686019927308,1.3446981741774455,0.6297469485569995,0.6403368456406316,0.35488859634108055,0.2884944077531201,0.26753032207999783,0.22126796638246088,0.203883314215524,0.1815089616965608,0.1871073195076202,0.15237920638123853,0.14729365442553327,0.14196187179707734,0.1266088802872667,0.12335516568156717,0.1134061114381216,0.11044036564413019,0.10565210827183528,0.10474386234719156,0.10249826231208004,0.09619180074464058,0.16591562013645642,0.08769164807261724,0.093903617117826,0.08283531779487202,0.0769809628581148,0.08333687981093738,0.07386655636803537,0.11171832011326947,0.07629565166828574,0.06794187374368599,0.06810383613092266,0.0654129401491136,0.06405173391947626,0.063812955968837,0.0615548521473493,0.07815232082257594,0.058205484103983275,0.06331255676099912,0.06102397993018215,0.0581021735384705,0.05583378235176594,0.054084381713419484,0.0529441999184348,0.050761029239183214,0.05005010562819802,0.049080988927459795,0.0481178527010602,0.04709182259900115,0.0454980246283547],"valid_accuracy_dist":[0.987331081081081,0.9655172413793104,0.981418918918919,0.9802793755135579,0.9889267461669506,0.9667221297836939,0.9900990099009901],"valid_accuracy":[0.07637592595230464,0.550600321933624,0.793229988871518,0.7728584272185324,0.8879754785707346,0.9091887874027537,0.9161012824346043,0.9292120048356978,0.9361234976428988,0.9450614509022547,0.942319992117853,0.9538805262992893,0.9548330291308739,0.9568593379103737,0.9624599734814583,0.9625798083143816,0.9647249133730297,0.9654403125938811,0.9673469686462535,0.9672279663608412,0.9677047960214107,0.9694922823375158,0.9447066855958649,0.9713988124809293,0.9698499508401626,0.9730672257785266,0.9754506289459189,0.972590945815584,0.9756893520468362,0.959245050399507,0.9737825436455897,0.9767619297834288,0.9760468751683565,0.976761629006138,0.9771191618809992,0.9758084721709025,0.9777152423413391,0.97056504939058,0.9787875635618043,0.975331952691872,0.9765238389239823,0.9777152836137184,0.9775960373682696,0.9786684601221116,0.9786685091251373,0.9799795157565514,0.9797411675705192,0.9796221149594716,0.9796221911804669,0.9802178441157018,0.9799795898122691],"mean_valid_accuracy":[0.07625162588737752,0.5506078755570308,0.7938456505710166,0.7730315717877806,0.888446346168877,0.9094768732799615,0.9163489444815125,0.9293270919940149,0.9362960929889956,0.9452129585723421,0.9424857871710307,0.9539949196372542,0.9549893090625672,0.9569905450453294,0.9625988322071428,0.962691042256436,0.9648226558029143,0.9655393355557418,0.9674467848706091,0.9673240673133738,0.9677950913539043,0.9695670304809425,0.9447546702959891,0.9714882692675264,0.9699418148324715,0.9731293547471523,0.9755230480238091,0.9726463897225885,0.9757553468177219,0.9592325562803757,0.9738576930454886,0.9768270341988765,0.976117896564813,0.9768382670384214,0.9771831323797973,0.975886011041529,0.9777564311578005,0.970601195016295,0.9788539193971332,0.9753917143771796,0.97656366717365,0.9777828017773933,0.9776553249661075,0.9787405746517281,0.9787434092232968,0.9800399722635004,0.9797960705429298,0.9796798169101347,0.9796747012169602,0.9802753309978449,0.9800420718206432],"std_valid_accuracy":[0.0856148309087739,0.11659306194402104,0.09640978231013189,0.09233322915293202,0.05245071712486015,0.03894898508855424,0.03717967400782269,0.02669921460971587,0.02647615312290892,0.02059966391520033,0.02313073077276771,0.01687004522325939,0.016837960085644806,0.0168883569717819,0.015407740660735575,0.014202109558406981,0.012792432600609228,0.013147703116063695,0.012467763628862375,0.012984648271452315,0.012634343266528054,0.01154974859798202,0.023117460942066625,0.010955581548675208,0.01209301683285034,0.009103011142904049,0.009503239922059788,0.009899850695538325,0.0090563019333661,0.017239451891591692,0.010187231067922554,0.009333957129131348,0.009574089008813062,0.009215393065067192,0.009079639834942393,0.009693119234587263,0.008247048756364894,0.00999990681199396,0.008474624244481014,0.009209701737609717,0.008796150302483562,0.009882974922877234,0.00833668362057986,0.00980743966052861,0.01003575101115815,0.008771397243854432,0.008600557272242083,0.00907813177817734,0.00842809957308168,0.00833065523648614,0.009438164727639987],"valid_loss_dist":[0.048078184544637394,0.08996493830567315,0.049089521773763606,0.054553297497546366,0.03787080250724871,0.0980557314865601,0.03768318403426177],