{"test_accuracy":[0.0972,0.3844,0.5592,0.6009,0.6842,0.7209,0.6973,0.7257,0.7436,0.7307,0.7577,0.7582,0.7526,0.7697,0.7749,0.773,0.7664,0.7747,0.7797,0.7832,0.7729,0.7731,0.7799,0.7848,0.7865,0.7808,0.7895,0.7895,0.7865,0.785,0.7894,0.7885,0.7882,0.7901,0.789,0.6859,0.7872,0.7914,0.7903,0.7913,0.7892,0.7912,0.7898,0.7774,0.7909,0.7916,0.7913,0.7918,0.7914,0.792,0.7901],"test_loss":[2.3084521141052248,2.851116220855713,2.2214589199066164,2.2840313720703125,2.060416244125366,1.9970931285858153,2.1892743461608886,2.2338330093383787,2.0485747478485106,2.2270972183227538,2.1120719661712646,2.1621470188140868,2.287852849960327,2.162124259567261,2.168129986953735,2.1520064712524416,2.3408904811859133,2.247764747238159,2.2006273986816405,2.2007551738739015,2.273555134391785,2.3423190330505372,2.3458857887268065,2.2652333030700684,2.2673909099578857,2.355239499282837,2.2866146617889402,2.3410992767333982,2.306483554267883,2.40337576713562,2.3582548120498656,2.3948886627197266,2.4511337287902832,2.4744105056762695,2.4789909572601316,2.8261569297790525,2.3891287242889403,2.5131822006225586,2.5981529800415037,2.5337354118347166,2.700219829940796,2.5818115451812744,2.588990368270874,2.7418095771789552,2.690820463180542,2.6670308208465574,2.6151752784729005,2.677335567474365,2.324800782775879,2.499193466567993,2.592123024749756],"train_accuracy_dist":[0.9909632368042719,0.9928101889893179,0.9747368421052631],"train_accuracy":[0.12625112169531305,0.5627113964243805,0.7817353489335266,0.8230827638572513,0.8911437840822807,0.9204804307310002,0.8991509629322841,0.9188237730378961,0.9410505970870435,0.9268309518878995,0.9497480499758404,0.9532684475736868,0.9470559812245462,0.9625871470973977,0.9652792158486919,0.9631393663284323,0.9556844067094636,0.9661765720991233,0.9696969696969697,0.9737005591219714,0.9648650514254159,0.9644508870021399,0.9744598605646442,0.975840408642231,0.97908469662456,0.9719058466211086,0.9806032995099054,0.9820528749913716,0.9797749706633534,0.9799820528749914,0.9830882860495617,0.9823980120107683,0.9821219023952509,0.9839166148961137,0.9835714778767171,0.8582177124318354,0.9824670394146476,0.9861945192241319,0.9839166148961137,0.9855732725892179,0.9837095326844757,0.9852971629737005,0.9849520259543039,0.9737695865258508,0.9866086836474081,0.9868157658590461,0.9872299302823221,0.9884724235521503,0.9861945192241319,0.9890936701870643,0.9862635466280113],"train_loss_dist":[0.026079405093797792,0.02018031866833776,0.07011917148295202],"train_loss":[2.301362817246466,1.4076754387560415,0.7037349025507171,0.5481627098606545,0.34067585160517994,0.25608389700941064,0.31003006934490135,0.2497139901463813,0.18935034407763415,0.23041684366929785,0.15710354700521,0.15138489385673232,0.1756398168139768,0.11899916353396536,0.10679141718045915,0.11357954724627457,0.13104547584232537,0.1040853216334876,0.0921781715181782,0.08063519432602803,0.10638375171241186,0.10447752438606482,0.07802003584563004,0.07081311125501907,0.061854947168595256,0.08491357849721723,0.054696619912828724,0.05361733793165238,0.06067697091262484,0.06108505428138234,0.049588487721229264,0.05087190614234729,0.052962698911035694,0.04717475262014686,0.04699452927082421,0.6554294774549104,0.04892678289696273,0.04025075586655787,0.04576670705216279,0.041047921814520744,0.04492546915131124,0.04064920277409901,0.04156560334844677,0.08676258426347595,0.03819314305935228,0.03549474294383477,0.03730544064228936,0.03300803088099423,0.03755738958086382,0.03225368310137375,0.03853692822690631],"valid_accuracy_dist":[0.9860426929392446,0.9884963023829088,0.9671717171717171],"valid_accuracy":[0.11866575751676069,0.5691559525496254,0.7938330119834107,0.8321948814923491,0.8976060289735095,0.9205125218161876,0.9028503147415943,0.9221667734936468,0.9442483464412758,0.9312781154563204,0.9500438851414639,0.9539076852292266,0.9475583026793031,0.964671578686998,0.9660517157440677,0.965223726933988,0.958049312288428,0.9660529058717208,0.9701916792578337,0.9729515057145299,0.9671560294116069,0.9685361212449708,0.9740557913319223,0.9757113321712261,0.9779192966069191,0.9671543315190532,0.9770912992100595,0.9779192966069191,0.9779195204356408,0.9779194128146698,0.9781952900146859,0.9779194128146698,0.9792997284767553,0.9804037021078221,0.9787473930379699,0.858696675556262,0.9779196904538768,0.9817837939411859,0.9798518853105247,0.9809554650946338,0.9795758466790522,0.9809560913570929,0.9809556889233557,0.9693633698746488,0.9809558675283713,0.9820598411594382,0.98233589696447,0.9826116579567354,0.982611774164486,0.9826118279749716,0.9806797493260743],"mean_valid_accuracy":[0.11918583757664218,0.5663963652847189,0.791819985314446,0.8304706742735058,0.8966279419461826,0.9197714773206608,0.9019253754777324,0.921473238160211,0.9437790704401646,0.9306277693422453,0.9496298607737138,0.9535442095156487,0.9473691871334463,0.964398252788774,0.9658013957332047,0.9649801527959614,0.9576936887593392,0.9658029698571261,0.9699965529639026,0.9727885672501696,0.9669241799385643,0.9682999040520363,0.9738429168155553,0.9755805815364367,0.9777842346387574,0.9670518895436019,0.9769834996060215,0.9777842346387574,0.9777913704400544,0.9777775485871519,0.9780648182526743,0.9777775485871519,0.979160408501921,0.9802827429575888,0.9786192994289028,0.8580376193902012,0.9777915953149003,0.9816584670710607,0.9797218006046008,0.9808367743841256,0.9794137981597251,0.9808307629570581,0.9808439101854226,0.9692638028214488,0.980823627155761,0.9819459616114288,0.9822129482472893,0.9825069039644169,0.9825002179128116,0.9825071288392627,0.9805702374979569],"std_valid_accuracy":[0.08436529282381891,0.2387074877509488,0.17610546669670568,0.14988435769356048,0.08539743744414356,0.06429316363422197,0.08100153991157118,0.059958769704403274,0.040831208776079216,0.057309770696265805,0.03588415996003521,0.03147747953404127,0.01636627783256538,0.023642131465297617,0.021690048887870534,0.02113429447668584,0.03166573061375688,0.022473933205381373,0.01693038623711465,0.014105920963068652,0.020239738111573796,0.020614130982845705,0.01841908108383052,0.011302835911009715,0.011690159253988268,0.009002582321236784,0.009318810435865361,0.011690159253988268,0.011085402981075694,0.012265826478595579,0.011294040012340219,0.012265826478595579,0.012066952076638002,0.0104825210369795,0.0110759171830581,0.0769239451946179,0.01112576820099051,0.010859393528896782,0.01133422957705343,0.010263472683818876,0.014029195379647294,0.011033092459110497,0.0096906478974167,0.008851573971937482,0.011482802958769895,0.009902608711468511,0.010682899355162584,0.009064059011010768,0.009671502467116113,0.009113427400779518,0.009526990081692588],"valid_loss_dist":[0.036797625424068156,0.032733439378311815,0.12496314325717965],"valid_loss":[2.301431012345635,1.3727511151816352,0.6709698512950736,0.514265738504575,0.32248587754069086,0.2463134202512049,0.2934227879722908,0.2400512040325021,0.18536646186796138,0.2216372810143356,0.15531973564228485,0.15063766823242458,0.1817184030673314,0.12299204970271743,0.11083619484781475,0.11794375829218971,0.13217715619264112,0.10839515063784844,0.09993717995651157,0.08976097785465544,0.11323359533782465,0.11133296436478814,0.08877580820748292,0.08435908440066726,0.07628508749936391,0.1050093480337394,0.07128783056378246,0.0696558551347135,0.07699253723461363,0.0795871966110916,0.06940334883146411,0.07041251101631299,0.07062809995026569,0.06660076701769269,0.0683939968995623,0.6331670262381586,0.07518495115142254,0.061011652504934025,0.06695088210940858,0.06421379982954668,0.06736872102697974,0.06397907936621575,0.06726365586328521,0.1160973972981874,0.062842833247403,0.06126932344301837,0.0614207308508541,0.058089654364110954,0.06102469242939072,0.055644451285380994,0.06433968051045856],