{"test_accuracy":[0.0972,0.3485,0.6486,0.7863,0.8023,0.8355,0.8468,0.853,0.8913,0.902,0.9146,0.918,0.9228,0.9245,0.93,0.9328,0.9378,0.9404,0.9423,0.9459,0.9475,0.9484,0.931,0.9469,0.9537,0.946,0.9501,0.9551,0.9587,0.9568,0.9577,0.9566,0.9615,0.9563,0.959,0.9599,0.9587,0.9615,0.9585,0.9639,0.9631,0.9628,0.9612,0.9646,0.965,0.9655,0.964,0.963,0.9676,0.9669,0.9663],"test_loss":[2.3084521141052248,1.8889133163452148,1.0190390682220458,0.6692544216156006,0.5829046672821044,0.4528112651824951,0.4099577847003937,0.39700472202301024,0.3394554831981659,0.3084769232273102,0.26791249499320985,0.24707993621826171,0.24085888042449952,0.23296210379600524,0.22744454326629637,0.21785389976501465,0.1977615804672241,0.1940713323354721,0.17645358109474182,0.17382661864757537,0.1679251038312912,0.16078829721212387,0.21434153277873993,0.1668306046962738,0.1437000741481781,0.1552606254339218,0.15911515567302703,0.14300859985351563,0.13600307102203368,0.13537491627931594,0.13324785823822022,0.13478373863697052,0.12339211463928222,0.13913947649002076,0.12579314897060395,0.12484730327129365,0.1285779881000519,0.12104572092890739,0.13304704337120057,0.11193008663654327,0.1155683177471161,0.11965021779537201,0.12144535746574402,0.11339815564155578,0.10776086310744286,0.10708974165916443,0.11854479427337647,0.11264539401531219,0.10281672801971435,0.10427153829336167,0.10458154304027557],"train_accuracy_dist":[0.9854179502978024,0.9549968307627298,0.9899342645850452,0.991652754590985,0.9852631578947368],"train_accuracy":[0.11540063301682492,0.44211227719473595,0.7349658504081292,0.8510744627686156,0.8668165917041479,0.8965933699816758,0.9038813926370148,0.9079210394802598,0.9251624187906047,0.9342828585707147,0.9416541729135433,0.9462352157254706,0.9478594036315175,0.9489421955688823,0.9503581542562052,0.9526486756621689,0.9569798434116276,0.9586456771614192,0.960936198567383,0.9618524071297685,0.9638930534732634,0.965184074629352,0.9485257371314343,0.9648925537231384,0.969431950691321,0.9652673663168416,0.9670997834416125,0.9705563884724304,0.9723471597534566,0.9717641179410295,0.9730551390971182,0.972472097284691,0.9749708479093786,0.9722222222222222,0.9743878060969515,0.9756788272530401,0.9747209728469098,0.9765533899716808,0.9744294519406963,0.9790521405963685,0.9788022655338997,0.9771364317841079,0.9776361819090454,0.979343661502582,0.9795935365650508,0.980967849408629,0.9791770781276029,0.9789272030651341,0.9815508912210561,0.9820506413459936,0.9815508912210561],"train_loss_dist":[0.04474484938099096,0.12802784250505675,0.037630242864152105,0.02542311706905174,0.043087303937265745],"train_loss":[2.3045116547205318,1.5235091557001126,0.7695335278719758,0.4776704565718256,0.4138052014970053,0.3131217863370374,0.28137076247434467,0.2664573510490357,0.23882524577387865,0.20957641837634078,0.18434427660154082,0.16559164848674462,0.1627459985883722,0.1563026562277876,0.15194333938584811,0.14522369753512893,0.13005433314996978,0.12659837125518034,0.11611468383929749,0.1126432069630801,0.10852977387885114,0.10453074052293793,0.15280883827460978,0.1046683023581798,0.09069011602553848,0.09805881298362325,0.09863392412231209,0.08771850018681843,0.08215299379201546,0.08410758504095761,0.07989630077109325,0.07957216771094551,0.07447358170456286,0.08346982895688784,0.07427025865949598,0.07236334930747926,0.07409663224140098,0.0694899142237466,0.07536032663057238,0.06335958568793515,0.06593874281180137,0.06831395303789857,0.06731040545807651,0.06208152073017686,0.05936456630090211,0.05862716032530633,0.0634657808798411,0.061161959822771055,0.05553413537572483,0.05480639443829142,0.05553451370864898],"valid_accuracy_dist":[0.9835796387520526,0.9484797297297297,0.9778142974527527,0.9841402337228714,0.9764309764309764],"valid_accuracy":[0.1067209646059589,0.43800267900713186,0.7304157219028268,0.8524747446619125,0.8671286894686868,0.8987652558908866,0.9064241239799923,0.9115867040576111,0.9257361386378146,0.9335640133780935,0.9450528926748522,0.9480504723724978,0.9498811199696121,0.951046239108835,0.9550427399522787,0.9567081899721257,0.9593717868456666,0.960537445438673,0.9622025412481029,0.9627015674500643,0.9637008249022735,0.9640337451983891,0.9477136839634202,0.9625355840287616,0.967197449416469,0.9630354330734924,0.9655322222221243,0.9680302290152627,0.9695282492526113,0.9690289935597866,0.9700280340776813,0.9701946292350354,0.9715261997173305,0.968861952687838,0.9700280340776813,0.9715262439648271,0.9700282156012804,0.9706936731741499,0.9708609250892258,0.9731915390350091,0.9730245653283146,0.9718588772157802,0.9711930277867676,0.9731916062002636,0.973025025770878,0.974356678146396,0.9723591114116219,0.9725259412404436,0.974190192877365,0.9746899134827747,0.9741900283167454],"mean_valid_accuracy":[0.10714747240566133,0.43584072475988034,0.729508138176818,0.8515984730355772,0.8662695699157826,0.8980577921031514,0.9057207278074927,0.9108401908019873,0.9254209690982467,0.9331304227473428,0.944720817657325,0.9476837130248071,0.9495852572855347,0.9507365929741438,0.9548062907605663,0.956473139086729,0.9591471140343509,0.9603231269994206,0.9619962364322531,0.9625003445537335,0.9635020832274541,0.9638300643326877,0.94752357981397,0.9623093221538387,0.9670342742936864,0.9627808565303815,0.9653550422034616,0.9678670940484881,0.9693981981010242,0.9688778662663008,0.9698851644619978,0.9700358545152137,0.9714063659930764,0.9687324180056102,0.969887770832791,0.9713890449523959,0.9698671418366238,0.9705572602415888,0.9707039732223889,0.9730822803310957,0.9729349293750881,0.9717448418061219,0.9710873872902136,0.9730777712649854,0.9729113237919522,0.9742589624130942,0.9722429697935093,0.9723975788172637,0.9741073313023515,0.974596697793789,0.9740889752176765],"std_valid_accuracy":[0.08652584496127312,0.21425757023085387,0.1304376489770483,0.10675520526536766,0.10483321692659658,0.08964931628348671,0.08505745318448124,0.08547479591837308,0.0451087129567726,0.053964054097402014,0.0417103435959707,0.04515010506232761,0.03826783209420202,0.03771693559553952,0.03141666411430349,0.031590664367903615,0.029826521525517614,0.02834155926274763,0.02675007110323473,0.026455848641972684,0.02704131778011103,0.025683421113348957,0.02679539118415098,0.02838706693855661,0.021276233222048833,0.02737792735325896,0.024176134802815916,0.022178924174814714,0.01898277001680316,0.020164111967709564,0.018704063987246174,0.02062929610695731,0.01607031170463344,0.018339403795854903,0.018776277476553176,0.01761474294161085,0.02001072943269825,0.01779556916360282,0.020837762760399153,0.01536757659459541,0.013015043550789526,0.014781214070089593,0.01571224536797217,0.014829025796057136,0.015246426992755233,0.01249049829530916,0.01623597721524298,0.017445609850063205,0.012757889707797919,0.013560649646112918,0.013162803210267658],"valid_loss_dist":[0.05191034945385601,0.1414575568727545,0.06332658581747908,0.04955783578410172,0.08563935127021488],"valid_loss":[2.305384549003247,1.5438149435026403,0.7806211135776505,0.4800580001438693,0.415699153324918,0.31427621900131864,0.2823501826455215,0.2668166903199841,0.24557316198360807,0.21247164281421002,0.18701918525397332,0.1678369797651865,0.16725428451440438,0.1614300041438623,0.15802118882948948,0.15060272911436814,0.13738515205343196,0.13437111679164002,0.12387012660983801,0.12131497197450729,0.11790678204191629,0.11316692119624393,0.1627066318894929,0.11543172296213175,0.10172657683398566,0.10532640410032161,0.11064148990345964,0.10089761935728836,0.09622244250514636,0.09819456425614914,0.09505930674736178,0.09496778146801528,0.09036343912942421,0.10146450118384599,0.09065560466329234,0.08935545288908046,0.09120739655311538,0.08771607014108829,0.09371211094833043,0.08152682608851167,0.08630015242576962,0.08903336126375,0.08795721565517321,0.08266844937207506,0.07897115087047935,0.07942697883442801,0.08569413887639923,0.07960961791785032,0.07662395349589224,0.07698500705406425,0.07807812741712462],