{"test_accuracy":[0.0972,0.3995,0.6926,0.8264,0.8742,0.8974,0.9046,0.9271,0.9283,0.9339,0.9424,0.9454,0.9505,0.9528,0.9549,0.9584,0.961,0.9586,0.9637,0.9654,0.969,0.9645,0.9688,0.964,0.9665,0.9684,0.9697,0.9718,0.973,0.9712,0.9721,0.973,0.9723,0.9741,0.9731,0.9728,0.9731,0.9727,0.9761,0.9751,0.9759,0.9749,0.9687,0.9775,0.9769,0.9757,0.9751,0.9779,0.9783,0.9779,0.9779],"test_loss":[2.3084521141052248,1.5464468063354493,0.8678415038108825,0.5185932892799378,0.40045263833999634,0.33421518454551696,0.30398869590759275,0.2424154941558838,0.2368063766002655,0.21954371483325957,0.18932866775989532,0.17805308866500855,0.16015217653512956,0.15283977177143096,0.1470107721567154,0.13917777030467987,0.1278384850025177,0.12989838910102844,0.11569865851402283,0.1084730171084404,0.09995493754148484,0.10867660970687866,0.0964855431318283,0.10847716040611267,0.10159695707559585,0.09784588924646377,0.09423297966718673,0.08622142046689987,0.08667914961576462,0.0859338978767395,0.08530698927640915,0.0806713485956192,0.08127039197683335,0.07661876775026322,0.07850312366485596,0.07974634884595871,0.07999427853822708,0.07641417932510376,0.07187807050943375,0.07246161520481109,0.07280887212753295,0.07322362236976623,0.09223869833946229,0.06596602157950401,0.06550437027215958,0.07031079149246215,0.06991301515102387,0.0654766407608986,0.062054435467720034,0.06463702852129936,0.06377830303907395],"train_accuracy_dist":[0.9898584407352631,0.9880724174653888,0.9866805411030177,0.9795492487479132,0.9778947368421053,0.9880313660751135],"train_accuracy":[0.09751581006952936,0.5025331050627162,0.7600712763355578,0.8590196009922784,0.8952517382341637,0.9133503371650187,0.9207574857622026,0.9377030851472695,0.936340449320429,0.9422102651898955,0.9508752314733937,0.953460745606373,0.9585968344921562,0.9604136822612767,0.9614968030467139,0.9639774990391671,0.9661437406100416,0.9662834981307432,0.969532860487055,0.9710701932147724,0.9733412529261731,0.9717340414381049,0.9744593130917858,0.9723280109010867,0.9738304042486287,0.9735858285874008,0.9757171307781,0.9779881904895007,0.9778833723489745,0.977743614828273,0.9782327661507285,0.9789664931344118,0.9792110687956396,0.9805387652423047,0.9795255232172181,0.9792110687956396,0.9796303413577443,0.9803640683414276,0.9819712798294958,0.9814122497466895,0.9820062192096712,0.9809580378044094,0.9720834352398589,0.9834387337968624,0.9832989762761608,0.9813074316061633,0.9833339156563362,0.9838929457391425,0.9846965514831767,0.9837182488382656,0.9850110059047552],"train_loss_dist":[0.03226117973904384,0.032411406109857356,0.04711032490343879,0.059488210920399937,0.06660422641980021,0.040888198292758464],"train_loss":[2.3103155795893353,1.3340100341092107,0.7123305948842876,0.43889934050704044,0.34011933984563125,0.28744360172764394,0.2601641881733936,0.21010312513555646,0.2031876075643067,0.18712224211970852,0.1643185564951824,0.15440097501763908,0.13946939488535579,0.13311397234053862,0.1273036092930543,0.11967028191865088,0.11319311526613596,0.11029469088781498,0.10098263879794159,0.09590799689468883,0.08847905366473684,0.09343880694740257,0.08500194045713765,0.0893514210979838,0.08441579166915235,0.08415209272068287,0.07866981996016442,0.07315864415538581,0.07441168020714221,0.07151103532477052,0.06994114591273483,0.06702281607248628,0.06598536120219711,0.06246679353724818,0.06338397390174158,0.06356157679763515,0.06281810893617724,0.06073367635078346,0.05651830350842519,0.05693336238141011,0.05697250610806358,0.056855380122390484,0.08272007396297924,0.050847414669384444,0.05167112180793366,0.05497233475523349,0.05178960937660285,0.04922568318306016,0.04618328990340743,0.04788349348223771,0.04649769811337875],"valid_accuracy_dist":[0.987331081081081,0.989778534923339,0.9683860232945092,0.9782971619365609,0.9722222222222222,0.9851485148514851],"valid_accuracy":[0.09023354308295511,0.5050283149172231,0.76305519594959,0.8612766870622959,0.8946648695341695,0.9114292287985006,0.9207887113778618,0.9365760472011208,0.9344812681453523,0.9420239033271197,0.9481711476426381,0.9523625675936775,0.9575315211486908,0.9599064353564728,0.959347086846476,0.9631190065601637,0.9667519472033541,0.9654947744426537,0.9691267419389291,0.9705244072777712,0.9735974279483511,0.9708028382191638,0.9741559105729622,0.9706631101405482,0.9724793465447139,0.97122278351534,0.9741554930863864,0.97694977159056,0.9761114588190704,0.9761113475490071,0.9755524534391133,0.9780672115463502,0.9766702845817102,0.9783468166639024,0.9763908872124856,0.9763909986796306,0.9761113366915821,0.9765307673270364,0.9789051782058569,0.9782070599810889,0.9784861374364396,0.9777876436692147,0.9694043288745106,0.9794640003052599,0.9782071274623226,0.9754132906922377,0.9789053197363381,0.9800229717334747,0.9789054698454432,0.9794643521321491,0.9801624097228538],"mean_valid_accuracy":[0.09038883845490153,0.5060886755355132,0.7634984343279596,0.8614267411731932,0.894797330422962,0.9115323521532912,0.9208887899664825,0.9366388534851545,0.9345467467202044,0.9420858044687322,0.9482351060449457,0.9524121004833912,0.9575650894014159,0.9599406392483986,0.9593818693767101,0.9631676852691441,0.9667892176679062,0.9655340115006114,0.9691591557464534,0.970553273613939,0.9736386879460257,0.9708390813545794,0.9741802780620789,0.9707035567107841,0.9725129169001078,0.9712638251503855,0.9742021815298417,0.9769811329486457,0.9761403152767852,0.9761381022178183,0.9755976863413425,0.9781091982164108,0.9767009993686687,0.9783849397927611,0.9764303819844216,0.9764384040813215,0.9761641346304044,0.9765552026674303,0.9789348360987402,0.9782465280897122,0.9785162965203509,0.9778189075573874,0.9694249579601962,0.9795002312354034,0.978223364904574,0.9754375781833127,0.9789410830434441,0.9800537281210757,0.9789370911974508,0.9794995189921997,0.9801939230515329],"std_valid_accuracy":[0.08790232169419063,0.14069056247681583,0.1172704556689865,0.08371232039709012,0.06092881326408159,0.045781360549853344,0.03979547690381345,0.035493736878051275,0.037586686459585905,0.0314149558359282,0.02568429734477849,0.024864553779674028,0.02141497469815869,0.016525825070523078,0.015809812520537602,0.01601127664455314,0.013972922384483598,0.016025403709095647,0.014116705005377716,0.013840040817244744,0.012311817765549328,0.012647474738912177,0.01118342874660648,0.012335569665203836,0.01128578700673751,0.010718606620198712,0.009329219977653163,0.009082583098992302,0.00832185154012711,0.009932252696587228,0.008730721796744327,0.009363376277347773,0.008925049038198997,0.009210770584946673,0.00937550477844285,0.008813558903887799,0.008719215094863106,0.008876871218316349,0.006968368302813836,0.008933101244880734,0.00858896594663346,0.009724057613095636,0.009268618018723102,0.007209472793817871,0.00852690034046223,0.010828018536899242,0.007624417800420594,0.008174866248494764,0.006445393819611813,0.0095243432174849,0.007894343997311062],"valid_loss_dist":[0.038738563656806946,0.03531934354562166,0.09947853551529806,0.06529045617441104,0.0913844083495413,0.053488553701454264],