{"test_accuracy":[0.0972,0.5429,0.769,0.8918,0.8928,0.9259,0.9003,0.9414,0.9498,0.9469,0.9549,0.9569,0.9597,0.9637,0.9571,0.9644,0.9662,0.9673,0.9688,0.9697,0.9709,0.9733,0.9675,0.973,0.9747,0.976,0.9752,0.9753,0.9767,0.9783,0.9768,0.9783,0.978,0.9799,0.9807,0.9799,0.9807,0.9815,0.9807,0.9808,0.9786,0.9825,0.9828,0.9837,0.9828,0.9836,0.9836,0.9835,0.9837,0.9841,0.9842],"test_loss":[2.3084521141052248,1.3631578979492187,0.6635766375541687,0.39847187628746034,0.34572329106330874,0.2687389733314514,0.29242094025611876,0.20543951678276062,0.18048137826919555,0.18033267204761505,0.15574312181472777,0.14771333627700806,0.13604888117313385,0.12189096254110336,0.13639918565750123,0.11751511517763137,0.10954634828567505,0.10321603442430496,0.1012861434340477,0.09549462624788284,0.0901212387561798,0.08625426231622696,0.09955933127403259,0.08254441021680832,0.07874066693782807,0.07589542852640152,0.07492668981552124,0.07401118705272675,0.07328129598498344,0.06574659342765808,0.06920516728162765,0.06732723163366318,0.06618275666236878,0.06307171008586883,0.06174525698423386,0.06171315244436264,0.05895167379975319,0.05731053864359856,0.05858104606866837,0.05981524043679237,0.06423415466547013,0.0548794081568718,0.054153717011213305,0.05350427104234695,0.0543605011343956,0.05253189061880112,0.05250420013666153,0.052887615609169006,0.0512821285545826,0.05078371151685715,0.05031920549273491],"train_accuracy_dist":[0.9917617237008872,0.9877456158884429,0.9821281840591619,0.9840255591054313,0.9863376835236541,0.9827263267429761,0.9845575959933222],"train_accuracy":[0.08249082938176612,0.59362977543169,0.7964570099311086,0.8944856998001849,0.9010766156690824,0.9243088485282276,0.9071605380096031,0.9413975127493961,0.9481673675106618,0.947630550833557,0.9543109361486386,0.9581282991858281,0.9611106140586323,0.9645700993110853,0.9586054695654768,0.9655542632191106,0.9674629447377054,0.9693716262563001,0.9695207419999403,0.9719364170469118,0.9733381050371298,0.9747099698786198,0.9698786197846768,0.9754257254480928,0.9760520115713817,0.976946706033223,0.9766782976946706,0.9773642301154156,0.9786764486594495,0.9794220273776505,0.9795413199725627,0.9796606125674748,0.9805851301780442,0.9809131848140527,0.9814201783424293,0.9816289403835257,0.9819569950195342,0.982493811696639,0.9828218663326475,0.9823148728042707,0.981778056127166,0.983955145984313,0.9842832006203215,0.9844919626614178,0.9843130237690495,0.9848200172974263,0.9855357728668993,0.9849094867436103,0.985356833974531,0.9861620589901882,0.9855954191643553],"train_loss_dist":[0.025493844792744153,0.03913216746063734,0.05226270342666591,0.04536522515475179,0.05137298146770206,0.04914631013614082,0.04585261208522996],"train_loss":[2.3127133263230752,1.2744542499882796,0.6174969498152197,0.3895459067280757,0.33123608489776185,0.2622693784341395,0.2754643581560305,0.20115761950646288,0.17871402570088618,0.17578737153442678,0.15467006983969014,0.1449783706082609,0.13360445881439348,0.1219698243489308,0.13439815506014216,0.11535604237098719,0.10800766661180583,0.10204978932465923,0.10090423695369122,0.0942489908560024,0.08931997015810966,0.0853426688752391,0.09889107917450382,0.08072520157348452,0.07709075942191582,0.07422469365917539,0.07321582115680669,0.07133274473770304,0.06944771594673751,0.06682963535546926,0.06588287785575307,0.06412733374354322,0.06277459154774812,0.060145548524687266,0.05832433329615667,0.05734957791330481,0.05624872964941091,0.054651088178040486,0.05432588803986269,0.054939945007781245,0.0566058652447979,0.05021109993314218,0.049444396296259255,0.04951105933119924,0.04897081379815263,0.04746202100171098,0.046680268885240093,0.04690916256164801,0.045773540812494726,0.04460909880409645,0.04417141811031005],"valid_accuracy_dist":[0.9907094594594594,0.9881756756756757,0.9819227608874281,0.9889267461669506,0.9779951100244498,0.9750415973377704,0.9841402337228714],"valid_accuracy":[0.07891755948037596,0.6070617106928141,0.8030015748068713,0.895665511735928,0.8991161122114951,0.9247564226327186,0.9082978870859526,0.9455065803469067,0.9497993284422583,0.947413374832711,0.9552845235747321,0.958742010956522,0.9617233900685751,0.965061958854772,0.9575489183957028,0.9666129168446954,0.9673278367244116,0.9692360268219578,0.9687581677418959,0.9718596481418128,0.9726938934896181,0.9742440033003391,0.9674495960610451,0.9748402484599273,0.9759127391364348,0.976508929485768,0.9753166732471882,0.9755557725491848,0.9779398145811292,0.9771063888988898,0.9785359029677023,0.9792516665933062,0.9790127628492588,0.9799671245636341,0.980563202177182,0.9799670556309225,0.9800863486549398,0.9812790521412218,0.9813978984839105,0.9804440032743466,0.9806822615804317,0.9816369007774809,0.9818752933554329,0.9815172674828396,0.981874987777441,0.9827098424129111,0.9827099194605862,0.9816364568461282,0.9818753416837356,0.9828290861131472,0.9837830074282239],"mean_valid_accuracy":[0.07852268405154146,0.6080570810631348,0.8034668553953827,0.8958543209498014,0.8993990461946154,0.9249823735434487,0.9084698314632275,0.9456394367779893,0.9499308288441062,0.9475592042925783,0.9554016315720999,0.9589085433735943,0.961868070855778,0.9651685591727345,0.9576685135293995,0.9667646232163308,0.9674562829358138,0.9693560345521531,0.9688184517962825,0.971980291374347,0.972782469304763,0.9743418974726472,0.9676029355248897,0.9749676365573556,0.9759961449036755,0.9765948709645726,0.9754013746723834,0.9756504071978572,0.9780414927187909,0.9771632177635418,0.9786493536904709,0.9793366460859713,0.9791007735223465,0.9800480056921836,0.9806273256232859,0.9800448761053405,0.9801569335990102,0.9813436107451172,0.981464815605451,0.980512812636188,0.9807695404024596,0.9817085920121581,0.9819412998048648,0.9815799176499354,0.9819552738740333,0.9827798591839221,0.98277353502473,0.9817136205219422,0.9819406140347107,0.9828974630964805,0.9838445118963721],"std_valid_accuracy":[0.08758406166506545,0.14847919226759929,0.0869744461120337,0.03615051716828039,0.03792113478043002,0.026105373633263564,0.046129258728783595,0.01663081632482403,0.01564398632692428,0.020850525807127873,0.01517560026767711,0.015939396762645774,0.01407949515008876,0.011802278315937937,0.02156889116911779,0.01434563289204739,0.012309045080060383,0.012349603207987718,0.01235144656364201,0.011113984909942759,0.010401715352585389,0.00993148250574252,0.016145101150415397,0.010160796623885176,0.008419373627751406,0.008566141200418514,0.008135525669934404,0.009032194877118522,0.008842555569322189,0.008228907547565072,0.008455691845341999,0.007574651437757642,0.007211341409655895,0.007365567366838592,0.006758943319640001,0.006961514886244889,0.006773782804023064,0.006459475436765419,0.006124055482582715,0.006810832862029005,0.007283500056046549,0.006801872775838661,0.005953994439842039,0.006045257235151367,0.0068528638255078555,0.006183671935809213,0.006391734336023469,0.0073422923408548715,0.006436864100476849,0.006688763787846885,0.00544062726468278],"valid_loss_dist":[0.036483032578552094,0.03866494834624432,0.06081919725632315,0.04363498840722203,0.0777883353539133,0.09322099516574238,0.05307075551684591],