{"test_accuracy":[0.0972,0.375,0.5279,0.6615,0.7172,0.7541,0.7725,0.8702,0.7982,0.8346,0.8401,0.8436,0.8834,0.8757,0.8779,0.8948,0.9072,0.8906,0.9065,0.9012,0.9101,0.9115,0.9331,0.9109,0.915,0.9313,0.9142,0.911,0.9208,0.9251,0.9306,0.9347,0.938,0.9419,0.933,0.9389,0.9383,0.9315,0.9315,0.941,0.9579,0.9419,0.9445,0.9478,0.9495,0.9458,0.949,0.9541,0.9348,0.9534,0.9547],"test_loss":[2.3084521141052248,2.2757845294952395,1.4970751174926757,1.0629100120544435,0.8995446127891541,0.7411818118095398,0.6278215361595154,0.38857349910736083,0.5764283056259155,0.4495210310935974,0.43023825225830076,0.42883084082603456,0.3267882403373718,0.3431399311065674,0.3394815377235413,0.29760004930496214,0.2668652228832245,0.3097278896331787,0.27130971052646635,0.28105414583683014,0.2593983526945114,0.25792473368644714,0.2023089123249054,0.25693149168491364,0.24726942749023437,0.20029956047534941,0.24525110888481141,0.25696331367492675,0.23082574141025544,0.22276896758079529,0.20040349140167235,0.18905175595283508,0.1882237875699997,0.17267128722667693,0.19752934584617615,0.1807429326057434,0.1891888201236725,0.19660623304843902,0.19762552015781404,0.17488077039718627,0.13161917192935943,0.17357938928604125,0.16837770960330964,0.16045109281539918,0.1561384286880493,0.16586723630428316,0.15569708718061448,0.14272215328216553,0.1965241216659546,0.14443501179218293,0.1413147230386734],"train_accuracy_dist":[0.9759188846641318,0.9564502875924404,0.9842985318107668],"train_accuracy":[0.06183648145594926,0.5488763270370881,0.6679305115124776,0.7616848200744519,0.8014614642217014,0.8225561836481456,0.8446849579484351,0.9045222666482835,0.861023024955191,0.8855645939611195,0.8893561284985523,0.8929408520612161,0.9175513580587343,0.913001516613815,0.9174824210671446,0.927547221839239,0.936991589687026,0.9267199779401627,0.9349234799393354,0.9333379291327727,0.9383703295188198,0.9390596994347167,0.9536054046601407,0.9405073762581001,0.9437474148628154,0.9540879636012685,0.9432648559216876,0.9415414311319454,0.9489176892320419,0.950227492072246,0.9551909554667034,0.9584999310630085,0.9580863091134703,0.9620157176340824,0.9563628843237281,0.9613263477181856,0.9587756790293671,0.9568454432648559,0.9571211912312146,0.964083827381773,0.9724252033641252,0.9634633944574659,0.9647042603060803,0.9669102440369503,0.9678753619192059,0.9664276850958224,0.9661519371294637,0.9713222114986902,0.9608437887770578,0.9712532745071005,0.9722183923893561],"train_loss_dist":[0.07303229015577076,0.11678442682829075,0.04704413934934392],"train_loss":[2.3150159458645323,1.6047448929829153,1.0301805326367648,0.7314251979909797,0.6191586966056356,0.5273468013584212,0.4349767233640691,0.28923883552175217,0.3960598416407651,0.31256100021361255,0.29950199391568066,0.2942843416239103,0.23030141424544348,0.23837649778680078,0.2330937225309451,0.2052181365078077,0.1839319550607281,0.21013533347527044,0.1844583098315279,0.18896447815895737,0.17374402283184054,0.1725326521974686,0.1381718342602212,0.1700749633430317,0.16154523426198178,0.1323138580381599,0.15889913659333754,0.16529110799891922,0.14889037562052693,0.14312326641131579,0.12788920754028257,0.11899123007916228,0.11773021092673557,0.10777360284499393,0.12270304520496184,0.1111508835100411,0.11518244065861036,0.12015160603489068,0.11960218299894715,0.10483776071651646,0.08141412856754526,0.10297523326961218,0.09937128825473995,0.09291236041151998,0.09017519039683189,0.09459557931104413,0.09858721663039519,0.08440001087033895,0.11502169615627732,0.08190391175310217,0.07892912662117198],"valid_accuracy_dist":[0.9628378378378378,0.942481511914544,0.967400162999185],"valid_accuracy":[0.06447286963961288,0.5438065607258517,0.6689579376980332,0.759911351184107,0.7987754176286588,0.8222021312525638,0.8453548006327596,0.8938805691774154,0.8588591860573765,0.8806380760656404,0.8844937873829509,0.887805026637491,0.9087578290611151,0.9040700973094706,0.9071013186617424,0.9161985561515416,0.9233656639798778,0.9156482083714875,0.9230909313950155,0.9200547659064278,0.9255706160057053,0.9258463639720641,0.9412876923353682,0.9269477337325791,0.9294298066108977,0.9393544779033504,0.9324596469152643,0.9266709948700427,0.936046401240921,0.9365986878216663,0.9404570121400747,0.9445919425498527,0.9459708233145862,0.9490020283433123,0.9418352861813848,0.9484506162111239,0.9462463383857032,0.9443146459345305,0.943763241964115,0.9498293560429176,0.9616866595292836,0.9487270383778894,0.9509317901555667,0.952586827544732,0.9550671945176015,0.951759800217352,0.9534197387511689,0.9564456258153973,0.9462431431465006,0.9564460589587892,0.9575489262148301],"mean_valid_accuracy":[0.06360914704435487,0.5416138282347779,0.6670255508887571,0.7587650038537452,0.7981710804979198,0.8219586690454772,0.8452079827299439,0.8936632845877241,0.858715032887828,0.8806089679632882,0.8844841574643052,0.8877582503669389,0.9087716532556769,0.9041503950812007,0.9071081775960627,0.9163071105059651,0.9233612579783396,0.9157179760739659,0.9230886554626944,0.9200817633604578,0.9255861438149893,0.9258600413773009,0.9411839741356213,0.9270450070032141,0.9295046833487711,0.9393601732446877,0.9325190731094487,0.9267173138170023,0.9360823315128336,0.9366291894301519,0.9404687991784026,0.9446787364669076,0.9459880897320124,0.948980872631697,0.9418688228668405,0.9484954443074987,0.9462772552327637,0.9443367125495611,0.9438337840329516,0.9498649321190572,0.9615823927520064,0.9487760386317251,0.9509461916371693,0.9526214079345854,0.9551080928563837,0.951819447694033,0.9533939058163422,0.9564129816135454,0.9463510048316293,0.956452446506311,0.9575731709171889],"std_valid_accuracy":[0.08757890500371025,0.14826948387615388,0.12791334866590426,0.07852466828272603,0.04891340083315306,0.04240734264993534,0.043289479901173156,0.014452101911539682,0.04824643356899976,0.037248756346284495,0.047011058085803914,0.03570154048443848,0.02235661436045147,0.029547002122612374,0.030440265681496263,0.028620757035559937,0.024428150122955426,0.024877935318692493,0.021727473101537827,0.03480917250149816,0.025054590467386173,0.024682592046727677,0.008853650886995182,0.029920261517575562,0.02529988191653053,0.018372647081341207,0.0313188621770614,0.032081510733686786,0.02029910415655832,0.017131555963580434,0.018465043615913664,0.018986347222989378,0.015136024753063627,0.01700152589334561,0.01853413295667048,0.018431970018298074,0.01575358942567594,0.02237727822965765,0.023799109814848275,0.016522777869446444,0.006920236441439762,0.016187467628301682,0.016429113631558488,0.013120137054637195,0.014279554460179884,0.014167144301506026,0.006234346123838836,0.012512762285706545,0.027181579584754412,0.011503670024782172,0.010832738382900567],"valid_loss_dist":[0.11540381066702507,0.17451076082205713,0.0919773364356114],"valid_loss":[2.31557550674301,1.6174022990524406,1.0301835363500298,0.7372876469608585,0.6272523928309638,0.5436818309545476,0.45100056804914707,0.30811413427187845,0.4180216047554218,0.3356961544096961,0.32907552392543893,0.32297596850644034,0.2610288646863028,0.2701268189721284,0.2661457372083313,0.2400801710781049,0.2173757988302736,0.24645704218762854,0.2199114733975526,0.22737290325598866,0.21165843369013476,0.20976799926053824,0.17318118055397666,0.21278147912817824,0.20441709816084122,0.17099311529435327,0.2014505305527033,0.21157117399645683,0.19195170306251563,0.18808082255212405,0.17167380525350157,0.1624887224212442,0.16179198702269199,0.15014176194159634,0.16978298633435446,0.15657806107537758,0.16377515436729345,0.16798106341233338,0.16837704453840574,0.1516812184167741,0.12007531791330488,0.15268235665839838,0.1493178585426198,0.1420138248925353,0.13968849673247083,0.1448290932875196,0.1402766253389008,0.1278043967740859,0.16711836900553628,0.13002778655160824,0.12731951477041978],