{"test_accuracy":[0.007423445716053201,0.0912465202598206,0.09093721002165171,0.09650479430869162,0.09743272502319827,0.09836065573770492,0.09712341478502938,0.09959789669038045,0.10052582740488711,0.10083513764305599,0.10145375811939375,0.10021651716671821,0.10176306835756263,0.10145375811939375,0.1023816888339004,0.1023816888339004,0.10300030931023817,0.10300030931023817,0.10300030931023817,0.10300030931023817,0.10300030931023817,0.10361892978657594,0.10083513764305599,0.10300030931023817,0.10176306835756263,0.10361892978657594,0.10300030931023817,0.10361892978657594,0.10361892978657594,0.10300030931023817,0.10392824002474482,0.10269099907206929,0.10361892978657594,0.1042375502629137,0.10330961954840705,0.1042375502629137,0.10207237859573152,0.10269099907206929,0.10300030931023817,0.10300030931023817,0.1042375502629137,0.1042375502629137,0.1042375502629137,0.10330961954840705,0.10454686050108258,0.10361892978657594,0.10361892978657594,0.10454686050108258,0.1042375502629137,0.10454686050108258,0.1042375502629137,0.10361892978657594,0.1042375502629137,0.10516548097742036,0.10516548097742036,0.10361892978657594,0.10454686050108258,0.10516548097742036,0.10454686050108258,0.10392824002474482,0.10516548097742036,0.10516548097742036,0.10547479121558924,0.1042375502629137,0.1042375502629137,0.10547479121558924,0.10516548097742036,0.1042375502629137,0.10516548097742036,0.10516548097742036,0.10485617073925146,0.10454686050108258,0.10485617073925146,0.10485617073925146,0.10578410145375812,0.10547479121558924,0.10547479121558924,0.10485617073925146,0.106093411691927,0.10578410145375812,0.10547479121558924,0.106093411691927,0.10547479121558924,0.10578410145375812,0.106093411691927,0.10547479121558924,0.10671203216826478,0.10516548097742036,0.10485617073925146,0.10671203216826478,0.10516548097742036,0.106093411691927,0.10640272193009588,0.106093411691927,0.10640272193009588,0.10640272193009588,0.10640272193009588,0.106093411691927,0.10640272193009588,0.10671203216826478,0.10578410145375812],"test_loss":[2.6219566568958106,2.4863066374610314,2.521182253306914,2.561151302896931,2.606798993667286,2.6561505551903086,2.7031556331370217,2.7546092837800042,2.8041914168651947,2.854513266489965,2.9051568938083334,2.952196042455832,3.0014495022924477,3.0501840197925705,3.0985797202295835,3.1445504364641392,3.1893616613499565,3.234450349120433,3.278329010980254,3.3220409877227253,3.36496290303663,3.4074272665489285,3.4537237466321873,3.4890445894476727,3.5307626803150645,3.567653377691069,3.6063152807915944,3.6455468360093812,3.686302588961643,3.721789652004059,3.75875406607437,3.79544128650414,3.831680272261941,3.8700560389972125,3.9061571775189208,3.9425950131473844,3.9797296841152674,4.014574871983574,4.049020384105042,4.0832106349566315,4.114581420773366,4.148157220560812,4.181711961195781,4.215022847632524,4.247541085139097,4.280207259493497,4.314370795296251,4.344474637762814,4.374992284028478,4.407710730089258,4.438745094827922,4.471643374720632,4.501007625055947,4.531780069470958,4.563956717607078,4.594925954324927,4.62561378352162,4.656391986560202,4.688213180691843,4.717204233164246,4.746704514536222,4.775778728411952,4.804453759233243,4.835730154301189,4.864406487612101,4.890959747649552,4.920922667405718,4.950689060194662,4.977697731723661,5.006392055497315,5.0367812617732906,5.064253753528778,5.091953597200053,5.1215287759287085,5.148919135912852,5.1747740336405466,5.2028168103955235,5.229869299616343,5.255768712666468,5.284355670056991,5.313453518123845,5.342051708694585,5.366804122187352,5.393419111766868,5.422489355932696,5.449680231025335,5.475698217975441,5.502283990401584,5.529423447316032,5.5555998893334255,5.581683807390745,5.610725938222964,5.637696592866028,5.6598776474553585,5.686612290418668,5.713145354566211,5.739824679256997,5.7636892029349,5.792037593075781,5.815859776180372,5.83948929317957],"train_accuracy_dist":[0.937979094076655],"train_accuracy":[0.0,0.7003484320557491,0.7066202090592334,0.7790940766550523,0.8013937282229965,0.8299651567944251,0.8006968641114982,0.8432055749128919,0.8313588850174216,0.8445993031358885,0.8564459930313589,0.8146341463414634,0.8494773519163763,0.8522648083623693,0.8627177700348432,0.8668989547038327,0.8606271777003485,0.8599303135888502,0.8592334494773519,0.8717770034843205,0.8731707317073171,0.8822299651567944,0.8933797909407666,0.8703832752613241,0.9017421602787457,0.8871080139372822,0.8759581881533101,0.8912891986062718,0.90801393728223,0.867595818815331,0.9003484320557491,0.8682926829268293,0.886411149825784,0.9066202090592335,0.8982578397212544,0.9073170731707317,0.913588850174216,0.9149825783972125,0.9184668989547038,0.9170731707317074,0.90801393728223,0.9094076655052264,0.9149825783972125,0.9240418118466899,0.9184668989547038,0.8885017421602788,0.9198606271777003,0.9184668989547038,0.9101045296167247,0.9254355400696864,0.9142857142857143,0.9282229965156794,0.9156794425087108,0.9094076655052264,0.9289198606271777,0.9303135888501742,0.9170731707317074,0.9240418118466899,0.9282229965156794,0.9289198606271777,0.9114982578397213,0.9240418118466899,0.9121951219512195,0.9017421602787457,0.9017421602787457,0.9191637630662021,0.9303135888501742,0.9317073170731708,0.9289198606271777,0.9317073170731708,0.913588850174216,0.9331010452961672,0.932404181184669,0.9101045296167247,0.9191637630662021,0.932404181184669,0.926829268292683,0.9337979094076655,0.9344947735191638,0.932404181184669,0.9310104529616725,0.913588850174216,0.9310104529616725,0.9344947735191638,0.9170731707317074,0.9310104529616725,0.9372822299651568,0.9337979094076655,0.9358885017421603,0.9365853658536586,0.9358885017421603,0.9275261324041811,0.9163763066202091,0.9365853658536586,0.9372822299651568,0.937979094076655,0.9407665505226481,0.9400696864111499,0.9240418118466899,0.9365853658536586,0.937979094076655],"train_loss_dist":[0.19461734173397569],"train_loss":[2.8809807621228156,0.5604768300305676,0.535366900540395,0.48633308263190533,0.4652755455272954,0.457219476836899,0.42957048752582033,0.4225279169007876,0.40448050523884205,0.39517986917744946,0.3896682382668352,0.38255478885115646,0.36788173924339773,0.3608685309047898,0.35380394797291903,0.34739988427544305,0.34224339042391094,0.3374559173392917,0.3327900423197796,0.32627542419716044,0.3218504161161828,0.3172971329207204,0.33641746532210903,0.31103095553477883,0.3098525027987849,0.30161049760592523,0.3002524955139758,0.29484040454705,0.2942007644666612,0.2985653919210002,0.2858654026162749,0.2960135460730629,0.28276529116913,0.2777466349485444,0.2755779675905713,0.272799543865051,0.28238716121334645,0.27458092888057856,0.27423218166786617,0.2730293312139212,0.26180270793961313,0.2596037794696329,0.2576687199936511,0.259714232442271,0.2539606626336998,0.2623698811913201,0.25880374530466593,0.24864672117116976,0.24840364306645943,0.24622319058258774,0.24449866164852102,0.24718694020231427,0.2412058386964665,0.2416522254304188,0.2386971630493523,0.23894901931908905,0.23650958247301054,0.2336770889131865,0.23808224662255742,0.23453363508297592,0.23619214420949955,0.2296582657181843,0.2323284309396345,0.2379703302416652,0.23730313036499953,0.22632874173569761,0.22309536701295435,0.22353906050999406,0.22108020643323972,0.21936111073253048,0.22544026447505486,0.22302088848597496,0.21663566960690328,0.22657371297322915,0.21849802661855877,0.21334989978461316,0.21479348091713643,0.2136599391906519,0.21067747890118524,0.21111317644551242,0.2109095151208419,0.2190865123001956,0.20931801199913025,0.20746622536240555,0.21361249864932136,0.20705025834696633,0.20433869221692302,0.2044696246082359,0.2026350342334355,0.2022353074795693,0.20108471726706634,0.20443280188671803,0.21123750212923575,0.20345676314955388,0.1975343699966158,0.1968210979309647,0.1961644568094393,0.19840502244670216,0.20237691627769935,0.19570415210017758,0.19461734173397569],"valid_accuracy_dist":[0.9253246753246753],