{"test_accuracy":[0.007423445716053201,0.0763996288277142,0.07918342097123415,0.08042066192390968,0.0801113516857408,0.08196721311475409,0.08227652335292299,0.08475100525827405,0.08784410763996288,0.08629755644911846,0.09000927930714507,0.08815341787813176,0.09155583049798949,0.09403031240334055,0.09464893287967832,0.09464893287967832,0.09959789669038045,0.10052582740488711,0.09836065573770492,0.10392824002474482,0.10207237859573152,0.10949582431178471,0.10980513454995361,0.11289823693164244,0.11475409836065574,0.11042375502629137,0.11073306526446025,0.1172285802660068,0.1175378905041757,0.11784720074234457,0.12124961336220229,0.12557995669656666,0.1265078874110733,0.12805443860191773,0.1305289205072688,0.13300340241261985,0.13516857407980204,0.13547788431797092,0.14073615836684195,0.14228270955768635,0.14321064027219302,0.14475719146303742,0.14630374265388185,0.14785029384472625,0.14846891432106402,0.15032477575007733,0.15403649860810392,0.15403649860810392,0.15465511908444168,0.15682029075162388,0.1602227033714816,0.16176925456232602,0.16238787503866378,0.16300649551500154,0.16300649551500154,0.16393442622950818,0.16455304670584597,0.1676461490875348,0.1679554593257037,0.1691927002783792,0.16640890813485926,0.1691927002783792,0.17197649242189916,0.1729044231364058,0.17321373337457469,0.175069594803588,0.17476028456541912,0.1769254562326013,0.17754407670893907,0.17909062789978347,0.1784720074234457,0.17939993813795235,0.1821837302814723,0.18342097123414786,0.18342097123414786,0.1843489019486545,0.18465821218682338,0.18496752242499226,0.18403959171048562,0.18527683266316114,0.18589545313949893,0.18836993504484997,0.18929786575935664,0.19022579647386328,0.18744200433034333,0.1920816579028766,0.19177234766470772,0.19239096814104548,0.19115372718836993,0.19424682957005876,0.19517476028456543,0.1957933807609032,0.19641200123724095,0.1954840705227343,0.1954840705227343,0.1970306217135787,0.19641200123724095,0.19641200123724095,0.1970306217135787,0.1991957933807609,0.19888648314259202],"test_loss":[2.6219566568958106,2.7657687384537266,2.879555370355589,2.9534291446006153,2.9986966078103676,3.025633948748229,3.077546557294596,3.0908499387185935,3.1253547214185935,3.151910702584146,3.187235712673212,3.2131537810000257,3.244042195589447,3.265347995958644,3.2951740980369553,3.3289778880795717,3.3524575055733283,3.364368663717636,3.394185960163762,3.4271789370695207,3.4561920727217417,3.484537433700373,3.493773053461577,3.523797060880652,3.5603644142864734,3.586379891093803,3.6107359208302565,3.6338116593896292,3.668081310412628,3.6965807056486,3.721920428097598,3.7466336026709404,3.781483747846307,3.7939949815869882,3.8166502954935533,3.8390563116920204,3.8778934281122344,3.9028482285218455,3.9318882948541805,3.954427468677147,3.9674139039051117,3.999401124903487,4.022364110353743,4.056569519922013,4.07594733838507,4.102398501436592,4.140418444260923,4.153393585985008,4.187898328051344,4.210908488153564,4.235937150388247,4.267680438207171,4.283181750660078,4.317416697583846,4.3365912463987275,4.358157921604353,4.388962912035917,4.412351450018937,4.438627526666445,4.460255186734021,4.475911788515656,4.493597372522894,4.530637845954694,4.554716978949214,4.5697060902716755,4.605782469470103,4.626763792035014,4.647162632421558,4.6686480392659,4.689517793882531,4.709145991971092,4.734172552759493,4.765456308641561,4.787725250381012,4.806879354636808,4.831962294450236,4.855160617326901,4.876571175338976,4.893466360237884,4.9162313531804225,4.936413201539464,4.973049522515535,4.988908487615517,5.012902915569934,5.024535377808042,5.059890856065877,5.077112146254262,5.098958483429616,5.108074511384359,5.139907700632734,5.162056035019096,5.177867587343518,5.198539927246915,5.212600747682788,5.228178029896635,5.260321303118945,5.2818583542445925,5.294686654312412,5.311793865819778,5.345894443631136,5.360325304303345],"train_accuracy_dist":[0.9412587412587412],"train_accuracy":[0.025174825174825177,0.7825174825174825,0.8244755244755245,0.8307692307692308,0.8216783216783217,0.8461538461538461,0.8244755244755245,0.8482517482517482,0.872027972027972,0.8454545454545455,0.8755244755244755,0.855944055944056,0.8769230769230769,0.8853146853146853,0.8783216783216783,0.8755244755244755,0.8944055944055944,0.8972027972027972,0.8734265734265734,0.8923076923076924,0.8748251748251749,0.8986013986013986,0.9,0.9132867132867133,0.8972027972027972,0.8769230769230769,0.8958041958041958,0.9090909090909091,0.8881118881118881,0.8846153846153846,0.8916083916083916,0.9062937062937063,0.9,0.906993006993007,0.916083916083916,0.9216783216783216,0.893006993006993,0.8916083916083916,0.9153846153846154,0.9195804195804196,0.9174825174825175,0.9090909090909091,0.9195804195804196,0.913986013986014,0.9188811188811189,0.9216783216783216,0.9167832167832168,0.9202797202797203,0.9090909090909091,0.9237762237762238,0.920979020979021,0.9188811188811189,0.920979020979021,0.9174825174825175,0.920979020979021,0.9265734265734266,0.9125874125874126,0.9237762237762238,0.9293706293706294,0.9167832167832168,0.9146853146853147,0.9321678321678322,0.920979020979021,0.9321678321678322,0.9314685314685315,0.9279720279720279,0.9335664335664335,0.9265734265734266,0.9321678321678322,0.9286713286713286,0.9363636363636364,0.9356643356643357,0.9307692307692308,0.9307692307692308,0.9349650349650349,0.9258741258741259,0.9377622377622378,0.9363636363636364,0.9265734265734266,0.9356643356643357,0.9377622377622378,0.9251748251748252,0.9314685314685315,0.9356643356643357,0.9405594405594405,0.9307692307692308,0.9321678321678322,0.9314685314685315,0.9356643356643357,0.9377622377622378,0.9314685314685315,0.9405594405594405,0.9384615384615385,0.9405594405594405,0.9405594405594405,0.9398601398601398,0.9412587412587412,0.941958041958042,0.9440559440559441,0.9391608391608391,0.9412587412587412],"train_loss_dist":[0.17975529628200132],"train_loss":[2.3916974948002743,0.510015892398941,0.46576649346551696,0.44091337048090423,0.426485138548004,0.40718379562551327,0.40595367925984044,0.3832337362782938,0.3744431372705873,0.36939354672298563,0.35562581528316844,0.35034415509317307,0.34124177302513925,0.3360272296658763,0.3283357718607762,0.3239179197308067,0.3222510203614935,0.3174550586647087,0.31020626934258255,0.3038677140132531,0.3046374482708377,0.29658504086774545,0.294284326421631,0.2949326099632503,0.2849797280518325,0.28958644871111516,0.3163454429252998,0.27733867235117027,0.27457957467832766,0.2757396444574103,0.2696301006770634,0.26500364562848233,0.26399422650570636,0.25976349490505835,0.25900588496164845,0.26068021542542463,0.2574863808555203,0.256964294727032,0.2502200402579941,0.24839300504931203,0.24649002506182743,0.24363430834316707,0.2429823855003277,0.23918830377238615,0.23813671715609677,0.23690778479709493,0.23468352647928092,0.23311651995132018,0.2326072116206576,0.23029657608562415,0.22814139588312668,0.22706944058825085,0.2251056701570124,0.22457609962333333,0.22225161374032082,0.22115660057618067,0.22167277907158112,0.2185195984331878,0.21990706395436,0.21748433865450478,0.2210241887952898,0.2166021475841949,0.2142777093848982,0.21304403580985704,0.21079899389427026,0.20931718076442504,0.21115680443240212,0.20719624795280137,0.2061075536104349,0.20544778437881203,0.20638145139584174,0.21044789954915746,0.20192729122155195,0.2019283956997878,0.2000957475258754,0.20031944934304777,0.20193014624235514,0.19918294178022372,0.20083785232130463,0.1967951853166927,0.19763443920162174,0.19652498893804485,0.19306838539513674,0.1921767225423893,0.19733655079678222,0.19108473354286248,0.19075123519747408,0.19033401170810618,0.19006337992378047,0.1874434369010525,0.18872789173693091,0.18794667295642667,0.18529638477138707,0.18571318610981627,0.1856719717070773,0.18323248003746245,0.18429348495873538,0.183264501569988,0.18509318022044388,0.18041376338138446,0.17975529628200132],"valid_accuracy_dist":[0.9153094462540716],